country_code,year,pm25,ln_pm25,gdp_pc,ln_gdp_pc,ln_gdp_pc_sq,pop_density,ln_pop_density,urban_pct,industry_gdp_pct,trade_gdp_pct,renewables_pct,co2_pc
AFG,2000,64.767279818427,4.1708005347588974,174.930991430166,5.16439156146838,26.670940200165816,30.8638471091486,3.4295855024558146,18.5581995230666,,,45.0,0.0501382814099344
AFG,2001,64.5975727246894,4.168176836161422,138.706821676113,4.932362509068179,24.328199920861344,31.099929472732,3.4372055514248037,18.7412381251552,,,45.6,0.0463511028500998
AFG,2002,64.4168880125936,4.165375834952798,178.954088379235,5.187129283440217,26.906310203123017,32.77696058139,3.489725847277587,18.9412480133309,23.8101270064854,,37.8,0.0439140640871224
AFG,2003,64.1762314183241,4.161632915016024,198.871115728727,5.29265695524774,28.012217645932274,34.8543443263879,3.551177787296438,19.1600346409089,22.7108641828326,,36.7,0.0447454276810823
AFG,2004,63.8266086780653,4.156170167323281,221.763653873013,5.401612192565894,29.177414278876526,36.1232295355933,3.5869361358362557,19.3993593959593,26.2267897500666,,44.2,0.038301143932592
AFG,2005,63.3190255280017,4.148185845254492,254.184249149336,5.538059394401834,30.67010185592241,37.4171181945019,3.6221283054405125,19.7059095753667,26.8120992326398,,33.9,0.052297588398106
AFG,2006,61.5146494273075,4.119275348516904,274.218553561575,5.613925429177434,31.516158724365038,38.9802584977692,3.6630553256061487,20.1104530189181,28.2107680719994,,31.9,0.0557935319150409
AFG,2007,58.0837850174423,4.061886537426229,376.223152003876,5.9301824567167385,35.16706396995097,39.7250233813225,3.6819813010021534,20.5906579215423,26.8822416082148,,28.8,0.0796685368947688
AFG,2008,54.1911438080183,3.9925174967185852,381.73323802844,5.944722034892284,35.33972007213386,40.6031951918802,3.703846762818453,21.1241481349633,26.9156280026285,,21.2,0.14737589049906
AFG,2009,51.0014373086482,3.9318538148497195,452.053705477043,6.113800990201086,37.37856254778378,42.1110666482682,3.7403105718997756,21.6885475109053,21.8971222069406,,16.5,0.224491273806937
AFG,2010,49.6793770289443,3.905589897871567,560.621505463146,6.329045999506046,40.05682326386348,43.3652070588596,3.769657438917124,22.2614799010924,21.1514206977128,,15.2,0.278191742360873
AFG,2011,61.8170559083924,4.124179311959325,606.694676337726,6.4080256601244,41.06279286081275,44.9959492816951,3.8065724697563086,22.8205691572485,22.7402524820273,,12.6,0.392640542832169
AFG,2012,70.9223165078033,4.26158514434717,651.417134470046,6.479150196564419,41.979387269640746,46.8546892967205,3.847051095387874,23.3434391310979,21.1578071539751,,15.4,0.323442048526517
AFG,2013,73.1318159038053,4.292263510149264,637.087099117099,6.456906379532865,41.69163999405221,48.4839765113534,3.881233362146334,23.8077136743646,20.4446053132561,,16.9,0.266539509081829
AFG,2014,77.1437275538632,4.345670273544987,625.054941813938,6.437839552775117,41.445778107275714,50.2775447311531,3.917558550611534,24.1910166387726,21.2296632181805,,19.1,0.242701667084292
AFG,2015,73.4908176326415,4.297160468246225,565.569730408751,6.337833595485375,40.16813468406307,51.8709105683578,3.948758143026225,24.4649118421568,22.1240424906926,,17.7,0.24909135686806
AFG,2016,72.7659101386992,4.287247578205697,522.082215583898,6.257825076599218,39.16037468931401,53.2030296061205,3.9741153422096205,24.6588345720126,10.4668076938201,,20.2,0.219353479990497
AFG,2017,65.8623470043896,4.187566912577908,525.469770891619,6.264292664193559,39.24136258266924,54.7183278904681,4.002198715290168,24.8352821238871,10.0518739969063,,19.5,0.2913283907183
AFG,2018,67.2271774798558,4.208077592554203,491.337221382603,6.197130697311605,38.40442887956183,56.3344817012404,4.031306811276307,24.9991645191406,13.3872469597976,,18.3,0.321418704642259
AFG,2019,58.3308722306744,4.066131494034071,496.6025042585,6.207789915869446,38.536655639570384,58.0410606687825,4.061150702638503,25.1437258839803,14.0581123697768,,18.9,0.319752781855278
AGO,2000,23.5093420911103,3.1573978779456233,563.733795571487,6.334582146406409,40.12693096957083,12.9901892997513,2.5641944033054496,50.5070653484197,,,73.8,1.0195821898899
AGO,2001,23.6526821946051,3.1634765205413258,533.586202412447,6.279620636719214,39.43363534110983,13.4332301275367,2.5977314974413694,51.7224790407329,,,72.8,0.966865641126569
AGO,2002,23.8200090775863,3.170525945018026,999.065855913758,6.906820698311399,47.704172158622754,13.8988521697281,2.6318062590095157,52.8926234794038,51.9196521931075,90.5708209731095,70.8,0.918500488726172
AGO,2003,23.9811124380809,3.177266538768616,1133.66331960607,7.0332095439143245,49.46603648860754,14.392967032967,2.666739686787186,54.0043545370761,48.9228549611473,90.6807161820483,65.6,0.965781216283453
AGO,2004,24.1057819741159,3.182451727659802,1451.47117872493,7.280332927067017,53.00324752893621,14.9197264779017,2.702684262027256,55.0445280863936,50.2978770697738,90.3860384733605,62.3,0.951069768682142
AGO,2005,24.1638073837181,3.1848559510362366,2145.88621096327,7.671307898002573,58.84896486595666,15.4737795780861,2.7391469513628945,56.0,56.1242984191149,95.3414592884703,68.9,0.810676972733782
AGO,2006,24.1729316066879,3.185233478493353,2930.4442860732,7.982909323988002,63.72684127501458,16.0546073634395,2.7759958715239326,56.8939032662772,54.2214232962716,84.6246041171541,62.6,0.815392081219552
AGO,2007,24.1741901310537,3.18528554051156,3515.05678986535,8.164810960548206,66.66413802148811,16.6668492821048,2.813421673626298,57.7564632930133,57.905278239704,97.2256306999958,58.9,0.820841250748789
AGO,2008,24.1723114771848,3.1852078242836077,4578.15526451517,8.429051415296763,71.04890776171638,17.3086187535093,2.8512045712908494,58.5851745819614,56.2078263483829,108.680408741993,55.4,0.88603761448524
AGO,2009,24.1720241654505,3.1851959382278583,3645.14846562976,8.20115237492458,67.2589002767311,17.9792837089917,2.8892201900403287,59.3775316348744,40.9723218323879,102.263183257986,53.0,0.940848252177258
AGO,2010,24.17805671622,3.1854454745550287,4101.63715566712,8.319141479251144,69.20811495179692,18.6851888986925,2.9277311725300432,60.1310289535053,48.5501387093455,90.9940631355109,53.1,0.976178185498281
AGO,2011,24.337940171596,3.192036456681494,5184.15269149912,8.553361691977027,73.15999623378012,19.4259661506377,2.9666106325014097,60.8431610396073,52.1706630052286,89.0369443425845,51.7,0.976536306021153
AGO,2012,24.4804929012722,3.1978765922973125,5702.45306277434,8.648651723133758,74.79917662806453,20.1952306088073,3.005446468054279,61.5114223949332,53.3611036467722,81.9394785486361,49.0,0.981682218580684
AGO,2013,24.5386584342125,3.2002497692558887,5688.57916215215,8.6462157880563,74.75704745363404,20.9879040667362,3.0439462749514403,62.1333075212361,50.3750405397121,77.3498013716078,46.8,1.09052642360471
AGO,2014,23.9455836380328,3.175783907606228,5649.68762469139,8.639355534946827,74.63846405921636,21.7861305847437,3.0812735556174897,62.723115793241,43.9966362099567,69.5801424481147,47.5,1.13720270585859
AGO,2015,25.0021502571501,3.218961831455532,3641.72893919944,8.200213831158477,67.24350687672279,22.5858650838213,3.1173242718408543,63.51567832685,36.7338841349078,54.9793808779835,47.1,1.17503861630089
AGO,2016,25.1807008149163,3.22607786043367,2051.81462126253,7.626479861694373,58.16319508082983,23.4082537900056,3.1530886862390557,64.2992302517989,37.3943513261608,47.0155661405313,48.1,1.07167614647808
AGO,2017,23.9591508117097,3.176350330703881,2790.71886869768,7.93405450065845,62.94922081941861,24.2518962059838,3.188494808387684,65.0850525086068,37.0989345106935,45.6643423539921,52.5,0.92592191412033
AGO,2018,24.2650153621146,3.189035615954634,2860.0936483682,7.958609647462504,63.33946752068324,25.1039985561883,3.223027138477462,65.8732136723372,41.1891594014386,58.916480075976,52.5,0.824809795011719
AGO,2019,24.5988113283925,3.2026981217868244,2493.67884440177,7.8215143466578585,61.176086674974705,25.969063928772,3.2569059806958958,66.6637823180533,42.2251045134162,60.7148243336685,51.0,0.833846270553112
ALB,2000,22.2651885663762,3.1030244079215525,1160.42047054038,7.056537693026137,49.79472421309864,112.738211678832,4.725068420179137,41.6135829609314,21.712185305831,61.6092610436407,41.4,1.04657550743325
ALB,2001,22.3660062096811,3.107542226245281,1326.41652388077,7.190236241994002,51.69949721568403,111.685145985401,4.7156837159020135,42.354513990929,24.386649861103,64.2474462587009,39.0,1.12398874181296
ALB,2002,22.4827851202514,3.112749910600973,1479.83884572006,7.299688472802442,53.285451799964854,111.350729927007,4.712684948931168,43.1520419609419,26.2383265737354,65.9914650336802,35.8,1.31323725585954
ALB,2003,22.5934493496412,3.117660012477305,1908.69900687608,7.554177140721403,57.06559227339779,110.934890510949,4.7089434572382585,44.0295089223208,27.084687755804,64.8232150960777,33.7,1.38556975617973
ALB,2004,22.6759229494045,3.1213036985644385,2446.90949947798,7.802581078483289,60.880271486305446,110.472226277372,4.704764143458996,44.9784925669394,27.7299752177294,65.0379383187697,35.8,1.45837098137756
ALB,2005,22.7081299710953,3.1227230088738906,2741.72136549578,7.916341237707155,62.668458591822855,109.908284671533,4.69964624229478,45.9937666920583,28.1372131604488,69.1162926602322,36.8,1.3776914859669
ALB,2006,22.5109695957413,3.1140027279910405,3057.77257038113,8.025442011709254,64.40771948330787,109.21704379562,4.693337129846258,47.0701050949378,28.4284255205783,72.2019089483674,31.6,1.3817995172674
ALB,2007,22.0412299650015,3.0929147887621657,3743.05529896187,8.2276574817632,67.69434763721397,108.394781021898,4.685779942292065,48.2022815728384,28.5772545670045,79.9119008919954,32.0,1.42962144661125
ALB,2008,21.4806685713767,3.0671533944531486,4498.50486763601,8.411500368914165,70.75333845624314,107.566204379562,4.67810651270064,49.3850699230207,28.5616497223775,75.2485472798728,35.8,1.42332985219763
ALB,2009,21.0110429073679,3.0450481522431305,4213.65007574693,8.346084552412908,69.65712735602537,106.843759124088,4.671367572236124,50.6132439427449,27.5678722962167,73.3213575646169,37.1,1.46321851369709
ALB,2010,20.8141104654758,3.0356311444695674,4149.14469936847,8.330657495446216,69.39985430643422,106.314635036496,4.666402952602243,51.8815774292716,27.4749142839601,75.5325329687378,37.0,1.56778821711206
ALB,2011,22.7999042481871,3.12675633631066,4465.70914328865,8.40418330338464,70.63029699688916,106.02901459854,4.663712779284599,53.2917382892465,26.9409865024688,80.6989985298954,35.8,1.72129581663193
ALB,2012,20.9627204112539,3.0427456416440273,4280.93316338873,8.361926293640154,69.92181134027057,104.405401459854,4.648281412231375,53.8637553661449,25.4077242038709,76.9683583166821,39.9,1.58649537107597
ALB,2013,19.4075322522058,2.965661251138688,4542.92903556739,8.421327245027097,70.91875256783568,102.806642335766,4.632849965094808,54.2979678058548,25.506803612245,75.7506185619748,41.1,1.69345614437421
ALB,2014,19.3679442180935,2.963619339524913,4793.59751131525,8.475036454714497,71.82624290873966,101.232372262774,4.617418589720886,54.7325813178673,23.8286690584956,75.0212023084129,38.6,1.83944794209463
ALB,2015,19.121557306579,2.950816353395318,4199.53912925398,8.342730067120554,69.60114497283732,99.6822262773723,4.601987389033039,55.1579291374894,24.4814091473313,71.2794476606014,38.5,1.78508860089342
ALB,2016,17.602163992984,2.8680218486326825,4457.63412207495,8.402373438364819,70.59987939773863,98.155802919708,4.586556041946839,55.5738734464276,23.8670178864359,74.0144504546815,39.4,1.68739628528903
ALB,2017,18.5552438171978,2.9207524346686324,5006.36012951959,8.518464408980618,72.56423588706951,96.6527372262774,4.571124526270146,55.980276426546,22.9533327106507,76.7873817898989,36.9,2.0244422333699
ALB,2018,19.0461862321065,2.9468668837407725,5897.65452588774,8.68231001286951,75.38250715957413,95.1727372262774,4.555693527110992,56.377000259892,23.7535886253159,75.6940783717425,37.8,2.04549315439886
ALB,2019,15.70470712234,2.7539604841277683,6069.43903131027,8.711021463194774,75.88189493224002,93.7153649635036,4.540262156201313,56.7639071287255,22.9655210859374,75.382128932689,40.1,1.94096037816015
AND,2000,16.2215988704827,2.786343617841665,21810.2503808666,9.990135339224533,99.80280409602288,139.755319148936,4.939893173199503,92.2559356689453,14.8437550367806,,14.5,
AND,2001,16.0398963763555,2.7750791420905365,23511.2969500881,10.065236305903138,101.30898189367065,140.110638297872,4.942432384063806,91.8949711110146,14.9240176087095,,15.4,
AND,2002,15.7322043920316,2.755709846605151,26528.1300628236,10.185960960773711,103.7538006944061,141.502127659574,4.952314753433666,91.4605308311615,15.0672890885022,,15.8,
AND,2003,15.3456971177959,2.730835116677856,34063.575598394,10.435983928107609,108.90976054772031,147.842553191489,4.996147877708326,90.9887515425879,15.4949366544165,,16.5,
AND,2004,14.9275487539332,2.7032084154817895,39021.1107100919,10.571858078920412,111.76418324083478,158.13829787234,5.063469953162191,90.5157699584961,15.7803540103879,,16.6,
AND,2005,14.5249335007286,2.6758667244644037,40829.8116399538,10.617167771027296,112.72425147814072,164.725531914894,5.104280645903148,89.9563631945418,16.0357828783728,,16.6,
AND,2006,14.0587152187082,2.643242503736996,43467.1963063068,10.67976182469339,114.0573126321783,169.329787234043,5.131848217159853,89.3789218918348,16.1672951911525,,17.6,
AND,2007,13.4952355101681,2.6023366979789047,48336.2548304926,10.785937175676702,116.33644075764471,174.206382978723,5.160240705416016,89.0500030517578,15.4735314793076,,16.6,
AND,2008,12.9498851880477,2.561086922318423,49132.4925840057,10.802275858335458,116.68916371957705,177.648936170213,5.17980933410243,88.9407363930477,15.4327671138582,,17.0,
AND,2009,12.5380550652865,2.5287684247137627,43975.0000888133,10.69137657162539,114.30553299630029,178.485106382979,5.184505160108212,88.84433315185,14.7664887100921,,17.1,
AND,2010,12.375135954824,2.5156892946428098,42746.830391567,10.663050328728865,113.70064231300475,171.714893617021,5.1458355062325305,88.7604726056609,13.1256460606154,,18.7,
AND,2011,13.4732948489243,2.600709566964169,46657.1495384811,10.750581453663937,115.57500159186301,165.495744680851,5.10894548258838,88.6888340319763,11.908853107908,,18.6,
AND,2012,12.2593146393596,2.506286026772528,41500.5499988288,10.633461959114797,113.07051323594149,163.476595744681,5.096669834798572,88.6290967082924,11.0715796683925,,18.8,
AND,2013,11.2698563251216,2.4221315795340077,42470.3230369366,10.656560829516595,113.56228871318741,159.987234042553,5.075094024816613,88.5809399121053,10.6182471491429,,19.1,
AND,2014,10.4359992732348,2.3452612976342726,44369.6712976777,10.700311436134509,114.49666483027096,156.887234042553,5.055527292773928,88.544042920911,10.1535313011382,,19.4,
AND,2015,11.1088936507291,2.4077460173004623,38654.95287916,10.562430192743614,111.5649315765819,153.56170212766,5.034102454518026,88.5180850122057,9.98126871637019,,19.0,
AND,2016,10.1068248002358,2.3132109184449825,40129.8385811474,10.599875440854353,112.35735936162726,153.576595744681,5.034199437649963,88.5027454634853,10.1407794073814,,18.9,
AND,2017,10.0219190390452,2.304774598181734,40672.9717424447,10.613319065876384,112.64254159409516,156.942553191489,5.05587983515046,88.4977035522461,10.3955176672591,,18.0,
AND,2018,9.89580638748632,2.2921110701742924,42819.7577456133,10.664754904622143,113.73699717566205,159.91914893617,5.074668368368141,88.5080998493791,11.0763337210625,,17.6,
AND,2019,9.01087465277866,2.1984321426887936,41257.816459345,10.627595863735394,112.94579384288565,162.710638297872,5.091973398060821,88.5391793666245,11.6998176283166,,17.2,
ARE,2000,44.1841482466495,3.788366087804409,29865.502347066,10.304459325619819,106.18188199335324,49.1914249507181,3.895719318688511,79.287092479995,48.5170116316395,,0.1,25.3198800655489
ARE,2001,44.1897103666173,3.788491964846838,27745.1708087672,10.230817079121199,104.66961810643801,52.4301605181639,3.9594820081506854,79.7469002624215,49.6763412859899,89.8645799289427,0.1,27.1939982651151
ARE,2002,44.1860960517829,3.7884101706322695,27753.6089526346,10.2311211630657,104.67584025333083,55.7142495071811,4.020235940197059,80.2705602850306,47.5457475824448,93.0716588147781,0.1,26.1619793238318
ARE,2003,44.1670264514498,3.7879785027955495,29659.5428567811,10.297539202787613,106.03931363294775,59.0320613911574,4.078080709719568,80.8489432668434,49.1210129154604,102.300169490783,0.1,25.956044391153
ARE,2004,44.1262227149214,3.787054225122715,33376.7152295209,10.415613787026816,108.48501056050308,62.3622500704027,4.132960125488649,81.4729199268812,51.6783480847693,116.622612523831,0.1,25.9698706267172
ARE,2005,44.0574059915013,3.7854934651857697,38719.3138307623,10.564093819920531,111.60007823608316,65.6827654181921,4.1848365686760784,82.2122832763517,55.6434763024807,119.552871642254,0.1,26.2522643034306
ARE,2006,43.8330832135241,3.7803888567780857,44342.6048322482,10.699701228225297,114.48360637328594,70.5308363841172,4.25605000970808,82.5588968646829,57.903111718071,119.470669577786,0.1,25.3932243317163
ARE,2007,43.4209615076897,3.770942308555256,45854.7325158162,10.733233689715018,115.20230543803345,79.1979019994368,4.371949808563415,82.758608500318,54.840228590251,136.798152865771,0.1,24.382755503246
ARE,2008,42.9575623148493,3.7602127054540015,50054.1700681803,10.820861099318172,117.09103493073728,88.7449169248099,4.485766152628653,82.9658963549658,58.0179784435584,148.513544025723,0.1,26.0607102012736
ARE,2009,42.5794070758541,3.751370734423667,37803.0663738777,10.540145499319603,111.09466714682729,94.439003097719,4.547954156228932,83.1701992996163,52.044956000368,153.461944358373,0.1,24.6511808903397
ARE,2010,42.4230172315555,3.7476910741779417,44795.2949302268,10.709858389008817,114.70106671262253,96.7310335116868,4.571934276637395,83.3714299144178,50.2592548678862,135.485709128426,0.1,25.0301244367043
ARE,2011,46.4897172925459,3.839231154646058,51921.904511613,10.85749603236186,117.88522009275353,100.035736412278,4.605527486271522,83.5695007795347,55.7510208781767,144.176786868982,0.1,24.9498559934509
ARE,2012,49.8585704896572,3.9091904072001937,53141.6124340099,10.880715561984998,118.3899711408225,104.075584342439,4.645117407693564,83.7643244751488,55.356407543947,156.637694501481,0.1,25.0303188225095
ARE,2013,43.6717315179427,3.7767010167673623,53247.2409495441,10.882701269075222,118.43318691193144,108.322036046184,4.6851086055732045,83.9558135814626,52.9894122214127,157.398083989641,0.1,25.3545579109196
ARE,2014,38.4444708976302,3.649214885809915,52725.2358407934,10.872849478372409,118.21885577934316,113.481272880879,4.731637826663776,84.1438806787019,50.7402069875437,159.515615057764,0.1,24.5815838321273
ARE,2015,48.347575903809,3.878416084216557,44910.334995523,10.712423225317446,114.75601135832063,119.75833568009,4.78547584288797,84.3284383471193,42.1588028480264,164.286182737903,0.1,24.3205333372838
ARE,2016,43.0819708202795,3.7631045991591354,42721.0999383185,10.662448220922427,113.68780206385182,125.8109687412,4.8347805323667785,84.5093991669984,39.8749229592768,165.39501917458,0.1,23.7748451471417
ARE,2017,44.2485056396036,3.7898216000272744,43733.6192287435,10.68587240404526,114.18786903553601,129.867994931005,4.866518510956115,84.686675718659,41.4122717128473,165.476542469815,0.2,22.1639068763908
ARE,2018,45.9879061419392,3.8283784519643698,47135.3591943971,10.760778724346395,115.79435875434602,131.606603773585,4.879817198282552,84.8601805824625,45.7439845434706,154.747005019293,0.3,20.0375833141554
ARE,2019,41.955626323257,3.7366125436638757,45938.6073581994,10.735061161421376,115.24153813945766,133.001760067587,4.89036236172507,85.0298263388195,43.4669683746299,163.822152944853,0.7,20.945786930361
ARG,2000,17.42603648416,2.857965437469247,7637.01489203628,8.940762084871592,79.93722665827741,13.5981729753827,2.6099354436721844,89.1760271133454,25.9908360111364,22.6224447777343,9.8,3.67485781688948
ARG,2001,17.183873772998,2.843971372687161,7141.47507662826,8.873674627361462,78.74210139227857,13.7482962995443,2.620914910947974,89.3682951289372,25.2434339827333,21.8522554515453,11.5,3.49042420795313
ARG,2002,16.9235142685328,2.828704031697471,2569.69963519124,7.851544297592586,61.64674785705865,13.8961113608045,2.631609042781513,89.5616701920513,30.5577370913046,41.7527243585642,11.6,3.26103662726385
ARG,2003,16.6435724137411,2.812024100676609,3320.47775133903,8.107863952563509,65.73745787327877,14.0404218234436,2.6419404425511557,89.752468256564,32.6450990996503,40.6447480311085,10.8,3.51848864736106
ARG,2004,16.3426626515998,2.793779029130747,4242.02099089422,8.352795083460856,69.76918570628786,14.1835268152403,2.6520812077557827,89.9397208794212,28.816922006834,40.692646108947,9.3,3.85579719412006
ARG,2005,16.0193994250859,2.7738004518666877,5067.65342293276,8.53063315373026,72.7717020035219,14.3300077831249,2.6623557849749573,90.1233737736072,28.6263140439084,40.5512709706238,9.6,3.91742679391727
ARG,2006,15.5877675221277,2.7464864734653074,5869.38028970204,8.677504334796174,75.29908148040639,14.4781158991336,2.6726382610284096,90.3033726521064,29.2032796652469,40.4334798719151,9.2,4.1027920897206
ARG,2007,15.0427292384364,2.710894767380423,7185.25155147027,8.87978580854331,78.85059600560717,14.6223222213696,2.6825492803790776,90.4796632279031,27.4152361334783,40.945170618571,7.7,4.32534235715168
ARG,2008,14.5043652786628,2.674449657819839,8944.1102657357,9.098750523777706,82.78726109394509,14.7711827061158,2.6926781682268226,90.6521912139817,26.2724599395946,40.4026733790382,7.7,4.43359004127929
ARG,2009,14.0927563474575,2.6456609311546115,8150.23527028221,9.00580207333754,81.10447098413073,14.9285563947689,2.7032759153000723,90.8209023233265,25.2842047993735,34.0571269054879,8.6,4.03429401041948
ARG,2010,13.9279831494715,2.6338999926339888,10260.1313108254,9.236020916968926,85.30408237868751,15.0870920710786,2.7138395485156996,90.9930051940977,25.2587762576722,34.9710132635696,8.8,4.2945461050427
ARG,2011,14.2389306717038,2.6559798098849607,12704.2831819684,9.449694474010553,89.29672565214557,15.2485886234831,2.724486949490675,91.1072286738406,25.2126976058843,35.2061549999644,8.8,4.42921822947444
ARG,2012,13.3571618542264,2.5920527094798653,12949.717486654,9.468829251187325,89.6587273881407,15.4061004351973,2.7347635631356244,91.2041217246797,24.4290570649122,30.5265423717108,8.6,4.47886128746974
ARG,2013,14.7643699932772,2.692216845357482,12963.675773326,9.469906554177475,89.6791301448535,15.5598387102668,2.744693153032434,91.3014507719473,24.0058814423072,29.3339290021037,8.9,4.53658672333476
ARG,2014,13.9500593062949,2.635483759605642,12233.1444119186,9.411904302087889,88.5839425916605,15.7212073709481,2.7550105888194163,91.3975345472954,24.2773944936602,28.4067936452275,9.8,4.41674615124171
ARG,2015,14.6245514656634,2.682701723633148,13679.6264980954,9.52366288803301,90.70015480489727,15.8867142423877,2.76548317769299,91.4923019108628,23.153056135905,22.4862260889792,9.4,4.51258701954955
ARG,2016,14.2700594540808,2.6581635978487275,12699.9623137756,9.449354305023036,89.29029678185738,16.0413905118958,2.775172288948802,91.5856817228217,22.0541072112108,26.0938878488799,9.4,4.4223010437306
ARG,2017,13.9690174802422,2.636841840104227,14532.5009308511,9.584142863628564,91.85579443044233,16.1833799224611,2.783984784898928,91.6776028433824,21.782123219335,25.2896011376779,10.4,4.32102910494897
ARG,2018,14.1850800443346,2.65219071113066,11752.7998922979,9.371846779892264,87.831512065777,16.3171137395905,2.792214479703656,91.7679941327998,23.7195923321304,30.7625359549926,10.5,4.25075806940885
ARG,2019,14.3996238920365,2.667202087632282,9955.97478680428,9.205928131021869,84.7491127535398,16.4335255363231,2.799323488234436,91.8567844513802,23.1578477391434,32.6306150458499,10.7,4.07504069344001
ARM,2000,27.498645550379,3.31413675074608,593.450581742282,6.385953944773804,40.78040778477211,113.140147523709,4.728627293818252,64.959237917436,,72.2333302273367,7.2,1.10822389866816
ARM,2001,27.4828126677005,3.313560815380621,659.588988535629,6.491616896391499,42.1410899295156,112.813487881981,4.725735905337444,64.8228123790872,,69.8642663925336,5.4,1.13126595678436
ARM,2002,27.4848026556976,3.3136332212139927,742.651118319819,6.610226376324834,43.69509274626055,112.391991570074,4.7219926855446674,64.7396211980252,,73.9845018432309,8.9,0.969248078004875
ARM,2003,27.5378873564374,3.3155627785365613,882.030167695474,6.782226259158222,45.99859303041532,111.784334387074,4.716571429141615,64.6663537455064,,80.0513676022426,9.8,1.09058915946583
ARM,2004,27.6753386119868,3.3205417138219926,1130.08791444158,7.0300507090708715,49.421612972107866,111.166139796277,4.711025837212563,64.5972633621116,,73.0706339919371,8.7,1.18777844481658
ARM,2005,27.9304282644128,3.329716713330857,1557.48458908655,7.350827355965176,54.034662817205984,110.516332982086,4.7051633198276495,64.5334210637509,,70.1397385835334,6.5,1.41835113145182
ARM,2006,28.4040594680882,3.3465320739695423,2041.65267068997,7.621514891549062,58.087489242104105,109.838426413769,4.699010435189661,64.4758978663344,,61.0301379818566,7.7,1.42166863867481
ARM,2007,29.2219860543866,3.3749213730198355,2962.70234594569,7.993857085539807,63.90175110403497,109.146469968388,4.692690741367957,64.4257647857723,,56.9750470853147,7.0,1.65871789920834
ARM,2008,30.454755880876,3.4162421685241267,3777.66859313767,8.236862324027914,67.84590094499053,108.433438707411,4.686136516597484,64.3840928379746,,54.5423279613666,6.4,1.82971073175472
ARM,2009,32.172916805124,3.471125005624601,2820.5926553347,7.944702303317538,63.11829468833899,107.692307692308,4.679278158141816,64.3519530388516,,57.2742357441995,7.8,1.46836268754077
ARM,2010,34.4470166846987,3.539422395297579,3041.34450723339,8.020054968743029,64.32128170165974,106.947664207938,4.6723395952519375,64.3304164043132,,64.642975973633,9.4,1.41194823962165
ARM,2011,41.8107255386856,3.7331528984512397,3349.55309771906,8.1165822122541,65.87890680827965,106.354056902002,4.666773687622976,64.3207449145194,,69.4355736620453,8.0,1.61963737243634
ARM,2012,43.2896148307344,3.767912763995374,3511.56399687426,8.163816800372278,66.64790475004065,106.220583069898,4.665517904245784,64.3268379506998,27.8270946139077,75.9616759606704,6.6,1.87480572732383
ARM,2013,41.050500477264,3.7148030277184896,3680.16692158886,8.21071338926169,67.41581436060119,106.146821215314,4.664823241542735,64.3584061131466,26.7090481417071,77.5550481598824,6.8,1.81763732627399
ARM,2014,38.639237611456,3.654268278597286,3852.11800610384,8.256378407470539,68.16778440734575,105.858798735511,4.6621061186941075,64.4142934233291,25.2705329463993,75.778866962639,7.1,1.91144070608534
ARM,2015,38.1148586893988,3.6406041979533383,3512.39350276709,8.164052993685441,66.65176128370422,105.535651563049,4.659048825338378,64.4929623431549,25.7086994351611,71.6820743427575,10.7,1.86953338214737
ARM,2016,35.8609078798257,3.5796477851968795,3524.42476874707,8.167472515759012,66.70760729567886,105.103617843344,4.654946700157664,64.5928753345316,25.5771330395605,76.0779674593548,13.2,1.79624369214317
ARM,2017,34.0153569947094,3.5268120989561025,3869.05373867752,8.26076524415627,68.2402424190602,104.650509308044,4.6506263156555505,64.7124948593667,25.8095323791656,87.202376539837,12.6,1.90951198227831
ARM,2018,34.201366074335,3.5322655869648374,4196.00562301769,8.341888309605302,69.5871005699296,104.285212504391,4.647129573473817,64.8502833795679,24.7565578476257,92.473107021212,11.1,2.00458066689121
ARM,2019,32.6618235324139,3.4862069197991596,4597.22887399548,8.433208982253502,71.11901373836115,104.056902002107,4.6449378841534354,65.0047033570428,24.9716084573435,97.847004865327,10.3,2.16867510548523
ASM,2002,6.74783746968913,1.9092220786925793,8972.69636535698,9.101941508026862,82.8453392155423,285.31,5.653576308428883,88.4330093344384,,210.9375,0.0,0.0017524797588587
ASM,2003,6.72087595026364,1.9052184957818818,9197.66196836987,9.126704596866807,83.29673679846971,284.855,5.6519802788704725,88.2572251046343,,207.442748091603,0.0,0.0017552790015973
ASM,2004,6.6889612606458,1.9004585946179005,8958.42866697173,9.100350118599748,82.81637228109844,284.09,5.649291089367011,88.0361455323111,,202.357563850688,0.0,0.001760005632018
ASM,2005,6.65156107275977,1.8948515749022372,8831.26975996609,9.086054083935341,82.55637881619809,283.085,5.645747205903088,87.7798357749499,,223.2,0.0,0.0017662539519932
ASM,2006,6.59952143088147,1.886997135930864,8745.16621137404,9.076256393718513,82.37843012451619,281.87,5.641445971740414,87.4983609900321,,229.817444219067,0.0,0.0017738673856742
ASM,2007,6.52275564874038,1.8752969321614328,9231.37240924563,9.130363006502742,83.3635286305138,280.565,5.636805427172979,87.2017863350389,,218.146718146718,0.0,0.001782118225723
ASM,2008,6.41933230244101,1.8593141095581651,10030.8089130902,9.213416527064934,84.88704410119328,279.14,5.6317134480804985,86.9001769674517,,249.821428571429,0.0,0.0017912158773375
ASM,2009,6.28731996808785,1.8385349017098094,12156.0293905777,9.405580571817381,88.46494589294858,277.64,5.626325310471383,86.6035980447517,,161.333333333333,0.0,0.0018008932430485
ASM,2010,6.1247872217854,1.8123440165270244,10375.1720141957,9.24717092464297,85.51017010956234,276.14,5.6209079834880065,86.3190673549669,,157.940663176265,0.0,0.0018106757441877
ASM,2011,5.78713264863392,1.7556369441596416,10383.459331451,9.247969370124041,85.52493747075245,274.475,5.614860182120796,86.0284991724475,,157.543859649123,0.0,0.0018216595318335
ASM,2012,5.89952284418671,1.774871473774547,11745.4899153958,9.371224608900441,87.81985067046122,272.445,5.607436758869516,85.7161174344451,,176.40625,0.1,0.0018352327992805
ASM,2013,6.0364805967779,1.7978211594685485,11813.5022034589,9.376998410823926,87.92809919659445,270.03,5.598533063937103,85.3846465194761,,173.824451410658,0.2,0.0018516461133948
ASM,2014,6.38148164002644,1.8534003023740924,12026.3344929488,9.39485406536112,88.26328290943236,267.33,5.5884838502927385,85.0351448001542,,174.805598755832,0.2,0.0018703475105674
ASM,2015,6.34587688465646,1.8478052925089705,12727.4102651386,9.451513235281285,89.3311024366973,264.39,5.577425285779679,84.668670649093,,162.407132243685,0.2,0.0018911456560384
ASM,2016,6.92969282658657,1.9358154870515394,12843.3342903627,9.460580223467744,89.50257816466899,261.225,5.565382104920174,84.2862824389061,,159.165424739195,0.2,0.0019140587616039
ASM,2017,6.92339918062073,1.9349068600972725,11863.6839452565,9.381237243649748,88.00761222164112,257.93,5.552688230278819,83.8890385422071,,161.437908496732,0.3,0.0019385104485713
ASM,2018,6.98174556652016,1.943298966672546,12552.0546868861,9.437639651229867,89.0690421864662,254.54,5.539457994563901,83.4779973316097,,171.830985915493,0.3,0.0019643278070244
ASM,2019,6.72853173807719,1.9063569531500923,12886.1359517218,9.463907279986081,89.56554100417355,251.045,5.525632205931057,83.0542171797274,,156.568778979907,0.4,0.0019916747993387
ATG,2000,18.9169541844098,2.9400585667537444,12027.4949768222,9.394950555932466,88.26509594841575,170.254545454545,5.137294643378328,32.2326072041227,13.0989719284255,,0.0,1.81145877829987
ATG,2001,18.7372798054376,2.9305151118153083,11539.1825063308,9.353503697546822,87.48803142002207,172.884090909091,5.152621375205858,31.7554348168059,12.0578567842058,,0.0,1.74315424154386
ATG,2002,18.3821312892555,2.911379067183043,11658.6949915956,9.36380753182221,87.68089149301036,175.072727272727,5.165201472007811,31.2280374899146,12.1912695630658,,0.0,1.94854086613356
ATG,2003,17.9670703135057,2.888540655423364,12173.2319860305,9.406994720652675,88.49154967438729,177.009090909091,5.176201092323205,30.6003743426951,12.4830557801763,,0.0,2.10184376765446
ATG,2004,17.6076585558302,2.868333952613507,13037.8895772257,9.475614980145483,89.78727925195749,178.906818181818,5.186865101481108,29.905566716031,12.1583925458935,,0.0,2.11384799095517
ATG,2005,17.4194576938711,2.857587839703897,14368.5708796058,9.572798522464643,91.63847155170124,180.934090909091,5.198132826327451,29.1737995723752,13.5142398300804,,0.0,2.16678599690997
ATG,2006,17.4090026809689,2.856987467875587,16173.8136329968,9.691148770960273,93.91836450088482,183.190909090909,5.210528828142557,28.43525787418,17.1234005318303,,0.0,2.43412237606074
ATG,2007,17.4721028250109,2.8606054846762956,18204.5124043068,9.809424776636828,96.22481444849647,185.690909090909,5.2240835123456275,27.7201265838981,16.3197565694621,,0.0,2.62655439146186
ATG,2008,17.5582313354589,2.8655228619189237,18786.6743142216,9.840903084417965,96.84337351690702,188.436363636364,5.238760356449531,27.0585906639822,17.6099656888504,,0.0,2.78729255113856
ATG,2009,17.6168614217745,2.8688564787492523,16472.2478528568,9.709432295513848,94.27307550116731,191.302272727273,5.253854756810936,26.4808350768849,18.0457313815579,,0.0,3.16847445142742
ATG,2010,17.5974662934196,2.867754931079625,15217.3950790922,9.630194465591046,92.74064544510041,193.909090909091,5.267389445672981,26.0170447850587,14.8379422285868,,0.0,3.26887013595874
ATG,2011,17.2285490405827,2.8465678357682616,14911.7275084471,9.609903263451486,92.35024073289551,196.209090909091,5.279180880966555,25.694689859722,13.2274797388855,,0.1,2.46490293286383
ATG,2012,17.5622893176979,2.865753950876695,15639.8078114787,9.657574725755175,93.26874958354514,198.318181818182,5.289872719765294,25.4555618588267,13.0746288099393,,0.1,2.59912903965162
ATG,2013,18.0647918322846,2.8939648412719094,15051.5113587425,9.619233687642827,92.52965673748263,200.145454545455,5.299044374940657,25.2475667667937,14.7598104413721,,0.1,2.95012718023256
ATG,2014,18.1521399923532,2.8987884596752806,15532.1062063584,9.650664528734335,93.13532584617111,201.738636363636,5.306972980228589,25.0899726107741,15.3667820905787,141.546161057996,0.1,3.15101672956683
ATG,2015,19.7963197860936,2.985496051035422,16077.6340769406,9.685184397388992,93.80279681142719,203.202272727273,5.314201900323241,25.0,15.9280224466081,130.071549851721,0.4,3.25470590209039
ATG,2016,19.9208792974299,2.9917683926194916,16556.8551801588,9.71455550532531,94.37258866604628,204.475,5.320445718621038,24.9239807471655,17.7641082763748,132.025917905085,0.4,3.50009447698652
ATG,2017,19.0159494088973,2.9452780696051164,16965.7288273816,9.738950636942858,94.84715950880971,205.609090909091,5.3259767490873955,24.8500263836871,18.8045201502856,127.664323582144,0.4,3.06406685236769
ATG,2018,18.9233007168875,2.9403940049030783,18273.4270684912,9.813203210790133,96.29895725626179,206.65,5.331026540957741,24.7781432093764,20.6520988023085,130.655152659419,0.7,3.15861249807536
ATG,2019,19.0584631585727,2.947511263210854,18896.3721832248,9.84672523464584,96.95799784661116,207.645454545455,5.33583207985622,24.708337524045,21.0807459545502,137.537783631991,0.7,3.74983582154897
AUS,2000,7.45743282688833,2.0092112299090528,21908.9968019784,9.994652644319812,99.89308148060901,2.47696679379873,0.907034744603367,85.1071608578257,24.5324572225662,40.8631257691954,8.4,18.5978917642845
AUS,2001,7.38895346175728,1.9999861094725984,19733.6510102645,9.89008063056754,97.81369487912724,2.50897530687424,0.9198744255161014,85.1481094164726,23.5866945838107,44.1337313971929,8.4,18.6995326153179
AUS,2002,7.26633772021658,1.9832524122422095,20335.0960191023,9.920103540194072,98.40845424817095,2.53767882014501,0.9312498128780492,85.2842102783464,23.5551713442922,41.3813128146921,8.7,18.9093269577501
AUS,2003,7.13120227271499,1.9644798419103209,23757.5898471684,10.075657330922722,101.51887065017678,2.5670355232157,0.9427517402099654,85.4097077818668,23.9917259622795,40.1348011794482,7.2,18.6676694689453
AUS,2004,7.02516378970128,1.9494985302079817,30886.0500949401,10.338059907711958,106.87548265544139,2.5946294729443,0.9534437214305419,85.518767609412,23.8819093880673,36.9505159618289,6.7,19.1634087908315
AUS,2005,6.98983894162423,1.94445751472479,34535.20727091,10.44973458326878,109.19695286076355,2.62640667508428,0.9656166287357809,85.6190871221958,24.5233189129708,39.0978822564811,6.7,19.0378039300894
AUS,2006,7.04814950445881,1.952765100732795,36658.8243476122,10.50940945180179,110.44768702562081,2.66208895773401,0.9791111370456715,85.7492544263523,25.4872372064967,41.4878923489153,6.8,19.0793285754815
AUS,2007,7.16629810836131,1.969389218402825,41128.2476618402,10.62445045545034,112.87894748031894,2.71111802454994,0.9973611049985979,85.8968519574969,25.5716480180669,41.9297451276561,7.0,19.2389222350972
AUS,2008,7.30082270505242,1.9879870411265033,49811.2067218988,10.815995272272543,116.98575372982201,2.76599442875181,1.017400219051026,86.0253816967666,25.5090768525458,42.7522207880308,6.8,19.02811960112
AUS,2009,7.40826124625286,2.00259576214497,42954.8494884573,10.667904831130674,113.80419348606117,2.8235883784804,1.0380085506787478,86.1278139101818,26.9775545923991,45.5936120867789,7.1,18.9151698120932
AUS,2010,7.44515168368333,2.0075630398281357,52313.8939041213,10.86501727259481,118.04860033378358,2.86785858401781,1.0535656132991627,86.2198600512143,25.108230070574,40.3905070860606,8.2,18.8509537372201
AUS,2011,7.32070663499973,1.9907068581500613,62799.3895017032,11.047700631098579,122.05168923437593,2.90798641031983,1.0674608864553432,86.3268946146423,26.461435749675,41.7219860149689,8.3,18.480821685778
AUS,2012,7.53280029437137,2.019266857722377,68301.4402512587,11.131686132470646,123.9144361518393,2.95920036968095,1.084919086462076,86.4451259136625,26.3333149596521,43.0198495527558,8.3,18.1834489375025
AUS,2013,7.4331406197536,2.0059484638682035,68476.6788496118,11.134248511532249,123.9714899165581,3.01057352615753,1.1021306008619673,86.5740515760243,25.1836151421438,41.100511881056,9.2,17.5432435542019
AUS,2014,7.38760302103561,1.9998033279528307,62817.2061751737,11.047984298610725,122.05795706234912,3.05581479504836,1.1170462657532527,86.7221289343356,25.5698594984676,42.2993095385282,9.3,16.8873574131124
AUS,2015,7.18466162026884,1.971948423121878,56970.3613028094,10.950286434437997,119.90877299623682,3.10011259648803,1.1314384322792443,86.8778642539361,23.6861098353126,41.4947506939901,9.4,16.8219551608068
AUS,2016,7.20069562395068,1.9741776357927299,50084.4440606385,10.82146574106689,117.10412078508436,3.14493553058884,1.145793390924439,87.0166295249235,22.3130168026382,40.813402217321,9.6,16.8911897350521
AUS,2017,7.4285359593217,2.0053287948080207,54117.547718609,10.898913769332923,118.78632135135479,3.19715601363491,1.1622616688979424,87.12809266445,23.4479311698975,42.0354135251854,9.9,16.7209445382487
AUS,2018,7.74121920379958,2.0465591950674304,57410.1737346009,10.957976809365096,120.07725575458325,3.24534491589985,1.1772216360020735,87.2267680845925,24.1083351497002,43.5732253645218,9.8,16.3939979308791
AUS,2019,9.33099031566264,2.2333411523843054,55194.7585097428,10.918623273223075,119.21633418256857,3.29365056253104,1.1919965431079191,87.3019647888406,25.2555129054284,46.0016827052171,10.3,16.1007065925773
AUT,2000,19.150573887216,2.952332683178459,24487.2974685956,10.105909791410859,102.12941271213387,97.0863548230732,4.575600838368598,66.7690238969566,28.6115523176599,85.8426077336549,26.4,8.32478943567338
AUT,2001,18.9470662603211,2.9416491047846125,24430.495982841,10.103587466249587,102.08247968815576,97.4587130392632,4.579428832313431,66.8408161285718,28.4398919244968,87.9962567186047,25.5,8.87460827403329
AUT,2002,18.7785099320798,2.932713127292534,26334.862215032,10.178648899894386,103.60489342732119,97.9393722733883,4.584348636955983,66.8887457136458,27.6683434292327,87.5844937054619,24.7,9.05961266559572
AUT,2003,18.6169292381771,2.9240713408574197,32110.1159661425,10.376926398604366,107.68060148205218,98.4176320891905,4.589219975904252,66.9263574955092,27.6979359307016,86.8822263228608,22.6,9.625074325029
AUT,2004,18.4343485142981,2.9142156914521076,36614.2506533707,10.508192805721654,110.42211604222032,99.0301260300533,4.5954241071775925,66.9558612872944,27.6147888470095,91.4742201880009,23.2,9.7416827235943
AUT,2005,18.2027920961277,2.9015749941914994,38157.37022862,10.549474208843181,111.29140608304746,99.7070891904993,4.602236779660592,66.9797950654143,27.4182050564472,94.6747547827805,24.4,9.77338007389313
AUT,2006,17.8024706211736,2.879337246608695,40382.2078298575,10.606144566693517,112.49030256960242,100.201660203587,4.607184757411575,67.0006968062814,27.5909068762418,98.7857253161241,26.6,9.4660900140664
AUT,2007,17.2316229771279,2.8467462409457966,46622.9622913635,10.749848451784379,115.559241736331,100.526987396995,4.610426222764434,67.0211044863084,27.7667298480281,101.36495843546,29.0,9.09435455688135
AUT,2008,16.6393158749523,2.811768321263772,51581.3982361071,10.85091638717391,117.74238644143931,100.842171594765,4.613556637141047,67.0435560819078,27.4122024469169,102.7437043613,29.7,9.04182372977167
AUT,2009,16.1746160256084,2.7834431013483734,47857.4446635266,10.775981968134053,116.12178737755025,101.106677169171,4.6161761690401075,67.0705895694924,26.2777017438174,87.6004931021953,31.3,8.15744518101481
AUT,2010,15.9865901400578,2.7717502545776074,46611.1393420232,10.749594833222146,115.55378907843625,101.350024236549,4.6185801120351195,67.1047429254747,26.0396419655738,99.6448825546716,31.1,8.82413428790478
AUT,2011,16.3676317593698,2.795305711361487,51116.8953522042,10.841870354660255,117.54615278726088,101.692232186137,4.621950920453436,67.1484255415056,25.8570853999006,105.775098372378,31.6,8.6022725227944
AUT,2012,14.7199011900978,2.689200400648975,48250.4059142637,10.7841595194626,116.29809654121581,102.156943771207,4.626510295176622,67.2085909812279,26.009804939464,105.840791389706,34.4,8.18751763791919
AUT,2013,14.6599487004805,2.6851191971672876,50305.3545774973,10.825866803255078,117.19939204182032,102.760821619001,4.632404167723547,67.2981308784247,25.9697730865151,104.985374015367,34.6,8.2087562440867
AUT,2014,12.9541454673827,2.5614158502316178,51314.9722616322,10.8457378455288,117.6300294139357,103.567086766844,4.640219584048806,67.4154327591781,25.7857017006482,104.49673998926,35.7,7.71395434498633
AUT,2015,13.5999635409,2.6100671119222363,43915.228020857,10.690016418660566,114.27645103123247,104.734597673291,4.651429509072503,67.5576175537383,25.5152402246539,103.11758174626,34.8,7.79423187131705
AUT,2016,12.5143795701306,2.526878348755189,45061.4993920192,10.715783488887995,114.82801578072457,105.873339796413,4.662243472059786,67.7218061923556,25.9124691845374,101.573494597172,34.6,7.75747687791272
AUT,2017,12.1557592255042,2.4978030678087135,47163.7425775142,10.76138071065254,115.80731479960457,106.61131846825,4.669189683095834,67.9051196052802,25.8023213025638,105.556066755438,34.0,7.96641934826064
AUT,2018,12.5861934480679,2.532600455085773,51194.0749841299,10.843379081364967,117.57886990218336,107.131858943286,4.674060402343521,68.1046787227623,25.7190926354333,108.377969971828,34.1,7.60710822359904
AUT,2019,11.4645937760057,2.43926348402107,49885.9947355204,10.817495575722525,117.0182105307764,107.609306834707,4.678507138733576,68.3176044750522,25.5363771006496,108.207284904426,34.0,7.74519365039325
AZE,2000,19.773338223415,2.984334475908486,655.097249579917,6.4847836972553745,42.05241960018908,97.434779976999,4.57918323086195,51.1320838928223,42.5383099128887,78.5485682796041,2.1,3.57759113386179
AZE,2001,19.5944802610536,2.9752479072403,703.670998584686,6.5563109153687735,42.985212818983726,98.1937920681807,4.586942996133825,51.1584815979004,43.4626382722552,78.8151854917601,1.8,3.41713926422724
AZE,2002,19.4107005876363,2.9658244906890614,763.108895463487,6.637400741236539,44.05508859976736,98.9124645960929,4.594235263003671,51.2144165039062,46.1542268041237,92.8181443298969,2.4,3.36350565042615
AZE,2003,19.2603464043066,2.9580483918939398,883.692580745256,6.784109242817396,46.024138218480424,99.6237235638581,4.601400324620351,51.7257995605469,48.5398446792136,107.551948506262,2.9,3.61612076608251
AZE,2004,19.1817649122083,2.953960083585173,1045.0136328106,6.951785210065586,48.32731760688663,100.475372556609,4.6099126482817026,52.2831993103027,50.7690323790767,121.507115894117,3.1,3.55156804911816
AZE,2005,19.2133033124848,2.9556029199612,1578.36733030667,7.3641462565131235,54.23065008731625,101.522501814662,4.620280466666925,52.5028533935547,58.7877819924137,115.841884607706,3.4,3.72019280611546
AZE,2006,19.4343550329971,2.9670423779031045,2472.95725732287,7.813169983636858,61.04562519320399,102.672531674674,4.631544619375167,52.6540145874023,64.9582315349244,105.262399846369,2.9,3.76443064157793
AZE,2007,19.9134764720137,2.991396712176395,3851.33015175141,8.25617386157394,68.16440683253674,103.853368672016,4.642979987658481,52.8281555175781,66.160328626082,96.6418081486575,3.8,3.37022362579096
AZE,2008,20.6727592862898,3.0288168571060825,5574.46810432575,8.625952184480925,74.40705108895123,106.059762547351,4.6640027328544225,53.063304901123,65.5185214713533,89.2428968637573,3.1,3.67789898897688
AZE,2009,21.7342951325807,3.07889143385189,4950.39949009423,8.507223557375799,72.37285265516974,108.291290455327,4.684824730231276,53.1358125434574,56.2619552546943,74.7440416836369,3.3,3.12751089916749
AZE,2010,23.1201756676417,3.1407056418567,5843.5337683582,8.673090990146315,75.22250732335719,109.542344173442,4.696311179285825,53.2848367714869,59.9948192629224,74.9859884610856,4.4,2.94181834728393
AZE,2011,27.4281061456644,3.3115682593892686,7189.81869211976,8.880421233723956,78.8618812883753,110.976336228798,4.709316991456782,53.5085461893249,61.7339963903076,80.5080450059522,3.5,3.21257348402642
AZE,2012,29.1805878419231,3.3735036882626326,7495.86527658099,8.922106851048769,79.60399066153137,112.460790244138,4.722604629730155,53.8076442276208,59.5173508549842,78.263069540422,2.8,3.47266029417207
AZE,2013,28.2339828650537,3.3405263185713263,7875.34536661549,8.971492318810341,80.48767442647295,113.923480806688,4.735527002030865,54.1821087431318,57.0544154549517,74.6758447629851,2.5,3.52686650169203
AZE,2014,26.4192082058383,3.274091329146156,7890.84028062087,8.973457907614234,80.52294681972442,115.348813858679,4.747960701590551,54.6319175926151,53.5868546669355,69.4832251953347,2.1,3.64178419497101
AZE,2015,25.1867220505416,3.2263169528990545,5500.50364628486,8.61259493907989,74.17679158466454,116.731076781631,4.759872800171251,55.1570486328276,44.8913203383597,72.6015079073189,2.3,3.57774691556657
AZE,2016,24.3527968807853,3.1926467045663998,3880.6852276838,8.263767022097623,68.28984539550821,118.033288980283,4.770966694682519,55.7574797205266,47.5578070076723,90.0773187345677,1.9,3.52696895574541
AZE,2017,23.2421881518978,3.1459690821081523,4147.1981423222,8.330188238782375,69.3920360935482,119.208741622511,4.7808760877016345,56.4331887124691,49.7017251037138,90.4023156823216,1.9,3.47329869912147
AZE,2018,23.2360923544978,3.145706774752177,4739.7943123408,8.463749019726647,71.63504746892377,120.25759188908,4.789636041205713,57.1841534654123,52.2509114518304,91.6725765369825,1.9,3.49731397232391
AZE,2019,22.023834941184,3.092125273314583,4805.75371765917,8.477569170218306,71.8691790358359,121.280071139933,4.798102508469854,58.1308191977779,48.8232665251868,85.8181454084561,1.7,3.68923143929596
BDI,2000,30.3753381723827,3.4136310348459054,134.537861752389,4.90184565944596,24.028090869029196,251.954595015576,5.529248892767707,8.04381449833197,15.5395706894248,,93.2,0.0452072998120304
BDI,2001,30.2604722019372,3.409842313061232,132.159554541932,4.884009939170226,23.853553085913553,258.347546728972,5.554305758767735,8.24107308668089,15.5731910756723,,94.7,0.0355422108973504
BDI,2002,29.9953531299826,3.401042473997336,120.952308575468,4.79539632389718,22.99582590324659,265.73722741433,5.582507953656223,8.45108277415092,15.8040004931229,,94.6,0.0326341870292075
BDI,2003,29.6795256967738,3.3904574376045686,111.406682804391,4.713187314961323,22.21413466591233,274.266121495327,5.614098881366837,8.67614339385788,15.7417123072253,,95.8,0.026280839521612
BDI,2004,29.4125346425656,3.381420931870572,125.194965184533,4.82987224367634,23.327665890235128,284.682866043614,5.651375809977744,8.9185547789176,16.3230191571129,,96.0,0.0299699507130413
BDI,2005,29.2939247076132,3.377380146660451,147.234619294225,4.992027364065744,24.92033720358118,295.455568535826,5.688518465256059,9.1806167624459,16.9330035986109,,96.0,0.0242510542948156
BDI,2006,29.2878299286332,3.3771720689393296,161.892755640319,5.086934113791906,25.876898678059845,306.290771028037,5.724534882885408,9.4646291775586,15.3152912436064,,95.3,0.0292923047818543
BDI,2007,29.2950472941046,3.377418467404208,166.162744906755,5.112967699091706,26.14243869195513,317.829984423676,5.761516599632037,9.77289185737152,17.1561942189062,,95.3,0.0456757847523743
BDI,2008,29.3201159719253,3.3782738323968937,189.502074570768,5.244399972065554,27.503731067001183,331.216394080997,5.802771920322894,10.1064353383035,15.415205278109,,95.0,0.0259474981121343
BDI,2009,29.3675751299931,3.3798911789825934,198.431524048225,5.290444073600977,27.988798495899697,348.428582554517,5.853433281092389,10.4979900434482,16.9763256366128,,94.6,0.0248556994767115
BDI,2010,29.441963936206,3.3824210014252825,216.727705301976,5.378641751325204,28.929787089098657,365.126323987539,5.900243386822629,10.9843097335487,15.3861562777509,,93.2,0.034117411675471
BDI,2011,30.469165919309,3.4167152187899643,230.069761381132,5.438382573286657,29.576005013428002,378.425934579439,5.936020372301228,11.5616652230006,14.8097338415988,,92.1,0.0427455176375168
BDI,2012,30.6146104955934,3.4214773621834085,231.098787811507,5.442845271968037,29.624564654584812,392.173987538941,5.971705587082672,12.2244596804615,15.791005307553,,91.7,0.0396483854478411
BDI,2013,29.7513341993496,3.392873978023002,234.844770150871,5.458924743333718,29.7998593533811,406.516394080997,6.00762425801719,12.9670962745892,15.5846860549996,,90.8,0.0433169105214592
BDI,2014,31.2135166042476,3.4408512254959147,250.544492155185,5.52363651814748,30.51056038461242,420.552375389408,6.0415690266849875,13.7839781740413,15.4515364871187,,91.3,0.0375470437605934
BDI,2015,30.120746318795,3.4052141808051637,254.402585226788,5.538917993469318,30.679612538378176,430.201713395639,6.064254199614259,14.6695085474754,15.4180338407269,,91.2,0.0393751391707505
BDI,2016,30.7630623664928,3.4263146964600457,232.937812100153,5.4507715170836155,29.71091013145002,437.673325545171,6.081472800016672,15.6180905635494,16.9063592990669,,89.6,0.043231648947978
BDI,2017,29.3039698472733,3.3777229965131563,246.060725714184,5.505578357965981,30.31139305570339,448.082632398754,6.104977662725317,16.6241273909209,16.9790944347346,,88.2,0.0474764316842566
BDI,2018,28.3384994863636,3.344221286014068,245.661678332009,5.503955298017957,30.29352392257994,461.816433021807,6.135167481003183,17.6820221982475,17.9191253800086,,85.7,0.0654752338347002
BDI,2019,28.7747369895123,3.3594978143233347,234.31061590725,5.456647653523818,29.775003614706993,477.232710280374,6.168004234145265,18.786178154187,17.5450876204546,,84.8,0.0624381085920451
BEL,2000,19.4896989178456,2.9698860653675974,23098.8865077401,10.047539692219942,100.95305386673522,337.957010516599,5.822918699573249,82.0152520403035,24.9438325836543,142.230135067034,1.4,12.1836556517498
BEL,2001,19.0777373545756,2.948522071701718,23015.0712632462,10.043904552629177,100.88001866232511,339.121418916691,5.8263582111494845,82.3356893921976,24.3121509872514,139.576839834619,1.6,12.225212096938
BEL,2002,18.5922693848995,2.922745869855598,25006.191397109,10.126878729073042,102.55367279335202,340.64500708799,5.8308409000977015,82.6509663267055,23.7873363393069,136.085149488081,1.7,11.4676730426502
BEL,2003,18.1085002652024,2.8963814559428407,30655.2092679024,10.330557886723884,106.72042625095304,342.074077737118,5.835027315178392,82.9609538786731,23.2266548885812,132.715552833888,1.9,11.8899015654483
BEL,2004,17.70163525187,2.873657022423657,35429.4077933344,10.475297482883086,109.73185735489672,343.557742392774,5.839355197659685,83.2655230829461,22.9599989488568,136.918405348432,2.0,11.7049703885478
BEL,2005,17.4468796012875,2.8591608132478807,36809.7013403619,10.513516712793885,110.53403367019635,345.452708271519,5.844855754740573,83.5645449743707,22.5737781481988,144.529050669983,2.5,11.3572144110239
BEL,2006,17.3306080027794,2.852474186942409,38705.1067959147,10.563726828862876,111.59232451483732,347.738700425279,5.8514513368903796,83.8578905877926,22.139925542401,149.567509299511,2.9,11.0047176903814
BEL,2007,17.2634972753458,2.848594288267055,44319.165448813,10.699172491117816,114.4722919946922,350.301651666502,5.85879464519804,84.1454309580577,22.2819524770029,152.468446875303,3.4,10.6264716677489
BEL,2008,17.2072058698858,2.8453282420096597,48303.397956286,10.785257188227966,116.32177261622302,353.079912966077,5.866694413652843,84.427037120012,21.59544849636,161.088447790447,4.0,10.6675992553856
BEL,2009,17.1233922372982,2.840445495787525,44923.3400135081,10.712712760796755,114.76221469533763,355.932252002769,5.874740409379039,84.7025801085014,20.4890564622648,135.13840572229,4.9,9.93765290266015
BEL,2010,16.9737148284819,2.8316659609163057,44197.393671162,10.696421099611392,114.41342434021178,359.199090099891,5.883876803295357,84.9719309583717,20.6595926026257,150.162563621427,6.2,10.5458393885377
BEL,2011,16.3662739599691,2.795222751545257,47760.8298776546,10.773961123913315,116.07823829959547,363.902812118814,5.8968868323123935,85.2349607044689,20.7514599517248,160.765516888126,6.7,9.46659728377578
BEL,2012,15.2150084633195,2.722282339597186,44874.1709182123,10.711617650259736,114.73875268535592,366.166617215574,5.90308846810577,85.4915403816388,19.9956487544689,160.383301425059,7.7,9.27476642514783
BEL,2013,14.3697873081768,2.665127898880269,46964.5946777056,10.757149292085947,115.71626089222518,367.896581281113,5.907801869545436,85.7415410247275,19.9151935690442,157.573622782434,8.3,9.35170659157785
BEL,2014,12.9003587052878,2.5572551175924874,47995.7786961339,10.7788683421922,116.18400273831321,369.533412455082,5.912241162430187,85.9848336685807,19.6190570732838,158.571610953523,9.1,8.72331187181937
BEL,2015,13.3390429399775,2.5906952942839077,40893.804537772,10.618733852262814,112.75750862519226,371.680875614018,5.918035624846966,86.2212893480444,19.4767746872729,155.068682045926,9.4,9.08415110044211
BEL,2016,12.3939007132505,2.517204473635673,41854.5498296444,10.641955787562523,113.25122298443549,373.567467774371,5.9230986248714785,86.4507790979645,19.0981057822176,159.057696611945,9.2,8.94429666461985
BEL,2017,12.7691577876359,2.547032715452569,44035.3239358548,10.692747407539397,114.33484712144049,375.009329772855,5.926950905055204,86.6731739531869,19.1545604130921,166.904078237791,9.7,8.77081443615992
BEL,2018,12.4925874999047,2.5251354684065865,47487.2100392561,10.76821569143367,115.95446917723832,374.74351490506,5.926241831709716,86.8883449485575,18.9641251486969,168.277692877218,10.7,8.79128601300038
BEL,2019,11.2143791835506,2.417196810537222,46716.6227467964,10.75185532779159,115.6023929897604,376.761985964452,5.9316136511065904,87.0961631189222,19.2417105698694,165.46547893199,10.2,8.73127988733552
BEN,2000,60.5959598706697,4.104228222051976,487.424141384242,6.189134670912872,38.30538797469578,64.0441557289819,4.159572778730474,38.2759517258875,18.7563482119071,47.3481515012844,70.3,0.214093266343738
BEN,2001,58.959710775616,4.076854342435128,492.401499509072,6.199294439612469,38.43125154901008,66.0304717985101,4.190116329395402,38.6186257669218,21.6063061308323,48.2571706392197,66.9,0.249449473218799
BEN,2002,55.0537524641043,4.0083100254977975,546.463829658159,6.303468119988288,39.733710339708686,68.0686945725434,4.220517409555139,39.0035069872981,21.2560648162627,43.7684225364311,64.0,0.279189715333064
BEN,2003,50.38184649863,3.9196309216746115,676.002878084282,6.516197333555028,42.46082768982966,70.1762149698475,4.251009435526607,39.4169696013044,21.7653358858628,41.6162305574334,61.7,0.303295686756215
BEN,2004,46.4477544416886,3.8383281205323496,758.695803786371,6.631600911534442,43.97813064986445,72.3580525008868,4.281626746136254,39.8525699078742,20.4994246078487,39.9029743365096,60.7,0.313564226616338
BEN,2005,44.7552378557758,3.8012084849278347,779.437777753268,6.65857286203182,44.33659255898662,74.7263568641362,4.313832866106667,40.3097749006517,21.6135923867357,39.0959311879142,59.2,0.332477109339693
BEN,2006,44.7014244507525,3.800005368018999,809.147072506221,6.695980695969847,44.836157480800836,77.0950869102519,4.345039554936409,40.7877794072449,21.1570137776206,39.7746987128551,57.3,0.443919541179229
BEN,2007,44.6821454651912,3.7995739915170668,912.338247188342,6.816010806388399,46.458003312803434,79.4073164242639,4.374590510409179,41.2857782552618,19.5111771844474,49.1137841529705,54.5,0.49124583746046
BEN,2008,44.6992177546544,3.7999560015705236,1060.60254502099,6.966592464305082,48.53341056371235,81.8416637105357,4.404786450255606,41.8029662723105,17.6606220766815,47.7753592695169,54.8,0.47312305208688
BEN,2009,44.7544581747048,3.8011910637744712,1024.10277858112,6.931572170270876,48.046692751673696,84.3333008158922,4.43477681447703,42.338538285999,17.9195079292369,44.7026290629806,52.8,0.492616639306086
BEN,2010,44.8496835809048,3.8033165334276284,973.244254931526,6.880635083500141,47.34313915229299,86.8879389854558,4.46461923075688,42.8916891239353,18.0090531395068,51.4308599492924,47.2,0.518653564527383
BEN,2011,47.392759069621,3.858469454787408,1059.41358852588,6.965470815652557,48.5177836837075,89.5142160340546,4.494397451036657,43.4616136137276,18.1374491115974,47.2170288118403,48.7,0.491508351362043
BEN,2012,51.5628188212507,3.9428008472757976,1071.5258366283,6.976838927201836,48.67628141611887,92.2105090457609,4.524074105040756,44.0475065829838,16.9566846878966,50.7367367791134,50.3,0.454419683203629
BEN,2013,42.0881252510416,3.7397656403564485,1168.92699279226,7.0638415068205855,49.89785683348132,94.9701489890032,4.553562621054338,44.6502883669319,17.2437092893088,59.2001918331875,52.0,0.464168181148386
BEN,2014,42.0112596872744,3.737937670146505,1204.39918670094,7.0937361213341354,50.32109215912067,97.8184107839659,4.583112808648895,45.2880529235999,16.4115774866134,65.2682749404551,51.0,0.494995287399714
BEN,2015,66.6561284323416,4.1995469918701165,1002.41886879614,6.91017122702415,47.750466386792446,100.750984391628,4.612651971415566,45.9407403257663,16.3850954444902,56.7563131849476,49.9,0.511448213359745
BEN,2016,59.4793406242621,4.085629035859057,1010.5338961993,6.918234080268521,47.861962789388826,103.741060659808,4.641897993083519,46.6094559006664,15.7020683118185,58.9869283378276,45.4,0.610993036151454
BEN,2017,58.3879587239383,4.067109682340944,1054.97408066814,6.961271477521295,48.45930058375152,106.773501241575,4.670709780024708,47.2942774880391,15.1075858507501,61.4765969588474,45.4,0.601713652575047
BEN,2018,54.0562679352757,3.9900255028617515,1151.7409703472,7.04902996384364,49.68882343116546,109.820388435615,4.698846198865187,47.9952829275963,14.6419567509163,61.7951944903448,44.0,0.666298053345352
BEN,2019,46.5625275293874,3.8407960873747693,1130.82135339795,7.03069950908468,49.430735587043564,112.865865555161,4.726200083148331,48.7125500590248,16.3125612015902,63.68133231423,46.5,0.639872457668903
BFA,2000,62.3750808075926,4.13316584958335,248.908526921752,5.517085467210814,30.438232052508763,43.5875219298246,3.774770915123515,18.0003503329444,21.8707545475914,35.1229419704263,83.9,0.0731706539893436
BFA,2001,62.3379649328232,4.132570629161223,259.485223380436,5.55869975832737,30.899143003228758,44.9378691520468,3.80528085023577,18.8591452143893,20.6389246484114,31.6581708148511,81.7,0.0829849464835342
BFA,2002,62.2240148148469,4.1307410155023145,285.654087637533,5.654781595019189,31.976554887367765,46.348307748538,3.836184781065693,19.725053583448,20.6338145094446,31.3125228527966,81.8,0.0853882812864106
BFA,2003,62.0579085352073,4.128067957762815,362.373899996953,5.892676551699311,34.72363694294688,47.8162719298246,3.8673659985106466,20.563327262892,22.6250739908394,30.3682364077323,80.8,0.0921992776321892
BFA,2004,61.8643241754484,4.12494366742375,403.81283743461,6.000951496940038,36.01141886862688,49.3440533625731,3.898817259380234,21.3392180754924,22.6591757180332,35.4809436017462,82.0,0.0791894660751542
BFA,2005,61.6679398171137,4.121764181880021,441.164148016012,6.089417023914398,37.08099969113848,50.9215021929825,3.9302852742945635,22.0179778440204,20.1658324331189,34.1721697681049,85.4,0.0817032694873567
BFA,2006,61.4372319070742,4.118016034228676,455.513655620024,6.121425695657937,37.47185254746126,52.5354788011696,3.961488728045521,22.5528306908743,20.5038527918156,35.1065423554549,84.8,0.0799863250308358
BFA,2007,61.0944586765371,4.112421169373018,514.684451177238,6.243553996715776,38.98196650990554,54.1531688596491,3.9918164917652237,22.9741760828193,22.5483344043863,33.7797172895073,82.9,0.110310889211461
BFA,2008,60.5949708835501,4.104211900911219,619.437533256264,6.42881186185477,41.3296219551246,55.7678837719298,4.021198144046396,23.3633747838557,20.5479237002055,35.3853169801502,83.5,0.124543742130815
BFA,2009,59.8941192861613,4.092578324778688,601.569520671859,6.399542107575347,40.95413918662992,57.419831871345,4.0503897466382135,23.7452325601116,22.9558804915607,40.2959836735924,83.3,0.117256031897002
BFA,2010,58.9472546424185,4.07664305494758,624.957252224766,6.4376832509568835,41.44376563965079,59.1246271929825,4.079647541388116,24.115092498158,26.0555520336446,49.0732385398039,82.1,0.121305612623944
BFA,2011,55.571613014377,4.017672513582404,725.024767725475,6.58620581665112,43.37810705928904,60.8987865497076,4.109213249225182,24.4682976845657,28.3722709055706,57.4972531038508,81.4,0.133063992431119
BFA,2012,61.7629044746867,4.123302933022098,731.470138867833,6.595056397846815,43.4947688907802,62.764206871345,4.139384956710525,24.8001912059054,26.8675103794383,61.2386079818398,79.2,0.15032942321544
BFA,2013,48.6056903850732,3.8837406101650216,759.762065168498,6.633005312116349,43.996759470563696,64.6762024853801,4.169393320638022,25.106116148748,24.0957515828697,64.0358513024234,78.7,0.171824228532949
BFA,2014,49.9195641760489,3.9104129935753233,764.861675106225,6.63969500062259,44.085549701292614,66.6281469298246,4.19912711483883,25.3814155996643,24.9295392471244,58.8235624937426,78.9,0.15105767526533
BFA,2015,71.873244459767,4.274904073911632,630.124750752312,6.445917816849948,41.549856501583605,68.6311659356725,4.228746745493598,25.621432645225,24.3613757844362,59.0891813101662,78.8,0.209618038878152
BFA,2016,66.0917117316937,4.191043349157458,663.742364842886,6.497894069428423,42.22262733751307,70.6683333333333,4.257997570631443,25.821510372001,24.8815173666488,57.8931727994406,77.1,0.203332261693596
BFA,2017,60.3100692778775,4.0994990761585965,709.091535894695,6.563984623832979,43.08589414191577,72.713475877193,4.286526730184371,25.9769918665632,25.1402372200063,59.2687802020168,74.6,0.228245053999348
BFA,2018,58.1036119011901,4.062227828899592,777.465618514048,6.6560394225149215,44.30286079407277,74.7013450292398,4.313498097722852,26.0832202154822,25.5894433780973,60.5956256236488,73.7,0.264797129779167
BFA,2019,50.7057233570721,3.9260387909531707,764.853077774946,6.6396837601854255,44.085400435270074,76.6153216374269,4.338797078121267,26.1187254401157,27.4259133812459,60.4086928753226,72.7,0.271887847085997
BGD,2000,53.2073315873939,3.9741961986455445,396.670730249751,5.983106541712096,35.79756388947808,1033.6045478989,6.940807533075643,23.3145114975244,22.2793826819325,29.3217143619038,60.2,0.200508674079581
BGD,2001,53.5371557711762,3.9803759132439795,394.65641001891,5.978015538310382,35.736669776280365,1050.97802873166,6.957476465550596,23.6999214768623,22.5838118742213,32.0980170730117,55.9,0.238535190866528
BGD,2002,53.9989891679289,3.9889653272766417,393.886422327628,5.976062599536679,35.71332419358109,1067.32471383575,6.972910529124289,24.1132383547332,22.8392543728467,28.9673807211649,54.4,0.247202877217844
BGD,2003,54.4416560238779,3.9971295965689175,426.74880754362,6.056195567396762,36.67750475055619,1082.97112237843,6.98746358217497,24.5525557512625,22.4741487860882,27.657884900158,52.6,0.255292689169796
BGD,2004,54.7139805852488,4.002119263338873,455.614016909798,6.12164599692461,37.47454971166311,1097.8171314435,7.001079061244074,25.0094809886101,22.7797200060528,26.8582341492431,52.0,0.265286510438952
BGD,2005,54.6647870982674,4.001219756216235,480.08585075452,6.173964943647739,38.11784312539123,1111.74453407083,7.013685712869459,25.4769540701509,23.2998442190711,34.396934864465,50.6,0.279053178068632
BGD,2006,53.1975459498402,3.9740122665212323,490.388026533289,6.19519696860878,38.38046547985942,1124.7289928555,7.0252973903790465,25.9479149992596,24.0953205119221,38.1119244325921,48.6,0.297067114877888
BGD,2007,50.0752382318021,3.9135266390403576,537.955492792911,6.287775829588981,39.5361248831634,1136.89235614965,7.036053815697603,26.415303779311,24.5005410079343,39.9423826531735,47.2,0.312314517812567
BGD,2008,46.4359542477712,3.8380740352003277,613.06204104124,6.41846613969135,41.196707586364376,1148.30040715987,7.046038221358298,26.87206041368,24.7270013036793,42.6209140325589,45.2,0.343404266569929
BGD,2009,43.417784301366,3.7708691337000566,679.211477428056,6.520932533305562,42.52256110392289,1159.05134823692,7.055357146272875,27.3111249057412,25.2955721814431,40.092796223023,43.1,0.365403611658953
BGD,2010,42.1588186962047,3.7414438843008155,757.385280361508,6.629872080847246,43.95520380839779,1169.25544288238,7.06412245161537,27.7254372588696,24.9564767264585,37.8028426708321,40.3,0.399267470769648
BGD,2011,52.2951110557553,3.9569028878440053,837.336944695647,6.730226551843378,45.29594943913761,1179.92683413997,7.073207710571196,28.1100162712427,25.0452996007551,47.4208498356898,38.4,0.425203089273234
BGD,2012,65.1638389348551,4.176904697511824,859.680536375497,6.756560850904913,45.65111453198092,1191.28909118845,7.082791269698376,28.4787972894576,25.3099593902625,48.1109227490467,37.3,0.450583313929743
BGD,2013,64.3758949024465,4.164739260284504,958.262989798283,6.865122259919668,47.12990364364453,1202.52086502266,7.092175353199578,28.8407036106763,26.3070701636507,46.2964027228174,37.0,0.460477953853579
BGD,2014,68.3283645116627,4.224324973363001,1094.46199702838,6.998018194595261,48.972258651886314,1213.52791733886,7.101287030537679,29.1944442321013,26.3110467833576,44.5140801968096,35.4,0.485260877115325
BGD,2015,64.1084295201163,4.160575861054543,1224.38647668165,7.110195162156987,50.55487524396063,1224.42328493508,7.1102252243153545,29.5395099477892,26.8313948329541,42.0859963070382,33.1,0.536099232905876
BGD,2016,63.6784141329752,4.153845637535309,1649.28380858601,7.408096417262894,54.879892527463326,1235.3993393255,7.1191495484757565,29.8753915517965,31.0691513830358,31.3341501346142,30.2,0.584484613989962
BGD,2017,58.3439766448258,4.066356125380635,1811.08221668646,7.501679855354567,56.27520065223251,1245.95641852962,7.127658721632652,30.2015798381799,31.2482919641603,29.9997306724343,28.1,0.622997104678737
BGD,2018,59.513577848333,4.08620448564977,1965.24372731467,7.583371550868579,57.50752407852291,1256.22726434662,7.135868273611073,30.5175656009959,31.9828135899766,32.5146317240884,27.0,0.643225929977613
BGD,2019,50.3645265388691,3.919287088752208,2129.79896954606,7.663782873754545,58.73356793605347,1266.90523930245,7.144332386129056,30.8228396343012,32.8525491977868,31.5780544912404,26.1,0.662908100271382
BGR,2000,25.0224930451213,3.2197751421660006,1621.26210738992,7.390960203537954,54.6262927302818,73.8513242339329,4.302053940217204,68.2631454467773,22.6775829799096,77.7457041594489,8.0,5.89680364134317
BGR,2001,25.1478971593063,3.224774281094062,1770.90704918691,7.479247151474288,55.939137952836255,72.3957516044473,4.2821476181733775,69.196711983564,23.9808817257269,79.0813687477668,7.2,6.2958054683011
BGR,2002,25.3023954576219,3.230899073370848,2092.98288625558,7.646345545754941,58.46660020508643,72.0327297794118,4.277120595995354,69.4859161376953,24.0045118230475,75.2696110143524,8.7,6.07329618467708
BGR,2003,25.4532398256574,3.236843036491911,2719.49436859287,7.90820124810995,62.53964698060778,71.4841132665257,4.269475232935082,69.7808456420898,24.3194023807744,79.0138853713575,9.2,6.87596804610276
BGR,2004,25.5676821490025,3.241329137912509,3389.68743360274,8.128492993646518,66.07239834776053,70.953107760206,4.262019204763836,69.9193344116211,23.1334052420728,93.063897964183,9.6,6.66896898479433
BGR,2005,25.6129743132466,3.24309903221235,3899.82596332878,8.26868720633453,68.37118811620033,70.4986377025037,4.255593386262783,70.0869598388672,24.2323985840088,99.7142112127381,9.8,6.8534654520215
BGR,2006,25.3339270509453,3.2321444875651224,4523.1465578805,8.416963171756443,70.84526903470427,69.9716652858326,4.248090378472197,70.5075225830078,25.370402523961,111.04746275381,10.0,7.10899139615699
BGR,2007,24.6687943735139,3.205539059201718,5888.57081403932,8.680768601028996,75.35574350461091,69.4718534204953,4.240921683785999,70.6844177246094,26.2601834036365,123.532557660753,8.8,7.63903485834564
BGR,2008,23.8749930848315,3.1728315967261866,7271.30338858025,8.89169083761923,79.06216595180176,68.98592210662,4.23390245634054,70.902099609375,24.9905785476636,124.688747515359,9.9,7.28226303396129
BGR,2009,23.2099399887774,3.144580634706846,6988.27316296465,8.851988760782536,78.35770502102034,68.5744565217391,4.2279201114804,71.3017349243164,26.5673405144322,92.6926456036375,11.6,6.25111912335147
BGR,2010,22.9310518892306,3.132491969748321,6853.94805511171,8.832580123636024,78.01447164045017,68.1245302137067,4.221337357014042,71.5149307250977,23.7541772436849,103.380522321192,14.3,6.69444084245238
BGR,2011,26.1914143794342,3.2654316616217245,7849.58061302818,8.96821538425733,80.42888717842986,67.6890935887988,4.21492506780889,72.6101653885532,25.0301012066171,117.41810388629,13.2,7.4553286135295
BGR,2012,23.0863811610061,3.1392428835392314,7431.95789508871,8.913544615123577,79.45127760579851,67.2981577008106,4.209132861845247,72.7684860229492,25.3837646988557,123.971322714174,15.6,6.83236589446759
BGR,2013,21.490052956786,3.0675901749038723,7795.98092108928,8.961363613355251,80.30603781076749,65.9543570375829,4.188962942751856,72.9632821572019,23.5074812631202,129.688682986482,18.2,6.20837555281037
BGR,2014,21.9921500133613,3.0906855721092916,8069.60005667684,8.995859200764126,80.92548275997258,65.1581798084009,4.176817849157074,73.0844879150391,23.4443018802846,130.248377115245,17.1,6.68898259606321
BGR,2015,20.7936901250081,3.034649581309899,7268.65445473873,8.89132647151867,79.05568642312865,64.3351602800295,4.16410629796873,73.1030578613281,24.0301394911987,126.73664221295,17.9,7.138544362474
BGR,2016,19.979167405734,2.9946901009674467,7822.49923292968,8.964759377483547,80.3669106961792,63.5053334561533,4.151123893807048,73.1750030517578,24.4597736962039,122.805514356513,17.7,6.83625613002581
BGR,2017,20.0337858184501,2.9974201392294644,8696.68930427924,9.070697692481037,82.27755662838081,62.6701179071481,4.137884745631784,73.3904571533203,23.9892951281784,129.634429048004,17.1,7.2438350558862
BGR,2018,19.7159830127087,2.9814296272434855,9849.38397225174,9.195164191322224,84.55104450537449,61.816488577745,4.124170134342526,73.600212097168,22.2389603260891,129.166502930632,19.6,6.90134019828938
BGR,2019,17.5380256575647,2.8643714183259137,10353.7204584127,9.245101198682539,85.47189617388132,60.9499447310243,4.110052949134816,73.7162322998047,21.5624567722623,125.260418346411,19.3,6.74590424327681
BHR,2000,68.651142599615,4.229037775915458,14214.4836839343,9.56201670150735,91.4321633999055,898.002816901408,6.8001732051585355,87.8356209595597,,135.809135327865,0.0,27.8732774764658
BHR,2001,70.059687295923,4.2493475543840304,13573.2339887597,9.515855043430273,90.55149720757736,931.430985915493,6.836722098102586,87.8397146150894,,127.026266277537,0.0,27.8270902261551
BHR,2002,71.9559586005481,4.276054245756288,13501.4708801425,9.510553912576086,90.4506357240163,1000.77887323944,6.908533849057223,88.1427867595875,,131.133634216392,0.0,27.0590652632527
BHR,2003,73.8799083460396,4.302440914751488,14486.0269029822,9.58093980192476,91.79440748810606,1061.82916666667,6.967748328849973,88.8325339694118,,128.091582155216,0.0,26.0244049510998
BHR,2004,75.3714883649469,4.322429065105629,15963.9493171617,9.678088291342844,93.66539297502744,1128.41232876712,7.028566904951813,89.8569005979296,,140.737310039923,0.0,24.1830866740881
BHR,2005,75.9706504898194,4.33034708793496,17966.1657837625,9.79624558938559,95.96642764755663,1201.11081081081,7.091002083278251,91.168165501421,,148.313525108923,0.0,26.2934535823821
BHR,2006,74.6528084567212,4.312848144934873,19267.282615072,9.866163735121756,97.34118684823167,1297.87027027027,7.168479946406457,92.7186075361661,45.2834880040933,147.104181068989,0.0,26.4976718615945
BHR,2007,71.5108350525909,4.2698489774161335,20908.4042548073,9.947906474580241,98.9608432269955,1385.72666666667,7.233979950104153,94.460505558445,45.9178652906561,137.785050572304,0.0,24.8744581663532
BHR,2008,67.7608706862893,4.215984899822774,23299.4992780392,10.056187149109965,101.1268999779244,1451.96842105263,7.280675446561895,96.3461384245376,50.4076629462208,145.882511145821,0.0,25.0739468018008
BHR,2009,64.6190557666771,4.1685093481985565,19465.3140745038,9.87638939526007,97.54306748680557,1550.54605263158,7.3463624398934035,98.3277849907243,43.0997000499723,117.963725409489,0.0,23.4684724821052
BHR,2010,63.301530702615,4.147909510573634,21819.3291098099,9.990551512342877,99.81111952077656,1612.26115485564,7.385392916679168,100.0,43.9268581860394,115.561486449616,0.0,23.4711361344292
BHR,2011,66.7273263961034,4.200614560117098,25032.7867743333,10.127941715596766,102.57520339452516,1558.0443285528,7.351186678242112,100.0,48.2947958378082,167.529641035854,0.0,24.2703050994962
BHR,2012,70.0606736033788,4.249361632387391,26438.6733230428,10.182583115817264,103.68499891052683,1570.08311688312,7.3588838376309305,100.0,46.3397302766462,178.824020821684,0.0,24.9936309104324
BHR,2013,68.1447019157403,4.221633413605331,26989.7601148469,10.203212818045428,104.10555181032652,1627.52077922078,7.394813141571591,100.0,46.6971284608616,184.58950884485,0.0,25.6391882801584
BHR,2014,59.1499735070702,4.0800761425303005,26451.7965647453,10.183079358032531,103.69510521198822,1705.00907911803,7.441325714699351,100.0,45.3135767644884,168.57585814186,0.0,25.3239482048013
BHR,2015,71.5594978371491,4.2705292412479405,23734.0551143019,10.07466622038898,101.49889945224679,1761.33933161954,7.4738297825055175,100.0,39.0907990671172,147.916060172904,0.0,24.4242594076429
BHR,2016,64.2193035294402,4.162303843529999,23800.001440631,10.077440920190279,101.5548154999255,1827.63286264442,7.510776890838693,100.0,38.2033398636175,132.822997902774,0.0,23.4996762017411
BHR,2017,61.237494601176,4.114759658802631,24784.7693514607,10.117984604438433,102.37361245565316,1924.50769230769,7.562425469758,100.0,39.9934662996166,136.429239810394,0.0,22.4846714044751
BHR,2018,71.8872328410934,4.275098680685805,26324.4066549559,10.178251797525217,103.5968096538253,1931.99357326478,7.566307688299426,100.0,41.4758871750475,144.075372574535,0.0,22.5016316377385
BHR,2019,59.9655174851019,4.093769688432188,27259.7438599327,10.213166309019025,104.30876605568129,1902.25128205128,7.550793349022119,100.0,40.6177669647554,135.417543398211,0.0,24.8338675631303
BHS,2000,19.57806579485,2.9744098474858545,24940.0775086078,10.124231327032238,102.50005996326095,32.3511488511488,3.476649533489401,81.0361161567684,12.1488719700562,79.6449438925669,0.0,3.07965476245619
BHS,2001,19.416590811333,2.9661278970576053,25371.9237667614,10.141398478128487,102.84796309218679,32.7508491508491,3.488928890015331,81.152720524793,9.53614103678483,72.5008806383396,0.4,3.02803840944863
BHS,2002,19.0753103174537,2.9483948453188593,26781.6195938652,10.19547109515601,103.94763085216171,33.1282717282717,3.5003870485844066,81.3054206830642,10.6168563566021,70.2779817050926,0.4,3.27760589118674
BHS,2003,18.6554974383063,2.9261408714640234,26429.1247787663,10.182221892360902,103.67764266527362,33.5282717282717,3.512389015107696,81.4819614595541,10.870239197122,71.063540505226,1.5,2.4122663265975
BHS,2004,18.2584252989849,2.904626633714559,26650.2934234303,10.190555439793426,103.84742017150339,33.9442557442557,3.5247196421709486,81.6708410883427,10.3431253996283,76.0019833710461,1.6,2.57223749345168
BHS,2005,17.9853670245837,2.8895584842000623,28602.4181869995,10.261246545226616,105.29318066192516,34.355044955045,3.5367488770266453,81.8605578035102,10.8090522762856,81.3962709176308,1.7,2.50251530995016
BHS,2006,17.814365511527,2.8800051830167077,29184.7865087908,10.281402842510598,105.70724440998501,34.8026973026973,3.549694892474983,82.0396098391364,11.7337529813863,87.5507143032777,2.0,3.1443128812343
BHS,2007,17.6627411474599,2.8714574009937293,30051.8489587756,10.310679467480666,106.31011108112739,35.2981018981019,3.563829191901547,82.1964954293015,9.25945110064285,88.0128155625079,3.5,3.71829487114175
BHS,2008,17.540683294308,2.8645229425312104,29392.3824416397,10.288490819129906,105.85304333532038,35.7762237762238,3.577283532438827,82.3197128080855,10.3895116853506,87.4292228766863,2.0,3.80207751591645
BHS,2009,17.4583813139968,2.859819837866175,27512.9130950084,10.22241074053375,104.49768134817977,36.2447552447552,3.590294687929798,82.3977602095684,10.0100581448934,76.5210439633098,1.5,3.12119291089
BHS,2010,17.4260245684517,2.857964753681377,27473.100430502,10.220962638774376,104.46807726322164,36.7110889110889,3.603078859588266,82.4198104431593,11.4998771761611,78.6756024311196,1.3,3.49136546949749
BHS,2011,17.6418562262103,2.8702742732857565,27090.8376801379,10.206950856717633,104.18184579144882,37.1357642357642,3.61458050084121,82.4130347470308,12.0451419747876,88.3336891598687,1.4,2.29791057463905
BHS,2012,18.0358159965462,2.892359558496717,28552.0242683151,10.259483115138643,105.25699378981491,37.5093906093906,3.6245913178778655,82.3947485339925,13.0340285810231,84.2515204656543,1.4,2.70887876229462
BHS,2013,17.7211235938828,2.8747573513993814,27642.7419759179,10.227118476142117,104.59395232504745,37.8574425574426,3.6338275935112643,82.3635791100868,12.939963533264,84.5484138879077,1.4,2.87924887782918
BHS,2014,18.5387484151285,2.919863050584368,29137.2175632622,10.279771590058498,105.67370394377383,38.1916083916084,3.6426158158679622,82.3180931037043,13.1841890278389,80.5370272284116,1.4,2.97228863347441
BHS,2015,19.1256311837319,2.9510293822389593,30719.405417469,10.332649832174202,106.76365255432955,38.4961038961039,3.6505570386691306,82.2568571432361,11.1534432655268,69.6779752652565,1.4,2.90751688093298
BHS,2016,18.49778336767,2.9176509069417498,30616.5363157284,10.329295544450423,106.69434644460335,38.7667332667333,3.6575624888275176,82.1784378570728,13.1841863831865,67.212921580015,1.2,3.20959657780469
BHS,2017,18.3612464143857,2.9102422703818673,31875.4881749619,10.369592597636371,107.52845064095503,39.0094905094905,3.6638049629229066,82.0814018736052,12.9253067028738,68.334284038596,1.1,3.51818891890854
BHS,2018,18.5796799431178,2.922068507355614,32642.3353203452,10.393365354323315,108.02204338844821,39.2324675324675,3.669504657363137,81.9643158212241,12.2620756365452,72.1542685971043,1.1,3.08262692982478
BHS,2019,18.5659528939643,2.9213294137540275,33640.3369861278,10.423481131460248,108.6489588979078,39.4280719280719,3.6744780480906605,81.8257463283204,12.9893801310537,68.7866234842208,1.1,3.67517577753848
BIH,2000,36.8983152634642,3.608165893187489,1338.48059636261,7.199290366301435,51.82978177832065,81.24552734375,4.397475771617723,42.5539898606589,21.5373916859689,85.3577431341788,19.4,3.43316975862373
BIH,2001,37.3614180862172,3.620638569980141,1387.89362942121,7.235542502266391,52.353075302103385,81.6296484375,4.402192534673395,42.8761478375679,20.9376145916292,86.0357340130948,20.3,3.3728936761354
BIH,2002,37.9191864208419,3.635457222010082,1606.5467454132,7.381842275806534,54.49159538488459,81.7969140625,4.40423951749977,43.1975585685863,19.8153934660799,78.7274783626,21.2,3.54063823274201
BIH,2003,38.4581184427201,3.6495698165177166,2033.94700935864,7.617733523839754,58.029864040232034,81.61177734375,4.401973581748476,43.5181993184523,19.8200761189261,80.5694572639365,20.1,3.63494469217951
BIH,2004,38.8647123272337,3.6600867008082356,2452.6860917386,7.804939066945649,60.91707383873442,80.87865234375,4.392949912156854,43.8380473519042,20.2334932914418,81.8126861817184,20.1,3.87204789582773
BIH,2005,39.0254662497644,3.664214413793659,2739.61076866057,7.915571134057947,62.65626637833141,80.00962890625,4.382146988759163,44.1570799336802,21.4328425323645,84.3554628217984,19.7,4.11237124047325
BIH,2006,38.6329509376323,3.654105563551793,3166.12865344833,8.060264875575013,64.96786986442828,79.36078125,4.374004307308202,44.4752743285185,21.0300824020691,79.8299477752016,18.1,4.59986434577848
BIH,2007,37.6969528856248,3.6295792658724313,3931.48948737505,8.276773637480407,68.50498184609064,78.3871875,4.361660489256185,44.7926078011574,21.7724374056523,83.551858889163,14.8,4.91480591136147
BIH,2008,36.5797939203256,3.599496009276145,4841.69311934649,8.485019756585405,71.99556026964466,77.10046875,4.345109360317339,45.1090576163352,23.2014104320358,86.1628798430504,14.3,5.48500536029491
BIH,2009,35.6437958683181,3.5735751027763283,4539.91863774968,8.420664369674297,70.90758842670222,75.7772265625,4.3277978063788805,45.4246010387901,22.9076469417103,73.7474942255023,17.4,5.58279640620095
BIH,2010,35.2512805561859,3.562501856433499,4506.47828548389,8.41327125949687,70.78313328587605,74.4428125,4.3100312131667184,45.7392153332604,22.4540096321725,80.9682159626823,19.6,5.82913897832648
BIH,2011,39.4031643248459,3.6738461258923345,4982.69375768263,8.513725938974122,72.4835293639608,73.0819921875,4.291581991503602,46.0528777644843,22.1932597066813,87.8363477136556,14.2,6.75293000851462
BIH,2012,35.5046711262656,3.569664268846913,4693.78899115381,8.453995422514705,71.47003860389958,71.68189453125,4.272238198719881,46.3655655972,21.6232008180939,88.1451088628529,15.3,6.35152105670861
BIH,2013,33.7419045514665,3.5187405234045612,5034.56634817068,8.52408267396993,72.65998543267436,70.52458984375,4.255961441114325,46.6954224739896,22.3236748683798,87.9312380280562,19.5,6.42871959276172
BIH,2014,32.4817989014897,3.480679898657872,5206.06573475132,8.557579712203822,73.23217053072244,69.62556640625,4.243131833313102,47.130783484831,22.1563691753674,90.5522780395662,23.6,5.83357574795313
BIH,2015,33.8055310132726,3.520624428547434,4662.25869219448,8.44725530758742,71.35612223156384,68.72150390625,4.230062161986158,47.5711645087011,21.7264522311122,88.291992587588,25.2,5.92032322488213
BIH,2016,30.384676952561,3.41393843372435,4928.5665903114,8.502803472287708,72.2976668883479,67.83208984375,4.217035384504746,48.0248845752382,22.3443510624615,88.2440340022738,23.0,6.7682636611601
BIH,2017,30.9018207776211,3.4308151070098063,5345.01978766473,8.58392052554111,73.68369158880597,66.9664453125,4.204191677709288,48.4918401819106,23.1210747823113,96.6458803566861,18.5,6.99679935322086
BIH,2018,32.4989922059154,3.4812090798061446,6047.84707207392,8.707457631837617,75.81981841024715,66.15234375,4.19196032077231,48.971927825824,23.7113564316664,98.4320694182631,35.4,7.10487156775908
BIH,2019,26.7157922521039,3.2852548606729477,6122.37541352353,8.719705439664365,76.03326295451231,65.34244140625,4.179641770125174,49.4650440037758,23.2037923257609,94.516125154246,36.8,6.75452909895075
BLR,2000,27.8003375928239,3.3250481642496172,1276.2880341,7.15171117048438,51.14697266603106,49.1974779144976,3.8958423602838708,69.9172295434732,33.4789463312094,141.609165955024,5.7,5.63748483157157
BLR,2001,26.825169286119,3.289340599256178,1244.37318523431,7.126387216442157,50.78539475867019,48.9467226045631,3.8907324127934944,70.3147201538086,32.4639554654927,137.044930473063,6.3,5.53944992364947
BLR,2002,25.3708864392258,3.233602313451154,1479.38066337175,7.2993788084801015,53.280930989688386,48.6397310049352,3.8844407073164513,70.8804702758789,31.8153820256099,131.002058282291,6.5,5.59425588928258
BLR,2003,23.8005944482748,3.1697105571837825,1819.52653114699,7.506331598505119,56.34501406671641,48.3012483606638,3.877457406301002,71.3092422485352,32.7410515030849,134.141852273225,6.2,5.69894155704101
BLR,2004,22.4773987093966,3.112510302555731,2378.33700470129,7.774156784914218,60.437513716427766,47.9754751867465,3.870689946727389,71.7658538818359,35.0189431066695,142.136510387704,6.3,6.08289947550633
BLR,2005,21.764404618722,3.0802758196437523,3126.07176665248,8.047532468700132,64.76277883478284,47.6446879945571,3.863771144233366,72.0310134887695,37.8387848851416,118.88435169233,6.8,6.21065065245296
BLR,2006,21.555661490259,3.070638496211584,3848.22350300163,8.255366892999483,68.15108253803193,47.3372826558372,3.857298201843456,72.6113815307617,37.2070344531772,124.295103889386,7.2,6.50329976582844
BLR,2007,21.449293067481,3.0656916876039317,4735.48107556066,8.462838600366473,71.61963717585276,47.1212709646576,3.8527245119137277,73.0913467407227,37.0472792241675,128.153877979073,7.3,6.38627760224321
BLR,2008,21.364516390716,3.0617314332543093,6376.17569162063,8.760323775237941,76.74327264699913,46.9585563473992,3.8492654328709532,73.5531692504883,38.8242464026726,129.599478545475,7.1,6.79739735106636
BLR,2009,21.220548500292,3.0549699811218987,5352.48809190697,8.585316795689195,73.70766448234299,46.8441433626748,3.8468259926029,74.1909646620571,36.1139633461021,108.63564482836,7.4,6.48177831683936
BLR,2010,20.9366064365372,3.0414991310166433,6034.67885177216,8.705277917827742,75.7818636266193,46.7409685463919,3.844621050898408,74.5501403808594,35.3917911979998,115.917972989303,7.3,6.97190461749866
BLR,2011,18.6953550823705,2.928275101689223,6527.6593428786,8.783803711286998,77.15520763841924,46.6297521068454,3.8422387946329355,75.0597534179688,36.0880730361763,157.974255073313,7.5,6.65434111179211
BLR,2012,18.0675396231787,2.8941169372363107,6953.21591683101,8.846959553382286,78.2686933391821,46.5593029044007,3.84072683132658,75.5281066894531,36.2806503161792,153.085269313372,7.2,6.80323020321301
BLR,2013,18.9735248940446,2.9430445808155365,7998.0802045456,8.986956817431702,80.76539283838214,46.5393725235082,3.8402986752630195,75.94970703125,35.9037019421087,119.815965235724,7.0,6.82283812148219
BLR,2014,19.3974713758219,2.9651427161216177,8341.31809294883,9.028976527583128,81.52241713564707,46.5506003261518,3.8405399000126748,76.3405227661133,35.3790497233345,110.651424367582,6.7,6.77047133861776
BLR,2015,17.6059281150121,2.8682356700479925,5967.05595058777,8.694008944147766,75.58579152092136,46.611337189252,3.841843798865043,76.6263885498047,32.6923057673017,115.914826201946,6.8,6.25386583936119
BLR,2016,15.8319434819688,2.7620296384334075,5039.77560949445,8.525116838148579,72.67761710408442,46.6499448243246,3.8426717445343384,76.8458709716797,30.9584092512823,125.209322899662,6.7,6.23725167194174
BLR,2017,15.7775132293532,2.7585857129708007,5785.54491935194,8.66311783041242,75.04961054360959,46.5987595325832,3.8415739213048323,77.0208206176758,31.5544850881623,133.367754723012,7.3,6.3666212107869
BLR,2018,16.9825400264261,2.8321857590024386,6360.037502312,8.75778955290672,76.69887785300209,46.5010592176569,3.839475091208218,77.2132720947266,31.2656097096379,139.393736250171,7.2,6.722115187495
BLR,2019,15.6177925850738,2.748410814647354,6837.77339645635,8.830217430787368,77.97273987498106,46.4107506220284,3.8375311268354655,77.4550771852757,31.737128716913,130.850406102184,7.8,6.50202478662403
BLZ,2000,27.2006760965356,3.3032418294833135,4726.50675459616,8.4609416789549,71.58753409467616,10.5567295046032,2.356763524305822,47.6836847507377,22.744823557302,96.6018447146265,34.5,0.580151910929863
BLZ,2001,26.9932961587769,3.2955885447594904,4718.77715104739,8.45930496684513,71.55984052209068,10.889039894783,2.3877567691264288,47.6257993221451,20.9114170811182,93.1624050489864,23.9,0.573720000483133
BLZ,2002,26.5202776749369,3.2779096356601665,4858.86062599362,8.488559250313436,72.0556381460818,11.2235423060061,2.418013563815296,47.4865009861554,19.9175020724415,93.0794584713606,25.7,0.555449222488272
BLZ,2003,25.9062363191074,3.254483724243073,4959.74012434605,8.509108624061273,72.40492957607394,11.5642262165717,2.447916386101444,47.2806245981404,17.343341981465,94.3631228859413,24.4,0.567518386534233
BLZ,2004,25.2757877653807,3.2298469321905907,5153.71308265363,8.547472720794605,73.05928991272793,11.9109162647961,2.4774553128006835,47.0226655922949,17.5296122470878,86.3853536846826,26.3,0.504991019110156
BLZ,2005,24.7535476878486,3.2089688196655466,5270.41479135312,8.569864346474738,73.44257491697888,12.2635247698378,2.506629390805486,46.7271194028137,17.1067830923414,92.9971266332515,25.6,0.539446825700405
BLZ,2006,24.2589002528347,3.188783570783309,5524.78167834986,8.616999010374412,74.2526719447936,12.6206926786497,2.5353377429800035,46.4084814638913,19.0207043326734,98.8810743235728,32.7,0.606159553699831
BLZ,2007,23.6963824128613,3.1653223956827516,5762.21023302938,8.659076401099902,74.97960412008524,12.9811486190267,2.5634981988112457,46.0812472097226,20.1544257967177,95.9555511519831,28.0,0.568726781492739
BLZ,2008,23.1683390213192,3.1427866492678236,5711.81458859709,8.650292043513083,74.82755243806575,13.3433143358176,2.5910154605894884,45.7599120745023,20.2437331550786,105.461874277231,29.8,0.534891132569547
BLZ,2009,22.777114931599,3.125756300814813,5399.67100001919,8.594093304773935,73.85843973116017,13.7051293292416,2.6177701663568205,45.4589714924251,19.3850622805813,89.5808843860925,25.1,0.629210464022725
BLZ,2010,22.6250549970911,3.1190579203936917,5461.40735999001,8.605461793764931,74.05397268394795,14.0396755808856,2.6418872915561695,45.1914838193558,18.2141330384501,94.8581591507411,29.4,0.72850473855954
BLZ,2011,25.0167214312121,3.2195444585313675,5596.05222152289,8.629816667679444,74.47373571775795,14.3488820692679,2.6636720345902765,44.9417819131729,18.8728848459132,106.914960208874,42.2,0.45829794254777
BLZ,2012,23.7091047742089,3.1658591420557123,5732.66519942347,8.653935832358428,74.89060539057716,14.6608505041648,2.6851807100665974,44.6903068035216,16.1069146883141,111.166652365429,47.9,0.487120754513866
BLZ,2013,26.8732782139428,3.291132417937541,5957.34953619006,8.692380952454215,75.55748662258884,14.977071459886,2.706520462307282,44.4380542363795,15.8082252818975,108.672614067831,38.0,0.602118684998551
BLZ,2014,26.766330789615,3.2871447838726873,6128.12053089077,8.72064338010604,76.04962096298729,15.2969311705392,2.727652231191174,44.1850161758379,15.8379694223947,107.112517468788,37.4,0.586089194464108
BLZ,2015,27.5566748212023,3.3162447865152274,6154.62264230369,8.724958727608884,76.12490479847844,15.6217886891714,2.748666650606505,43.931184585988,14.5536010059023,104.070958799941,30.3,0.693733109198418
BLZ,2016,25.608806996967,3.2429363156420865,6140.86713919469,8.72272123905134,76.08586581419735,15.9888206926786,2.771889771322902,43.6765514309211,15.4437196063941,96.4998358304218,33.3,0.715098504270575
BLZ,2017,26.1751165590281,3.2648092098136616,6071.85451846453,8.711419359378771,75.88882725495924,16.3613327487944,2.7949207917193393,43.4211086747287,14.0908583022047,97.7072571800462,37.2,0.762857648136934
BLZ,2018,26.7474102969967,3.2864376573282703,6011.99036888587,8.701511148889857,75.71629627425447,16.6692678649715,2.8135667764803745,43.164848281502,13.6672354461825,100.989214362975,35.5,0.748502206582401
BLZ,2019,26.1465334719171,3.263716618508245,6171.61449761423,8.727715751651314,76.17302224162245,16.9149057430951,2.8281952298313997,42.9077622153323,14.0497462353602,102.441856907677,30.4,1.03206342706225
BMU,2000,9.29672881638995,2.2296625981110023,56542.9569455727,10.942755928174602,119.7439073036004,1139.81481481481,7.038621085048321,100.0,11.0730100605738,,0.5,2.44354183590577
BMU,2001,9.16510328119272,2.2154031503163036,59490.2452034202,10.993567631932075,120.85852927786462,1145.68518518519,7.043758152018377,100.0,10.3085111383479,,0.5,2.40354308435838
BMU,2002,8.96257811568564,2.1930579217243684,63358.5658652763,11.05656539153006,122.24763825718028,1150.77777777778,7.048193321252661,100.0,9.58402713787467,,0.5,2.66486434295645
BMU,2003,8.71972287967927,2.1655874575626033,67106.8028083224,11.114040700955313,123.52190070249125,1155.2962962963,7.052112123646649,100.0,9.56824574079935,,0.5,2.74099958323983
BMU,2004,8.46710713298417,2.136188907584009,71692.1589001679,11.180136660777196,124.99545575365427,1158.42592592593,7.054817402187229,100.0,9.61836268756259,,0.5,2.76556630165454
BMU,2005,8.23530043541092,2.1084298457098343,77628.103522508,11.25968479940285,126.7805017819036,1161.31481481481,7.057308103265674,100.0,9.95111886767338,,0.5,2.9659868284671
BMU,2006,8.02454638765531,2.0825051425157217,97781.4558996721,11.4904902255664,132.031365623837,1163.59259259259,7.059267560661105,100.0,,,0.4,3.68590253684311
BMU,2007,7.81362766204442,2.055869345388083,107395.651483891,11.584274971260394,134.19542660976998,1166.85185185185,7.0620646763718256,100.0,,,0.5,4.3977146484685
BMU,2008,7.60092242583573,2.0282696117478127,110268.562401264,11.610674145588426,134.80775411503552,1172.22222222222,7.066656561567991,100.0,,,0.5,4.40600315955766
BMU,2009,7.38480884628674,1.9994250315978024,104711.712420357,11.558966257081094,133.6097009323393,1177.12962962963,7.070834236819949,100.0,,,0.4,3.84960276881932
BMU,2010,7.16366509065494,1.9690217341742289,104111.824244802,11.553220833597505,133.47691162987144,1180.09259259259,7.073348182680039,100.0,6.59753236327659,74.595080341836,0.4,4.84896037661828
BMU,2011,6.91539194729686,1.9337496442475024,99049.0169927667,11.503370127723757,132.3275242954073,1180.24074074074,7.073473714227853,100.0,5.66742455792625,76.2704368073774,0.4,2.40691635416503
BMU,2012,6.97250277678657,1.9419742387677703,100213.493385287,11.51505812309027,132.59656357814723,1178.62962962963,7.072107711770177,100.0,5.11874218822023,73.7823030616219,0.4,2.79200578198159
BMU,2013,6.61259153374615,1.8889756396211097,101704.40746217,11.529825918975371,132.93688572187625,1177.2962962963,7.070975814148938,100.0,5.29900911819128,76.2701066974999,1.5,3.1144807625759
BMU,2014,7.0538148738716,1.9535685873344613,100961.576602811,11.52249529376653,132.76789779487183,1176.46296296296,7.0702677269774235,100.0,5.00463985900816,76.5167474588353,0.4,4.28150923200428
BMU,2015,6.97448269449194,1.9422581592927823,104855.366822135,11.560337220734333,133.64139665709558,1175.25925925926,7.069244048417565,100.0,5.12438047943502,73.2954985174785,0.6,3.63513172822387
BMU,2016,7.54273526156963,2.0205848830223263,108747.356144305,11.59678263733867,134.48536753767965,1174.98148148148,7.0690076660127685,100.0,5.34979364226582,72.7499093828891,1.1,4.91260697568126
BMU,2017,7.67124972072296,2.0374795383154933,112339.425587467,11.629280152912118,135.2401568749157,1177.37037037037,7.071038730972915,100.0,5.50930538497597,72.3924284503794,0.6,4.48740130233729
BMU,2018,7.39756678060384,2.001151132707221,113204.82210838,11.63695404197451,135.4186993750269,1182.05555555556,7.075010198177557,100.0,5.7012359712742,77.5552703807388,0.7,4.71401043380176
BMU,2019,7.20679905172813,1.9750248931792431,115798.040775578,11.659602924941444,135.94634036730307,1187.16666666667,7.079324794750302,100.0,6.37065036340846,77.5601016506443,0.8,4.71867346779603
BOL,2000,63.0740137541425,4.144308858323109,975.777060358751,6.8832341385572935,47.37891220620057,7.94454537062679,2.0724855762780283,61.8587201575591,25.7390221812353,45.5977750218555,29.2,0.953345248599693
BOL,2001,61.9481447307606,4.126297659777805,930.168227214313,6.835365459266528,46.72222096173392,8.07969722145297,2.0893543992384345,62.3374810379005,25.4206764753126,45.2278224315522,29.0,0.906722195208447
BOL,2002,61.185467407628,4.11390970066036,888.221328974352,6.789220956276446,46.09352119314326,8.21596510661866,2.1060792256136676,62.8187632085055,25.4735692447779,49.3502603725957,28.1,0.951411488642869
BOL,2003,60.5276224516758,4.103099830289866,893.013760211149,6.794601989728833,46.16661619882702,8.35474937690391,2.122830164817542,63.2918711090474,25.5964904919612,51.967836443987,27.0,0.996508557349155
BOL,2004,59.7162505298355,4.089604186537817,953.191893246277,6.859816240411121,47.057078852208164,8.49652635465707,2.139657415812325,63.7564671612252,26.8396494762825,57.4642660901316,25.8,1.02693451431925
BOL,2005,58.4929923090383,4.068906957473376,1020.12326200737,6.9276787440824,47.9927327812111,8.64096187575002,2.1565139048312467,64.2133062205259,26.2692194219914,67.6419413613743,24.6,1.06158115040733
BOL,2006,55.2406960376362,4.011699928708563,1202.71150446327,7.0923338738011035,50.301199777466564,8.78952183144097,2.1735603110639246,64.6631431424362,27.652247464959,74.537848431547,23.7,1.13232011673559
BOL,2007,49.4380149483192,3.9007196616216744,1354.54905949929,7.211223880506953,52.00174985479376,8.94116126650051,2.190665476331435,65.1067327824433,28.2897904061027,76.0619114476148,22.1,1.23849365473324
BOL,2008,42.4702971845256,3.748804941817194,1692.67248455876,7.43406391070685,55.26530622847402,9.09337948859965,2.207546620020038,65.5448299960338,29.7366397824222,82.8670208961798,21.3,1.30378490888814
BOL,2009,35.7228908896935,3.575791684695788,1731.18172112209,7.4565595300948555,55.60028002584841,9.24607680236315,2.2241993320817346,65.9781896386949,29.2286844945559,68.6270739127592,20.6,1.36372054481332
BOL,2010,30.5811442072612,3.4203836166505375,1929.78373077158,7.565163219025085,57.23169453048999,9.39937690390474,2.2406434002602453,66.4075665659133,30.1439417460822,75.5116262512877,19.9,1.45277929592839
BOL,2011,27.3182933267548,3.3075565630131627,2315.52121930607,7.747390089906487,60.022053205181244,9.55315148158405,2.2568710981268794,66.833715633176,30.3691066361261,82.4803954243518,18.1,1.55521407094396
BOL,2012,28.0697541353735,3.3346926313533682,2575.59857098084,7.853837240834258,61.68275940551507,9.7071974522293,2.272867615743906,67.2581444827699,29.3342196293346,84.9487611684942,17.4,1.62055085263547
BOL,2013,26.0957496962253,3.261772454179734,2870.02377000756,7.962075590951969,63.39464771603314,9.86117234376442,2.2886050605085315,67.6697055519889,28.5181929044884,81.2309075267174,16.0,1.69450194184791
BOL,2014,26.9415449050283,3.293669515478611,3041.43503162408,8.020084732896116,64.32175912283337,10.0146662974245,2.3040506482855143,68.037425413,27.6254998805738,85.2644695625131,15.0,1.7940087500212
BOL,2015,27.4574711709407,3.3126383047277304,2996.01289811344,8.005037649739139,64.08062777374111,10.1677328533186,2.3192192602649193,68.3958051297665,25.2024162838659,67.9328451905248,14.2,1.81142391012742
BOL,2016,28.0546140290721,3.334153111456261,3035.87347732132,8.018254463510543,64.29240464160674,10.3203360103388,2.334116318664736,68.7446327876947,25.3263589797711,56.4010345026573,13.6,1.91061375561046
BOL,2017,26.5418633872389,3.278723236960854,4048.40119739839,8.306077316085474,68.99092038078967,10.4722486845749,2.348728775897717,69.0838016274736,30.1846229804293,45.5761123650708,14.3,1.92014923064189
BOL,2018,25.1667590386614,3.22552403799052,4206.8552936661,8.344470686437525,69.63019103681513,10.6234357980246,2.363062484963249,69.4133879813999,30.385489117214,46.9261953417368,14.3,1.90865464156169
BOL,2019,24.4849924422413,3.198060376485305,4203.15492855788,8.34359069574804,69.61550569817325,10.7739185821102,2.3771282673437852,69.7334986708387,30.4627271604529,45.8209732749024,13.5,1.88492609189688
BRA,2000,15.5723815602196,2.745498932416139,3766.54786339835,8.2339141748442,67.79734263870024,20.8202162203552,3.0359244483564893,81.1484365423806,23.0066186293679,22.6397613589755,42.7,2.00787868943563
BRA,2001,15.5528127146329,2.7442415042380333,3176.28975052524,8.063469049479396,65.01953311191215,21.0933536648106,3.0489579986724897,81.5960450621957,22.6395279128549,26.936285024943,41.3,1.9928207750233
BRA,2002,15.5176007943732,2.7419749148137003,2855.94017137049,7.957156374840366,63.31633757366268,21.3568430296693,3.061372204932302,81.9943491502673,22.4953278210778,27.6183574077173,42.9,1.96879630651915
BRA,2003,15.4707715670693,2.738952538394216,3090.6068907839,8.03612275539133,64.57926893971835,21.610392742883,3.073174344480579,82.3540335841671,23.0838178183236,28.1403847215489,45.1,1.91839410561756
BRA,2004,15.4163508003501,2.7354286864544903,3663.82262497811,8.20626231440881,67.34274117288625,21.8559563491399,3.0844734861837817,82.6816824814559,24.3066232905778,29.6782524803495,45.2,1.99978275095698
BRA,2005,15.3583642618445,2.731660228679206,4827.78165890291,8.482142357272442,71.94673896903531,22.0967943824822,3.09543254743644,82.9838799596945,24.1725782850314,27.0867952052479,46.1,1.99935674253319
BRA,2006,15.2503863469125,2.724604836956285,5934.14561857454,8.688478340248787,75.48965586897232,22.3318951345634,3.1060159316894356,83.2672101364439,23.5440216718081,26.0416998879446,46.7,2.00204169117872
BRA,2007,15.0873086360928,2.7138539027371014,7409.69003822861,8.910543887216658,79.39779236601414,22.5591243984906,3.1161396137530044,83.5382571292649,23.125380408552,25.2926113757805,47.2,2.08496718576573
BRA,2008,14.9351326747822,2.7037163351091777,8908.33338467948,9.094742452988969,82.71434028619981,22.7762758221327,3.125719460111958,83.8036050557184,23.0852937521799,27.2575694165953,47.0,2.16839391882541
BRA,2009,14.8598600083774,2.6986636185438515,8678.6584730653,9.068622241915406,82.23990936656281,22.9811837322658,3.1346757825067275,84.0698380333651,21.8785926263801,22.1059756060711,48.9,2.00746250710986
BRA,2010,14.9274921822751,2.703204625725934,11403.2840038694,9.341656663413103,87.26654921709041,23.175243415401,3.143084614758183,84.343846036308,23.2679773548596,22.7721781132208,46.8,2.27112813109879
BRA,2011,15.539471795948,2.743383354397093,13396.6263158041,9.502758186762945,90.30241315609017,23.3646162902273,3.1512227536005617,84.6225758599683,23.1020509677218,23.9344051765103,45.2,2.37418967936326
BRA,2012,14.6007414104339,2.6810723089615207,12521.7238454434,9.435220322511793,89.02338253433953,23.555014752086,3.159338738434381,84.8973874181312,22.1336473645034,25.1142736103322,43.5,2.52901988702936
BRA,2013,13.8897320409453,2.631149865071551,12458.8903396625,9.430189730563564,88.9284783544265,23.7467066835444,3.1674438549096124,85.1676585442726,21.2248099504522,25.7859573281452,42.3,2.63744450973958
BRA,2014,13.7916487838641,2.624063248390024,12274.9941630213,9.415319477144996,88.64824085670591,23.93895376244,3.175506996686959,85.4331367898168,20.4724627475115,24.685405813292,41.7,2.7310345760982
BRA,2015,12.4042007642389,2.518035186550536,8936.1955889444,9.097865228260668,82.77115171159453,24.1292359304821,3.1834242144228844,85.6935697061881,19.3600439809564,26.9536259372369,43.7,2.56818858918394
BRA,2016,12.1085038135727,2.493908000268421,8836.28546025694,9.08662187052076,82.5666970178262,24.3137963709629,3.1910439411278526,85.9487048448108,18.3547582770536,24.5336820770756,45.4,2.37533549789759
BRA,2017,12.2193388464901,2.5030198480645507,10080.5078722821,9.21835892451109,84.97814126111327,24.4915070817191,3.1983264077280253,86.1982897571091,18.1885023085758,24.3197343741684,45.3,2.41694955353585
BRA,2018,12.2516401526844,2.505659818043321,9300.66072904004,9.137840722751028,83.50013307436703,24.659465024515,3.205160803442282,86.4420719945072,18.7490514527988,28.876203376153,46.9,2.28562350357953
BRA,2019,12.3488400923542,2.5135621390158267,9029.83304401079,9.108289157204757,82.96093137125374,24.8207686159839,3.211680746903095,86.6797991084296,18.7546275724707,28.8902578697354,47.5,2.25869881785082
BRB,2000,23.2213661568837,3.145072809891456,11674.6736471764,9.365177129013759,87.70654265780239,609.448837209302,6.412555003165497,62.5379397803044,15.3064226180748,,11.9,2.24373528502688
BRB,2001,22.9799910517907,3.1346238830293545,11639.5160522054,9.362161144150098,87.65006128903389,610.290697674419,6.413935397216391,62.3048911059175,14.6914388606973,,10.8,2.15261503286653
BRB,2002,22.4722090377571,3.1122793919016605,11760.4524736133,9.372497696359838,87.84371306827047,614.297674418605,6.4204796224205785,61.965577912278,14.4197650088524,,9.8,2.29454699638082
BRB,2003,21.8668760588038,3.0849729830960153,12075.9587020649,9.39897187098525,88.34067223157196,618.083720930233,6.426623919043251,61.5543861265895,15.7049384639352,,8.6,2.39750767563663
BRB,2004,21.3328480589514,3.0602480471961866,12886.3665272467,9.463925173128207,89.56587968256976,621.623255813954,6.432334211181707,61.101971231796,15.0878211641748,,8.7,2.35953879191015
BRB,2005,21.0389809822209,3.046376954292673,14214.4202213572,9.562012236855647,91.43207801777714,624.897674418605,6.437587915402435,60.6389887108416,14.9456735174761,,8.7,2.40299807224253
BRB,2006,20.9890500409602,3.044000875112345,15619.6005955511,9.656281852999607,93.24377922456952,627.911627906977,6.4423994366728765,60.1960940466703,16.2232839435553,,8.8,2.58479566818024
BRB,2007,21.0340484119677,3.0461424777005743,17235.4396434785,9.754722987385618,95.1546205606294,630.902325581395,6.447151057503105,59.803942722226,14.723406023603,,8.6,2.47559788859072
BRB,2008,21.1136589859394,3.049920176349614,17565.6929970592,9.773703017212826,95.5252706686751,634.218604651163,6.452393697295478,59.4931902204528,15.1245152189883,,7.6,2.90450801939028
BRB,2009,21.1675646535713,3.052470040908811,16294.9099491834,9.698608064971237,94.06299839792513,637.495348837209,6.457546981064333,59.2944920242948,15.4080285848763,,8.5,2.91365554878649
BRB,2010,21.1354483055595,3.0509516453177805,20610.5150721363,9.933556664942255,98.6755480156187,640.1,6.461624414147958,59.2366008990356,13.2789225969081,,8.2,2.98063892633055
BRB,2011,20.745049418333,3.032307635962423,20508.1498810382,9.928577641294975,98.57665397922248,642.183720930233,6.46487443242449,59.236693205614,14.1706839010436,,4.1,2.45854442871163
BRB,2012,21.1846141376653,3.0532751699719007,20804.1150004694,9.942906082683367,98.86138136906189,644.041860465116,6.467763724714128,59.2372151062924,13.4540784004027,,3.8,2.32398587409456
BRB,2013,21.7944467458479,3.0816552009152125,20410.2065438568,9.923790375490894,98.4816154166857,645.732558139535,6.470385421374287,59.2385370835674,13.7863495200452,,3.1,2.63158842490051
BRB,2014,22.3938111163809,3.108784631238752,20192.7084081797,9.913076848331889,98.26909260093369,647.320930232558,6.472842199699741,59.2410313429534,13.7076112870512,,3.0,2.39628091453864
BRB,2015,24.1787536225197,3.185474298056615,20424.2087530019,9.92447617983471,98.49522744410655,648.813953488372,6.475146009179637,59.2450700899645,13.6105578126234,,3.0,2.57894548191691
BRB,2016,24.4150757393389,3.1952007996730103,20295.5672072046,9.918157777007837,98.36985368962104,650.227906976744,6.477322927552778,59.2510255301153,13.317238219434,,2.8,2.76396826872867
BRB,2017,23.2878109296981,3.1479300876237835,20284.5762052461,9.917616083395986,98.35910877763473,651.560465116279,6.479370201339415,59.25926986892,13.6200874515014,,4.3,2.43387074322467
BRB,2018,23.2651852221243,3.146958046671509,21381.2426303209,9.97026930404633,99.40626999520848,652.816279069767,6.481295740639469,59.270175311893,12.7833454127409,,4.9,2.77224618914114
BRB,2019,23.3255430894091,3.149549030038302,21912.1501242857,9.994796562155557,99.89595831887654,653.96976744186,6.483061123235571,59.2841140645486,12.5530481916957,,3.4,3.08882780300633
BRN,2000,7.15237071655279,1.9674438704977883,20130.2572346624,9.909979297223945,98.2076896714072,61.9400379506641,4.126166787245291,71.2246805488418,66.2665822504809,87.0553329877697,0.0,18.6101512143715
BRN,2001,7.14419998443377,1.9663008365241847,18287.8272281914,9.813990938712593,96.31441814513288,63.253320683112,4.1471476271482715,71.657883335906,62.7475892350944,91.0997876196857,0.0,17.5847845325414
BRN,2002,7.16359869799834,1.9690124661580075,18621.2922577525,9.832060950020757,96.66942252492308,64.5349146110057,4.1672063891438835,72.1021556496525,63.0811813132522,93.2161814722477,0.0,16.3425943622298
BRN,2003,7.18894518991816,1.9725444558132825,20677.9001143188,9.93682078160585,98.74040724575389,65.7755218216319,4.1862477603290476,72.577635652792,66.4844984729556,89.085616098756,0.0,18.6157276920813
BRN,2004,7.19861779286489,1.9738890343795839,24423.0946995548,10.10328446770887,102.07635703544729,66.9660341555977,4.204185537945372,73.0675067339261,70.1910452305488,84.8821666638192,0.0,17.7642521768945
BRN,2005,7.17099483951018,1.9700443952669588,29386.2703822862,10.28828285045142,105.8487640108928,68.1055028462998,4.2210580152697394,73.552870858133,73.153005169136,81.6201140155232,0.0,16.7426361599929
BRN,2006,7.04449810766191,1.9522469018848414,34674.7995236452,10.45376846358435,109.2812750902307,69.1960151802657,4.236943276865389,74.0148299904911,74.9262615378504,81.5709547429689,0.0,23.6259231125724
BRN,2007,6.82039311579094,1.9199171118057317,36217.3290706015,10.49729298687962,110.19316005239205,70.3743833017078,4.253829323390664,74.4344860960786,73.3951062711011,81.0114146368958,0.0,22.0679316100121
BRN,2008,6.57132380756337,1.8827153049793883,42156.5685838672,10.64914578957714,113.40430604766854,71.6874762808349,4.2723160640206235,74.7929411399737,76.4320816379343,89.7454253523344,0.0,23.5785205125558
BRN,2009,6.36993412664528,1.8515891283446173,30946.4673773828,10.340014131933785,106.91589224859038,73.0459203036053,4.291088288637224,75.0712970872547,67.2954813573315,90.2870882587894,0.0,20.8361042415678
BRN,2010,6.28886801670278,1.8387810889685592,34937.5555357155,10.461317619469444,109.43916633542183,74.4462998102467,4.310078057562433,75.2506559029998,68.6533507031802,95.3715460226132,0.0,18.8093247555642
BRN,2011,7.22534325195967,1.9775947417917363,46382.8274255349,10.744684571123353,115.44824653293622,75.7853889943074,4.327905516737207,75.312125504778,73.6724144504971,99.5379309038179,0.0,19.6830658831365
BRN,2012,7.64174071359111,2.0336254193194385,46968.5971164922,10.757234510925263,115.71809432304148,76.9557874762808,4.343231068324539,75.2714233503027,72.655614353873,105.640902140819,0.0,18.7948919633985
BRN,2013,7.81045226819353,2.0554628710345484,44003.0644273461,10.692014556551271,114.31917527750427,78.026944971537,4.357054215389086,75.1756915148608,70.022444095261,110.939599584216,0.0,18.9425148710366
BRN,2014,8.03840256929202,2.0842303780388733,41026.5084247957,10.621973683711252,112.82632493745437,79.0796963946869,4.370456159077633,75.0572639801502,67.8496307805484,102.421000963035,0.0,19.4524295140972
BRN,2015,7.76801290951484,2.0500143928716335,30625.1287744656,10.329576152718698,106.70014349481481,80.1161290322581,4.383477195005592,74.9484620568562,61.3627773605269,89.8961882533585,0.0,17.4445539207791
BRN,2016,7.70809372713425,2.0422709101998113,26663.2972950602,10.191043265569652,103.85736284071255,81.1316888045541,4.396073622220818,74.8816070556641,57.2893638536308,87.319801332806,0.0,18.4753627527107
BRN,2017,7.23064895379441,1.9783287906204106,28024.3824580252,10.24083021230151,104.8746034371874,82.1199240986717,4.408180667876946,74.8476440654983,59.7205889692852,85.1768604269985,0.0,18.188792250885
BRN,2018,7.49485587718805,2.014216902175288,30988.1190267227,10.341359152802978,106.94370912726193,83.0759013282732,4.419754663754756,74.8172471714305,63.2448184042319,93.8980617666778,0.0,18.3419748292638
BRN,2019,7.94585811311948,2.0726508008422777,30426.5730656528,10.32307161958089,106.56580766299642,84.0,4.430816798843313,74.7923311783673,62.5153210994416,108.509658357959,0.0,17.1760639739767
BTN,2000,32.573840359233,3.483509523274652,771.924911410619,6.648887280282077,44.20770206589679,14.9965577889447,2.707820694030457,27.5915239884015,33.3183174679356,74.0264971104432,91.4,0.679217843960842
BTN,2001,32.9160069856681,3.4939590739705704,812.238210772056,6.699793660158934,44.88723508870585,15.3465829145729,2.7308928378231285,28.282501830034,35.4249844481953,71.0945747295588,90.2,0.719064037957151
BTN,2002,33.3441824485286,3.5068833178208445,895.799489930972,6.797716604372471,46.208951033361195,15.6886683417085,2.752938690084288,28.9630875013322,35.7295816748361,70.2833172005966,89.7,0.764562970745137
BTN,2003,33.751263035198,3.519017839883432,1022.38240311018,6.929890872119696,48.02338749948788,16.0216834170854,2.7739430183345326,29.6328608739429,36.1445809474928,72.8499006593611,89.7,0.777840332589471
BTN,2004,34.0301450330599,3.5272467504214493,1130.35934606796,7.030290866523272,49.424989667920535,17.0670304588504,2.8371485590984364,30.2914018195132,34.5745128686706,89.0605518004294,90.9,0.770124695639342
BTN,2005,34.0737247294978,3.5285265514823307,1299.94938578359,7.170080608679057,51.41005593495544,17.3640370438387,2.8544012308051876,30.9379917831613,34.0427943524964,97.7434135429344,88.7,0.82025790757934
BTN,2006,33.1496223788183,3.501031325279458,1405.6071618158,7.248224632061814,52.53676031682762,17.5984206522024,2.8678091623473017,31.5664945864425,35.6000595350092,108.157794891125,91.6,0.847645867092825
BTN,2007,31.1047418968965,3.437360280131447,1850.41570433398,7.5231655978753675,56.59802061305544,17.8041556260986,2.8794318921903654,32.1738216649326,41.6218746913227,106.929022415,92.0,0.850670678606214
BTN,2008,28.700905063469,3.356928657580857,1919.59774896395,7.559870937324489,57.15164858900345,18.0064275782459,2.8907287818358602,32.76371954591,40.8156244643724,101.954235669521,87.8,0.844611576292597
BTN,2009,26.6999336582723,3.2846610806942143,1918.39599211093,7.559244695087857,57.142180360213914,18.2067843744261,2.9017942924476947,33.3396804958817,39.4589101877082,101.559411565244,87.8,1.1543427263872
BTN,2010,25.8636494610431,3.2528384871702563,2435.5798056672,7.797940120382588,60.80787012107241,18.407324815699,2.9127486732087386,33.9051967813552,39.32493053906,105.010666693593,84.8,1.28984994983125
BTN,2011,30.4700767007183,3.416745110248086,2787.97967608562,7.933072482071068,62.93363900579321,18.6105149933101,2.92372674320572,34.4637606688377,37.4178826768856,102.795600221106,84.9,1.55939648452092
BTN,2012,38.1315714688966,3.641042586471483,2751.2128864294,7.919797143037517,62.72318678686521,18.8178240680012,2.9348045094071264,35.0188644248365,38.2126912443455,94.0450271469571,82.8,1.47097572910959
BTN,2013,37.4162437152675,3.6221049340667797,2679.95217201538,7.893554227082738,62.30819833589577,19.0275467639111,2.945887758857669,35.5740003158589,38.8444853647316,95.0525382780424,81.7,1.52604605438228
BTN,2014,40.2981530542455,3.696305637982948,2849.49998647303,7.954898814527916,63.280415149377646,19.2339113781252,2.9566749387162563,36.1326606084122,37.6449550742574,87.9342562013295,82.1,1.54036274158106
BTN,2015,37.4856911286561,3.623959290257542,2954.04081911097,7.990929281246013,63.85495077787492,19.4301230422121,2.966824595958701,36.6983375690037,38.4680946453953,89.6391604595496,81.6,1.76825299952202
BTN,2016,36.9416122831151,3.609338619815254,3152.30905106786,8.055890495367917,64.89737167335915,19.6063863255034,2.9758553460982964,37.2745234641407,38.448996403302,76.3847528498375,80.8,1.90461927671535
BTN,2017,33.8115150358203,3.5208014260033416,3435.28804735662,8.141856057721942,66.28982006466347,19.7759804949664,2.984468094976574,37.8645544995016,39.0388793784971,76.7884016850221,79.7,1.95350871960071
BTN,2018,34.0838819368766,3.528824602072743,3400.20417245342,8.131590759522874,66.12276828035779,19.920267435763,2.9917376775564417,38.4661892776975,35.2652134391702,79.7397203296083,80.0,2.30402009058136
BTN,2019,30.051897764158,3.4029258125364663,3576.87987100503,8.182246154967096,66.94915214047383,20.0530676455165,2.99838214182569,39.0746823405146,33.0939030506784,76.1235167041505,81.0,2.36171982050772
BWA,2000,19.7205372229834,2.981660591348215,3450.81180622992,8.146364788498854,66.36325926729398,2.95975508619625,1.0851065237628157,53.2047727398794,46.3005302919992,91.924729689918,38.5,2.44404673473305
BWA,2001,19.8390729796528,2.9876533759492014,3206.07123689853,8.072801552791178,65.17012491074766,3.02128703262577,1.1056829103458778,54.0489894446035,44.7677938245925,87.5250655680957,37.5,2.31028807641857
BWA,2002,19.9863544347096,2.995049762431734,3117.25087183011,8.044706761555895,64.71730687942315,3.07864944506202,1.1244910089568327,55.0142988603802,43.9650990818224,91.8357740585774,36.1,2.39310439297486
BWA,2003,20.1595337663207,3.0036773162651422,4230.12326909926,8.349986413246745,69.72227310140524,3.13330157217723,1.1420872640172914,56.0979233496432,39.6164131871252,85.8340425151264,36.2,2.32883716948916
BWA,2004,20.3557631526527,3.0133640733991545,4956.69287735214,8.508494038738245,72.39447080724426,3.18872478958234,1.1596210843924046,57.2582489329358,38.8219550208892,90.9978228872631,34.3,2.24298424145033
BWA,2005,20.5721947718722,3.023940395681976,5391.07076619634,8.59249930209457,73.83104425649567,3.24647892294391,1.1775710007056592,58.4535554684584,42.8549522076655,88.5053520573505,33.0,2.38640952628899
BWA,2006,20.8504779384467,3.037376870689365,5291.58379144849,8.573872873511588,73.51129605113786,3.30759973885272,1.196222771912165,59.6421228144112,46.6243434434334,86.612433913524,31.8,2.21315795650717
BWA,2007,21.2070575460146,3.0543340293919163,5529.12574632532,8.617784989129651,74.26621811886835,3.37233073950558,1.2156041194060685,60.7822308289942,45.484421235941,98.4965249407252,29.0,2.3141992914403
BWA,2008,21.6012791414985,3.0727525324505325,5503.07395314313,8.613062115665286,74.18483900830859,3.44073897623207,1.2356862669871933,61.8321593704079,41.10966210137,99.008222007989,27.8,2.31254839818048
BWA,2009,21.9924882718209,3.0907009528637,5082.93388332404,8.533643909950156,72.82307838182938,3.51255977273128,1.2563450516627694,62.7501882968523,32.9148698460083,88.4807886337378,28.9,2.0736203284015
BWA,2010,22.3400304839044,3.1063801581837405,6215.73216077919,8.734838802441404,76.29740890463597,3.58744199177739,1.2774394114156076,63.4945974665277,37.2789379627304,94.6390020873926,29.9,1.66355894980648
BWA,2011,22.6768520526251,3.1213446708410273,7287.38295334919,8.893899769239773,79.1014531052833,3.65877049035696,1.2971271593791573,64.0187810722889,41.4322152540452,98.9614677801469,28.9,1.93548698237551
BWA,2012,22.702553769979,3.1224774190397397,6595.53845015424,8.79414870702776,77.33705148131803,3.72067298360771,1.313904561494857,64.3993247826904,37.5753342991212,111.875280620952,27.8,1.67156956431633
BWA,2013,21.2341334801046,3.0556099567214114,6666.91219583487,8.804912092565065,77.52647695779851,3.77725195419335,1.3289967489964325,64.7579735458393,39.106229887551,125.78303991122,26.7,2.57945832216088
BWA,2014,21.1021511668115,3.0493749863190875,7122.36423421503,8.870995004655118,78.69455237261606,3.83259047518219,1.3435409388386572,65.0965122400825,41.7777034040156,119.497541791464,25.8,3.29095543184208
BWA,2015,22.0461450923733,3.093137760866346,6141.20394726616,8.722776084536143,76.08682262095569,3.88769431651757,1.3578162612124343,65.4103584313295,37.5439994873569,112.900891016005,26.1,3.21839372606118
BWA,2016,21.2522533064009,3.0564629276970776,6749.05994339013,8.81715850652203,77.74228412913381,3.94328163322923,1.3720132784744208,65.6949296854899,40.3451621913098,100.464689766026,26.7,3.02151088073257
BWA,2017,19.9663232166838,2.9940470151375957,7104.96401088027,8.868548975195399,78.65116092543936,3.99969473999965,1.3862180432076654,65.9456435684731,37.1010050249191,81.9239513763494,26.7,3.28258954351765
BWA,2018,19.9110410814922,2.9912744060858687,7407.95940141786,8.910310295940839,79.39362956994933,4.05685423393856,1.4004078540591252,66.1579176461888,34.8003276690785,87.4551039946493,25.6,3.57037693642974
BWA,2019,19.2035484352255,2.955095076292332,7172.08956480028,8.877952322767555,78.81803744533383,4.11498067863004,1.4146341387668655,66.3271694845464,31.947105419301,83.0929813601175,26.2,3.14825844534693
CAF,2000,34.1089018072999,3.5295584002892766,239.154133726071,5.47710825505353,29.99871483757552,6.15335323766413,1.8169971751246794,37.7014879765364,,45.6597819937269,88.9,0.0668855141210868
CAF,2001,33.9305726911431,3.5243164572609205,237.951702544735,5.472067722593991,29.943525160654985,6.29151337121577,1.8392016413302736,37.7560236207831,,39.7304997372329,88.9,0.0697029993976253
CAF,2002,33.5016255789717,3.511593962399157,248.639290978403,5.51600321557613,30.426291474246206,6.43050659732255,1.8610533216658698,37.8169752995511,,36.1085647794782,89.2,0.069694117212425
CAF,2003,32.9894439959945,3.4961876313850513,278.403992150941,5.629073267980086,31.686465856288006,6.58622427686282,1.884980236952076,37.8863171931924,,36.2312260023474,90.2,0.0644393025152288
CAF,2004,32.5614114674204,3.4831278899312657,303.461321152782,5.71525415971835,32.66413011017791,6.73027384506726,1.9066158330319716,37.9626889392062,,33.2439549188203,90.6,0.0611282223493176
CAF,2005,32.3849115184584,3.477692620454474,311.950023138687,5.742842992731138,32.98024563916113,6.88434620694083,1.9292501686217338,38.0448510426866,,35.0709368656226,91.0,0.0588974564039908
CAF,2006,32.4290832518178,3.479055651397241,333.942519903031,5.810968882067758,33.76735934835981,7.02683713762882,1.9497366952841304,38.134433681123,,36.3958702287378,90.8,0.0611753665667713
CAF,2007,32.5465341868411,3.4826708863907996,380.887048839475,5.942502871434915,35.3133403770122,7.16358470576905,1.9690105129158528,38.2343339436079,,37.5808990187896,90.9,0.0600972042027709
CAF,2008,32.7298504736865,3.488287520023781,437.24827472489,6.080501168150252,36.97249445587658,7.31802626087515,1.9903406551222993,38.3474489192338,,34.4375218095517,93.6,0.0439790970970725
CAF,2009,32.9716182625124,3.495647138757865,456.471673898404,6.1235266475038985,37.49757860269033,7.26997174869177,1.9837524055257412,38.476675697093,24.5736807244034,31.4942464896799,93.9,0.0431878936120557
CAF,2010,33.2644237034772,3.5044884686330553,476.873786950728,6.167251858288651,38.03499548356482,7.21210151208707,1.9757603806839248,38.6244963104203,24.5099241422375,34.4304819543042,93.8,0.044491480627065
CAF,2011,34.7387675481675,3.5478562837348204,534.057281471636,6.2805031018807975,39.44471921273432,7.32771678063501,1.991663977694128,38.8030669465007,26.6383554299084,34.4756183327299,93.3,0.0476449067813708
CAF,2012,36.1271180308768,3.5870437753263955,544.395849142785,6.299676646102367,39.68592584544757,7.40127772962214,2.0016526514701916,39.0301696038517,27.5230753744847,33.0594485943314,93.1,0.047952133750668
CAF,2013,33.6642337758094,3.5164359614771055,364.36696260838,5.898161498839876,34.788309066397055,7.45195511894443,2.008476430035273,39.3042963482777,24.1910676004515,38.3992875721315,95.1,0.0320522555159282
CAF,2014,31.9156244391296,3.4630956842107903,409.8504859647,6.015792424811891,36.189758498424126,7.42107611801342,2.0043240760454073,39.6226521868738,19.4826086120024,53.0950920179825,94.8,0.0349759105308854
CAF,2015,38.5999376665904,3.6532506616143103,366.322853938121,5.903515059151974,34.85149005363413,7.430928761758,2.0056508525001244,39.9824421267351,22.1252513485047,53.1451477769621,92.9,0.0504177719405874
CAF,2016,34.4108147859314,3.5383708982832336,387.176203444318,5.958879895467099,35.508249608601986,7.56631513050178,2.023706176216023,40.3808711749566,21.6382374370791,50.53064402191,92.1,0.0533555326292949
CAF,2017,33.885383156685,3.5229837460845714,432.324025684263,6.0691753665444095,36.834889629869465,7.6944861793316,2.040503991745174,40.8151443386334,20.7372245546503,57.1435457117119,91.6,0.0552204845258517
CAF,2018,31.9740977574518,3.4649261299425365,455.243962859534,6.120833457365551,37.464602212805524,7.83116151401329,2.0581108405099195,41.2824666248606,20.5557559569889,49.6602000024318,91.4,0.0601599989505309
CAF,2019,34.9143760112605,3.5528986644860145,449.228467602439,6.107531594859889,37.30194218221178,7.93717775851552,2.0715577660423397,41.7800430407332,20.5119712162628,50.0658000014868,91.3,0.0611563525655636
CAN,2000,9.79565640755295,2.281939063704774,24271.0020563821,10.097037585729147,101.95016800762708,3.42261133957721,1.23040380930281,78.6292995508947,29.5000375204667,82.7653578503214,20.3,17.6990281801997
CAN,2001,9.76086476457905,2.2783809994281747,23822.096210932,10.078368841175534,101.57351849877787,3.45999036315513,1.2412658038504738,78.8414764949736,28.4475354619999,78.3442183943698,19.8,17.2263337035681
CAN,2002,9.72810868247048,2.275019497290359,24256.0192337185,10.096420081388622,101.93769845986743,3.497728426127,1.252113736683425,79.0990234802234,27.5731410327833,75.7070320779233,20.1,17.6683722055528
CAN,2003,9.69060887185911,2.271157259001814,28301.8645937428,10.250682968165588,105.07650131384007,3.529322777419,1.2611060047834133,79.391380674239,27.9074104477255,69.8400946170607,19.7,18.1301542885681
CAN,2004,9.64158604337681,2.2660856224105648,32145.5412620217,10.378029034574382,107.70348664246889,3.56237648609852,1.2704278744248945,79.6923063348315,28.3911197223378,70.1924199909562,20.4,17.5256514747091
CAN,2005,9.57426090765544,2.259078342286425,36383.6600068095,10.501875051926827,110.2893796062831,3.59627553791775,1.2798987371215975,79.9760615882965,29.2129915241778,69.7591330167357,21.6,18.0601166179094
CAN,2006,9.40182085213359,2.2409033781908354,40504.0370977806,10.609156929553448,112.55421075589194,3.63291127522004,1.2900343310360944,80.219066099279,28.8475544811015,68.0521644769988,21.5,17.6443460330114
CAN,2007,9.08026235211045,2.2061030856000303,44660.0838892281,10.706835403789789,114.63632436384646,3.66834597611535,1.2997408727692603,80.4425615136782,28.6859019053535,66.2834197482347,21.6,18.0804998989628
CAN,2008,8.66701975000882,2.1595249889091384,46710.2526864484,10.75171896316785,115.59946066294314,3.70832237476842,1.3105795842611996,80.6628944916604,29.3420195046589,67.0236083618983,21.6,17.3072079421311
CAN,2009,8.21952738825148,2.1065127120686324,40874.8831932903,10.618271050538965,112.74768010271386,3.75101571675707,1.3220266611088527,80.8591838893921,25.0760182112778,58.4743918224897,22.2,16.140062037934
CAN,2010,7.79521960926122,2.0535106752060504,47560.6666009406,10.769761366706087,115.98775989579495,3.79293521117963,1.333140181406021,81.0120892252937,26.3511331619895,60.2081215044483,21.4,16.5297747432196
CAN,2011,7.37287638245787,1.9978079126195516,52223.8588398531,10.8632947353455,118.01117250698525,3.83011279793076,1.3428942539157342,81.1031425434213,27.1393405983891,62.4987387708328,21.5,16.7674945217889
CAN,2012,7.58558915249491,2.026250283151895,52670.3447335415,10.871807857615337,118.19620609290659,3.8718472515473,1.3537317191390972,81.1513483248791,26.6346687974256,62.5955489395005,21.8,16.3390529794046
CAN,2013,7.26096632331949,1.982512922364973,52638.1187235237,10.871195826825678,118.18289870519204,3.91284812265562,1.3642655289446302,81.183439957458,26.6132351758366,62.2310749013405,22.2,16.396768369606
CAN,2014,7.38092988336422,1.998899631130847,50960.8431174661,10.838812834800432,117.47986366783458,3.9522291338328,1.3742797574135965,81.211183161556,27.1379424601872,64.3786621564923,22.2,16.3774543965685
CAN,2015,7.11576183142395,1.9623122997977112,43594.1941045394,10.682679257730259,114.11963612354032,3.98239245827659,1.3818827588659859,81.2465670276699,24.4156825468916,66.1649020669781,22.3,16.0870291468599
CAN,2016,6.40675155079521,1.8573523641299503,42314.0615817218,10.652874734893194,113.48374011732574,4.02771072511681,1.3931981562686866,81.3023011093703,23.2953005455848,65.3636845215556,22.1,15.8982424179268
CAN,2017,7.04492025305158,1.9523068256345644,45129.628116623,10.717294252517275,114.86039609503983,4.07614836279598,1.4051525138138414,81.4018945832226,24.0278028870792,65.1010608504649,22.8,16.196245321702
CAN,2018,7.09175111254794,1.958932293482773,46539.1761570405,10.748049734874089,115.52057310332697,4.13498944297029,1.4194847753817763,81.5500341646653,24.6223059554353,66.5998858508762,22.3,16.5238820455635
CAN,2019,6.22680169266749,1.8288628290153732,46352.8693445211,10.744038475108562,115.43436275461312,4.19587500655283,1.4341019013755893,81.7363672047941,24.0774078769413,66.1714852804959,22.4,16.190860373335
CHE,2000,16.3078475386111,2.7916464360422673,38865.021939688,10.567849946174336,111.67945248485692,181.771231711013,5.202748927808315,73.302430524727,25.4681959795745,97.9368562124093,18.2,6.23089396944705
CHE,2001,15.9380919403534,2.7687119635844293,39638.7911061864,10.587563491162197,112.09650067939064,182.930725796739,5.209107533615404,73.3762992611964,26.2442578876909,96.0398378851633,18.7,6.38860757077529
CHE,2002,15.5090403870949,2.741423104680889,42458.7384679187,10.656288023744708,113.55647444500488,184.325482117304,5.216703119455118,73.4195324136588,26.4339765068788,91.7818508640225,18.2,6.11934268739105
CHE,2003,15.0665117216973,2.7124745141590516,49335.7456291067,10.806404160769977,116.77837088590668,185.703856614881,5.224153236128367,73.4518762174754,26.006421378464,90.3354961093127,18.0,6.24858887469834
CHE,2004,14.6563247870221,2.6848719683727817,54659.4571488233,10.908877528017142,119.00360892127738,186.990617655533,5.231058442630817,73.4761317507392,25.5515101091518,95.5170944588529,18.1,6.27946614341052
CHE,2005,14.3242984259311,2.6619572858992724,56242.8933645639,10.937434971899542,119.62748376453114,188.198156410317,5.2374954311963755,73.4951000915434,25.8270742413749,102.261172141836,18.7,6.32417274709346
CHE,2006,14.0354502149848,2.6415862873175118,59011.0324592016,10.985479696241175,120.68076415652709,189.388794405946,5.243802015358372,73.5115823179813,26.0027931872877,106.245154784945,18.1,6.22760703127526
CHE,2007,13.7482163874631,2.620909098423156,64989.1553256031,11.081975693813675,122.81018527827707,191.094854564163,5.2527699255261355,73.5283795081459,25.9309450770322,113.331857768509,19.3,5.90856955335217
CHE,2008,13.4985437713066,2.6025818108340237,74175.1927898555,11.214185044277391,125.75794620729471,193.541360670795,5.2654912398651765,73.5482927401305,25.9463011401392,116.778000147488,19.6,6.01237631044729
CHE,2009,13.3223791944562,2.589445267364329,71568.3123885672,11.17840769058272,124.9567984968789,195.977767173332,5.278001220007409,73.5741230920283,24.7427872310642,109.775984598968,20.0,5.76174764144517
CHE,2010,13.2556694848526,2.5844253465645246,76531.3729407691,11.245456039545951,126.46028153736052,198.032658685794,5.288431959950503,73.6086716419323,24.6945258729978,120.065123269341,20.6,5.92014552501505
CHE,2011,13.864731836329,2.6293483378297813,90476.7589651577,11.412848289692617,130.25310608353968,200.249864435738,5.299565908973149,73.65058748615,25.031526472453,125.556273159907,20.6,5.34446068056738
CHE,2012,12.6827485821719,2.540242690674421,85836.2076767359,11.360196197353076,129.0540576423553,202.390548012367,5.310199236779211,73.7522629583622,24.603891133013,126.453860464505,21.9,5.45216429296445
CHE,2013,12.4432960759198,2.521182010087262,87304.3305813557,11.377155346340276,129.4396637747591,204.734336607627,5.3217132197220485,74.1121384785551,24.7022127251447,133.693708414477,21.8,5.51425294455201
CHE,2014,10.6156284957703,2.3623273016709954,88724.9909402638,11.393296875404394,129.80721369109952,207.250751433234,5.333929419742168,74.7402679059582,24.323915072693,120.213423375239,22.2,4.9941693678652
CHE,2015,11.7226082380351,2.461519305296631,83806.4476003837,11.336265223849127,128.5109092254511,209.626620751132,5.345327951782569,75.6044960143169,24.2011258209806,117.138482218872,23.9,4.85628796304837
CHE,2016,10.6566460014216,2.3661837352170494,82153.0745447889,11.316339548751554,128.05954078263852,211.931572125581,5.356263449577056,76.6726675773771,24.0899792080479,123.565924513577,24.1,4.87123534246438
CHE,2017,9.91481464472654,2.2940300673670153,82254.3769269767,11.317571882129405,128.08743330716612,213.918480127503,5.36559500846444,77.9126273688843,24.2176943229599,123.621807602301,25.0,4.71119898152355
CHE,2018,10.1481592849367,2.3172923378039085,85217.3691512274,11.35296055531743,128.88971337059346,215.500094533915,5.372961348216165,79.2922201625844,24.4239571771375,124.428504325808,24.2,4.52389143055195
CHE,2019,9.45001875443382,2.2460167260998536,84121.9310304414,11.340022585216989,128.5961122332314,217.042781721823,5.380094484900607,80.7792907322229,24.7211591296094,124.127612180467,24.8,4.47745146514166
CHL,2000,28.0634138695562,3.3344667304797992,5052.99245766325,8.527735912645484,72.72227979582351,20.8513352485165,3.0374179868905276,86.2710912457813,27.8329007305146,58.7119230876973,31.4,3.47382404191017
CHL,2001,27.8750247662775,3.327731118256211,4563.5952986689,8.425866034541322,70.9952184320371,21.0937108288547,3.0489749310686354,86.4906345913002,28.4825729751045,62.1447669687645,32.1,3.29401921683893
CHL,2002,27.5666336657884,3.316606116231015,4430.84741157984,8.396346134041393,70.49862840263184,21.3278312164103,3.0600128496958447,86.6114115090282,28.5180345922146,62.4838519016295,33.1,3.29162863363271
CHL,2003,27.1654672454526,3.301946580129909,4773.40177520754,8.470814490125202,71.75469812611507,21.5522021917012,3.070478001198853,86.6792973033246,29.7153366007983,65.693419590905,31.6,3.37761857406592
CHL,2004,26.6987521826339,3.2846168295812896,6120.59152055344,8.719414024520908,76.0281809310119,21.7708477913526,3.0805718175912067,86.7336754490112,32.7525021838824,69.8893600532458,31.4,3.61395788630139
CHL,2005,26.193715154696,3.2655195023995844,7480.32330998636,8.920031293294633,79.56695827335552,21.9879951367258,3.0904966288198286,86.7768244484887,34.0353024141328,72.0625342380294,32.3,3.6175914799259
CHL,2006,25.4313218784945,3.235981559148514,9318.65655296121,9.139773750611525,83.53546421236746,22.2037450977228,3.100260972745932,86.8125123390851,38.684729192628,73.7116350448521,32.9,3.65616252034094
CHL,2007,24.358253457235,3.1928707431134917,10346.4138184533,9.244395247680954,85.4588434953462,22.4221432298812,3.1100490076282767,86.8445071581285,37.4665970166252,76.9770247140928,30.5,4.06392771027535
CHL,2008,23.2503096478062,3.146318450129892,10683.2188772511,9.27642946010548,86.05214352831284,22.6472942657478,3.1200403863274313,86.8765769429469,31.9839914243068,80.6766262406468,30.8,4.23564646521513
CHL,2009,22.3832902070972,3.1083147075873163,10098.8017167286,9.220172053882784,85.01157270320108,22.876931994857,3.1301290663867047,86.9124897308683,31.8892011542261,66.6860309631418,31.5,4.01098641712794
CHL,2010,22.0329948919966,3.0925410976478034,12632.8704724192,9.444057463664135,89.19022137699027,23.107901206673,3.1401746026230963,86.9560135592209,33.4669030156191,69.7176801370338,27.0,4.2093619030369
CHL,2011,22.8717891996678,3.129904238453745,14487.3927832032,9.58103408697891,91.7962141758518,23.3370130673596,3.1500406438342963,87.0109164653326,32.4417542348483,72.4816428077334,28.8,4.55717718537356
CHL,2012,21.9147180810935,3.0871584695896934,15241.9069981119,9.631803952522098,92.77164737982031,23.5620242302954,3.15963627318667,87.0824943735696,30.5583003272184,68.156142891334,30.3,4.64341271955513
CHL,2013,23.7625028118101,3.168108826144266,15683.5486369155,9.660367584428581,93.32270186627849,23.7878208335351,3.16917372001571,87.1827777654221,29.4304373078105,65.1432879523879,30.2,4.82901967693119
CHL,2014,23.0317537681692,3.13687386239519,14529.6767206336,9.58394850722071,91.85206898905807,24.0860324163393,3.1816321046955283,87.3133701497978,28.9028670653185,65.6346281218887,27.0,4.4057176939683
CHL,2015,24.2782298076617,3.1895800561059793,13433.9202987032,9.505538153004625,90.35525557822659,24.333348398175,3.191847771583172,87.4653320342387,27.8806404106495,59.3491104775309,25.1,4.67539634716479
CHL,2016,24.2218424802596,3.187254807909502,13649.8520452803,9.521483961380758,90.658656826831,24.6093854617587,3.203127893012706,87.6306290578181,26.7795650481896,56.0578610877723,24.6,4.86474105721938
CHL,2017,23.4116041349236,3.153231802646162,14879.9086227187,9.607767167421903,92.3091899433903,25.002288872834,3.2189673755906654,87.8000295757281,27.3811560671383,56.0261589675707,24.1,4.83609776199712
CHL,2018,23.0512130318909,3.137718394170356,15659.4808675628,9.658831818775825,93.29303210339631,25.4526848895971,3.236821234076439,87.9620493753008,27.8615227739821,58.177050633437,25.5,4.75406192633103
CHL,2019,22.7323927701622,3.1237909015788587,14495.716721687,9.581608486265589,91.80722118407675,25.84400416762,3.2520786269565467,88.1273685623538,27.1184422429165,57.6117545680829,25.3,4.96139546396702
CHN,2000,50.299193183916,3.9179890368958574,969.199513696287,6.87647048718439,47.28584636111792,134.492481002789,4.901508294154255,36.4320234662299,45.0738315177586,39.0109424774998,29.6,2.88907594771294
CHN,2001,50.6280489574036,3.924505749932255,1065.40597574519,6.971111203388879,48.59639141001394,135.473048750848,4.908772718328324,37.6597442626953,44.276543602601,38.0826469518334,28.4,3.00747564571294
CHN,2002,50.9679256961335,3.931196526959834,1163.55957673426,7.059239186187989,49.83285788781207,136.383779609948,4.915472820522447,39.0897827148438,43.8758028122184,42.1944423387413,27.0,3.22795454545455
CHN,2003,51.2610436241453,3.936931080154061,1306.97245408557,7.175468637721614,51.48735017092647,137.235919250104,4.921701483142052,40.5302314758301,44.9827621327146,51.0774801301803,23.9,3.70467882645141
CHN,2004,51.4496229654785,3.940603134079806,1530.92726215723,7.333628884507642,53.7821126156848,138.053436689892,4.927640832596484,41.7600135803223,45.2328326582556,58.6403340408439,20.2,4.24069749050016
CHN,2005,51.4758839441727,3.9411134250669977,1777.64496828464,7.483044715755226,55.99595821799222,138.867766063821,4.933522157053643,42.9899978637695,46.3816216984585,61.3600749408237,17.4,4.78299420120885
CHN,2006,50.9696705667541,3.9312307610537256,2129.25696999613,7.663528357467109,58.72966688570252,139.645342881819,4.939105943333995,44.3430099487305,46.8865028592172,63.5695798621627,16.4,5.28052516361306
CHN,2007,49.8862602874654,3.909745619902522,2734.72709877693,7.913786928808856,62.6280235545859,140.376588050196,4.944328725907856,45.8892440795898,46.1852362301075,61.2664640006176,14.9,5.7076324565497
CHN,2008,48.6560235019206,3.8847756139569367,3523.44302065213,8.167193921400939,66.70305654976845,141.097705219827,4.949452595224227,46.9895057678223,46.2364191302482,56.7111330003209,14.1,5.85225866357655
CHN,2009,47.7093306057335,3.8651269889482105,3898.24459158811,8.268281626069204,68.36448104799359,141.801244134798,4.954426387929763,48.3417053222656,45.1788587231356,44.4197644331119,13.4,6.24909018523805
CHN,2010,47.4765519945183,3.860235946938495,4629.24551710077,8.440149178531815,71.23611815587127,142.487743405,4.959255984816548,49.2340270628041,45.7066207106778,49.8540722338977,12.3,6.80718476794211
CHN,2011,51.34994369566,3.9386638398921745,5703.76027973346,8.64888093451629,74.80314141943938,143.268509836432,4.964720560765351,51.8300285339355,45.8002054108107,49.9458272253643,11.3,7.40185065816131
CHN,2012,48.1207251131123,3.8737129598439894,6405.0574241349,8.764843179807412,76.82247596661651,144.243669001474,4.971504015353818,53.1003112792969,44.6820698165478,47.4802130784317,11.5,7.58441651466929
CHN,2013,58.4662215596184,4.068449178235607,7147.03518622344,8.874452890423676,78.75591410434913,145.207643927049,4.978164745130724,54.4900016784668,43.3938707801605,45.9160413795571,11.5,7.89327631231478
CHN,2014,54.5688342973092,3.9994629193667017,7781.06597484974,8.95944862254895,80.27171962009426,146.125816729087,4.984468009026139,55.7502555847168,42.2827157791092,44.0684564812532,11.9,7.93164331637339
CHN,2015,50.832537964484,3.9285366606566323,8175.33285077393,9.008876710627593,81.15985958728824,146.977949259981,4.990282570492713,57.3297843933105,40.0475902161032,38.6971848362625,12.2,7.79057049265868
CHN,2016,46.8324682508133,3.8465767284222068,8254.86859320357,9.018558437778536,81.33439629562642,147.822641376791,4.9960131860699875,58.8399238586426,38.811156093921,36.177170692978,12.6,7.76322483949301
CHN,2017,45.8369336166997,3.8250901769905825,8979.67652709856,9.102719139166227,82.85949572654314,148.720043543977,5.002065636204815,60.2402687072754,39.129944350895,36.95085261586,13.1,7.87802652170332
CHN,2018,40.2663875187565,3.6955170643273623,10085.6638148819,9.21887027022332,84.98756905920739,149.417194545073,5.006742356739434,61.5001983642578,38.9777001747097,36.8943843914718,13.5,8.2177362485386
CHN,2019,37.5475753654351,3.625608805298064,10342.9009524335,9.244055665042044,85.45256513839591,149.948179684945,5.010289765641141,62.7099151611328,37.7642333162735,35.1994202738836,14.3,8.39147587098516
CIV,2000,52.7912923813154,3.966346260091367,936.636541348798,6.842295310881395,46.81700512130953,55.6572452830189,4.019212263012021,43.0840065011913,13.9368025202647,54.9639916295152,63.7,0.393649269755518
CIV,2001,52.4492016179034,3.959845112951495,924.727294962066,6.829498877788343,46.642054921712244,57.166393081761,4.045966192184643,43.4670149035012,14.1786160309594,53.1141047180447,64.7,0.384346412791568
CIV,2002,51.5663707184153,3.9428697297557598,967.815864415991,6.8750418464711895,47.266200390729985,58.6628018867925,4.0718058272703885,43.859032147728,14.5005281247497,55.9019482275388,65.3,0.396005933281089
CIV,2003,50.3579617689732,3.9191567351436842,1111.17135087887,7.013170008961324,49.184553574594574,60.143213836478,4.096728615382275,44.2593744150531,15.2123312134125,53.260060681877,70.3,0.304012299363856
CIV,2004,49.0391368556992,3.892618690651265,1199.82524528546,7.089931196242386,50.26712436745099,61.6194968553459,4.120978327853555,44.667357886658,15.5260750475447,58.1182963035946,75.4,0.305981117632049
CIV,2005,47.8250580647154,3.867549729433586,1197.74616979415,7.088196877923971,50.242534980211126,63.108358490566,4.144853224967366,45.082298743724,16.2241764456125,62.8209360402806,77.9,0.318684175934195
CIV,2006,46.4795844845881,3.839013172843372,1230.43056838584,7.115119442709541,50.62492468402333,64.6125849056604,4.168409204596132,45.5035131674326,16.5839543942617,63.690377061452,74.8,0.305580401271205
CIV,2007,44.8474289608794,3.803266261574678,1367.53817722326,7.22076745143717,52.13948258773444,66.1338301886792,4.191680419088098,45.930317338965,16.483170824856,61.4309423484426,76.3,0.296468595840396
CIV,2008,43.2650342152048,3.767344784887115,1583.97066701372,7.367690053903486,54.282856730388346,67.6554685534591,4.214428187321055,46.3620274395029,17.4088361491375,61.9406212969499,74.2,0.321574734065806
CIV,2009,42.0688429691795,3.739307394708885,1540.45393569596,7.339832415412403,53.87313988633866,69.1759119496855,4.236652708812481,46.7979596502274,18.0163071461274,66.6729037469185,73.7,0.291450017592556
CIV,2010,41.595297944419,3.7279871306965897,1553.54887048143,7.348297186646269,53.99747154327347,70.7171855345912,4.258688620232466,47.2374301523201,15.9765793754723,67.472940081257,75.4,0.325279209216089
CIV,2011,49.5497020681304,3.902976248005759,1596.62826565998,7.3756493507127505,54.40020334466942,72.2704402515723,4.280415197037402,47.6797551269623,16.7624007263304,64.7159030611345,79.1,0.307997563310417
CIV,2012,51.355889030092,3.9387796139291664,1546.9460184731,7.344037955635286,53.93489349381171,73.7958427672956,4.301302398953317,48.1242507553354,17.7324551897287,70.3010893191249,74.9,0.384376785213736
CIV,2013,40.0659563695022,3.6905270053932164,1786.15862031324,7.487822570658096,56.067486849656824,75.2823113207547,4.32124519779138,48.5702332186208,18.9795295741683,58.3526792527234,72.2,0.409402344006993
CIV,2014,38.9323349133904,3.6618251370493455,1991.36539423404,7.596575810196303,57.70796404005961,77.1301729559748,4.345494552339022,49.0173144557368,19.8455486242141,53.6804175610344,71.9,0.426425227791211
CIV,2015,61.954609777616,4.126402016567723,1814.71855088017,7.503685666289025,56.305298578471366,79.3910125786164,4.374385170141342,49.4694894689553,20.1215578301808,52.7153604615931,64.5,0.44620325590139
CIV,2016,55.6539855341019,4.019153693020583,1862.59597081287,7.529726476879414,56.696780816618876,81.7276886792453,4.403392851172755,49.929991034032,20.820713814142,47.5663138935656,64.0,0.43877495464017
CIV,2017,50.6654421695962,3.925244064180785,1964.29930338343,7.582890872101584,57.500233978201514,84.0672075471698,4.431616568789313,50.3977309654344,19.8085626532407,48.6596050387177,62.5,0.461221278034062
CIV,2018,50.8958061004876,3.9297805252794666,2130.86619381144,7.664283839799413,58.74124677701044,86.3653238993711,4.45858625149277,50.8718477756395,19.1116818893978,46.040028237159,60.5,0.449429152663727
CIV,2019,44.3324266688486,3.791716388265915,2141.76836170115,7.669387104030772,58.81949855147351,88.6572610062893,4.484777935610391,51.3514799771241,21.6420400540965,44.6604105830795,61.1,0.467605284700189
CMR,2000,45.7765448305697,3.8237718383378008,708.565731625965,6.563242830587337,43.07615645325608,31.5471028749127,3.45148175830222,46.2449829402599,28.4827009917297,47.9279442460149,84.6,0.383989921027349
CMR,2001,45.2627171572148,3.812483672809382,715.470296470585,6.572940083768003,43.20354134480412,32.3866429734933,3.477746083893753,46.7627509050978,26.1843316001578,51.5722691890366,85.3,0.372337680745734
CMR,2002,44.0134690694333,3.7844957022889516,789.623811072554,6.671556643531556,44.50966804785004,33.2667555160669,3.5045585654693965,47.2589242513436,27.4755881959079,48.4817227279603,85.2,0.357348891560271
CMR,2003,42.4671529656498,3.7487309057148224,988.241276791846,6.89592687521332,47.55380746828934,34.1865837405598,3.531833278815655,47.7325523560061,28.4233912786935,40.2431925894529,85.3,0.354943027188784
CMR,2004,41.0621212442889,3.715086072318914,1133.39326749673,7.032971303623232,49.462685357587866,35.1388525734594,3.5593074292223985,48.1826845960942,27.6768854698155,41.8377424272557,85.5,0.33936994141111
CMR,2005,40.2367263037752,3.6947801682021044,1142.62466252106,7.041083230619873,49.576853060516385,36.1206532546381,3.586864814061822,48.5837852394685,27.9657412557505,44.9976813478478,86.3,0.320435144753662
CMR,2006,39.9040005509672,3.6864765833049433,1191.45458990968,7.082930184112721,50.16789999301506,37.1272175329483,3.614350326866234,49.2044173412861,28.704565046287,47.1044341803567,85.5,0.317753314780677
CMR,2007,39.6581260562121,3.680295871753742,1325.67248215933,7.189675143373808,51.69142866724719,38.1838674874659,3.642413109329511,49.7027028593758,27.1251768898711,53.2156908605178,80.8,0.373237607574027
CMR,2008,39.4591797131676,3.6752667125722063,1492.14269801453,7.307968418291184,53.40640240274134,39.2927080027924,3.671038954656503,50.0858325268669,27.6000470998579,56.9244171562734,80.8,0.3805792337441
CMR,2009,39.2672384154914,3.670390543109536,1461.38999232337,7.287143311327217,53.102457639821,40.4348839669142,3.699692876923641,50.4714131335678,26.5112531811637,42.1761073594765,79.2,0.403568614250496
CMR,2010,39.0423790568413,3.6646476986441647,1398.58702025047,7.243217734696508,52.464203152222005,41.607044488164,3.728269491588834,50.8505075371362,25.8445117305141,47.2385853965951,78.7,0.398005579196246
CMR,2011,38.5923305752451,3.65305356696887,1513.96056994878,7.322484390031291,53.61877764225193,42.8006684859639,3.7565537212967106,51.2229843034125,25.7767597299444,51.521987603918,78.6,0.367209784906356
CMR,2012,41.8537414482327,3.7341811943308802,1449.09874362279,7.27869708604632,52.979431270419184,44.0217659876034,3.784684193140127,51.5887119982861,26.624872181086,50.0360127271229,78.6,0.360945218894671
CMR,2013,37.1006966036381,3.613635745815501,1575.92882118897,7.362600105177694,54.20788030876258,45.2759112352182,3.812775130242106,51.9475591877024,26.7419459294765,49.6745363462134,77.7,0.382158504270741
CMR,2014,37.009069026736,3.6111629914406653,1649.4433905949,7.408193170949621,54.881326058104605,46.6668634046244,3.8430343497456882,52.2993944376709,25.7078027839026,50.8323893087648,76.9,0.402109837976095
CMR,2015,51.9499452409616,3.9502806634727192,1415.00009710569,7.254884878703265,52.633354603237294,48.1551352837892,3.874427784349328,52.6440863142742,25.0914880063978,45.5401468279393,78.1,0.403515922523748
CMR,2016,44.7692534342126,3.8015215965322535,1441.7201725688,7.273592243929721,52.90514413095459,49.6163842525015,3.9043211068561097,52.9815033836792,24.1821445706245,40.6386315268268,78.8,0.413632361438979
CMR,2017,43.2149077099804,3.766185521600803,1496.08951771242,7.31060999478726,53.44501849588338,51.0431363838294,3.9326710866750276,53.3115142121504,24.2621952863109,39.1990216052629,79.2,0.408780434472765
CMR,2018,40.8875596706757,3.7108258522501862,1610.69641591017,7.384421920918873,54.52968710614718,52.4769583888642,3.9603741854269665,53.6339873660653,24.6822312095632,40.587602877028,78.7,0.425229264580814
CMR,2019,40.7355761870464,3.707101818428652,1555.22660476477,7.3493765405330835,54.01333553453804,53.9571724736096,3.988190629551661,53.9487914119331,23.826878053897,43.3785132480415,78.9,0.402691984014017
COD,2000,25.8660806412287,3.252932482641819,377.925421481395,5.934696878485576,35.22062703950643,22.2789272402461,3.1036412648983616,34.9008752617485,22.4057063027137,27.0144029227569,97.9,0.0371727398112935
COD,2001,26.0160760351503,3.258714655991445,142.678142604412,4.960591342494631,24.607466467232683,22.995807767804,3.135311928350735,35.4153526820763,30.0162665475473,25.0419375138391,98.3,0.0350106917650027
COD,2002,26.2596339717677,3.2680329301547992,162.38052907429,5.089942525676868,25.907514914693813,23.709456783044,3.165873988935227,35.937064393184,32.6183368838049,29.3168456429821,98.3,0.0356238387555068
COD,2003,26.5212539905026,3.2779464489095265,161.491553524396,5.084452841136471,25.851660693740737,24.4122833638429,3.1950864221784934,36.4654627231369,28.8579384069788,54.0313561776419,98.0,0.0419088893806427
COD,2004,26.7254356307766,3.285615757275043,180.664764963633,5.196643186684586,27.00510040971533,25.1418102820846,3.224532208608016,37.0,31.7824234941503,49.3364146254994,97.9,0.0388664526195872
COD,2005,26.7966784320115,3.288277940731677,214.539740473519,5.36849499148047,28.820738473550893,25.9260819126177,3.2552494856505154,37.4018738621901,31.706002446974,51.0276749145565,97.4,0.0422504365918147
COD,2006,26.7037628752257,3.2848044871326643,255.445229568751,5.543008020984117,30.72493792069426,26.7377905207208,3.2860779400146,37.8024827128113,29.2943469787201,44.7667089929736,97.3,0.0421028090513797
COD,2007,26.5117141592672,3.277586679065555,294.101615124419,5.683925337297399,32.307007239971355,27.5590533953817,3.3163310985084764,38.201781337298,34.3633671355341,72.9983031777719,97.2,0.0451232624374833
COD,2008,26.2893989003023,3.269165774284976,352.900363371995,5.866185760354809,34.41213537498953,28.4028424604662,3.346489226794961,38.5997245210844,32.9518891770136,72.9527093196566,97.0,0.0449242144792916
COD,2009,26.1056837144972,3.2621530574598645,280.178991035792,5.635428652632895,31.758056098915812,29.2944769634547,3.377398998713955,38.9962670496049,35.9314571550511,63.0860045505312,97.0,0.0423191311503679
COD,2010,26.029435218018,3.259228021422562,352.400398754692,5.864768025601373,34.39550399411623,30.2432844445425,3.40927415799749,39.391363708294,29.1029769216412,80.9975153909582,96.8,0.0429619235950426
COD,2011,26.6005338893647,3.2809312866149813,372.514273875789,5.92027535621509,35.049660293407705,31.2517637458371,3.4420758144565284,39.7849692825859,38.636424619178,83.4133637998303,96.2,0.0475516268605633
COD,2012,26.7077484248202,3.2849537264821933,409.931424783784,6.015989889084487,36.19213434556678,32.3127491674202,3.4754618634163315,40.1770385579151,39.1726260796598,66.7056747465748,95.5,0.0411769262109865
COD,2013,26.1166767334607,3.262574065588627,460.370334930107,6.132031241518356,37.60180714695715,33.430844048433,3.50947894834639,40.5675263197158,39.9816041724909,72.5557545139014,93.9,0.0439415039531586
COD,2014,26.9058681895875,3.2923444111287132,489.175952097319,6.19272224499501,38.34980880365603,34.5838168545025,3.543385851679972,40.9563873534225,41.6198309477347,74.1131729382021,92.9,0.0473985501773001
COD,2015,28.461870876218,3.348565327543216,495.826633014883,6.206226335413076,38.51724532637482,35.7449244613043,3.5764082859505115,41.3435764444694,40.537636098592,57.7539236163245,95.8,0.0443348733039091
COD,2016,26.7550295099953,3.286722474733891,459.765036590388,6.1307155689645825,37.58567338754472,37.0333318629938,3.611818368274336,41.7290483782911,38.655052456977,68.0083342860132,97.0,0.0356208635159088
COD,2017,26.8446579950641,3.2900668438069416,431.052559128788,6.066230029603368,36.799146772061675,38.4126499194989,3.648386830332134,42.1127579403217,39.2934247373311,65.9184525277578,96.7,0.0373745177008366
COD,2018,26.7227743114458,3.2855161722997606,518.169626875371,6.250302653664887,39.06628326241033,39.7201843805827,3.6818594811748255,42.4946599159958,38.2165467089592,72.5591739081336,96.4,0.0462188660927098
COD,2019,26.3379328931586,3.271010215375245,504.00419142286,6.222584584351987,38.72055890941499,40.9992907081891,3.713554766754399,42.8747090907476,34.4712510908167,60.9143523742792,96.3,0.0478324083410493
COG,2000,26.8744350810291,3.2911754659861208,1024.30159109181,6.9317662847867965,48.04938382690695,9.22795021961933,2.2222369458040365,58.8947380255871,72.1526717557252,123.909884405671,64.9,1.43173787700172
COG,2001,27.1884110859801,3.302790819495878,854.598314408095,6.75063155083271,45.57102633509805,9.58283162518302,2.2599731250500126,59.4417859130405,65.4884538397696,130.732481081873,61.2,1.34418648284191
COG,2002,27.5563371013383,3.3162325309751206,905.538135544704,6.8085293918918595,46.356072480255335,9.81192093704246,2.283598068581722,59.9716066874511,63.3189225141337,135.45607107226,68.6,0.853385683474042
COG,2003,27.9068073673279,3.3288706507266936,1016.82363412143,6.924438963233587,47.94785495554744,10.0900527086384,2.3115500582010706,60.4694583791889,61.1723594842012,156.861777335368,62.1,1.03507128920732
COG,2004,28.168416124173,3.3382013546836,1306.10136324599,7.1748019203360816,51.477782596058326,10.4408609077599,2.3457270414837628,60.9205990186239,65.864484078508,131.368198717322,63.1,1.01524195118066
COG,2005,28.2697576120977,3.341792597636117,1799.05158366154,7.495014907058933,56.17524845703563,10.8239912152269,2.3817650792667995,61.310286636126,61.7104106958137,119.552892262402,63.1,1.17157455930687
COG,2006,28.1407949439766,3.3372203008954964,2103.5821381211,7.651396950578692,58.54387529532491,11.2369224011713,2.4192049992483926,61.6237792620651,62.6291888487541,125.600762974491,69.3,1.25545648118301
COG,2007,27.8368508230904,3.3263607120813146,2206.47101863414,7.699149694081825,59.276906011880264,11.6557247437775,2.4557974536327256,61.8502563370293,57.0704175228573,148.586625395069,60.2,1.07141690721857
COG,2008,27.474558875272,3.3132604446656897,2832.09177777643,7.948770861695433,63.18295821173835,12.0454377745242,2.488685980323286,62.0354815675203,63.9419789342891,133.108486659608,56.8,1.07747214852886
COG,2009,27.1705527263541,3.3021337664905954,2271.15219175966,7.728042555166016,59.72264173445688,12.5365124450952,2.5286453820975656,62.2172294650265,55.6979481298564,135.552365681975,55.9,1.14836451954455
COG,2010,27.0414660021696,3.297371465761694,2946.55798067708,7.988392981897728,63.81442243323287,13.0667349926794,2.5700696871462227,62.3922871058739,66.1791697837805,124.064754399607,54.5,1.18584852172315
COG,2011,27.8579991372168,3.3271201472950875,3396.16505817952,8.130402149954334,66.10343911998204,13.4984597364568,2.6025755853394217,62.5597508130231,65.8738951997526,124.591742710141,64.3,1.05242743383335
COG,2012,28.5447582283734,3.351473319538819,3732.32737320389,8.22478727869983,67.64712577986256,13.8812591508053,2.630539667880936,62.7187169094345,65.3102191154701,97.444435145443,65.1,0.944931388370302
COG,2013,28.1202914351675,3.336491430870533,3697.41705884249,8.21538976264776,67.49262895221761,14.2228374816984,2.654848946079611,62.8682817180686,61.989308125115,93.0028633915235,62.3,1.11984540566293
COG,2014,27.8059959217622,3.3252516780797943,3601.2365808718,8.189032560150018,67.06025427119715,14.5706588579795,2.679009839361754,63.0075415618859,58.0014155398265,104.197620103417,62.1,1.0605360257884
COG,2015,30.5591063026375,3.419662719847063,2439.35189403696,7.799487665806785,60.83200784907217,14.9270307467057,2.7031737134537446,63.135592763847,48.6789561936062,117.320721558581,64.2,1.12810370252086
COG,2016,28.2160787153425,3.33989198267123,2093.10728558843,7.646404980371864,58.46750912385565,15.2929311859444,2.7273907076464794,63.2515316469123,38.4474514101503,122.259818284021,67.7,1.07043781028987
COG,2017,28.5831067984323,3.3528158719272554,2211.63309874797,7.701486480325731,59.31289400664002,15.6691390922401,2.751693114988871,63.3544545340423,45.9671895089887,94.6170952583422,69.8,1.03367382350737
COG,2018,27.9644662335483,3.33093464114515,2694.43413191427,7.898943491691299,62.39330828493234,16.0559824304539,2.7760815172267406,63.4434577481975,54.391991835456,100.583216779714,70.6,1.17123140519682
COG,2019,28.7484172141318,3.3585827123063616,2488.42466724916,7.819405125487231,61.14309651649598,16.4470307467057,2.8001449591989664,63.5176376123385,50.1286715725578,91.5757547930374,69.8,1.28891524697681
COL,2000,25.3637180153758,3.2333197282620203,2555.00751039968,7.845810442124553,61.55674149375068,35.2320270392068,3.5619555280015667,74.3493570179247,27.3057722832576,32.6670854693067,27.9,1.62232046746357
COL,2001,24.8245779055363,3.211834206988552,2472.99084035833,7.813183563656219,61.04583739938769,35.790231635872,3.577674996840589,74.7938371677676,27.2228150417753,33.9011117949445,27.1,1.58737525769177
COL,2002,23.929353614622,3.175105890047817,2428.92969771584,7.795205985691528,60.76523635936102,36.3449121225777,3.593054225065405,75.192444355543,27.5290127709183,32.9826392144234,28.6,1.50246201581761
COL,2003,22.8825675533076,3.1303753784545703,2311.94218760291,7.745843224117566,59.99808725260801,36.8971870211807,3.60813531565231,75.5341828570154,28.9037801318181,36.51618351723,30.6,1.46690208610805
COL,2004,21.8887421322682,3.085972446762104,2818.57195413044,7.943985636424234,63.10690779171454,37.4431464623704,3.6228236882056324,75.8080569479496,29.7258920854426,35.8634269337995,29.0,1.44656025415104
COL,2005,21.1523997621787,3.0517533629885407,3456.06610874512,8.14788625842882,66.38805048029319,37.9711374493015,3.636826330321268,76.004938901378,30.3481497700898,37.422697494955,28.9,1.46901976755809
COL,2006,20.6003919283618,3.025310101263181,3789.85361217027,8.240082672573331,67.89896245084326,38.477768364128,3.6500806294205304,76.1619191918164,30.9134600266245,39.6413559606293,30.6,1.38318811487663
COL,2007,20.0641639163964,2.9989353340939924,4769.926147194,8.470086100993974,71.74235855825131,38.9683406940063,3.6627495393834497,76.3144038775849,30.5790350660201,37.0988970982903,31.0,1.41654840316635
COL,2008,19.6051288373421,2.975791207380039,5541.83629665898,8.620081186310896,74.30579965859107,39.4401153672826,3.6747834548640967,76.4596761810047,32.1310911250351,39.1676494164355,30.8,1.39852072752987
COL,2009,19.284699802258,2.9593120251536567,5250.97292433518,8.566168657337226,73.37924546594665,39.9022451554754,3.6864325918735323,76.5964145836792,31.2470343359106,35.1561285074585,31.4,1.47547382640238
COL,2010,19.1642899222037,2.953048647387119,6398.2958447102,8.763786959626445,76.80396187371854,40.3581063542136,3.6977922755098964,76.7232975672119,31.3713561004301,34.2646031687681,30.6,1.52200045741908
COL,2011,20.5518377125816,3.022950363346939,7400.9940695669,8.90936960389555,79.37686673881795,40.7928021631365,3.7085056482765224,76.839003613206,33.3021551703249,39.4704235545367,29.6,1.61663552853102
COL,2012,18.1430860286647,2.8982895530768724,8108.59838244229,9.00068030633393,81.01224597682744,41.2039747634069,3.718534726542056,76.942211203265,33.4055006173979,38.835151018669,29.6,1.61000537888315
COL,2013,18.9282488611578,2.9406554549284354,8279.10255642981,9.021489854600409,81.38727919665811,41.5967408742677,3.7280218198295723,77.0315988189922,32.7475552904174,37.9866487978457,32.0,1.8121783209001
COL,2014,18.33821147907,2.9089869418477217,8187.20824890084,9.010328245586576,81.18601509321527,41.969742226228,3.736948935468835,77.1058449419909,30.9858527230854,37.4874656411103,32.1,1.82364474726519
COL,2015,17.6079787372288,2.8683521366603237,6248.51490534512,8.740099099350715,76.38933226647119,42.3343307796305,3.7455983592364634,77.1636280538646,28.5894478881361,38.3607641184453,31.1,1.83556759919216
COL,2016,17.312215487627,2.8514123498848365,5959.84250367574,8.692799334152472,75.56476026384166,42.7557566471383,3.7555038447297306,77.2036266362166,27.689162311787,36.202652984202,30.5,1.8654751539246
COL,2017,17.2528522521135,2.847977477757512,6479.53231292429,8.77640361281022,77.02526037494829,43.3808724650744,3.7700186173466523,77.2245191706503,26.8148589146209,35.2829149424588,32.2,1.68289187289759
COL,2018,16.0492875724803,2.77566446058339,6816.96818309544,8.827170104063562,77.91893204607352,44.1860883280757,3.7884099958327613,77.2804816598084,26.8954667535946,36.5347527968973,30.4,1.74191600051117
COL,2019,14.5158658042874,2.675242244632382,6472.54544924705,8.77532473350093,77.00632417839317,44.9824109959441,3.8062715466052004,77.4595528518377,25.993426836769,37.558533980839,31.5,1.72438739011403
COM,2000,12.1137641535542,2.4943423394534503,633.309032776244,6.450958506449634,41.61486565193489,288.060182697474,5.6631694260048,28.0360512192055,12.2062715454078,35.7574785306267,69.9,0.168071929562752
COM,2001,12.1093637251828,2.493979014911563,681.163857619963,6.523802890451961,42.56000415346936,294.046211714132,5.683736937687905,27.9902886596605,12.2063718015717,35.7572288509346,69.5,0.177442344943533
COM,2002,12.0857902522832,2.49203040318702,764.61349832543,6.639370475207226,44.08124030705343,300.334766254702,5.704897740032183,27.9586267103537,12.2063143076875,35.7571190335913,70.3,0.179631183544066
COM,2003,12.0484914054266,2.488939457528763,959.691049354812,6.86661140907682,47.15035224326395,306.178398710371,5.724167934394025,27.9448864609618,12.2062786708097,35.7569591176854,64.4,0.228853032127175
COM,2004,12.0029148551845,2.485149524890163,1072.28409029621,6.9775463161265785,48.68615259369159,312.038688876948,5.743127182932501,27.9596300229124,12.2062936509226,35.7570631253248,63.5,0.241431090538381
COM,2005,11.9545082721283,2.4811084684983475,1105.78796866788,7.0083134536383485,49.116457464448274,318.472326706072,5.763535584914218,28.016895208368,12.2064983176676,35.7574093238258,65.7,0.228961137347999
COM,2006,11.8628600432285,2.4734125148540405,1138.47908404345,7.0374485138316984,49.52568158483198,324.961311123052,5.783706132545292,28.1143215973031,12.206432106225,35.7572745739842,61.8,0.26738188979633
COM,2007,11.7137381490151,2.4607623537396743,1289.73631056361,7.162193066045255,51.297009515306726,331.502955400322,5.803636724820934,28.2493321448949,12.4102413287259,33.1561792127495,74.4,0.17360238731649
COM,2008,11.5518596503979,2.446846432699753,1455.02768595586,7.282780207572918,53.03888755181583,338.155292853305,5.823505236281433,28.4193498063202,12.1356370474847,36.2185263542809,73.4,0.16939268115562
COM,2009,11.4219416082868,2.4355362080151757,1410.30516959473,7.251561392290802,52.585142626162515,344.94734013971,5.843391768104902,28.6217975367563,12.073328072351,37.8969223253542,68.5,0.206714884562121
COM,2010,11.3687010835918,2.4308640605673357,1386.5742428453,7.234591410571615,52.33931287791659,351.873186458893,5.863270844945022,28.8540982913801,11.775324962086,39.5501058029898,66.0,0.238074876763037
COM,2011,12.3436803657737,2.513144220831707,1531.43789372951,7.333962372874326,53.78700408673641,358.976894142934,5.883258024698128,29.1136750253686,11.6973185544088,40.00094857244,69.0,0.210760774545846
COM,2012,11.639647170545,2.454417130035031,1490.31511351281,7.306742862158649,53.38849125370637,366.270822138635,5.903373010970908,29.397950693899,11.2226651481809,40.8104424089423,68.3,0.213312207502604
COM,2013,12.2675890585181,2.506960748667663,1603.32797107303,7.379836729981009,54.46199016117679,374.095647501343,5.924511506700326,29.7043482521482,11.648240313246,39.2433304149929,63.6,0.250792884721456
COM,2014,11.3961592947192,2.4332763946635567,1615.71723662012,7.387534246431685,54.57566224220097,382.322944653412,5.946265656305036,30.0302906552932,11.6109251303108,39.2358244169194,68.0,0.217145957220138
COM,2015,11.9089280291946,2.4772883733713926,1329.37048235986,7.192460787629863,51.73149218159319,390.479312197743,5.967374990149721,30.3732008585112,10.4084081560234,37.8049520714563,67.0,0.235591359081414
COM,2016,12.204174846154,2.5017780937063985,1365.48403444497,7.219264248750914,52.1177762932931,398.571198280494,5.987886147969056,30.7305018169792,9.85451807028183,37.1328797158337,64.0,0.270175168960594
COM,2017,10.8598778552179,2.3850750672250345,1423.9248027797,7.261172283540853,52.72462293126189,406.592692101021,6.007811927842911,31.0996559689293,9.13735009601101,40.164358921352,59.5,0.344536382486926
COM,2018,11.6282907601438,2.453440987556331,1527.40527125285,7.331325673576291,53.74833613203886,414.610424502955,6.027339343204532,31.4073645195839,8.87679585626469,42.9961533369453,57.7,0.268666001373787
COM,2019,10.4127200490569,2.3430281404323865,1510.23218151592,7.320018680582039,53.582673484070014,422.664159054272,6.046577913474566,31.7287584068243,8.5310006225517,42.2680785372908,55.3,0.287320520024715
CPV,2000,48.4324410047037,3.880169857885076,1189.51479345891,7.081300766369258,50.14482054378185,112.485607940447,4.7228252840425595,53.9332149202283,21.7471907808972,87.5206083614917,27.9,0.618110505452035
CPV,2001,47.5268182563037,3.8612941465864297,1223.33055331575,7.109332379883987,50.54260688766691,114.216625310174,4.738096867275585,54.7762172320995,19.1640713762081,92.1637224974152,26.0,0.705637496116604
CPV,2002,45.2233549764447,3.8116136564118346,1328.57874270666,7.191865035333958,51.722922686459114,115.892307692308,4.75266137793006,55.5703407979481,19.0535136023722,101.089702293616,26.0,0.773585471238379
CPV,2003,42.1421586131377,3.741048631865657,1717.97565369655,7.448901931137937,55.48613997971049,117.46476426799,4.766138410041346,56.3297071979641,18.5259962998519,98.7683808076547,24.8,0.767243437132301
CPV,2004,38.9033366143938,3.6610800210949495,1929.49081468781,7.565011420503948,57.229397792355165,118.950372208437,4.778706365860818,57.0677167011018,18.2180833159781,101.567169989502,24.4,0.81252477209671
CPV,2005,36.1269964282243,3.5870404093546884,2004.14680417563,7.602973715098359,57.80520931247654,120.375930521092,4.790619600274015,57.7977695763157,19.2110778495222,104.343839857053,23.9,1.25186811374623
CPV,2006,33.4651817989408,3.5105055490476595,2256.99666191075,7.721790297822534,59.62604540354622,121.768734491315,4.80212362685027,58.5332660925599,19.0922781266815,117.816697232822,21.2,1.34616325133271
CPV,2007,30.4994592050793,3.417708952475164,3324.57675212498,8.109097652393574,65.75746473605497,123.124069478908,4.813192541931983,59.287606518789,14.0115441145192,94.2062075477847,21.0,1.50950240835164
CPV,2008,27.7442201959867,3.3230275372731923,3908.64885822576,8.270947032703532,68.40856481778737,124.40570719603,4.823548057034317,60.0741911239572,15.4815103318879,90.9663882396256,23.8,1.44687895802376
CPV,2009,25.71385632101,3.2470300030680845,3659.72046361628,8.205142047417487,67.32435601829843,125.593300248139,4.833048910637949,60.906420177019,15.9694598343425,80.4609561325344,22.1,1.3990172698912
CPV,2010,24.9227591294962,3.2157814072724937,3579.46006137809,8.18296724717603,66.96095296835566,126.497270471464,4.840220730634102,61.7974262732302,14.9414577543955,85.5484498816191,21.2,1.47081901354299
CPV,2011,42.201991220723,3.7424674052539633,4002.01386888785,8.294552980626891,68.79960914842644,126.909925558313,4.843477587251205,62.7419929036884,14.5699784845003,90.5564501122747,20.8,1.70437992597473
CPV,2012,51.1112334865799,3.934004306446705,3736.81517011087,8.225988968832535,67.66689451535456,127.035980148883,4.844470354593306,63.7260454520996,14.00680796227,90.649916554117,24.3,1.46106591399635
CPV,2013,36.414675879692,3.5949718768940864,3960.97596791345,8.284245730426901,68.62872732209635,127.102977667494,4.844997605674672,64.7486207521826,14.5782787253826,86.1698600308418,25.9,1.42808336180389
CPV,2014,31.3508458881205,3.445241248792129,3985.60706548134,8.290444917258588,68.73147692609876,127.128039702233,4.845194765211534,65.8085112712742,15.4556956659682,91.3038524117221,26.1,1.51095201102423
CPV,2015,51.4204136901671,3.9400352471217377,3415.06266730931,8.13595112243954,66.1937006667252,127.144913151365,4.845327484393558,66.9045094767116,14.6158909934146,94.0084870167993,26.4,1.54334359887118
CPV,2016,43.0314900855625,3.7619321752437926,3608.96605234906,8.191176598211477,67.09537406308735,127.184615384615,4.845639695357035,68.0354078358316,12.6668493291087,95.3781398609533,23.9,1.62012197739165
CPV,2017,53.8692623569653,3.986560043577814,3893.09571382506,8.266959933443609,68.34262654116195,127.268734491315,4.8463008704589186,69.1999988159713,12.5188038438799,100.052133904219,21.8,1.73155024537282
CPV,2018,31.7384229474609,3.4575280272684084,4294.96510035729,8.36519870874094,69.97654943672107,127.398263027295,4.847318109036445,70.3970748844677,14.6286899740782,105.867524052105,21.9,1.55059746988304
CPV,2019,39.3519135244555,3.6725446020027075,4380.78117331128,8.384982337539077,70.30792880084228,127.569230769231,4.848659203660035,71.6254285086577,13.2851974278212,103.602656463726,19.7,1.62982587180804
CRI,2000,21.3843731146703,3.0626604269948308,3812.75388284924,8.246107010921255,67.99828083556469,77.119839404622,4.345360567891174,59.0462378975394,25.4449908253979,86.5249235130705,33.0,1.30313360027163
CRI,2001,21.2503622180599,3.056373940780912,3985.12984506207,8.290325174146954,68.72949149309473,78.5144339992166,4.363282480487353,60.1427600448608,25.2166020654827,80.852758718109,32.1,1.379963366939
CRI,2002,21.0286242452936,3.0458845689010854,4067.71851429092,8.310837559663966,69.0700209431213,79.8218762240501,4.379797605032759,61.2787633575946,24.569597934029,80.4139443360039,32.5,1.38535541703828
CRI,2003,20.7436900349618,3.032242105729902,4173.14856415514,8.336426081241125,69.49599980799726,81.0572659616138,4.395155892055148,62.4518059303802,24.1792374989641,83.3277075355642,33.3,1.46632440832863
CRI,2004,20.4200904256551,3.0165192410154074,4431.0117207843,8.396383216374122,70.49925111620905,82.257696827262,4.409856963714246,63.6596013546005,24.6690619237543,85.2564771965872,39.2,1.47144886356872
CRI,2005,20.0823562559639,2.9998416313638243,4703.00721784778,8.455957416676547,71.5032158326471,83.4555424990208,4.424314064906776,64.8998632216384,24.2695341122995,89.2226638923224,41.7,1.49160807652233
CRI,2006,19.6090845399907,2.975992955793246,5256.59640859159,8.567239025681252,73.39758452315584,84.63258911085,4.438319406512525,66.1703051228767,23.7198679368366,89.8145546136931,42.4,1.59797655356903
CRI,2007,18.967324345694,2.942717727382888,6137.71199925542,8.722207313136439,76.07690041333078,85.7862906384645,4.451859210958811,67.4686406496983,23.8937947565006,86.4565958439349,41.2,1.76101901079574
CRI,2008,18.3142845924477,2.9076813341764485,6937.24261596055,8.844659656964371,78.22800444753311,86.9576184880533,4.465420856146007,68.7925833934861,23.5536024382425,86.4015127113254,40.7,1.71851436108013
CRI,2009,17.8071741996257,2.8796014210200442,6832.69829924138,8.829474940321626,77.95962772176759,88.1275166470819,4.478784818422053,70.1398469456228,23.5227381446589,69.7593177251535,40.7,1.62647554075289
CRI,2010,17.6032020866019,2.868080822234369,8265.78820275582,9.019880372042687,81.35824192596093,89.2276145710928,4.491190572069258,71.5081448974915,23.3229652114345,67.512089684107,40.4,1.58829243966477
CRI,2011,19.4251836697019,2.966570351534719,9276.39107511347,9.135227857373899,83.45238800614011,90.2826674500588,4.502945497924665,72.8426586679914,22.5898706745828,68.6391465074016,38.0,1.66999542065841
CRI,2012,17.9369232929949,2.886861342089812,10126.9991024177,9.222960314699685,85.06299696652532,91.3422248335292,4.514613165173469,73.3895020668217,22.2048773810709,67.0485392950976,38.1,1.63797343615926
CRI,2013,18.4901589297792,2.917238640807155,10803.2401962173,9.287601386284129,86.25953951050687,92.3648061104583,4.525746019841595,73.9431776192863,21.3449724793135,64.0664105879442,37.8,1.68258114091864
CRI,2014,17.5539609994868,2.865279622422374,10911.497878334,9.297572363475926,86.4448518540713,93.3630826478653,4.536496006369191,74.4866963181212,20.6164054191975,65.1912420532368,37.6,1.68785381694898
CRI,2015,17.6636155108417,2.871506903034964,11714.7105980732,9.368600647100541,87.77067808485268,94.360321190756,4.547120658420455,75.0198195767549,19.9678784677773,60.753561939521,38.3,1.61015749564449
CRI,2016,16.8973562895418,2.827157177120686,12091.0301606154,9.400219147639369,88.36412002364582,95.3191931061496,4.557231187089274,75.5423088085047,19.6500112824728,62.1784781768295,34.1,1.69149442839303
CRI,2017,17.165875341513,2.8429234213282064,12317.0902771304,9.418743030388555,88.71272027249297,96.2235996866432,4.566674646573853,76.0539254265608,19.3145397059632,65.0719537438815,33.3,1.70887391193112
CRI,2018,15.1307436338713,2.7167286762204386,12590.2493781614,9.440677934480144,89.12639986258027,97.0978848413631,4.575719591757889,76.5544308439668,19.5581432647296,66.945342016636,33.1,1.70246265595066
CRI,2019,13.3766440949763,2.593510208216541,12884.6859951989,9.463794752995097,89.56341112681754,97.9152565609087,4.584102375606481,77.0435864735963,19.2336569312753,65.7605300176622,33.4,1.63874650393745
CUB,2000,21.3974205669767,3.0632703805095436,2751.3817714814,7.919858526825549,62.72415908493136,103.436769087523,4.6389604993230735,75.635383605957,25.535082151714,31.0759878817225,34.4,2.6101013141558
CUB,2001,21.206308539373,3.0542987100239523,2842.96704310394,7.952603519288325,63.24390273499705,103.762867783985,4.642108178253706,75.887565612793,24.8623841628159,29.3610963815873,34.0,2.49667717503705
CUB,2002,20.7560611503545,3.03283830765429,3005.21104247868,8.008103074945423,64.12971485895034,105.060795187518,4.654539184386549,75.8514891112497,23.7013441300368,24.7293133475239,34.8,2.3766937945776
CUB,2003,20.1976249122847,3.0055650188944862,3202.78109865637,8.071774804674998,65.15354849738611,105.351343984962,4.657300897501163,75.8636638735113,22.5059329493165,26.5871335777077,33.6,2.30143800064642
CUB,2004,19.681946337527,2.979701785998481,3399.21962893402,8.131301163358541,66.11805860923597,105.617479560192,4.659823883712403,75.917681659226,22.0396303955187,31.3114153338743,33.8,2.25263365447208
CUB,2005,19.3599719384448,2.963207632386885,3786.33799225291,8.23915460201935,67.88366855597661,105.811292747088,4.661657250468201,76.0033319545493,21.5268299936084,39.3613744331974,26.3,2.32679017565643
CUB,2006,19.1954916262929,2.954675440330708,4329.98265964383,8.373318816287323,70.11246799919134,105.971530583482,4.663170478637047,76.1121531072403,22.2047369498775,37.1880142882062,22.0,2.3753319353995
CUB,2007,19.0582324966618,2.9474991602776415,4807.43888960684,8.477919765911908,71.87512355723982,106.043517474634,4.663849552076199,76.2356834650585,22.5269990563768,37.9676096642032,18.6,2.44623324395833
CUB,2008,18.9580468384187,2.942228476669147,4986.12436479175,8.514414206570622,72.49524928105164,106.085700864337,4.664247266173194,76.365461375763,22.3864961360912,44.917220748508,18.7,2.36176603793102
CUB,2009,18.9047869404309,2.9394151672677995,5089.23519757167,8.534882842375193,72.84422513307045,106.113481773769,4.664509104218425,76.4930251871133,22.6047036082474,32.9139819587629,19.0,2.38540684367623
CUB,2010,18.9083050915655,2.9396012483818104,5272.26755824835,8.570215825700398,73.44859929908556,106.138754227734,4.664747240264108,76.6099132468685,22.8936077602288,40.2919413008332,15.6,2.49451002437816
CUB,2011,19.6720738913487,2.9792000610754372,6104.46105236166,8.716775102936483,75.98216819517333,105.757568101214,4.661149381334592,76.707663902788,22.258298304102,46.9604290476881,19.2,2.45522503021925
CUB,2012,19.6276365485068,2.9769386010655285,6470.83673392653,8.77506070431501,77.00169036441343,105.984819360707,4.663295870277787,76.7776920066844,23.3671948701822,45.8662036340766,19.4,2.55579516374824
CUB,2013,19.9113493948996,2.9912898905107723,6828.36428245396,8.828840433758625,77.94842340477119,108.40689886778,4.685891729672133,76.81640625,23.150308497952,44.3238969253902,18.2,2.56876181773557
CUB,2014,20.762060268269,3.033127295582995,7146.70459051328,8.874406633010937,78.7550930880285,108.496202653336,4.686715173781284,76.8442459106445,22.1520752925073,39.2741528539069,23.2,2.38402768086374
CUB,2015,21.4005165459257,3.0634150593965765,7727.91997207998,8.952595020259022,80.14895759676664,108.309942363112,4.684996953700075,76.8702850341797,22.3538093576701,31.6138124793419,21.1,2.61116898217438
CUB,2016,19.7476038869862,2.9830321618090863,8110.55874283616,9.000922040277104,81.01659757514614,108.2815455594,4.684734738373452,76.9115829467773,22.9428012655288,27.2691132420785,19.2,2.42368545978683
CUB,2017,20.1327865141339,3.0023496560098115,8610.60829605429,9.06075024487442,82.09719499999186,108.360587668593,4.685464440500389,76.9603271484375,24.3566251471414,26.2224363787618,22.0,2.35681925818751
CUB,2018,20.9153664764928,3.0404841269253406,8911.46205998726,9.095093599033225,82.72072757517515,108.16105973025,4.683621410048524,77.0156326293945,24.8779064658428,27.0835484486147,24.0,2.38546526365894
CUB,2019,20.3431122356184,3.0127423895161938,9232.26115935183,9.130459276839085,83.36528660601691,107.927225433526,4.681457161414503,77.0728225708008,24.5495399680549,22.8208911354416,23.1,1.98985150737589
CYP,2000,20.3070328790346,3.0109672732918367,14388.3525390625,9.57417430681326,91.66481365724317,102.561363636364,4.630461289070357,68.7726966799379,17.6860389784449,137.494903248556,3.1,7.52680002574744
CYP,2001,20.1814093119104,3.004761849548931,14821.44921875,9.603830682108951,92.23356377061728,104.342748917749,4.6476811430182305,68.8024068077544,17.3938040761177,131.849067868114,3.0,7.25889846462136
CYP,2002,20.0359615757853,2.997528737734762,16093.2158203125,9.686153084547716,93.82156157729322,106.21645021645,4.6654789952722915,68.7863589370716,17.9301859605063,123.64133212338,3.2,7.31170524942941
CYP,2003,19.8757470128298,2.9895002453852615,20252.24609375,9.916020984593592,98.32747216690048,108.180735930736,4.683803309255564,68.7120973207373,18.0129342330248,114.004632981485,3.2,7.84731740013405
CYP,2004,19.7058229652141,2.980914174058756,23792.619140625,10.077130691420564,101.54856297197028,110.159632034632,4.701930514133703,68.5908141437316,18.067453251524,113.903613489207,3.3,7.65231487166892
CYP,2005,19.5312467751087,2.9720155818222267,24959.26171875,10.125000243470188,102.51562993027137,112.137554112554,4.719726279440666,68.4340674211981,17.8911353003281,111.917065271958,3.4,7.63016201306566
CYP,2006,19.3234361835894,2.961318669263264,26729.28125,10.193514919508441,103.90774641424119,114.114502164502,4.7372023492691175,68.2534151682801,17.830157800694,109.806498040343,3.5,7.59803038263763
CYP,2007,19.077613123502,2.9485155598457378,31244.87890625,10.349610766735573,107.1144430229289,116.094588744589,4.754405279043894,68.0604154001212,18.1971192501955,111.275122844623,4.3,7.74568058214957
CYP,2008,18.8345412246726,2.935692483250995,35397.296875,10.474390736743057,109.71286130596877,118.076406926407,4.771331931242904,67.8666261318649,17.8966297974596,112.925930874708,5.7,7.78551565223927
CYP,2009,18.6349841169269,2.9250406806060343,32236.44921875,10.38085305466031,107.7621101424503,120.061796536797,4.788006581369888,67.6836053786548,15.9545009113836,102.7910918992,6.3,7.47035932974632
CYP,2010,18.5197054300908,2.918835323588883,31105.02734375,10.34512473602766,107.02160580397137,122.058008658009,4.804496412531432,67.5229111556342,14.4791152125979,108.901699269523,6.5,7.01719074742689
CYP,2011,18.4875017910321,2.9170949249149176,32485.798828125,10.388558313688751,107.92214383691167,124.079329004329,4.820921111087132,67.3979892758544,12.7453636495298,110.617131287039,7.6,6.67871500305715
CYP,2012,16.876649443899,2.825930976805524,28991.935546875,10.274772985705404,105.57095990778154,126.125216450216,4.837275194828622,67.3010289148738,11.7579854336711,112.344273297273,8.6,6.11139379970946
CYP,2013,16.2406674925642,2.787518435647757,27764.73046875,10.231521806038097,104.6840384674331,128.127164502165,4.85302324342541,67.2102333625375,10.7492783120679,120.926200639389,9.7,5.440262861149
CYP,2014,16.1114833623758,2.7795322700683447,26993.103515625,10.203336687012634,104.10807954853794,130.065043290043,4.868034658331092,67.1230558819804,9.97287676875997,130.84436307939,9.5,5.67256975156453
CYP,2015,16.9122147785325,2.8280361288185567,23088.44140625,10.047087399258219,100.94396520833328,131.980735930736,4.882655972017438,67.0402477918073,10.1909463210663,137.276426477193,10.4,5.62213100101517
CYP,2016,14.4813342529054,2.672860527250189,24280.056640625,10.09741057798064,101.95770038031532,133.88658008658,4.896993024273232,66.9625604106231,10.836514879496,139.022098457248,10.3,5.83770911607033
CYP,2017,15.1071226081124,2.7151663285088214,26247.44921875,10.175324090679158,103.53722035035564,135.744047619048,4.910771109742544,66.8907450570326,11.3472324007128,148.013355558135,10.9,5.87048294831676
CYP,2018,15.24949999422,2.7245467152516443,29120.375,10.279193379974958,105.66181654292099,137.525649350649,4.923810440442059,66.8255530496405,12.0224270287232,147.623567410054,12.0,5.67702050070156
CYP,2019,15.0066614653737,2.7084942002115957,29227.173828125,10.282854166059058,105.73708980043813,139.250108225108,4.936271656007149,66.7677357070518,12.7890118881986,150.506169561162,12.0,5.60889302704421
CZE,2000,20.464169154237,3.0186755107443197,6062.92152842793,8.709947063290947,75.8631778453306,132.717264138734,4.888221031886826,74.0038256456769,33.3054131766471,97.4983956327874,5.9,12.902573099746
CZE,2001,20.693902558972,3.0298390945108054,6669.07494847497,8.805236440906985,77.5321887802763,132.219554807817,4.884463834843471,73.9131752504002,33.7406533635544,98.5368737300189,6.3,12.9423815445542
CZE,2002,21.1574850932414,3.051993748000439,8101.26018588111,8.99977490706329,80.99594837780606,131.96474699107,4.882534818667826,73.8360067578753,33.0610183304209,90.8792715456582,7.3,12.4942776816049
CZE,2003,21.6912502267081,3.0769089638741685,9852.45677945801,9.195476122300644,84.55678111580129,131.926983305293,4.882248612760635,73.7649150201353,32.2100439891755,94.6468600665608,6.7,12.8180719674459
CZE,2004,22.1315314290352,3.0970033531614245,11782.5546676117,9.374375298516526,87.87891223743681,131.984222107171,4.882682385951023,73.6991647167017,33.4524157670713,113.173975970415,7.1,12.8990092380177
CZE,2005,22.3146621698858,3.105243958817444,13442.4916284309,9.506175985914876,90.36738187518466,132.166916903961,4.88406564575149,73.6375545423198,33.5317423512837,121.191287316105,7.5,12.6378778002542
CZE,2006,22.1683099349838,3.098663788651312,15259.0788162004,9.632929937105501,92.7933391731834,132.542459546926,4.886903043504093,73.578883191735,34.2768164992188,127.051015055016,7.9,12.7739538554172
CZE,2007,21.819301739304,3.0827949789443956,18452.6532812196,9.822963448409306,96.49061090878524,133.318161812298,4.892738465557943,73.5219493596925,34.147619592136,129.876739504889,8.3,12.8496660008304
CZE,2008,21.402710346385,3.06351756570839,22774.7045076205,10.03340574762557,100.66923089648583,134.445921802175,4.9011620498054125,73.4655517409377,33.6216094655094,123.904809929948,9.0,12.1449804099396
CZE,2009,21.0536085197657,3.047071971553748,19817.4215836554,9.89431670777932,97.897503113841,135.214085965821,4.906859344319594,73.4084890302159,32.9918730301951,113.049254784875,10.2,11.4624026803688
CZE,2010,20.907069022985,3.040087332548467,20160.4355077059,9.91147732451675,98.2373827544097,135.626181535673,4.90990243604054,73.3495599222723,32.7825374564339,126.756480116798,10.9,11.551447766509
CZE,2011,21.0141184753393,3.0451945201748982,22049.1080788682,10.00102743011892,100.02054965799105,135.90687556649,4.911969912713895,73.2878338394746,33.3153047782183,136.750855542438,12.2,11.253602294493
CZE,2012,19.2882808825023,2.9594977033248018,20014.0354015165,9.904189076486476,98.09296126279405,136.097177262722,4.913369169271304,73.2249239592898,32.6118775656289,145.480195396935,12.8,10.8487615339863
CZE,2013,18.9336384922511,2.940940154477583,20260.4954999375,9.916428234558763,98.33554893115424,136.159958559959,4.91383036047689,73.1622186934979,32.3750644937133,145.502230624961,13.9,10.41753532722
CZE,2014,18.3617483140192,2.91026960473394,20038.4163180257,9.905406526029457,98.11707844590697,136.30337995338,4.914883136292163,73.0995921041469,33.5256056944841,156.415122826886,14.8,10.1886522126064
CZE,2015,17.8128111083862,2.879917923610307,17931.5987670768,9.794319729778335,95.92869896912516,136.589288952208,4.916978532292253,73.0370442874355,33.515061761941,154.018400997633,14.8,10.2684424579836
CZE,2016,16.9928991704268,2.832795560939755,18753.9686718096,9.839160671497723,96.80908271954752,136.851858567543,4.918899016450681,72.9745753395623,33.0261220764687,148.547004664435,14.8,10.3928969863904
CZE,2017,16.9432784272519,2.82987120221405,20913.197632212,9.948135704318434,98.96540399153521,137.21587877218,4.921555443086173,72.9121853567256,32.2345069182507,147.750834854762,14.5,10.4187499138699
CZE,2018,17.3467438168398,2.853404812516639,23705.9329811299,10.07348063255074,101.47501205437487,137.675534257221,4.924899715709173,72.8498744351241,31.2449402120943,145.141717890789,14.7,10.2865042924091
CZE,2019,14.2336874017967,2.6556115072615185,24062.7190013343,10.088418992342875,101.77619776506444,138.226810266108,4.9288958886555685,72.7876426709563,30.8172927602906,138.154609993871,15.9,9.72456561033821
DEU,2000,18.149579025919,2.8986473662776286,23925.8559901991,10.082714993745883,101.66114164510805,235.596813297034,5.462121925782025,80.0942160905637,27.2536461219162,59.1955992975405,3.7,10.5993032021746
DEU,2001,17.8080564787948,2.8796509660687484,23878.3641471651,10.08072806211006,101.62107826221325,236.027300085985,5.463947476665833,80.1070808273695,26.5785482320897,59.5592863682118,3.9,10.7525841705381
DEU,2002,17.4251209663774,2.8579128987388414,25486.5942008748,10.145907875295809,102.9394466139895,236.451570830706,5.465743412462641,80.1213973750556,25.7983862262522,58.3325687248129,4.4,10.546202837135
DEU,2003,17.0534186624295,2.8363506916908525,30711.1022511331,10.332379505045171,106.7580662362775,236.616427281328,5.4664403797398755,80.1373116303862,25.6207353590889,58.9145442942507,5.4,10.6369632865784
DEU,2004,16.7455957407135,2.818135282843143,34566.7359143735,10.450647108856282,109.21602499384618,236.592195429653,5.466337964650491,80.1549694901257,25.8386247078115,62.9064909465164,6.3,10.4632650583049
DEU,2005,16.5542983749923,2.8066457886448717,35084.4363546269,10.465512902419162,109.52696031070195,236.464680582636,5.465798854634037,80.1745168510383,25.6870805044481,66.9531024934321,7.3,10.2067903422435
DEU,2006,16.4673340240739,2.801378662482306,36980.3349948954,10.518141563712833,110.63130195430344,236.225197866483,5.464785578287063,80.1960996098884,26.2600466577088,72.7591934646234,8.6,10.3846207212787
DEU,2007,16.4178840311706,2.7983712303836836,42350.9217211489,10.653745464215234,113.50229241628668,235.943361918146,5.463591784350689,80.2198636634402,26.4597084438011,74.8838416816798,10.5,10.0478127320359
DEU,2008,16.3766553966518,2.795856869337071,46379.1647953479,10.744605602785109,115.44654955940115,235.522178240542,5.461805084141348,80.2459549084581,26.0432629920287,76.1131665945746,10.2,10.1072965484379
DEU,2009,16.3143551208868,2.7920454025026222,42471.8868625226,10.656597650446685,113.5630734835058,234.939637417171,5.45932861909486,80.2745192417062,23.8380974911486,66.1391275757126,10.7,9.37864424258525
DEU,2010,16.201690204245,2.785115570391338,42396.9665976293,10.654832096152019,113.52544699719122,234.606908225034,5.4579113826103525,80.305702559949,26.0371435344861,73.8852351200263,11.6,9.96567124737992
DEU,2011,15.7161711583543,2.7546901923441065,47630.9761883572,10.771238588826478,116.0195807374246,230.304633348634,5.43940292537647,80.3405762928198,26.2795286339924,78.433002901442,12.5,9.81776726131477
DEU,2012,13.9078592571706,2.6324540945352086,44718.0159214069,10.708131740149913,114.66408536440599,230.750625466231,5.441337583958838,80.393447520218,26.5450401531822,79.3316495670315,13.6,9.94745307113612
DEU,2013,13.6633968189434,2.614720492259157,47206.8353514242,10.762293977856173,115.82697166579923,231.155712565925,5.443091563803635,80.4732318400362,25.8779408891742,77.5860288576931,13.6,10.1408601249876
DEU,2014,12.2822480920893,2.5081549753522205,48959.5991203133,10.798750729250589,116.61301731249013,232.108053883634,5.4472030127371,80.57574023743,25.9859539549736,76.8483516336234,14.0,9.61630846170469
DEU,2015,12.8253525089793,2.551423876759355,41929.7549110722,10.643750994955075,113.28943524260715,234.152986871524,5.455974691779342,80.6974371632814,25.8737038512745,77.7565815686922,14.6,9.60884887243027
DEU,2016,11.7806958987308,2.4664622510737497,42948.9381932694,10.667767205180603,113.80125714392676,235.712929356538,5.462614663577767,80.8347870684725,26.1732405694774,76.0059902166055,14.2,9.58423383867929
DEU,2017,11.8978451129639,2.4763573007757778,45553.9341495339,10.726652268871367,115.06106889728325,236.588722557747,5.466323285817199,80.9842544038853,25.9754703565139,77.4548394742448,15.2,9.36976518940283
DEU,2018,11.6526030992972,2.4555295970520237,48916.1686612154,10.797863268279754,116.59385116046512,237.294012250272,5.469299930296867,81.1423036204018,25.8506477811784,79.1252260463654,16.0,9.00657809367265
DEU,2019,10.6378495266542,2.364418351329524,47656.199739747,10.771768010581992,116.03098607379752,237.822954291766,5.471526507317971,81.3053991689039,25.5415743169893,79.0732427175683,17.1,8.38218043063623
DJI,2000,42.9159218505288,3.7592428957860022,737.612183644052,6.603418190061566,43.60513179283597,32.2397756686799,3.4732009594467224,73.3486361649708,,,31.4,0.981643691172968
DJI,2001,42.4652585898573,3.74868629669553,742.133791107063,6.609529538378267,43.685880718694825,33.2749352890423,3.504804419547272,72.8935327252495,,,31.7,0.978850349987618
DJI,2002,41.3895884356727,3.723029362142049,743.013270420348,6.610713905150923,43.701538335755764,34.3215703192407,3.5357740287956543,72.4503357641707,,,32.4,0.984069363754974
DJI,2003,40.1033908297196,3.691460890082212,764.634465224597,6.639397896396814,44.081604426678446,35.0957290767903,3.5580794443444406,72.0304414068997,,,32.9,1.01644829438526
DJI,2004,39.0211452137423,3.6641036841682344,806.261652944964,6.692408321270606,44.78832913861205,35.639516824849,3.573455045407708,71.6452457786012,,,33.6,0.958088616236788
DJI,2005,38.5573310294856,3.652146251306493,844.4483573908,6.73868358267973,45.40985642747732,36.2022001725626,3.589119895232388,71.3061450044404,,,33.1,0.898629235897026
DJI,2006,38.6480584553947,3.6544965397585867,898.464628136774,6.80068733776563,46.249348266045764,36.9182053494392,3.608704799283068,71.0245352095823,,,33.0,0.845443369901048
DJI,2007,38.9566227288879,3.662448789413427,969.573220191902,6.876855995494581,47.29114838276976,37.7276962899051,3.6303944743306458,70.8118125191918,,,32.5,0.857834168831644
DJI,2008,39.4882808801691,3.6760039413089087,1119.15233346969,7.020326832620934,49.284988836817476,38.5131147540984,3.6509988262516915,70.6793730584341,,,33.1,0.903852659358779
DJI,2009,40.2482899394421,3.695067516985424,1150.9375857489,7.048332181142906,49.678986535734715,39.3238567730802,3.67183137727142,70.6383251554484,,,34.4,0.798988949312527
DJI,2010,41.241906936911,3.719454898063017,1213.23352553429,7.101044409404169,50.4248317043302,40.1316220880069,3.6921646042943923,70.6486554782903,,,32.5,0.872452703625151
DJI,2011,44.8504343538823,3.8033332730483735,1306.34552844977,7.174988844866695,51.480464923961506,40.9213977566868,3.7116530987768486,70.6776532458676,,,32.0,0.661108756660109
DJI,2012,49.9458902567221,3.9109402245669123,1400.19357858954,7.244365776465976,52.48083550323148,41.7060828300259,3.730646989390226,70.7266311335377,,,32.3,0.82337985015728
DJI,2013,47.8759603560518,3.868613506956052,2075.94498424748,7.638171743090445,58.341667576945326,42.4859361518551,3.7491731070922296,70.7969331287484,11.3865800627511,347.720317058403,29.9,0.888889791475431
DJI,2014,42.8427623405981,3.757536723906894,2214.62084142432,7.702836490140126,59.33368999383426,43.2578515962036,3.7671787566981485,70.8899032189478,11.612957172612,298.564535821251,29.4,0.881106034903168
DJI,2015,45.1648934739259,3.8103200920011266,2376.12554719873,7.773226518816672,60.42305051283475,44.0169542709232,3.7845748840390665,71.0068853915837,11.3951494809576,268.363456254629,24.8,0.800048612533605
DJI,2016,44.0959715411584,3.7863684300072404,2510.4300076241,7.828209335231141,61.28086139619998,44.7650129421915,3.801426873200151,71.1492236341041,11.3387071221455,213.071998607921,23.6,0.718448267388038
DJI,2017,44.0854038430172,3.7861287490508992,2618.95521147369,7.870530742976865,61.94525417614397,45.5065142364107,3.817855485740058,71.318261933957,12.4061244543166,305.967966403468,23.3,0.641423683758974
DJI,2018,43.0573056895078,3.7625319189035027,2718.08338799203,7.907682274149238,62.53143894889406,46.2416738567731,3.83388142303362,71.5153442785902,13.991615352663,300.398900523844,24.7,0.686269570717672
DJI,2019,39.7218573893781,3.6819016001525955,2837.16902340932,7.950562011253851,63.211436294792875,46.9676013805004,3.8494580316815075,71.7418146554518,14.6103467336685,320.93923036418,23.4,0.765677513458601
DMA,2000,20.0245327007011,2.996958156886938,4867.39896323759,8.490314979606692,72.08544845293379,91.348,4.514676388769345,65.2352744316641,15.8601463842642,,11.1,0.791113835734408
DMA,2001,19.8322284401784,2.987308313433108,5527.51527300496,8.617493675822304,74.2611972528374,91.0506666666667,4.51141612813107,65.3586067945228,20.7378697934553,,9.4,0.798090440487348
DMA,2002,19.4522425816776,2.9679623632471235,5488.02784969357,8.610324244045463,74.13768358759708,91.156,4.512572324520525,65.5209250395792,21.9320066334992,,13.6,0.719645442976875
DMA,2003,19.005845655251,2.944746597912784,5447.44011496284,8.60290107363542,74.00990688275748,91.3746666666667,4.5149682700924725,65.7244163144059,17.6366125639906,,10.6,0.817148443769973
DMA,2004,18.6143081909513,2.923930542570222,5778.83306546506,8.66195704949548,75.02949992730446,91.532,4.5166886379172775,65.9653093849432,16.8272462469191,,11.4,0.871097903829626
DMA,2005,18.3989007188307,2.9122909192884134,5695.22442394675,8.647383282294786,74.77723763091134,91.6453333333333,4.51792605464054,66.2400724917823,16.0776967254217,,10.0,0.856926702941776
DMA,2006,18.3605921501588,2.9102066368595523,6055.78109574854,8.708768647791016,75.84265136074777,91.7413333333333,4.518973022890894,66.5451738755145,16.4681516773035,,9.8,0.908351015899776
DMA,2007,18.3896757586464,2.9117894070658195,6459.03503689609,8.773235210525593,76.96965605920605,91.796,4.519568723692365,66.877081776731,16.1554158164328,,7.8,1.09808706261711
DMA,2008,18.4414086180074,2.914598604473811,6971.32633839289,8.849560778103609,78.31472596534975,91.8053333333333,4.51967039325186,67.232264436023,14.5994243871575,,8.0,1.06892845731548
DMA,2009,18.4710478019561,2.916204522540134,7487.49010395154,8.92098892074691,79.58404332408911,91.8186666666667,4.519815617551046,67.6071900939817,13.1643405618567,,7.5,1.0891031598513
DMA,2010,18.4338503842066,2.914188669242918,7549.61964680375,8.929252463067273,79.73154954919296,91.812,4.5197430080377154,67.9983269911984,13.542839229991,,10.3,1.12258383072656
DMA,2011,18.0656281510706,2.894011135712247,7705.40717248319,8.949677591586145,80.09672899333918,92.0706666666667,4.5225563981409955,68.3978165602727,14.7847029833916,,13.8,0.861656988110582
DMA,2012,18.6039506649296,2.9233739595054855,7528.51001990155,8.926452428691555,79.68155296169336,92.1573333333333,4.523497261343765,68.754609337094,15.0217799795012,,11.3,0.785613009635695
DMA,2013,19.0541863206737,2.9472868317963297,7822.21797211398,8.964723421472065,80.36626602348981,92.9533333333333,4.532097575098765,69.119704197722,13.4469362528695,,11.4,0.859212508068565
DMA,2014,19.2837003253437,2.959260196355406,8131.74876096735,9.003531279161203,81.06357549483417,93.8306666666667,4.541491739324854,69.4907847110252,13.5409587791002,,9.9,0.950648686285933
DMA,2015,21.0213905070044,3.0455405148785997,8282.59874702141,9.021912056472,81.39489715471484,93.88,4.542017370982823,69.8679153463528,11.9415971243125,,8.7,1.02826303081949
DMA,2016,21.0269310891431,3.0458040489251657,8802.56172041363,9.082798062696035,82.49722064771485,92.808,4.5305328429731055,70.2511605730541,12.5108806035108,,10.7,1.11628307904491
DMA,2017,20.1703226562748,3.004212348678767,8224.64896571414,9.01489089578227,81.26825786285808,91.328,4.514457421854371,70.6405848604787,11.6477982459601,,9.7,1.01027797243635
DMA,2018,20.3127256712935,3.0112475699996133,9215.3085405645,9.128621351970367,83.33172778764929,90.8986666666667,4.509745332942376,71.0362526779762,16.4273165670357,,7.9,1.04878692756769
DMA,2019,20.0434244381572,2.9979011417658796,9491.14995962374,9.158115060197826,83.87107145582223,90.5066666666667,4.505423512817807,71.4382284948964,16.4478298361598,,7.6,1.26988803771361
DNK,2000,15.647778890228,2.7503289829669133,30722.0251837567,10.332735109039135,106.76541483356998,133.4904,4.894029565142288,85.0999984741211,23.6797577866217,83.0420859548864,10.7,9.95378693898587
DNK,2001,15.395412363636,2.734069566573827,30768.4775471112,10.334245988610062,106.79664015310317,133.969575,4.897612721931844,85.188307882087,22.8976347853224,83.922664599029,11.1,10.2155097528674
DNK,2002,15.0817525522341,2.7134855728187897,33257.1622586509,10.412025429162615,108.41027353752892,134.398275,4.900807593185253,85.3000030517578,22.6551034070512,84.4845925538271,11.9,10.0932099016896
DNK,2003,14.742653395412,2.6907448838180077,40519.0974905924,10.609528684930767,112.56209891636878,134.76435,4.903527697625569,85.4199981689453,22.1695327851468,80.7613001763544,12.7,11.0731621530472
DNK,2004,14.4139688325594,2.6681977941965536,46625.050098011,10.749893231433711,115.56020448722433,135.113075,4.9061120204460975,85.7130276911593,22.1370994736383,82.0077308240144,14.4,10.0130575815849
DNK,2005,14.1315528030661,2.6484100847184058,48925.8076698784,10.798060300454607,116.59810625225383,135.4858,4.908866837780191,86.0059706832865,22.1118631886264,89.3987952460671,16.1,9.34585026622716
DNK,2006,13.8645243458452,2.629333372373626,52119.1787984282,10.861288275136685,117.96758299562163,135.9318,4.91215328936939,86.2501288149818,22.6855310952049,97.4298607727841,15.3,10.777426621291
DNK,2007,13.5854420597073,2.608998782629145,58631.6566433635,10.979030045458158,120.53910073907296,136.53595,4.9165879499126035,86.4251464366349,22.0583080495124,100.047674594039,17.7,9.86357439194586
DNK,2008,13.3353192238882,2.5904160961467144,64616.6657583663,11.076227640374215,122.68281874138975,137.340525,4.922463425815193,86.583137512207,22.6089943597854,104.470310168489,18.5,9.21101037002735
DNK,2009,13.1551691176237,2.5768147701772914,58412.7472358513,10.975289419584382,120.45697784364087,138.077375,4.927814216435988,86.7617653139929,19.8459601671915,89.3948566562728,19.3,8.7648139313193
DNK,2010,13.0860050201498,2.571543340074999,58104.5445594981,10.969999159393712,120.34088155709875,138.692075,4.932256187981083,86.8652420043945,19.3679354644121,94.3877282319057,21.2,8.75320381499808
DNK,2011,13.3556789508458,2.591941683970228,61809.737898222,11.03181620220139,121.70096871915312,139.2643,4.936373566533033,87.1567653955846,19.8459237938884,102.012930474308,23.8,7.80618220175594
DNK,2012,10.811456086122,2.380606320648787,58443.7747103968,10.975820454990158,120.46863466018036,139.7893,4.940136288959232,87.2336196899414,19.8506421545794,104.362280505171,26.9,6.9026384708987
DNK,2013,10.3963287855885,2.3414527424419505,61377.5940590412,11.02480012993141,121.54621790493565,140.3733,4.944305302566754,87.5436524760432,19.734359858156,103.612813249189,27.0,7.18355983652162
DNK,2014,10.8104890765495,2.3805168736017364,62520.4509747011,11.043248997796363,121.95334842733038,141.086875,4.9493758353968555,87.6823985731907,19.4044479337978,103.210859225139,30.2,6.41399137942491
DNK,2015,10.2267270069046,2.325004588097561,53094.0133607574,10.879819458138824,118.37047144169618,142.087075,4.9564400738937255,87.7254056577329,19.5644428511085,105.130362453899,32.5,5.99477468305967
DNK,2016,9.23431703209402,2.2229266566223536,54500.9260410217,10.90597297208536,118.94024646785638,143.20025,4.964244000335078,87.6999969482422,20.2319629319966,101.452783808643,32.0,6.2287600754887
DNK,2017,10.0945595167367,2.311996617007638,57521.5514992225,10.959914965244344,120.11973604538694,144.1245,4.970677509372451,88.0161943799509,20.4236252284711,104.215676920442,35.0,5.81887534735593
DNK,2018,10.3539340590391,2.337366549813409,61324.7665045565,11.023939061611191,121.52723243411702,144.8409,4.975635898631242,88.1059762310689,20.5755636281273,108.813985501909,34.6,5.78874820578994
DNK,2019,9.61197285377196,2.2630094936683993,59404.2663247723,10.992121326420907,120.82673125475732,145.36055,4.979217207790168,88.2096490810669,20.6402200527554,111.891475065653,37.2,5.17323991963432
DOM,2000,19.0738112994015,2.9483162580282776,2831.45883638033,7.948547347705056,63.179404938709084,177.689712274891,5.180038839702428,61.3128549215919,31.6704245093107,79.3003930961432,19.1,2.21497893219978
DOM,2001,19.0126188238523,2.9451029073411505,2935.89367312668,7.984767174203522,63.7565068262381,180.506789484579,5.195768391938528,62.2979450293469,29.7327726328976,70.5105678080061,18.9,2.19583469940138
DOM,2002,18.832373469996,2.935577381990562,3065.60329524196,8.027999662685266,64.44877858407474,183.238149451459,5.210786669925082,63.2914022524877,31.088108747831,68.7232829028777,17.9,2.374394715007
DOM,2003,18.5910355134394,2.9226795028952686,2383.26171780393,7.776225298094603,60.4696798867265,185.895673773546,5.225185622662878,64.426197134766,31.8823029095459,84.4495031861592,18.9,2.09259494333353
DOM,2004,18.3465652297896,2.909442376042145,2451.69161616569,7.804533520861816,60.91074347825573,188.468060442972,5.2389285519105435,65.8914085229291,31.8129445090859,81.3514229381911,20.7,1.91386125173149
DOM,2005,18.1569228946537,2.8990519146888705,3878.31206735244,8.263155303774978,68.27973557430455,190.954957565721,5.252037575972475,67.5759180469321,30.2693576810614,61.6535587358027,19.4,2.03684886147845
DOM,2006,18.0088110623915,2.8908611415946206,4055.14270347371,8.30774115790901,69.01856314681534,193.359200993583,5.26454960416484,69.333853706035,31.1098612659885,63.7664826351505,18.0,2.20308284293328
DOM,2007,17.8592437232185,2.882521229827182,4649.64558875814,8.444546278205335,71.31036184475158,195.728793210515,5.276729992912811,71.0193434994977,30.5469468544139,61.229259153164,17.9,2.19492921592553
DOM,2008,17.7216483065249,2.8747869604064658,5023.58513403515,8.521899127914168,72.62276474634425,198.160422272821,5.289076916147853,72.4865154265802,29.3755031583439,61.4285058325394,17.7,2.16443315822516
DOM,2009,17.6094522417012,2.8684358170670032,4973.95186999952,8.51196994799959,72.45363239564816,200.688573794245,5.3017543224140296,73.5894974865426,27.3561708818325,50.6509376792025,17.3,2.04647320109352
DOM,2010,17.5360829581378,2.8642606414876384,5478.62470398954,8.608609382019452,74.10815549219333,203.274166839164,5.31455564339734,74.1642773174177,27.2729956898842,56.0573964175321,16.9,2.13109236851685
DOM,2011,17.4713311482988,2.860561317482378,5826.51014109195,8.670173496523594,75.17190845982016,205.870854895467,5.327249054211162,74.2440389501301,27.543253721519,59.0692578401698,16.8,2.12429168575798
DOM,2012,17.6468205135185,2.87055562627485,6013.81965002603,8.701815374742651,75.72159081610758,208.453963982612,5.339718220613311,74.2398679969568,27.3630347889582,58.5062536731089,16.5,2.17318836341436
DOM,2013,17.6634551412186,2.87149782389989,6136.59429329301,8.722025191892458,76.07372344800666,211.008755951149,5.351899630013883,74.2251359951216,28.042816852784,56.8137658014945,16.6,2.10753894045547
DOM,2014,18.9396637119659,2.941258332160276,6496.45166971142,8.779011409860257,77.07104133445657,213.527799627406,5.363767033219882,74.1931533822153,28.3860007406051,55.6601041506633,17.3,2.10372169025182
DOM,2015,19.9571847572804,2.993589216711217,6800.95309395474,8.824818042218277,77.87741347826123,215.997288346098,5.375265853652113,74.1372305958285,26.9345632876959,52.3471238667007,14.9,2.28789566173054
DOM,2016,19.2491722418682,2.9574680593868177,7160.44200982307,8.876326991264788,78.7891808558558,218.410888014904,5.386378096176198,74.0506780735522,25.8795514870557,51.7306571245477,15.3,2.35715917178999
DOM,2017,19.1203299259262,2.950752163014453,7412.71571571512,8.910952144496719,79.40506812151067,220.799896501759,5.397256845660797,73.926806252977,25.7840049829017,50.7595355508472,16.9,2.23015375777069
DOM,2018,19.5892802619564,2.9749824912078258,7882.98221584944,8.972461565044354,80.50506653619817,223.18470296005,5.407999693033293,73.7589255716938,26.9196437003489,52.3351709577013,15.9,2.37696846787898
DOM,2019,19.4968181870994,2.9702512823637077,8183.01623600375,9.009816094639277,81.17678605922094,226.026774543851,5.420653463688069,73.5403464672933,27.3564369481505,50.912982200697,14.4,2.61257459696093
DZA,2000,28.2331081205494,3.340495336118039,1772.92869122761,7.480388085991623,55.95620591704542,12.9753428165963,2.5630508500205496,59.8521239445692,53.3309696535528,62.8583436360347,0.4,2.84556706172908
DZA,2001,28.1319306652494,3.336905253820575,1896.30020878013,7.547660008245038,56.96717160006149,13.1547612249868,2.5767837634333266,60.6177172788536,40.8145902645976,54.5296491177208,0.4,2.73923253741053
DZA,2002,27.867944303466,3.3274770785820516,1937.46411413019,7.569135239316716,57.29180827106612,13.3309408247752,2.590087711203017,61.3812658601162,39.7667145410183,56.5896052814114,0.5,2.82473516050838
DZA,2003,27.5018984382489,3.314255036407922,2283.77299346126,7.733584175933271,59.808324206245494,13.5093746588628,2.603383863621973,62.1427907986812,42.0401015762179,57.7691353044878,0.5,2.9993425497372
DZA,2004,27.0945424726476,3.2993323228318676,2816.99384960555,7.943425584560376,63.098010017448345,13.6993483755574,2.6173482678749576,62.9023132048725,44.9814633218361,61.3579975707176,0.4,2.96141820014695
DZA,2005,26.7066258097118,3.2849116922872916,3233.13339634212,8.081207037728579,65.3059071866339,13.9012860345798,2.631981356330258,63.6598541890144,48.5068360058496,66.8404602203906,0.6,3.06259438261496
DZA,2006,26.3355700886845,3.270920500268334,3660.66104745322,8.205399024144914,67.3285731454383,14.1172025493967,2.6473940927056776,64.4154348614309,50.8913842012469,65.9152919677621,0.4,3.13780186991803
DZA,2007,25.9305422423959,3.2554215111096303,4167.45169937531,8.335060024725827,69.47322561578251,14.3548061501255,2.664084809485017,65.1690763324461,50.3717168823853,67.5454733939763,0.4,3.18566716670446
DZA,2008,25.4799096142764,3.2378902833772782,5180.91881514686,8.552737696965488,73.14932211309453,14.6182878903659,2.6822733401019163,65.901485871159,51.6161712058703,71.0284922505261,0.3,3.26590250079552
DZA,2009,24.9720395477565,3.2177567808822296,4235.42990456612,8.351240114228373,69.74321144549714,14.901057630136,2.7014321923206404,66.5097384559521,42.0128802106709,64.2847547238993,0.3,3.27099589762822
DZA,2010,24.3952993862667,3.1943904656363027,4912.78585503672,8.499596443805036,72.24313970754321,15.1940329339055,2.720902780638606,67.1235057867459,45.2431946364671,63.4912159928425,0.3,3.27777236779378
DZA,2011,23.5721077905837,3.160064139788209,5916.31364364343,8.685468838592291,75.43736894615772,15.4942924080714,2.7404717243739176,67.7344007507578,44.9869856015855,62.2200899610479,0.2,3.38189926038203
DZA,2012,24.3968164333132,3.1944526497421366,6033.64884689543,8.70510722228401,75.77889175146123,15.8061610419273,2.7603998033888133,68.3421258553675,43.1950549091774,60.7576393340605,0.2,3.72600758334859
DZA,2013,22.3802640164928,3.108179499797788,5979.60138960585,8.696109187466437,75.62231500033818,16.1286164736705,2.780595114972342,68.9463836079277,39.7438543670176,59.151008157244,0.1,3.79361564251901
DZA,2014,24.111122951181,3.182673267266926,6094.69392314956,8.715173822959517,75.95425476439881,16.4606678310815,2.8009737673955777,69.5468765157615,38.5614138325673,56.9235419669867,0.1,3.95441595238121
DZA,2015,25.6188658260447,3.243329026403777,4685.05902729002,8.452133793801268,71.43856566831742,16.8026368106356,2.8215358271074016,70.1433070861612,32.7565009315894,53.2046225904145,0.1,4.11245469680565
DZA,2016,25.5531525527547,3.2407606966214457,4424.98529027556,8.395022233204992,70.47639829600614,17.1516218598076,2.842092738225566,70.7353778263851,32.205164049828,49.7609327925216,0.1,3.93495625205734
DZA,2017,24.7521457818965,3.208912183515067,4554.66753957828,8.423907819012364,70.96222294321764,17.5037080018356,2.8624127443040157,71.3227912436551,33.4766949498416,49.8208161712587,0.1,3.98952018838216
DZA,2018,24.9335900639775,3.216215892942901,4577.21029180491,8.428844984934633,71.04542778005772,17.846203680417,2.8817908066380338,71.905249845153,35.3432586054084,52.4361676779223,0.2,4.1125786627396
DZA,2019,24.3886086444981,3.1941161644545963,4468.45341883656,8.404797636427078,70.6406233092902,18.1776961381175,2.9001953556429867,72.4824561380175,33.5743211841578,46.5068426081672,0.2,4.19651934911155
ECU,2000,43.2126751514231,3.766133858497801,1382.23421759909,7.231456467246611,52.29396263768283,51.0919874375906,3.9336276833022925,60.6865005107058,34.6929113152167,65.4042953826391,19.4,1.73867458688905
ECU,2001,43.1110715739064,3.7637798451865243,1791.30359685037,7.490698900174364,56.11057001307342,51.9839748751812,3.950935495608322,61.0123544006659,28.4638100268279,56.128486744205,17.1,1.88347840635006
ECU,2002,43.0813974104958,3.7630912893316415,2059.1585535974,7.630052709209913,58.217704345321536,52.9009180222258,3.968420692630988,61.2871268050958,27.9809746339912,54.7966439366136,17.1,1.84934747358749
ECU,2003,43.0473470554907,3.7623006042475806,2315.62215223014,7.747433678677548,60.022728605507126,53.8424303430504,3.986061824418922,61.5418469886978,27.5468648555501,52.3575426975979,16.6,1.86512333773995
ECU,2004,42.9326149031908,3.759631791240803,2586.20914663347,7.857948432563203,61.747353568822504,54.7942543082622,4.003585340067617,61.7829573274038,29.6637383769892,56.0745467239942,16.7,1.96681520153907
ECU,2005,42.6608953478956,3.753282700818637,2909.02606014388,7.975573616909485,63.60977451874265,55.7503744564342,4.0208841270250115,62.0068704145716,32.1244730702211,61.9581507902572,16.2,2.08473639953538
ECU,2006,40.6649998941415,3.705367769015554,3243.67010359339,8.084460715734057,65.35850506424723,56.7165847962635,4.038066668779617,62.2099988435587,34.7933483797009,65.8423556166562,14.2,2.19912763838417
ECU,2007,36.2866971643751,3.591451204803559,3478.92488770671,8.154478584722467,66.49552098869732,57.6935617651796,4.055145586095682,62.3887552077227,35.4352292862054,68.8505854462677,15.9,2.20911448593679
ECU,2008,30.8131172297608,3.427940483399786,4194.75750661981,8.341590811895546,69.5821372731002,58.6857867611532,4.072197563974161,62.5395521004212,38.9201614839835,74.5902963648439,15.3,2.24142348078606
ECU,2009,25.5313901614633,3.2399086818454834,4053.36331139298,8.307302262727573,69.01127088431865,59.6954179416975,4.089255266057665,62.6588021150118,31.0916213331503,57.3473460627608,12.9,2.38705043871039
ECU,2010,21.7286460306471,3.0786314835671544,4520.30959039763,8.41633576393151,70.8347076912326,60.7050048316959,4.106026146588982,62.7405258611644,33.9061751825852,65.7773849135062,11.8,2.53722052479008
ECU,2011,19.5919330091265,2.97511790034668,5153.6916424375,8.547468560636602,73.05921879507115,61.7097237880496,4.122441516355524,62.7949053547691,37.4057005178901,70.0356837525249,13.2,2.50021091296638
ECU,2012,20.8650376880852,3.0380749203244246,5634.08393191094,8.636589845718136,74.59068416316163,62.700088581092,4.138362860414464,62.8408732819135,37.0917503800762,67.0029290916898,13.2,2.48269447452299
ECU,2013,19.8592620729833,2.988670501480752,6109.29031510341,8.717565894045311,75.99595511702202,63.6460299565147,4.15333695002616,62.8837286624122,36.8322936524171,63.4333003342414,11.8,2.60378102840693
ECU,2014,20.2791788990402,3.0095946896903047,6405.79979300441,8.764959076637384,76.82450761512806,64.5640360766629,4.167657538684542,62.9232432195799,35.7119955282529,61.4263766217565,12.2,2.71026279559796
ECU,2015,20.1729639726852,3.0043432907330656,5976.1596805651,8.695533446764424,75.61230192379878,65.4945442100177,4.18196684466848,62.959188676731,28.0900423392523,47.8280397077826,13.1,2.66047592480738
ECU,2016,20.7399169622061,3.032060199042455,5917.63771271481,8.685692613228005,75.44125617148353,66.4565107102593,4.196547759445536,62.9913367571804,27.5339637947157,40.5344917996647,14.8,2.548787986578
ECU,2017,19.2459328647667,2.957299758658703,6233.32244797718,8.737664767859222,76.34678559548836,67.4807497181511,4.21184236784354,63.0194591842425,28.4680086969835,43.6177233172817,17.0,2.44983761168802
ECU,2018,18.386683414634,2.9116266751322475,6303.91886658338,8.748926761306318,76.54371947470186,68.6485223063295,4.228999606947054,63.0433276812321,28.0147488586162,48.0093476154836,16.3,2.47598953802116
ECU,2019,17.769931645036,2.877507795509527,6205.05765246766,8.733119988887672,76.26738474030942,69.8180906748269,4.245893154909773,63.0627139714638,26.6504631266844,48.0828494933307,17.7,2.41784020907472
EGY,2000,59.9928979498542,4.094226187713685,1366.09274372613,7.219709932208249,52.12421150522644,73.4173328645336,4.29616005031178,42.7339398932519,30.7518670979124,39.0179359012055,8.3,1.75027301728806
EGY,2001,60.0815905937601,4.095703481701973,1295.1374184163,7.166372083111063,51.356888833593594,74.9932482796725,4.317398086546302,42.7835506765333,30.8988569835517,39.8104265402844,7.8,1.89148509278964
EGY,2002,60.3326484423888,4.099873390749673,1116.82884626213,7.018248561063978,49.2558128648766,76.587610628359,4.338435322520898,42.8347629483917,32.5835048825548,40.9870678279229,7.3,1.90141842765088
EGY,2003,60.7246100249955,4.106349052883186,1031.27556291284,6.938551725620784,48.14350004911516,78.2094007735195,4.359389854821217,42.8834685533792,33.3705868263473,46.1796407185629,7.4,1.89914658738482
EGY,2004,61.2360138708351,4.114735478384198,991.255689145253,6.898972512297282,47.59582172543347,79.8407182681199,4.380033628306929,42.9255593360476,34.6679167525242,57.8199052132701,7.6,2.0184066565906
EGY,2005,61.8453985091626,4.124637698482542,1105.53920713903,7.008088465194647,49.11330393599427,81.4717002360741,4.4002557235791215,42.9569271409488,34.1486722376973,62.9526462395543,6.5,2.1995658648073
EGY,2006,63.7829449518881,4.155485834110928,1298.97900203124,7.169333851821889,51.39934787887929,83.0784097644281,4.41978485780917,42.9729991680104,36.1547353084021,61.5185365063947,6.2,2.28386190572735
EGY,2007,67.4614819486479,4.211556797204962,1547.74170735909,7.344552184516528,53.942446791086496,84.6614345270983,4.438660179516883,42.9729666344509,35.0653866809882,65.077873254565,6.0,2.39637572755543
EGY,2008,71.6335196352872,4.271563115748782,1896.21594269779,7.547615570157506,56.966500794884006,86.2572595308654,4.457334220843304,42.9608989120873,36.2125516471245,71.6806253489671,5.9,2.35283522329508
EGY,2009,75.0515681476511,4.318175452566724,2161.63964573927,7.678622307960794,58.96124054831314,87.9015882264303,4.476217873087968,42.9383470624904,35.8164459796584,56.5534446363462,5.7,2.40386934022582
EGY,2010,76.4681376215846,4.336874152392942,2455.08194645282,7.8059154190820585,60.93231552986303,89.6037691496308,4.495397385498248,42.9057175520154,35.7845184816841,47.9363500745898,5.4,2.37407988100642
EGY,2011,62.0486163821917,4.127918212968347,2590.64384891965,7.859661714116598,61.774282260350255,91.5094268923602,4.51644199312066,42.8634168470177,35.9517175990081,45.2556341623514,5.4,2.40787061503775
EGY,2012,61.7247558733889,4.122685080154794,2996.0677072015,8.005055943581185,64.08092065986446,93.5868210357125,4.538889572669661,42.8118514138525,39.2513148623634,40.7117692721084,5.3,2.50058176167515
EGY,2013,70.1484599687517,4.2506138529040935,3025.52563552448,8.014840119179505,64.23766213600933,95.7693033301522,4.561942209101224,42.7514277188751,39.8869544184046,40.373038056332,5.3,2.39951090462348
EGY,2014,66.1214960792046,4.191493899424075,3133.39102265541,8.049871090906265,64.80042458020843,97.9744376914963,4.584706604763242,42.6825522284408,39.890323943662,36.9201877934272,5.4,2.39012321445552
EGY,2015,67.6489631610219,4.214332027980822,3306.98159414141,8.103791147239486,65.67143095807705,100.052581244663,4.605695860243796,42.6056314089048,36.6302017267482,34.8459429600229,5.3,2.40381816615146
EGY,2016,61.4577552982506,4.118350033065144,3270.6287768197,8.092737531895827,65.49240076015535,102.109185795369,4.626042689736508,42.5210717266225,32.4559533476046,30.2465490514505,5.1,2.46076060182603
EGY,2017,58.9353384135579,4.076440883811158,2395.10333299491,7.781181654214873,60.5467879358901,104.170030639409,4.646024474125229,42.4486008687179,34.3958677753768,42.8321343581608,4.9,2.52378641552398
EGY,2018,65.4631301601869,4.1814870858367135,2484.70315630508,7.81790847719232,61.11969295775555,106.165145411623,4.664995857308541,42.4577177449969,35.3298750589345,45.9110196733959,5.0,2.42443152195678
EGY,2019,67.7529020891301,4.215867294106319,2962.98892023003,7.993953808190951,63.903297487490605,108.044761665578,4.682545601125916,42.4812027332648,35.8254244102931,41.1240171551108,6.2,2.20383858928624
ERI,2000,43.5875022656422,3.774770463980941,314.357396753501,5.750530544863994,33.068601547413785,22.2478316831683,3.1022445514215775,34.0983619689941,19.160680418751,67.8813619265146,76.8,0.298304740789068
ERI,2001,43.2294261758956,3.766521424843944,325.409161513593,5.785083349009357,33.467189354985315,22.8918712871287,3.1307818819174154,34.3253211975098,18.5335104260986,72.0627109589752,74.8,0.318025465392835
ERI,2002,42.3748453519965,3.746554916183548,304.775756465092,5.719576281492563,32.71355283981229,23.6928514851485,3.1651733775438666,34.5420799255371,19.1738449069837,76.5901636574451,74.7,0.30322050599713
ERI,2003,41.3525620117836,3.7221343787228274,348.950327077742,5.854929582782515,34.28020041934183,24.6921089108911,3.206483715298331,34.7451286315918,19.69660113404,74.0078242901552,75.0,0.28084492460212
ERI,2004,40.4913783730953,3.7010890717737395,426.840947887032,6.056411456453967,36.68011972986686,21.4765054072847,3.066959565869029,34.9324645996094,19.6127388525368,65.570906849032,69.8,0.276105306425318
ERI,2005,40.1200966537702,3.691877372207737,412.753079199423,6.022849542976948,36.27471661733763,21.9889099906246,3.0905382349263193,35.1022033691406,20.4623875049573,61.1060310218073,74.7,0.227039153168759
ERI,2006,40.1585888331385,3.692836336149029,447.997404727201,6.104787439378565,37.26842967999429,22.3422474247986,3.106479389512123,35.2525177001953,18.1529072515031,45.2608460537354,77.3,0.200998556686845
ERI,2007,40.2784930377592,3.6958176549796846,480.44762365456,6.174718218628331,38.127145079460625,22.6651485964038,3.1208284405770916,35.3820953369141,19.1952082293037,34.5595595326375,79.1,0.1932399200648
ERI,2008,40.4362607063139,3.6997269246524174,490.066956003333,6.194542026674369,38.37235092023499,23.2643755206101,3.146923242925187,35.4897117614746,25.9146824489119,30.5609500494496,81.4,0.164434030565343
ERI,2009,40.5883432774844,3.7034809139913105,642.92572288007,6.466029201048852,41.80953362881645,23.8530992984597,3.1719141585125814,35.5742034912109,21.8193391437224,27.9721416148149,81.7,0.166523251445262
ERI,2010,40.6911921899525,3.7060116609196605,539.699512069686,6.291012525547268,39.576838596592616,24.3272910774296,3.1915988097593257,35.6346549987793,,37.4714654565691,80.9,0.175472788475838
ERI,2011,40.8624855844964,3.710212419269512,688.68165957684,6.534779131699235,42.70333830009181,24.7626561652109,3.209336718525163,35.6706275939941,,47.3937901188684,77.1,0.205637180109289
ESP,2000,16.0217993612102,2.773950255008873,14743.2671031455,9.598541789971568,92.13200449383059,81.2983246492986,4.39812540932174,76.1650552349602,28.0206433600126,60.1216241049216,7.9,7.64971752025199
ESP,2001,15.8475793759903,2.7630167679025774,15368.2337984435,9.640057917661894,92.93071665587577,81.9433763941266,4.4060284769584275,76.3156889510385,27.9885528091555,58.0138895625701,8.9,7.60182785916578
ESP,2002,15.5644729498625,2.744990942084321,17111.0685058941,9.747480814141166,95.01338222205014,83.0225192369349,4.419111887104688,76.4934217249538,27.7644102520327,55.1021415309759,7.4,7.93091826283723
ESP,2003,15.2122004417795,2.722097766535836,21522.0170990262,9.9768317412506,99.53717159322547,84.5088139260031,4.436855835740155,76.709335590859,27.4144338425007,53.4357897202258,8.9,7.96364196200096
ESP,2004,14.8304822106943,2.6966846715142854,24925.0267844576,10.123627669431572,102.48783718928053,85.9848050803317,4.4541705955304325,76.9549627547133,26.9674522329282,54.4795182656074,8.0,8.21253115688392
ESP,2005,14.4590386155595,2.671319728736074,26450.9530130382,10.183047467376038,103.69445572283355,87.4654972049129,4.4712443979417795,77.2206801920294,27.1317779343664,54.6991667043772,7.3,8.42628442319919
ESP,2006,14.0220409091183,2.6406304422757634,28421.686527407,10.25490774286739,105.16313281472155,88.9761493446631,4.488368348926347,77.4968648783202,26.8985528012609,56.0839263823216,8.5,8.07106843546116
ESP,2007,13.490557436925,2.6019899915990603,32652.015594702,10.393661866174403,108.02820698836797,90.6149005229308,4.5066186644590704,77.7738937890987,26.2669355504802,57.6269487657546,9.0,8.21432370534791
ESP,2008,12.9746541971488,2.5629977772246413,35603.248328071,10.480192157848068,109.83442766542014,92.1293223736969,4.523193267983587,78.0421438998777,26.1869489550822,55.8281315172523,9.7,7.40131034210523
ESP,2009,12.584397187959,2.5324577281916825,32279.8208476151,10.382197572418518,107.79002643273296,92.9750651746681,4.53233134080221,78.2919921861701,24.7821508122163,46.8366899971109,12.2,6.47936608687463
ESP,2010,12.4298524075247,2.5201010315603063,30658.7422282912,10.330673128371389,106.7228072852547,93.1519309613808,4.534231826423518,78.5138156234888,22.985948966945,52.6933699734019,14.4,6.17799635729276
ESP,2011,13.4200482874381,2.5967497297068163,31824.6219134777,10.367995543181516,107.49533158343179,93.5078358806114,4.5380452389928445,78.695397956495,21.8871702738867,58.5118228859632,14.7,6.19393014485236
ESP,2012,12.0395432976255,2.4881965070703296,28456.4438151477,10.256129910046859,105.18820073175779,93.5068371284061,4.538034557989165,78.8455680301618,20.7992748782776,60.5540346961864,15.8,6.09265740713323
ESP,2013,11.2505956077366,2.420421070158923,29228.846559842,10.28291139649337,105.73826678813323,93.169262909578,4.534417870188987,78.9858086902112,20.0279432010078,61.6687726441327,16.9,5.5007234648845
ESP,2014,10.5798592110443,2.3589521192569536,29707.765509467,10.299163755580002,106.07277406425277,92.8824553687451,4.531334772965548,79.1196713833488,19.8695989889783,63.39926213895,17.3,5.49369292128904
ESP,2015,11.2555313002962,2.42085967895722,25982.4416197775,10.165176266554539,103.33080853012368,92.907597351004,4.531605422357637,79.2454892743023,19.9230622051822,63.5820412248232,16.3,5.84933711711804
ESP,2016,10.338836110853,2.335907300931671,26755.6061149398,10.19449930475678,103.92781607468648,92.9973717081295,4.5325712315509925,79.3615955277997,19.7937250159622,63.1886778507294,16.7,5.66204126256542
ESP,2017,10.4366670528408,2.3453252836718774,28381.3425596906,10.253487256138124,105.13400091178691,93.2268622784207,4.535035902035068,79.4663233085683,19.9047199031815,66.167446137857,15.2,5.97761510797052
ESP,2018,10.1845744948112,2.320874271173384,30602.4212881113,10.328834411872553,106.68482030788262,93.638281089712,4.539439285872765,79.5580057813361,19.7385743840512,67.0094103982921,16.9,5.80969253331158
ESP,2019,9.35354339662499,2.235755244409572,29786.5245689007,10.301811374547727,106.12731759676093,94.3181087826492,4.546673204953548,79.6349761108307,19.9779055762497,66.3662250440692,16.7,5.3981216422823
EST,2000,11.8151297405178,2.4693808915788176,4070.60902410208,8.311547904613604,69.0818285706868,32.9555319650861,3.4951591365405688,67.385529072627,24.8827014515579,126.495626368659,19.8,12.7571162181412
EST,2001,11.3922862404784,2.432936480800445,4502.66614992392,8.412424978073629,70.7688940117171,32.7462845010616,3.4887895052960194,67.3926456349791,25.378642214491,126.546640067292,18.9,13.1461730476221
EST,2002,10.8659889979478,2.3856376356079094,5343.18310760735,8.583576841931535,73.67779140134334,32.5395140363293,3.4824551673317794,67.4090870965661,25.4828331665145,123.28234538757,19.3,12.7007648530105
EST,2003,10.3301268581838,2.335064563616045,7205.40703313243,8.882586999986096,78.90035181232199,32.3359282849729,3.476178942851189,67.4341760348669,26.1058068328068,122.744772807796,19.9,14.2657873234504
EST,2004,9.87858866644381,2.2903696540301666,8916.0728274602,9.095610862648735,82.73013696473367,32.1431941495636,3.470200737747233,67.467351453949,25.4261030005361,129.949500077661,20.0,14.7118270889142
EST,2005,9.60526326798543,2.2623112053176024,10414.6381183565,9.250967606894243,85.58040166380658,31.9597782495872,3.4644781825006365,67.5080523578799,26.2552926540896,135.912792115107,18.9,14.813456108948
EST,2006,9.49150211652796,2.2503968842403705,12641.4800976473,9.444738757178463,89.20309019134898,31.7718801604152,3.458581626902234,67.5557177507269,26.9431146026321,136.620737662645,17.2,14.4285385466398
EST,2007,9.42873775517208,2.243762233515586,16745.4308011148,9.725880712046655,94.59275562496114,31.6272705826846,3.454019741551333,67.6097866365576,26.8422158711628,133.980829235754,18.6,17.1806098397828
EST,2008,9.37598066324752,2.2381511704655845,18205.9064113446,9.809501348512892,96.22631670647625,31.5425807973579,3.4513384043559223,67.6696980194394,26.1319416506077,136.681988157836,20.5,15.6166002288552
EST,2009,9.29224132008397,2.2291797853074735,14712.4494217916,9.59644931379145,92.09183943216838,31.4818353385232,3.4494107235817175,67.7348909034398,23.2761523015463,116.759079859802,24.2,13.0675938449549
EST,2010,9.13653020501115,2.212280685928825,14663.7041018705,9.59313061077466,92.02815491538179,31.4101203113942,3.4471301438964255,67.8048042926262,24.0345491849484,143.671762256978,25.3,16.6849546555512
EST,2011,8.27663619619013,2.1134366293538633,17555.5455239426,9.77312516325173,95.51397545658416,31.3149091766926,3.444094315659985,67.8775556334506,25.3466745057015,166.7460724339,25.2,16.8260839104471
EST,2012,7.99013886909247,2.0782081399891577,17568.2137969714,9.773846513917094,95.52807567760934,31.2030195800896,3.440514871545546,67.9629593320316,24.6316781428684,169.156067773865,25.0,16.0506269014195
EST,2013,8.08122179915709,2.0895430738684726,19310.3874900757,9.868398442029909,97.38528781065833,30.3196917414309,3.411797393883138,68.0923458296768,24.6780044555117,164.601632156916,24.5,17.9337282254815
EST,2014,8.70767888073313,2.1642052663410802,20581.7898991695,9.932161978354891,98.64784156427855,30.2402806533241,3.4091748321321576,68.2668382808032,24.1060210413845,157.953944842229,25.3,17.3074333704818
EST,2015,7.18496063252666,1.971990040396515,17722.1557669523,9.782570874036644,95.69869290555006,30.26011042098,3.4098303574275772,68.4796609690553,23.1154851402023,148.507157123558,28.2,15.9815175075091
EST,2016,6.87835279660374,1.928379204181631,18666.3736521706,9.834478983720828,96.71697688124665,30.2689210950081,3.4101214796831183,68.724038178078,23.2340417592371,147.7462327097,27.2,15.6467217413113
EST,2017,6.15485238171865,1.8172407758749907,20851.5223496861,9.945182238934962,98.90664976562742,30.816,3.428034035615715,68.9931941915158,23.180862044638,144.635650944133,27.5,16.6729670316324
EST,2018,7.7966811057876,2.0536981438870496,23618.1361254581,10.069770175776512,101.40027139295812,30.9234385964912,3.4315144269955193,69.2803532930133,23.288660554967,143.485224864735,28.6,17.8889647853178
EST,2019,6.84482514683862,1.9234929137594479,24021.2501413306,10.086694140130202,101.74139867653696,31.0385497076023,3.435229970885894,69.5787397662154,22.313384878363,140.352147998549,31.3,11.6534202327534
ETH,2000,27.3299911491215,3.307984676087802,122.269202606069,4.8062251925520165,23.099800601521668,67.411494,4.2108155375036,14.9193096160889,11.4104671171237,,95.5,0.0575065136518114
ETH,2001,27.4569433824914,3.312619082508806,118.457204255261,4.774551749821212,22.796344411720796,69.487762,4.241150650734793,15.1177673339844,11.9279294612334,,94.6,0.0688999021151379
ETH,2002,27.5334972430797,3.3154033449795905,109.593813612988,4.696780927783857,22.05975108359419,71.635517,4.27159099846175,15.333233833313,12.7402796419574,,94.5,0.068704745999111
ETH,2003,27.5918951202344,3.3175220745340424,116.800491132777,4.760467275289199,22.662048679099367,73.832663,4.301801221769094,15.5438537597656,12.8995022232624,,94.2,0.0712516626956825
ETH,2004,27.6643794033033,3.320145643541196,133.169812538096,4.891625099824364,23.92799611723172,67.4086372526321,4.210773158856705,15.7585906982422,12.6855403366012,,94.1,0.0753366257956424
ETH,2005,27.7831924816344,3.3244312508686105,158.243458082465,5.0641347210384575,25.645460472827256,69.4377847665754,4.24043116844023,15.982967376709,11.7888335264129,,94.7,0.0698363747100678
ETH,2006,28.0862784176008,3.335281144535408,189.345737521418,5.243574642984934,27.49507503655458,71.5067748631684,4.269792198542175,16.2148475646973,11.5923160493911,,94.5,0.071814738123469
ETH,2007,28.6266951557229,3.354339679534904,237.146255996319,5.4686770647071645,29.90642883805417,73.6318622061839,4.299077842466262,16.0948330261902,11.5894966658928,,94.1,0.0764266442296692
ETH,2008,29.3093559085695,3.3779067793387134,316.410475118075,5.7570403425454515,33.14351350569585,75.7983969601131,4.328077144141229,16.7936706542969,10.2068542889297,,94.1,0.0802467343345623
ETH,2009,30.0391738887093,3.4025023261419363,368.574712267445,5.90964343807342,34.923885565164234,77.9802631357432,4.356455757949158,17.1511001586914,9.68348044252178,,94.2,0.0785136417026359
ETH,2010,30.721062308711,3.424948488043271,330.619412798644,5.800967903562083,33.65122861815747,80.224030211657,4.384823098567069,17.4937839508057,9.43512813822331,,94.1,0.0760019100821557
ETH,2011,31.4291559506252,3.4477359955530833,343.024942351887,5.837803162749173,34.079945767004254,82.537679592612,4.413254911409426,17.863790512085,9.6646421928884,48.232935411689,93.6,0.0854374939680603
ETH,2012,32.643963058463,3.485659939957753,452.101031885754,6.113905676726077,37.37984262390335,84.8841807786957,4.441287748261154,18.2061367034912,9.47613796506918,45.3979041835072,93.3,0.0938018335872736
ETH,2013,32.2039077009628,3.4720878023599346,484.039833104062,6.18216720313197,38.21919132748056,87.224157853982,4.468481332156433,18.615514755249,10.9445569914695,41.4717870807625,92.4,0.106072048801188
ETH,2014,29.7131511992912,3.391589749124015,549.986577082588,6.309893872624317,39.8147606837819,89.598740246565,4.495341260133887,19.0262870788574,13.4713245062584,40.7410841498626,91.4,0.122678387639653
ETH,2015,31.4436090208599,3.4481957517128716,597.912113218663,6.39344377528803,40.876123307769255,92.0367822337439,4.522188304036083,19.451566696167,16.2977936386153,39.6561241449515,91.5,0.130068091316854
ETH,2016,30.9271256840247,3.43163365266729,641.651523286233,6.4640453577018855,41.783882386427294,94.5614799764478,4.549250204724478,19.8763618469238,21.9325618536317,34.8990210816111,90.4,0.15021997848876
ETH,2017,30.4120665058652,3.414839454193511,696.348429076216,6.545850151556607,42.84815420663365,97.1744352590326,4.576507665134392,20.3084850311279,23.5819066692345,31.1036494929016,90.8,0.144744318001779
ETH,2018,30.2623392192692,3.4099040093799835,739.702022272086,6.6062474324985425,43.642505139393585,99.8298825389562,4.603467562736966,20.7838096618652,27.3057073050799,31.1993689777881,90.0,0.155059082147088
ETH,2019,28.6876946331346,3.356468272395033,793.473247210264,6.6764198244772,44.574581672672174,102.552159549746,4.63037154280223,21.2486705780029,24.8223642571985,28.8152939288346,89.3,0.159693432847017
FIN,2000,8.00512199497353,2.0800815861793396,24335.9225082659,10.09970883025115,102.00411845585303,16.9940214714863,2.8328616040550894,67.1227685349539,31.6029504494596,74.9255788717317,31.7,11.1139059493154
FIN,2001,7.91863988097532,2.0692194588785857,24965.202996776,10.125238254156448,102.52044970343312,17.0327587905053,2.8351384774739525,67.4982392821958,30.9494996991972,70.2841376639721,29.2,12.2543758606386
FIN,2002,7.82803108552653,2.0577110205947404,26989.389260959,10.203199077410675,104.10527141327405,17.0740930431071,2.837562287976283,67.7951641569199,30.1192400970089,69.3209377526273,29.5,12.6383158244494
FIN,2003,7.73384704624823,2.0456064161920544,32920.0857192568,10.401838258653253,108.19823915918255,17.1148560359828,2.839946860376967,68.0425549126858,29.5358371673016,68.0715029595159,28.4,14.2135432592354
FIN,2004,7.63663920076146,2.032957611207866,37768.1334202029,10.539220994845463,111.07517917819139,17.1646212941988,2.842850363992155,68.2766596767133,29.3761536087085,70.967802899062,31.1,13.4759720988521
FIN,2005,7.53695898668728,2.0198187832500407,39049.8703780223,10.57259483587749,111.77976156362338,17.2234676122,2.8462728499350223,68.5140529517604,29.2555840307046,76.5889740444293,31.5,11.1028086409399
FIN,2006,7.43418344243749,2.006088747712322,41214.0187765069,10.626533739027481,112.92321930668938,17.3169839860577,2.8516877532168983,68.7588279849327,30.2474242310296,82.0005669294983,31.2,13.2647256083435
FIN,2007,7.3276683346314,1.9916573663354733,48473.0240091455,10.788762716188637,116.39740094622202,17.3919563287185,2.8560078193774547,69.0200377316963,30.6721408753388,82.8631608209175,31.8,12.8705811614152
FIN,2008,7.21793319320128,1.976568650594677,53769.4726240385,10.892461161759316,118.64571016043512,17.4840375123396,2.8612883225226513,69.2943672196361,29.5650517623923,86.1896598765527,34.6,11.2598169269803
FIN,2009,7.1054975480794,1.9608687869761006,47478.3495310999,10.76802908676937,115.9504504135112,17.5678545574202,2.8660707864574793,69.546259966947,25.6620904063609,70.1279335295898,32.5,10.6915488312042
FIN,2010,6.99088092919804,1.9446065753719337,46506.2919016566,10.74734289213496,115.50537924112383,17.6484106614018,2.8706457318121394,69.7855798796947,26.1853763280839,75.4612085231229,33.4,12.2771915772077
FIN,2011,6.87039455156535,1.9272215356718156,51060.3242589767,10.840763041323228,117.52214331811965,17.7309947678436,2.8753142249895673,70.0583261874252,25.0390832511194,78.7159444486606,35.1,10.8053750812877
FIN,2012,6.23115629479583,1.8295619166684336,47551.6740841369,10.76957227417055,115.98368696858302,17.8155615518773,2.8800723198563998,70.3661363168712,23.3588517701544,79.4303765882482,38.7,9.66512380653683
FIN,2013,5.85285267653954,1.7669291794027795,49691.0145200739,10.813579401374739,116.93349946983605,17.8978314521702,2.8846795575842545,70.6742118159277,23.2981321591964,77.485171771574,38.5,9.80540072646081
FIN,2014,6.11857316281583,1.8113289260113565,50073.7760815871,10.821252718529616,117.0995103982846,17.9720030274112,2.8888151596594462,70.9879168940753,23.0618639333511,74.6277719754196,41.2,9.05273118506377
FIN,2015,5.62500854589343,1.7272224673592729,42560.3456767103,10.658678246085698,113.60742195358048,18.0301108880919,2.8920431873955317,71.3054930040604,23.3039316434498,71.9618253787014,43.2,8.39046261440988
FIN,2016,5.27813456745499,1.6635727336740764,43451.2562442158,10.679395042685613,114.04947847773803,18.0820078312658,2.894917401412404,71.6158383428171,23.4765920163918,71.7222101178859,42.4,8.88160307084068
FIN,2017,5.12673961318144,1.6344699041471917,46085.0174739036,10.738243175594528,115.30986649820245,18.1238944459068,2.8972312027925007,71.9563038312956,24.4706416384075,75.9387822310041,44.4,8.36494370044446
FIN,2018,5.49695736300986,1.7041947324376472,49654.2497035329,10.812839259033648,116.91749284169933,18.1479501184522,2.8985576132004196,72.3423467740343,24.1107349992454,79.1436148422846,44.2,8.6010307269027
FIN,2019,5.37867032806067,1.6824411927087806,48358.1807773701,10.78639068568719,116.34622402427937,18.1673609054717,2.8996266272510085,72.7431214358314,24.1466052876512,80.5641502947367,45.4,7.99426833424913
FJI,2000,13.1254459525217,2.5745527852354577,1995.72071163264,7.5987605230493855,57.74116148665377,46.0267651888342,3.829223079210072,48.0649880871211,19.5873526859446,,50.1,1.71635694230886
FJI,2001,13.119078252,2.574067525865005,1944.997414609,7.573015926801792,57.3505702275936,46.5022441160372,3.839500571988747,48.4287914591462,20.6243487506645,,40.4,1.84040414502893
FJI,2002,13.0520184992211,2.568942796077687,2136.56794118683,7.6669560548063265,58.78221514633139,46.9649151614669,3.849400837024468,48.7795139144731,19.9006036116931,,49.0,1.50783929589103
FJI,2003,12.9523780036188,2.5612794009107644,2655.58079586044,7.8844186652555335,62.164057689029846,47.415763546798,3.858954737692227,49.1260494882891,18.655828671008,,40.8,1.76073490740933
FJI,2004,12.8482680746271,2.553209022072902,3097.19096651759,8.038250839847327,64.61347656430627,47.8580186097428,3.8682386819103813,49.4772922157817,19.7616287741578,,35.7,2.26335424753479
FJI,2005,12.76780002168,2.5469263781223894,3377.69126953493,8.124947698737179,66.01477510721458,48.2966064586754,3.877361298535448,49.8421361321385,16.4509285714286,,40.0,1.96151540324509
FJI,2006,12.6984896212967,2.541483058935162,3455.10599907349,8.147608415636649,66.38352289455314,48.7337164750958,3.8863711206227327,50.2294752725468,16.1619035995268,,39.1,2.08992941097191
FJI,2007,12.6168885408432,2.5350362768607093,3762.74692789299,8.232904535579541,67.78071709196618,49.1424192665572,3.8947225980048428,50.6494569776975,15.4808293965184,,36.0,1.92029243778346
FJI,2008,12.5346619260234,2.5284977608455437,3899.92231512129,8.268711912719679,68.37159669555233,49.4471264367816,3.900903945900598,51.0979752573339,16.0860936934707,,42.1,1.42982226015304
FJI,2009,12.4634749225413,2.5228023607170385,3164.13275408169,8.05963428568171,64.95770481893614,49.6573070607553,3.9051455510775424,51.5628013169579,16.677811857564,,41.6,1.17223796596046
FJI,2010,12.4149926761009,2.5189048290365488,3449.14452883369,8.145881516620681,66.35538568282246,49.8313628899836,3.908644562711653,52.0415147785104,16.972580397166,,28.0,1.86342771844612
FJI,2011,12.4871607646576,2.524700977612284,4139.60288609702,8.328355140986021,69.36149935438829,49.972030651341,3.911463461939702,52.5335449475105,17.4133402875203,,33.4,1.36409091456743
FJI,2012,12.692818373804,2.5410363511414475,4341.40338748749,8.375952935996727,70.15658758603219,50.0776135741653,3.9135740733833804,53.0383211294771,16.7229680523622,,33.3,1.31727652095598
FJI,2013,12.6556857350952,2.5381065794192086,4572.44377544245,8.427803083949389,71.02786482182682,50.1561029009305,3.91514019994375,53.5552726299291,16.3372143531674,,32.8,1.49844164687806
FJI,2014,12.1427162201265,2.4967295019663127,5293.35676680464,8.574207873101425,73.51704065115447,50.2235905856596,3.9164848482994796,54.0838287543856,15.0127657452154,,33.2,1.70000599399511
FJI,2015,11.9373871022014,2.4796752483549147,5097.53106864695,8.536511597309282,72.87203025099586,50.2779419813903,3.9175664517266333,54.6234188083653,15.1712702717256,,32.7,1.76054728068819
FJI,2016,12.3284242671983,2.51190751235087,5363.79026679243,8.587426143486585,73.74388776983689,50.3101258894362,3.918206366774718,55.1734720973874,16.2026860305427,,27.7,1.73254885406989
FJI,2017,12.3080401904933,2.5102527228504097,5826.84814459328,8.670231506153632,75.17291437029908,50.2878489326765,3.9177634760075186,55.7408343449609,15.6940487656539,,28.6,1.67682711135347
FJI,2018,12.7353038744821,2.54437796951165,6085.41979485376,8.713650991514301,75.92771360191817,50.2014230979748,3.916043374861106,56.2328347385698,15.5373182374238,,25.8,1.80433502693037
FJI,2019,12.9123773053208,2.558186332392543,5842.07344577597,8.672841054894672,75.21817196346653,50.0765736179529,3.913553306279346,56.70989552257,17.0371781659464,,26.5,1.76959423936413
FRA,2000,16.0892961813444,2.778154217433783,22340.5939516217,10.014160659182107,100.28341370791061,113.032119862696,4.727672024894468,76.5143983146093,21.1286830497341,57.7860470318197,9.3,6.58034817935345
FRA,2001,15.8802927901306,2.765078893314673,22331.7948343036,10.013766719315848,100.27552390887769,113.859127933946,4.734961964385454,76.9074413607811,20.764024725913,56.8932328560722,9.4,6.59967427030181
FRA,2002,15.6420884990136,2.749965261944619,24144.5727019529,10.09181490098612,101.84472799576551,114.6899378421,4.742232294411858,77.2543866607525,20.3641075404744,55.1325248503102,8.7,6.46436747006761
FRA,2003,15.3886822893843,2.7336323229624893,29479.5222101175,10.291451138916761,105.9139665447111,115.50209666945,4.749288682779336,77.4691216035138,19.9232786673445,52.5988822870657,8.8,6.49767617932604
FRA,2004,15.1340731426338,2.7169487012614306,33644.9282220364,10.423617602228447,108.65180391748672,116.351401799796,4.75661493780461,77.4900500011961,19.6686920294036,53.7497648292028,8.9,6.46668310699496
FRA,2005,14.8922600401531,2.7008416175927126,34696.3718316971,10.454390402304016,109.29427868378633,117.229527785509,4.764133788972826,77.4363315105438,19.3552308487449,55.8228361241299,8.6,6.45391402908229
FRA,2006,14.6287316954908,2.6829875192365216,36431.5658906555,10.503190872626895,110.31701850683292,118.048690973189,4.771097174721113,77.3467240068648,19.0188918781413,57.8692775292673,8.5,6.24021668362979
FRA,2007,14.3339971201938,2.66263413666434,41486.1907828787,10.633115898624695,113.06315371358525,118.780758883013,4.77727943154704,77.2457976606157,18.8988946301681,58.1525611309659,9.4,6.09003030294036
FRA,2008,14.0595857426506,2.6433044224100963,45464.8181385158,10.724694078119368,115.01906306924865,119.445432785973,4.782859637678526,77.1561901569367,18.6335203970131,59.1797928411748,10.5,5.94290191259616
FRA,2009,13.8570269912499,2.6287924679569197,41728.0884164132,10.638929764159013,113.18682652670854,120.060183690509,4.787993147811774,77.1005391809676,18.0198241569733,52.1991123027613,11.2,5.71717317269645
FRA,2010,13.7778502943804,2.6230622515567696,40694.8211697025,10.61385611934683,112.65394172219614,120.653513312923,4.7929229115221,77.0962844808803,17.5945885002022,56.587555247796,11.9,5.80194807906
FRA,2011,13.7974719352463,2.6244853822831598,43929.7840873812,10.690347822033576,114.28353655605802,121.237276185175,4.797749585632175,77.1182717387509,17.6800048726048,60.6056354816406,10.6,5.56604040689413
FRA,2012,12.5585885208406,2.530404775811104,40863.5814412333,10.617994516053528,112.7418075429428,121.825139623342,4.802586734826528,77.1669464919916,17.4684347699959,61.6589570771102,12.3,5.55949763606406
FRA,2013,12.4582922718332,2.522386447130944,42669.1795111893,10.661232147292914,113.66187089847188,122.456502458484,4.807755884956692,77.2440721470918,17.5699939241217,61.8192338733962,13.4,5.45712098979101
FRA,2014,10.687674674804,2.3690911779706294,43148.0459288416,10.672392409943663,113.89995975182312,123.039367288246,4.812504363418413,77.3524296788613,17.3416195349368,62.1992669379507,13.2,4.93048874498212
FRA,2015,11.3442976642006,2.4287152092375277,36702.4323733379,10.510598309049092,110.47267681418563,123.477636144355,4.816060055818995,77.7610919150066,17.236441547058,63.5046871956484,13.3,4.99116340691761
FRA,2016,10.508154814077,2.3521516046874518,37024.2157133669,10.519327456288199,110.65625013261875,123.803885332591,4.818698743704646,78.5999114705779,16.9433572396904,63.3427564383351,14.2,5.01727531627851
FRA,2017,10.4583123660264,2.3473971039397314,38687.1626407164,10.563263109278209,111.58252751583792,124.163688653864,4.821600764868157,78.6467804026368,16.7483032647876,65.3958481559711,14.1,5.06155143263354
FRA,2018,10.4599453286038,2.3475532319121997,41418.1766484844,10.631475112939684,113.02826307705587,124.609607570276,4.825185710686323,78.6714432536599,16.725283255726,66.8022607812266,15.2,4.89217066506758
FRA,2019,9.82524600527018,2.284955196146206,40408.2848574751,10.606790113654695,112.50399651512298,125.024698023935,4.8285113019765955,78.6890784549356,16.907003960354,66.4289771741449,15.5,4.79214044818249
FSM,2000,13.1776879259206,2.5785250907664317,2049.3453246655,7.625275667306456,58.14482900241591,160.062857142857,5.075566595228521,22.3299999237061,8.15549372131414,91.8922118499105,1.3,0.0017850130305951
FSM,2001,13.1352253989359,2.5752975831681066,2103.74859460914,7.65147607746398,58.54508616400357,160.521428571429,5.078427445006691,22.3299999237061,8.25104962102604,97.2977821855715,1.4,0.0017799136741868
FSM,2002,13.0165108072134,2.5662186137082594,2113.45987332485,7.656081633938203,58.61558598552586,160.64,5.079165836503364,22.3299999237061,6.74632502481315,91.7298643988442,1.6,0.0017785998861696
FSM,2003,12.8594908500646,2.554082126273335,2145.87755337517,7.6713038634896895,58.84890296599184,160.407142857143,5.0777152259692375,22.3299999237061,6.61403182368963,96.7006160347744,0.9,0.0017811818141336
FSM,2004,12.7021122268013,2.5417682967063633,2104.42804750084,7.651798997795225,58.55002790266002,159.892857142857,5.074503948065761,22.3299999237061,6.04940283740864,95.5259430197585,1.0,0.0017869108778199
FSM,2005,12.5823216367352,2.5322927840650395,2207.16844533875,7.699465726560739,59.28177247448348,159.16,5.069909985558728,22.3299999237061,5.16568492454759,94.3453577773088,1.4,0.0017951387642264
FSM,2006,12.4961684556602,2.525422073773127,2244.97227274486,7.7164484494296435,59.54357667270515,158.184285714286,5.063760718631723,22.3275140420008,3.95459186837864,97.351580508194,1.4,0.0018062115615602
FSM,2007,12.4114326736007,2.5186180376459677,2293.51341684075,7.737840163961581,59.87417040301698,156.971428571429,5.056063805165808,22.3208324539882,3.0467472277909,100.789149581242,1.2,0.0018201674554059
FSM,2008,12.3236569112145,2.5115207412698624,2369.50811741318,7.770437667193368,60.37970153973752,155.622857142857,5.047435497761006,22.3111192453232,3.65725106032344,111.186554275186,1.4,0.0018359403686568
FSM,2009,12.2283837891594,2.503759789630216,2544.11114550961,7.8415366127783095,61.48969644954272,154.224285714286,5.038407943632787,22.2995385016606,6.81964467996625,111.048565106106,1.1,0.0018525894569134
FSM,2010,12.1211559280932,2.494952349698445,2702.61165204772,7.901973863016182,62.441190931790885,153.628571428571,5.034537815320261,22.2903529875138,7.21926182402666,108.037859484793,2.0,0.0018597731076808
FSM,2011,11.9522660960834,2.4809208918711594,2848.70077003105,7.954618299157759,63.27595228529548,153.854285714286,5.036005957826515,22.2914664135472,8.13791504448747,108.539986244713,1.6,0.0018570446990659
FSM,2012,12.0131027547751,2.4859979503341467,2992.28916099077,8.003793979140735,64.06071806052948,154.128571428571,5.037787133501978,22.2942568788425,8.32839320983445,113.059773722122,1.4,0.0018537399202891
FSM,2013,12.226250863364,2.503585350238165,2893.13437410825,7.970095751912755,63.52242629465774,154.458571428571,5.039925914286817,22.2986323961146,7.29917863503109,114.766672350061,1.4,0.0018497794138049
FSM,2014,11.7605972452111,2.464754727338314,2896.73082002714,7.971338076651191,63.54223073226912,154.851428571429,5.042466131894442,22.3046193122479,5.97589617420489,107.645357374787,1.5,0.0018450865345584
FSM,2015,12.6065611670905,2.5342174059727562,2853.07643587028,7.956153142256748,63.300372823041926,155.308571428571,5.045413921346139,22.3122336099411,6.05754807047787,107.681127672467,1.7,0.0018396556164686
FSM,2016,11.5649676332846,2.4479804970011116,2979.60119184048,7.999544742302202,63.99271608409481,155.821428571429,5.048710662948409,22.3214896137555,6.04695384615385,102.769230769231,1.9,0.0018336007334402
FSM,2017,11.4423848946993,2.4373244340412117,3279.10779039285,8.095326649251234,65.53431355807722,156.401428571429,5.0524259621579155,22.332401189542,5.42941504178273,103.342618384401,1.7,0.0018268009974333
FSM,2018,12.0885596987462,2.4922595259126132,3566.58690371125,8.179364368086379,66.90200146592109,157.012857142857,5.056327694624952,22.3449820355433,4.86645408163265,103.571428571429,2.0,0.001819687195771
FSM,2019,12.3358791142647,2.5125120173456486,3572.65918282222,8.181065466634227,66.9298321693551,157.545714285714,5.059715665584575,22.359245777081,4.81791878172589,95.6852791878173,2.0,0.0018135325801128
GAB,2000,28.0134232039907,3.3326837954421933,3982.906200928,8.28976703304946,68.72023746223364,4.950409438429,1.5994702879940572,79.5660404650438,56.2551964968682,101.701928939637,72.8,5.17720677468618
GAB,2001,27.9231955635788,3.3294577256276883,3835.75718279727,8.252122134416215,68.09751972132203,5.08242713548337,1.6257889300641049,80.4090993437448,47.7100745088105,83.6386132424108,72.4,5.14741647952144
GAB,2002,27.7007178410938,3.3214583276984406,3966.48001864663,8.285634335201733,68.65173633667386,5.22037877905849,1.6525699623000023,81.2205241874174,47.3156667989635,84.7590815376223,79.8,4.81148732283377
GAB,2003,27.4214539843078,3.3113256991436275,4710.74862768151,8.457602118686209,71.53103359800545,5.36480769977103,1.6798605319679543,81.9970830091574,47.039168102841,80.3026082056312,83.6,5.31146236481354
GAB,2004,27.1608679409928,3.301777258770204,5465.79193590708,8.606264300616624,74.06778521206816,5.5171692474871,1.7078649112689257,82.7355438220611,51.5005373966573,81.7675371418698,85.8,4.66035316321154
GAB,2005,26.9944236589209,3.2956303135227563,6547.87613955186,8.78689602254423,77.20954171100361,5.67972600613187,1.7369029932124878,83.4326746392243,59.9223608108533,83.9495998399241,85.2,4.36742182241825
GAB,2006,26.8879760436354,3.2916791994537746,6847.00985685394,8.831567318707283,77.99658130485854,5.85375480265456,1.7670833019559458,84.0852434737431,59.4663196551434,88.6494092562519,86.2,3.78376980741041
GAB,2007,26.7704091791001,3.2872971424023762,8003.54289696049,8.987639584747548,80.77766530532108,6.03965149221873,1.7983463103182302,84.6900183387136,57.2222057277107,85.1324791636578,87.3,3.3257145280571
GAB,2008,26.6617307807183,3.2832292331503807,9688.64519690633,9.178709880549095,84.24871507128957,6.23733845616486,1.830553561931012,85.2437672472316,61.7420000109434,88.9988725945748,87.3,3.43403798590695
GAB,2009,26.5819485638929,3.2802323599996352,7290.57526093114,8.894337732853888,79.10924370606844,6.44838747234835,1.8638300952643223,85.7432582123932,50.4467532257807,83.5045774235636,87.9,3.27951630880933
GAB,2010,26.5510702440269,3.2790700573849887,8356.74662013345,9.03082447006512,81.55579060912696,6.67473512632437,1.8983295220494512,86.1852592472945,55.1924628115731,89.1576627248353,85.8,3.46431347786676
GAB,2011,27.1676800151218,3.3020280320531636,10219.1139339454,9.232015160776537,85.23010392880784,6.91576434974968,1.9338034940406668,86.5665383650315,60.8812104614947,90.4983773331323,79.7,3.26602075775049
GAB,2012,26.8259890575401,3.2893711585748013,9296.96587941088,9.137443376384681,83.49287145663628,7.16765242364264,1.969578184491739,86.8838635787001,58.8246016166913,92.3428089420545,75.5,3.1891467218658
GAB,2013,27.7803827536179,3.3243301152592837,9197.70106323947,9.126708847380323,83.29681438485026,7.42445375868359,2.004779114128454,87.1482480671637,56.6086168756874,90.6350361478645,82.2,3.17695376880692
GAB,2014,26.2746903969533,3.2686061335138894,9201.36276648105,9.12710687885886,83.30407997811274,7.67803391935421,2.0383635143018783,87.6236017962969,52.7222416503812,73.5203290162438,81.3,3.16776342891399
GAB,2015,30.7390246342706,3.4255330080777995,7047.12654634355,8.860375230643234,78.50624922779613,7.92094151434005,2.069510076834135,88.085308383892,48.1836272968661,73.9497814588281,81.9,3.15596997338055
GAB,2016,29.7679660664056,3.3934328511083587,6677.07003901644,8.80643455339645,77.55328954325493,8.15114681569449,2.09815863093569,88.5445883406178,45.0378509048684,70.1333810645308,81.5,3.12287828535461
GAB,2017,27.1691084203468,3.30208060804326,6921.73373135624,8.842421556445338,78.18841898188919,8.37078433655451,2.1247475881820854,89.0009733256896,45.4673089938161,75.0687404456638,90.2,2.66535305299272
GAB,2018,27.0383051447292,3.2972545696514866,7624.2775233771,8.939092845953938,79.90738090858488,8.58585788023441,2.150116417165306,89.4539949981866,47.1270856238547,77.0365976973024,90.3,2.44580571147547
GAB,2019,27.5241895785238,3.3150652390698845,7441.1786472281,8.914784535606321,79.4733833162856,8.80081499592502,2.1748443303691234,89.9031850170394,47.6788640928906,73.4280894486644,90.2,2.49273935862938
GBR,2000,16.1050537226586,2.7791331185527364,28383.8761094996,10.253576520299175,105.13583145763054,243.427908899268,5.494820836672307,79.8241408315172,22.6809648077092,52.3380212335903,1.0,9.37230154582975
GBR,2001,15.8242932230906,2.7615463049848734,28013.8729635508,10.240455129440042,104.86692125807485,244.366854048692,5.498670596367952,79.9838301298823,21.7733033648489,52.6342367336438,0.8,9.52500193970965
GBR,2002,15.5139600251641,2.741740265371026,30158.7017807858,10.314228776791802,106.38331526000012,245.40354234696,5.502903967164315,80.1146062677742,21.2370024258232,51.2361820991323,1.0,9.21604321231769
GBR,2003,15.1808631587997,2.720035631931933,34556.7726095905,10.450358833418164,109.20999974720105,246.548906708552,5.507560378300344,80.2331593332802,20.8760857408543,50.0681187039704,0.9,9.40083618149317
GBR,2004,14.8318116539182,2.6967743101127604,40504.4118103928,10.609166180751744,112.55440705080656,247.955627660894,5.513249809434559,80.3423284929998,20.2198255952825,50.2885521756133,1.1,9.35478076788979
GBR,2005,14.4736145404402,2.6723273049189595,42240.2462987547,10.65112874929957,113.44654363415582,249.663977183483,5.520115922495292,80.4455938127627,20.2645432136421,52.5442740383211,1.4,9.2634507993102
GBR,2006,14.0333652646937,2.6414377274114877,44695.161023424,10.707620520232188,114.65313720529744,251.50589013351,5.527466409279506,80.5464353583991,20.1946444035506,56.7047791729812,1.6,9.20229684969568
GBR,2007,13.5048788789412,2.603051018595786,50629.0799172887,10.832281392120352,117.33832015807684,253.471925763651,5.535253070403918,80.6483331957387,19.7229026460162,52.7493524964733,1.8,8.97579081257711
GBR,2008,12.9950468220049,2.5645682711654465,47652.4030691881,10.771688339483077,116.0292696829557,255.474703426611,5.543123396627107,80.7547673906116,20.0744967754056,56.4365501052604,2.4,8.63835719565399
GBR,2009,12.6107605327068,2.5345504600302102,39009.3715547821,10.571557192521722,111.75782147475775,257.414417393461,5.550687305223041,80.8692180088478,18.7333630455206,54.6537301085991,3.0,7.76330695463938
GBR,2010,12.4589114498692,2.5224361459689875,39778.3220528565,10.59107737084605,112.17091987524726,259.440189310958,5.558526191689507,80.995165116277,18.5566755103695,59.0511802227821,3.2,7.97797355319206
GBR,2011,13.0110598336171,2.5657997522054923,42295.9273835322,10.652446081050094,113.4746075096795,261.475674781962,5.566341257311874,81.1359685592627,18.3010218899425,63.3240615708901,4.0,7.25917227971883
GBR,2012,11.4844614132453,2.440994940243495,42688.3263728372,10.66168077478667,113.6714369434557,263.344769148101,5.573464082994714,81.2905667759508,18.2827169299324,61.9688704472535,4.2,7.55583494216069
GBR,2013,11.3936196663408,2.433053520330879,43606.9837896348,10.682972595171242,114.12590346917978,265.113875914521,5.580159454114994,81.4573768694887,18.592711752238,61.7195395154583,5.2,7.33126023168431
GBR,2014,10.8076454562065,2.3802537962899457,47746.2421759562,10.7736556449263,116.07165595545234,267.102054313231,5.587630811262793,81.6355750750722,18.3478341562377,58.8210228333296,6.6,6.66445837202105
GBR,2015,10.4602728529493,2.3475845436645617,45255.3449216209,10.720076061967303,114.9200307743644,269.036498160625,5.594847051292536,81.8243772295647,18.1397353548933,57.125044605439,7.7,6.38957565142576
GBR,2016,10.0359721133567,2.3061758498391653,41257.9085545556,10.627598095921092,112.94584128842563,271.18174678626,5.602789248440735,82.0229991698295,17.6677948178206,59.8395315138259,7.7,5.97285960339598
GBR,2017,10.3814201449701,2.3400176838870714,40916.8115070354,10.619296296869205,112.76945384070001,272.665647088001,5.608246308641586,82.23065673273,17.8215277161884,63.1899245764158,8.8,5.77133371736955
GBR,2018,10.2397854923418,2.326280671378453,43702.9976303165,10.685171974390524,114.17290012230069,274.000744016864,5.613130821774398,82.4465657551295,18.0023660420923,64.9097721959201,10.2,5.64018313747379
GBR,2019,9.94569869317993,2.2971401655625954,43158.7411267323,10.672640251354759,113.90524993483777,275.414376059191,5.618276785582805,82.6699420738913,17.8736338534045,65.0035664177054,11.4,5.38807912233045
GEO,2000,15.6475442783829,2.7503139895543933,749.908534993961,6.619951245752057,43.823754496134214,71.3308898141992,4.267329470825895,52.4935999592259,20.9975012824544,62.6613956413099,47.2,1.27849706080084
GEO,2001,15.4858796277587,2.739928616962522,801.98383707929,6.687088454395717,44.7171519969125,70.232915777319,4.251817086856002,52.4098165040349,20.536409949056,63.3299250824094,53.1,0.966228100876525
GEO,2002,15.3404190761104,2.7304911147387254,853.526171868939,6.749376205934176,45.55407916923041,69.6055670247384,4.242844550129286,52.4127676027039,22.7373927038627,71.6291255364807,56.8,0.903226455096939
GEO,2003,15.2342270045445,2.7235446730174995,1010.03151630868,6.917736813614482,47.855082622437045,69.13705867945,4.236090892070628,52.5144705663341,24.0854263728821,77.6333765369391,55.3,1.00105371411451
GEO,2004,15.1903677941676,2.720661529228813,1305.04748557208,7.173994706506344,51.46620004898104,68.7102417859267,4.22989826797038,52.7173199317225,24.1757682481195,79.0407459055607,54.5,1.09804600569342
GEO,2005,15.2319058260863,2.7233922953937557,1642.78359414797,7.4041473955143795,54.82139865450237,68.2751145946324,4.2235453457857846,53.0036280624359,23.7580566049101,84.5295975354749,41.5,1.27593582421795
GEO,2006,15.421065141324,2.7357344410624345,1996.02013272284,7.5989105433550295,57.74344144591223,67.8880821582281,4.217860498661748,53.3593916521584,21.7144431794284,89.125374368197,37.2,1.46419894921769
GEO,2007,15.8176451636329,2.7611260994036435,2635.36650276116,7.876777541535253,62.043624438834144,67.5348682599111,4.212644031317275,53.7706073945741,20.9005637350092,88.3934140686603,36.2,1.70871244130422
GEO,2008,16.4410733482129,2.7997826763175477,3324.7537205015,8.109150881324604,65.7583280160876,67.3300150460128,4.209606126023863,54.2232719833673,18.9437428243398,86.2982243681487,36.3,1.47617910488095
GEO,2009,17.3107771502641,2.8513292642094434,2822.68939668797,7.9454453962306415,63.130102544482696,66.7346478183281,4.20072427559636,54.7033821122222,18.9263871900367,78.1930390303569,36.7,1.69653622216123
GEO,2010,18.4461840249862,2.914857521180666,3281.72930937343,8.096125790909602,65.54725282223163,66.2496063543161,4.193429523027035,55.1969344748228,16.8779105151474,81.6733870603639,39.1,1.66699456914275
GEO,2011,22.1991814081631,3.1000554146922226,4119.66818307193,8.323527901010868,69.28111671890639,65.7203016200707,4.185407882630092,55.6899257648533,17.6800367830185,85.4659350932986,31.5,2.01914524945287
GEO,2012,23.0631259897014,3.1382350646172608,4530.69533409431,8.418630702082925,70.87334289805325,65.238006928164,4.178042227441951,56.1683526759979,18.8467444528085,89.7348800946338,28.7,2.21884676178385
GEO,2013,22.2517576861155,3.1024210026209267,4712.00229382665,8.45786821213662,71.53553469387111,65.0419538822212,4.17503250602789,56.6182119019407,18.03372091427,93.8139137895532,32.4,2.46103202330063
GEO,2014,20.9791754789627,3.043530301860444,4830.33486170249,8.482671073788465,71.95570854608755,65.0725007872914,4.17550204503044,57.0237612994258,18.1712886955425,94.9506979383393,30.7,2.64568558380433
GEO,2015,20.3304736500391,3.012120925452435,4086.6223465965,8.315474075721646,69.14710910399876,65.1750586094685,4.177076859082199,57.3803800455672,19.7698929026282,97.0163115086257,27.5,2.8580432698141
GEO,2016,19.3139668885259,2.9608285071664264,4143.40125686315,8.329272289152755,69.37677686684798,65.2140557752196,4.177675025073247,57.6984032005062,19.1221601510136,94.9262528383443,27.2,2.95779616660474
GEO,2017,18.5342689563052,2.9196213945680682,4418.75206546679,8.393612597077144,70.45273242981212,65.2227859617201,4.177808885819909,57.9996827205757,21.2674893565554,102.584277697146,27.5,2.99648283639181
GEO,2018,18.4542384404894,2.9152940698753946,4804.0546040444,8.477215549505885,71.86318347278437,65.197330207495,4.177418520356419,58.3038181862576,20.9042764578834,109.847740556266,27.4,2.98855589984192
GEO,2019,17.6183021493385,2.868938256576785,4741.2832715876,8.464063110450166,71.64036433768334,65.0855698239966,4.1757028629541795,58.6304091780343,20.0073713952459,117.810080239714,24.7,3.20488817553864
GHA,2000,63.1064681783884,4.144823271082745,253.746936203344,5.5363374562076135,30.65103242900739,86.301692010196,4.457849204040823,43.9373786640616,25.4039222907651,116.048430162968,71.6,0.306420193585739
GHA,2001,61.7577773171224,4.123219916032669,263.542156494853,5.574213341882644,31.071854380822476,88.6308736925376,4.484480258453469,44.6410507317701,25.2159797429519,110.045854160811,69.3,0.322486128251954
GHA,2002,58.5079990125567,4.069163480147777,297.46164468774,5.695285291254727,32.43627454878244,91.1021710468489,4.5119816354512,45.3484692124806,25.2756743481642,97.4892431746551,65.7,0.370502978669703
GHA,2003,54.55157468354,3.9991465786551093,358.39927142073,5.881647648232442,34.593779057958216,93.5954337698866,4.538981597783785,46.0547973581418,25.2099150968066,97.2871457139532,64.5,0.338470199967554
GHA,2004,51.0829457489213,3.9334506988226177,406.132105329565,6.006678489261435,36.08018647335604,96.1074887931792,4.5654672400283225,46.7572004525685,24.716756265122,99.6703343472122,62.4,0.307147817356431
GHA,2005,49.2965536275491,3.89785417247019,478.611909191028,6.1708900585558855,38.07988411478386,98.6615012745012,4.591694812337916,47.4528437795757,25.1254359413042,98.1715141146279,61.4,0.316524627476198
GHA,2006,48.7854118185382,3.8874313300234786,906.441027564887,6.8095259729931135,46.369643976867806,101.260007031731,4.617691535984098,48.1388926229785,19.3820947702815,64.5190542439152,58.6,0.375018955585641
GHA,2007,48.3578583443151,3.8786287390818144,1050.12461524926,6.956664117299285,48.39517564091944,103.903836688055,4.643465824161183,48.8125122665918,19.4928065701,65.3543222852532,54.5,0.385855356837638
GHA,2008,48.0313214086965,3.8718533274510287,1182.65761256016,7.07551939906139,50.06297476649405,106.574430869298,4.668843622447459,49.4708679942306,19.3995645523361,69.5142256111434,57.3,0.356759557320251
GHA,2009,47.8232292154989,3.8675114883052033,1047.70430093586,6.954356669472054,48.36307668623044,109.267223345346,4.69379647230844,50.1111250897099,18.5140921293401,71.5947385281523,51.9,0.398915417913382
GHA,2010,47.7510099685389,3.8660002178766457,1263.89251760539,7.141951537551207,51.00747176473005,111.958315021535,4.718126614708485,50.7296926788704,18.0149428066597,75.3778157916824,51.9,0.436820497903925
GHA,2011,52.8014316063294,3.966538304100883,1507.43573198753,7.31816529551182,53.555543292433605,114.683519381208,4.742176329253803,51.3304086646488,23.8636600934779,86.2954538549695,50.1,0.459557752784739
GHA,2012,56.9570423348518,4.042297340454498,1543.77524235764,7.341986151567393,53.90476064980737,117.492607893118,4.766375420057267,51.9197918381031,27.1365335859295,93.1680351286831,46.5,0.541462365829504
GHA,2013,44.7306236715724,3.800658360373988,2294.79584693743,7.7383991629550435,59.88282160522332,120.357708534763,4.790468213152255,52.4985794475913,34.0898222065997,60.7593219028775,46.2,0.562243171221352
GHA,2014,43.9627293584075,3.7833422149239953,1949.90832923846,7.575537639805813,57.388770532114634,123.238076821658,4.814118068459497,53.0663398797148,33.8982030516643,63.8365624430783,47.7,0.529042716262329
GHA,2015,68.0112284884927,4.219672816375278,1722.77282833606,7.4516903812515745,55.52768953803724,126.114388678914,4.83718934176599,53.6226415210752,31.1193795046839,76.5212709243242,44.0,0.543997874552012
GHA,2016,62.8889642906448,4.141370699834095,1912.47991339951,7.5561560628478945,57.095494446112994,129.017939702909,4.8599514621571,54.167052758274,27.6932546491989,67.8769994445865,45.2,0.546382156439567
GHA,2017,60.3590341738153,4.1003106326751295,2012.28662641265,7.607026979528979,57.866859467281785,131.88166476224,4.881905041434746,54.6991419779128,29.9522176933621,70.5483652904116,45.3,0.578922122819532
GHA,2018,56.0041825783104,4.0254263768444725,2195.32166016377,7.694083856988851,59.19892639837643,134.647029093786,4.902656755098756,55.218477566593,31.1777436281076,67.9585174644902,42.1,0.621997458350585
GHA,2019,49.6566317016668,3.905131950588086,2186.65822682613,7.690129733579404,59.13809531928204,137.382028101418,4.922765571389084,55.7246279109161,31.1077243700312,76.824802732152,42.6,0.648665525979844
GIN,2000,46.528445919947,3.8400638657704547,518.157066924026,6.250278414298246,39.0659802562426,34.3025883118997,3.5352208123131863,30.9231105645224,21.5230896940631,36.6796954912881,85.5,0.173226848037783
GIN,2001,46.2915148965972,3.834958680724953,483.085120214741,6.180192870454136,38.194783916012135,34.75484291063,3.548318926635171,31.2176948406254,21.8203987016552,40.1878781394378,84.8,0.184473931962211
GIN,2002,45.7195532636765,3.8225260677431874,495.916073559269,6.206406705874155,38.51948419871968,35.3006104509197,3.563900257016912,31.5131362085814,21.4815029343945,38.0284032674396,84.3,0.195755946519199
GIN,2003,45.0214167699546,3.807138304773618,566.48540588068,6.339451318230974,40.18864301622044,36.1011761354387,3.5863254447371706,31.8086015036327,21.7573715436192,35.0751269891585,83.5,0.202721722021996
GIN,2004,44.4059611642013,3.793373720881035,584.897740538081,6.371437029453112,40.5952098202863,36.8823294807097,3.6077325604872916,32.1032575610216,20.9236440966749,34.5950959210535,83.2,0.201970135696478
GIN,2005,44.0820421951864,3.7860524930633783,463.17768685098,6.138110753360537,37.676403620520254,37.6275598241901,3.627736755949172,32.3962712159907,21.9879538645841,47.9377003917167,81.6,0.189522990005023
GIN,2006,43.9817436076682,3.783774629808426,446.980554135013,6.102515090613621,37.24069043116697,38.422476802865,3.6486426217608434,32.6868093037822,34.2753959440443,69.3862937148949,81.1,0.196659927036593
GIN,2007,43.9049134748938,3.782026238075335,650.148575304743,6.477200914161763,41.95413168241798,39.3223221552987,3.6717923514013115,32.9740386596386,30.7663957919196,71.1210322265015,80.4,0.200760048274315
GIN,2008,43.8620540383665,3.781049573593275,703.532825784369,6.556114536140167,42.98263781098839,40.2851619729774,3.695983211898187,33.2571261188022,32.9328375718068,64.1842433909581,80.2,0.208306604693263
GIN,2009,43.8636675395894,3.781086358727533,662.185914665575,6.495546354372843,42.19212244180633,41.2808643985024,3.7203990608402724,33.5352385165154,32.2887263194246,69.8153454158123,79.2,0.215694056923356
GIN,2010,43.9202562200658,3.782375630974464,659.235326211315,6.491080566678987,42.13412692311759,42.3086684030604,3.7449919918439045,33.8075426880206,32.3138372958105,73.5465739340387,75.7,0.241465874753248
GIN,2011,45.7355495093342,3.8228758841085035,636.694958747648,6.456290669208766,41.68368920531217,43.3697297737262,3.769761727109077,34.0732054685603,32.6144005582332,85.9546732708386,74.8,0.248995712600675
GIN,2012,47.8451474722102,3.8679697015174197,699.353377212197,6.550156161286645,42.90454573724139,44.4472611102067,3.794303342743304,34.3313936933767,31.5767582978151,86.6743318322581,76.4,0.229920924452238
GIN,2013,37.4448110683296,3.622868144110543,748.455020824734,6.618011109635536,43.798071047259384,45.5472611102067,3.818750492594214,34.5812741977122,29.6407139185782,80.4264477180461,78.5,0.20281681180621
GIN,2014,39.8496366263944,3.685113286660005,765.146999389279,6.640067971431341,44.09050266522832,46.6910467198437,3.84355242723324,34.8177920826682,29.6941648521559,76.7719658952305,78.6,0.206869669841795
GIN,2015,54.2776680884158,3.9941128732556144,747.356966759448,6.616542938138529,43.77864045223083,47.8881246947745,3.868867554990483,35.0373191833496,26.3246416118291,72.4427307469345,76.2,0.243671534205201
GIN,2016,49.6336310986966,3.9046686503060055,711.996509782316,6.568073009408832,43.13958305692479,49.1332817841446,3.894536641917199,35.3100280761719,30.1038432883843,111.839467415368,75.3,0.267497057490953
GIN,2017,49.7395461030353,3.906800312942293,833.598621691121,6.725752017556182,45.23574020166106,50.4055795214065,3.9201018737398114,35.5827331542969,31.653986926333,101.251633768429,72.0,0.264023093159597
GIN,2018,48.4123967434209,3.8797559119890406,933.273615633705,6.8386984221985685,46.76779610978119,51.7042731564382,3.9455404310279905,35.8554382324219,33.3410014345781,88.984111543709,73.2,0.294495596694597
GIN,2019,42.8781068854259,3.7583613666607505,1031.34146480732,6.938615626862378,48.1443868173388,53.0455233599219,3.971150476200991,36.1281547546387,29.390798702636,78.4153132285974,68.3,0.369331917381969
GMB,2000,60.9950805242182,4.110793213777192,538.054072348854,6.287959061336008,39.53842915703761,143.783003952569,4.96830524603861,46.9722332873784,14.8226733584981,56.3598198850954,62.9,0.182944764700869
GMB,2001,60.1217845161288,4.096372247014594,459.803068381399,6.1307982856025935,37.5866876187477,147.728359683794,4.995375179797927,48.3491979765917,14.7668246416842,46.9292631865623,59.6,0.199463415319352
GMB,2002,58.2026128263293,4.063930247652874,376.531026962584,5.9310004527756846,35.176766370825376,151.748122529644,5.0222220577355206,49.5731153377033,15.8069767662158,59.642950918834,61.0,0.201668174131384
GMB,2003,55.9281135930826,4.024067180266887,308.719123437587,5.7324318778809005,32.860775234545144,155.890415019763,5.0491532925813765,50.6010077995371,14.849025053224,68.8587930342232,62.4,0.200049315071966
GMB,2004,53.9888349546519,3.9887772650874194,593.285346326581,6.38567547436963,40.776851263965796,160.208695652174,5.076477313137271,51.5062022597801,11.4516644496493,49.9342995615683,61.2,0.201565152173055
GMB,2005,53.0753250493002,3.9717121319097126,616.483657865348,6.424031814329859,41.26818475152218,164.726976284585,5.104289414206044,52.3582132660613,11.4940795967501,50.0187233950976,61.7,0.199035774250961
GMB,2006,52.9303488554807,3.9689768767319986,614.544307904464,6.420881030400967,41.22771320656298,169.493577075099,5.132815032740286,53.1603285370566,12.1238923802598,50.374468581975,60.2,0.214426258180175
GMB,2007,52.8383039464973,3.967236381230143,724.726407242432,6.585794214312171,43.37268543326766,174.483596837945,5.161830736295435,53.9196109423854,11.8795399698303,44.2938444656791,57.3,0.219337242478369
GMB,2008,52.8021873528893,3.9665526169921903,859.127671411226,6.755917538892748,45.64242179231865,179.629644268775,5.190897199423469,54.6431233516671,11.16205074884,39.0890994561344,56.3,0.215089017147711
GMB,2009,52.8249961051957,3.9669844897717947,774.888030908091,6.652718542668024,44.25866400795896,184.923122529644,5.2199401848180615,55.3379286345209,10.211007546291,41.7773944257977,53.9,0.232016081888532
GMB,2010,52.9097272339557,3.9685872016193593,801.033372714536,6.68590261001385,44.70129371059001,190.378458498024,5.249013977816032,56.0110896605662,9.82816623642272,41.0125150279466,56.6,0.22879328153304
GMB,2011,56.1934304763105,4.028799854627526,710.608411468152,6.5661215206518975,43.11395182396799,196.026086956522,5.278247747090884,56.6696692994225,11.5126603208193,42.6397020468894,56.2,0.233694797417461
GMB,2012,66.4198505891995,4.195995966460968,692.579361628102,6.540422833124257,42.77713083605313,201.886758893281,5.307706940668319,57.3207304207091,11.9583688371148,47.7006731141985,57.0,0.217513242170943
GMB,2013,47.62546974836,3.8633676968808457,653.862713272743,6.482897410878011,42.02795883996882,207.887351778656,5.336996355007758,57.970305611505,11.8946963108623,45.4619193623296,59.3,0.212137920544533
GMB,2014,50.9583278982684,3.931008198682182,568.00453558864,6.342129403880538,40.222605375566104,213.886166007905,5.365443938951982,58.6141799655551,13.214834279827,58.2579307752264,53.2,0.223512932149642
GMB,2015,63.7503934261079,4.15497535540942,619.536364296461,6.428971398775769,41.331673246276864,219.815118577075,5.392786822939247,59.2458499408388,17.1434530643603,44.5223730803813,49.0,0.228812481203886
GMB,2016,58.7910560945535,4.073989736099618,650.056501323611,6.477059284225161,41.95229697136736,225.668873517787,5.4190687634479895,59.8652472486563,20.9355929614924,38.1140879565948,48.6,0.224978971165648
GMB,2017,64.5390631748347,4.167270671099109,642.522641296331,6.4654020555202045,41.801423739524886,231.441600790514,5.444327577298445,60.471712657237,17.8927550195818,55.7335796090833,48.0,0.223551557965647
GMB,2018,59.2734928704383,4.082162205570664,696.219806960615,6.545665425074072,42.845735857010126,237.117786561265,5.468557007386628,61.0645869348107,17.3104257988738,64.8124640003735,48.1,0.191821079232149
GMB,2019,54.8732916241171,4.00502673877618,738.186751987483,6.604196844061903,43.6154159551172,242.771146245059,5.49211921458266,61.643210849607,17.2826008332323,55.9979116186993,47.4,0.189267206220664
GNB,2000,55.3089810391368,4.0129353011129085,316.945495037639,5.758729819149557,33.162969129962285,43.9097083926031,3.7821354435268213,36.8412054388232,8.88112869526954,52.7373461180145,91.2,0.16286816425469
GNB,2001,54.5855572569738,3.9997693286564666,327.138431972397,5.790383420679555,33.52854015848066,44.8532361308677,3.803395740436189,37.1627839410066,9.96976622237475,47.5832172774612,91.2,0.167687725020674
GNB,2002,52.8942507824626,3.9682946520972404,362.034574570354,5.891739717127851,34.71259689438177,45.8501778093883,3.8253790767623106,37.4734924367695,15.8232800934822,39.6760635550924,91.0,0.17319381652314
GNB,2003,50.8821651561039,3.9295124722951726,419.78486611807,6.039742356517722,36.47848773311425,46.8992176386913,3.848000993835299,37.7773055741583,16.7545534859258,38.0334709318917,89.0,0.200560203699407
GNB,2004,49.1964039183986,3.8958205297375192,431.376557669634,6.066981392352556,36.80826321515216,47.9929943100996,3.8710550483829547,38.0781980012196,12.4404404161973,43.192131633446,88.6,0.199842467524673
GNB,2005,48.4840706098473,3.8812353029607918,463.073962650452,6.1378867878733665,37.673654220750436,49.1317567567568,3.8945056028536507,38.3801443659997,12.4400960708697,45.7842315450716,88.5,0.199263888939153
GNB,2006,48.5140057166139,3.8818525339173364,448.513075469701,6.105937834852485,37.28247684308305,50.3308321479374,3.9186178544870205,38.6871193165452,12.0924056056146,48.7605033860226,88.3,0.204267213451819
GNB,2007,48.6224332133203,3.884085013158578,519.069789794741,6.252038343865029,39.08798345315857,51.599786628734,3.943517537376913,39.0030975009025,12.5990180965363,46.2445284700147,87.9,0.211787019309628
GNB,2008,48.8075318731546,3.8878846426126565,640.210331101753,6.461796764709139,41.7548174284055,52.9179943100996,3.9687434381146764,39.3320535671181,12.3813756165574,45.1388893744724,88.4,0.195960630460991
GNB,2009,49.0674804693048,3.893196503140718,583.190020139094,6.36851306830368,40.55795870115475,54.2808321479374,3.9941711655038605,39.6716434222135,12.7564033361704,43.5957474099206,87.9,0.202505671927709
GNB,2010,49.400457774959,3.8999596908505163,600.194298540768,6.397253433695517,40.92485149492908,55.702240398293,4.02002036871487,40.0095596313477,13.7495149088181,43.5145876385454,87.8,0.200338749970473
GNB,2011,51.054253759813,3.932888866502933,719.539573498937,6.578611526203278,43.27812961269462,57.1862019914651,4.046312645361146,40.4391136169434,12.2556709039964,48.6174602066373,87.9,0.19800059201182
GNB,2012,55.8088467950236,4.021932401534065,635.461653303881,6.45435174782368,41.6586564846346,58.7274893314367,4.072907919283627,40.8686027526855,12.0457512726254,44.1280665609795,87.8,0.193894092164487
GNB,2013,41.5410405341867,3.7266818671035935,654.304534409417,6.483572892020436,42.03671744614224,60.3119843527738,4.099530829471341,41.2976379394531,13.1545314595145,39.9574617805787,87.7,0.194283753338054
GNB,2014,43.5593468461234,3.774124303602559,652.022501029449,6.480079072112533,41.991424780830826,61.9175675675676,4.1258039450403405,41.7271995544434,14.6822693955448,46.8696583055238,87.3,0.195965590004606
GNB,2015,56.920191943344,4.041650145375909,645.066837207039,6.469353935004025,41.852540336352064,63.5297652916074,4.151508540821868,42.1568145751953,12.9268475259906,54.3703755891285,87.2,0.202915603342258
GNB,2016,52.6997265729536,3.964610267164855,679.665386626818,6.521600598569827,42.53127436726633,65.1455547652916,4.1766240704723705,42.586109161377,12.0226933283458,54.3006730474711,86.8,0.206780636205281
GNB,2017,56.7814512632763,4.039209710127775,783.123186602022,6.66329001005566,44.39943375810756,66.7522048364154,4.2009873279919985,43.0155792236328,11.7058928971019,56.9137475938811,86.8,0.163339498964344
GNB,2018,54.1409784310321,3.9915913562620875,808.531613218504,6.695219779326951,44.82596789349083,68.3559032716927,4.224727927716844,43.4449081420898,16.3705721944585,55.0195890357005,86.6,0.183438700467389
GNB,2019,48.5028970455265,3.8816235290569527,811.216425885129,6.698534881504114,44.87036955872733,69.9749644381223,4.248137527193061,43.8745574951172,15.6395774663519,49.9435101361017,86.2,0.181227181434531
GNQ,2000,36.2092084679716,3.589313464051514,1487.3165506701,7.304728802533745,53.359062878566085,25.0723351158645,3.2217650516644354,38.8154587133988,,,45.9,3.90257636016432
GNQ,2001,35.6237081613021,3.5730113757924387,1948.61145907844,7.574872325646453,57.3786907498445,26.7321212121212,3.2858658839839423,38.8638365386531,,,46.1,4.80185000453432
GNQ,2002,34.2165652476179,3.5327098907676344,2264.21065580365,7.724981480844246,59.67533887938656,28.4476648841355,3.348066079317492,39.1969150391705,,,31.3,4.02553019774249
GNQ,2003,32.5118032226669,3.4816031994852796,2930.60183743733,7.982963086187052,63.727699635425104,30.2268092691622,3.4087292547312256,39.895902485648,,,29.5,4.23488728118491
GNQ,2004,31.0334455821968,3.4350655126501577,4901.30127408119,8.497256014981291,72.20335978413573,32.0826024955437,3.4683139048806537,40.9304009672368,,,7.2,6.97831022194269
GNQ,2005,30.3055158219553,3.411329736276551,8673.9026086535,9.068074096369804,82.22996781725304,33.7742245989305,3.5196979257420318,42.2814597171299,,131.02447181321,7.1,6.75102679320686
GNQ,2006,30.1377642234973,3.4057790107354617,10184.8841248541,9.228659951556825,85.16816450146882,35.3063458110517,3.564062715801379,43.9301279685204,82.9149022419933,118.532782368937,7.0,6.44857387793926
GNQ,2007,29.9959831470343,3.4010634775985498,12616.9532942011,9.442796688105965,89.16640929290497,36.935614973262,3.609176260991324,45.8574549546013,81.3016985801085,134.083789857569,8.5,6.88812444259124
GNQ,2008,29.8882592062992,3.397465734596459,18210.5552970599,9.809756666329202,96.23132585259022,38.6641711229947,3.654913360432914,48.0444899085658,84.3491943279293,128.688006601458,7.2,6.0917632522844
GNQ,2009,29.8226790150251,3.395269144839328,13232.5019378102,9.490431350175374,90.06828721239157,40.4874509803922,3.700992073762345,50.4722820636069,75.3247324271881,122.212077110801,9.2,4.82339546682892
GNQ,2010,29.8073291869447,3.3947543091422587,13720.1658723222,9.526621991026197,90.75652655990393,42.3916221033868,3.7469507508128057,53.1218806529176,74.7445614275894,144.668225001248,5.7,4.8069734291493
GNQ,2011,30.9097483573422,3.4310716149702256,17198.2136668275,9.75256080082828,95.11244217385233,44.272192513369,3.790356771457798,55.9743349096911,78.0648736933954,114.37734663649,5.6,4.80007408391614
GNQ,2012,30.2700780563152,3.4101597016994534,17308.5723924575,9.758957171774226,95.23724508052359,46.1134759358289,3.8311052269347554,59.0106940671203,77.3115042713314,116.675422472364,4.4,4.3371269664928
GNQ,2013,29.5859759824635,3.387300464682501,16304.0713196418,9.699170129817622,94.07390120714639,47.9935115864528,3.8710658264886555,62.2120073583984,72.4492577432395,106.893284926066,3.7,4.25139167653382
GNQ,2014,29.8573749067307,3.396431874875061,15548.6624656619,9.651729898837898,93.15589004012142,49.9047415329768,3.91011601894423,65.5593240167184,70.1909452181904,104.379198671388,4.9,4.08471612226645
GNQ,2015,38.4946753401213,3.6505199288750245,9068.91003238645,9.112607363052838,83.0396129531648,51.8332620320856,3.94803206736346,68.951270615355,59.1005872679086,98.8780591680756,5.5,3.71883517902943
GNQ,2016,36.5313373748734,3.598170450453869,7453.19797948517,8.91639847825962,79.50216182311046,53.7677718360071,3.9846742511682414,69.253269853051,52.3302543282798,92.6007307237942,4.8,3.57336561935995
GNQ,2017,32.7521931809298,3.488969927195683,7809.10465655488,8.963045595616009,80.33618634909153,55.7003921568627,4.0199871874266355,69.5516019132985,56.8622280929059,102.428258251803,5.0,3.12788819223808
GNQ,2018,31.3913053457764,3.446530954754337,8102.47084834031,8.999924337149348,80.99863807441314,57.6264527629233,4.053981711635443,69.8396623666175,57.2950816179221,103.645681622953,4.8,3.28825022178614
GNQ,2019,31.5523784625482,3.45164897323128,6804.14923073888,8.825287886070482,77.8857062720224,59.5428520499109,4.086696255849715,70.1175419547293,52.0754100364789,94.8787924253545,7.4,3.0669803260373
GRC,2000,24.3887788903302,3.1941231449773633,11638.2010697215,9.362048162066984,87.64794578886179,83.83093871218,4.4288021363942995,72.665642910984,18.7134135325555,59.1126577488086,7.8,8.89024680060945
GRC,2001,24.1488338817268,3.1842360924618127,12156.9572824221,9.405656900724013,88.46638173413724,84.2678975950349,4.434000981033919,72.8460703788502,19.1521007737425,56.8576339551067,7.1,9.03332789548129
GRC,2002,23.8019671660229,3.169768231296348,13782.195640943,9.53113286721206,90.84249373244998,84.5773622963538,4.437666645655401,73.0977109642516,19.0244609362316,50.0533371904633,7.3,8.99722088251152
GRC,2003,23.3884257573202,3.152241274240437,18020.612039764,9.79927149505636,96.0257218338241,84.7794414274632,4.440053077408605,73.432268024093,20.5063379712513,47.8943121550822,7.6,9.31960538320124
GRC,2004,22.9484566697207,3.1332506867386156,21449.2552764245,9.973445204705634,99.4696092512658,84.9894569433669,4.442527212836831,73.8267602923728,20.4773277813422,49.825317672568,7.8,9.27329917524567
GRC,2005,22.5223069173261,3.1145062366274168,22054.1315756886,10.001255236369957,100.02510630301748,85.2390535298681,4.4454597035773595,74.2617376694311,18.4006884390429,50.3555334391407,8.0,9.43267845080244
GRC,2006,22.0311629396323,3.09245794832847,24416.0232970275,10.102994888254251,102.07050571209153,85.4954383242824,4.448463021587027,74.717750055608,20.5013778070463,51.1047465834807,8.5,9.29067484353055
GRC,2007,21.4468579907,3.0655781540246454,28440.7625328955,10.255578695544223,105.17689438050054,85.7135221101629,4.451010597406384,75.1753473512439,18.74614719736,54.5256818189044,8.1,9.59465620271688
GRC,2008,20.8856093064781,3.039060371882115,31695.8331092209,10.363940503566726,107.41126276147091,85.9413576415826,4.453665175773647,75.615079456679,16.6711382140503,57.1052836264926,8.3,9.19276599113492
GRC,2009,20.4636341229157,3.018649365616632,29425.4573200263,10.289615473894749,105.87618660061426,86.1677036462374,4.456295439787117,76.0174962722535,16.0934799769726,46.3779593986083,9.2,8.6627939796977
GRC,2010,20.2971496759618,3.0104804661381848,26653.0488008626,10.19065882458394,103.84952727907053,86.278828549263,4.4575842441137965,76.3631476983077,15.0655277858101,50.9225181997227,11.4,8.01145293539691
GRC,2011,21.3833542936023,3.0626127826082836,25504.7866510124,10.146621425335269,102.95392634907273,86.1512723041117,4.456104731339775,76.6352609929407,14.3792409788507,56.2929957941907,11.4,7.75736006243731
GRC,2012,18.8095113490598,2.934362664722431,21624.346052551,9.98157509099837,99.6318412972391,85.6866640806827,4.4506972018343385,76.8679797449322,14.7998191105367,62.3942117351318,14.2,7.38387675666416
GRC,2013,17.9600807887087,2.888151561121659,21573.3449762805,9.979213802755735,99.58470812111058,85.067579519007,4.4434459937677575,77.0951999650171,15.064315279116,62.9547272215374,16.6,6.73744445045335
GRC,2014,16.8699265288991,2.825532541414967,21474.7257123892,9.97463197435595,99.49328302384406,84.5028161365399,4.436784860867438,77.3130486275866,14.144282569928,66.4335364513677,16.4,6.51907892218189
GRC,2015,17.2372072771469,2.847070261228856,17980.7298238137,9.797055898070218,95.98230426991243,83.947889837083,4.430196247258655,77.5194426317545,14.4406143927451,65.2716454619318,17.5,6.41834866895798
GRC,2016,15.7750345686768,2.7584285997831515,17919.2426377048,9.793630422114855,95.9151968449736,83.5994647013189,4.426037116975884,77.7122988766348,14.3053359941807,63.6575490882866,16.4,6.32529541885367
GRC,2017,15.6724100278411,2.751901843383268,18631.9930129293,9.832635436560311,96.68071962830159,83.4342823894492,4.424059284728286,77.8895342613411,13.5438938901132,70.8824967397253,16.4,6.35852543809071
GRC,2018,15.5840100248101,2.7462453901757744,19873.4015238771,9.897137509816558,97.95333088821789,83.2651823118697,4.422030482345694,78.0490656849874,13.6804076386379,79.2379908638706,17.9,6.19923893694163
GRC,2019,14.9419055519621,2.704169718556661,19335.3602002969,9.869690833311724,97.41079714515747,83.1775174553918,4.420977088418453,78.1888100466875,13.4139572418293,80.5900949510457,18.5,5.7354129269356
GRD,2000,24.0288265178508,3.1792542145089655,4839.82811114248,8.484634484853272,71.98902234156135,316.032352941176,5.755844591071399,35.8702371019579,17.9095188316552,,10.5,0.53419698281077
GRD,2001,23.7780655762104,3.168763541284783,4819.50776653843,8.480427078704917,71.91764343723162,317.608823529412,5.760820510880686,35.9199973947796,16.5118570725163,,10.4,0.539879800346338
GRD,2002,23.2305265205835,3.145467212069302,4984.47405931447,8.514083172178871,72.48961226277943,318.835294117647,5.764674650065677,35.9199179937357,16.6171559487198,,10.5,0.584849267554703
GRD,2003,22.577847847533,3.1169692418465447,5427.96377252312,8.599319346747357,73.9482932273434,320.247058823529,5.769092756733199,35.9194385233611,17.0087138352588,,10.4,0.639212372800411
GRD,2004,22.0116680536221,3.0915726788376703,5480.26117644588,8.608908038741742,74.11329761951218,321.538235294118,5.773116464426284,35.9181958391436,16.7118338408484,,10.6,0.607374477465858
GRD,2005,21.7236256354138,3.0784004072591435,6338.56011405358,8.754406910289568,76.63964035092573,322.747058823529,5.776868916822423,35.9158260786725,22.8478487752929,,10.6,0.649753039167441
GRD,2006,21.7000835092185,3.077316108890092,6344.0383771432,8.755270812656915,76.65476700296209,323.926470588235,5.78051654740805,35.9119653795374,19.4226500215903,,10.4,0.738184954828165
GRD,2007,21.7656739128403,3.0803341376694244,6864.54816771858,8.834125499243418,78.04177333638278,325.064705882353,5.784024257535578,35.9062498793276,18.8185412969453,,9.9,0.818841497620383
GRD,2008,21.8694393250835,3.0850901976469047,7448.2040563865,8.91572821605562,79.49020962257032,326.164705882353,5.787402486547559,35.8983157156326,17.5549887040486,,10.8,0.891826576251623
GRD,2009,21.960422224752,3.0892418434488436,6932.56472176781,8.843985113438825,78.21607268672754,327.217647058824,5.7906255368280934,35.8877990260417,14.7258701794622,,10.5,0.955471263954555
GRD,2010,21.9876650906501,3.0904816184220767,6909.60169568597,8.840667273376196,78.15739783854491,328.194117647059,5.793605255421205,35.8743359481443,14.709329695351,,10.8,1.06464968723675
GRD,2011,21.6067771005585,3.0730070201349067,6947.38136096464,8.846120084963426,78.25384055759332,329.644117647059,5.798013641162449,35.8601091092326,13.3430366681412,,11.4,0.819957351510988
GRD,2012,22.0541028098674,3.093498653058975,7092.71985352677,8.866824164232435,78.62057075941622,331.691176470588,5.804204344666389,35.8652755773132,12.3180285968292,,11.5,0.843272001773443
GRD,2013,22.8659000098273,3.1296467182346506,7424.80212287327,8.912581313197702,79.43410566436087,333.785294117647,5.8104979542885395,35.8792242623778,13.3978295173335,,10.8,1.08029994624935
GRD,2014,23.3249292849377,3.1495227150005247,7986.33421210788,8.985487136498039,80.73897908017172,335.682352941176,5.816165334660178,35.9014624346562,12.8104378636674,,11.0,0.963796306031612
GRD,2015,25.177742151728,3.2259603562767736,8694.12438005692,9.070402717871168,82.27220546436467,337.282352941176,5.820920422113633,35.9319491111708,12.3242889833279,,10.5,1.02113781436395
GRD,2016,25.0768814910495,3.221946365571414,9221.23461079424,9.129264213312124,83.34346507646144,338.617647058824,5.824871586057505,35.9706014181883,12.1551895563471,,10.4,1.10831234256927
GRD,2017,24.3014719560486,3.1905369228349403,9751.42661155932,9.185168872422581,84.3673272149207,339.523529411765,5.827543250670142,36.0173296416579,12.715876749963,,10.2,1.10882031913235
GRD,2018,24.0969881609342,3.182086860111542,10083.021279225,9.218608226797118,84.9827376391715,340.267647058824,5.829732505164809,36.0720421424532,13.4331770166911,,10.7,1.24037306272744
GRD,2019,24.2647371353562,3.1890241497202485,10462.7929159533,9.255580711151664,85.66577430064274,341.120588235294,5.832236045959291,36.1346465679904,13.6417603413492,,10.4,1.55542718203844
GRL,2000,6.91646236821714,1.9339044204471354,19009.0774407515,9.85267190409714,97.07514364978515,0.136886344256304,-1.98860430143441,81.4517822265625,,,9.2,0.0231378481801192
GRL,2001,6.85911246738856,1.9255780554360507,19265.5191468738,9.866072204367761,97.33938074179812,0.137358996223657,-1.9851573700517016,81.7906112670898,,,8.7,0.0248319409709289
GRL,2002,6.81087892443937,1.9185211756277336,20657.9506323097,9.935855542802358,98.72122536743633,0.137885247898648,-1.9813334767098905,82.0752868652344,,,9.5,0.0247371675943105
GRL,2003,6.76437405155547,1.9116697298555623,27466.6494525504,10.220727800501724,104.4632767719488,0.138265318552808,-1.9785808414426385,82.3485946655273,14.6329587285511,87.2971972810315,9.5,0.0246691688252189
GRL,2004,6.71221016092278,1.9039282798968256,32030.9987915109,10.374459425117676,107.62940836341298,0.138623462053843,-1.9759939276646323,82.5634307861328,15.7106615256395,88.1524357295282,6.7,10.6137298323315
GRL,2005,6.6469995647272,1.8941655595753446,32489.7277309899,10.388679248541541,107.92465652907764,0.138713607016689,-1.9753438525317069,82.6899108886719,16.2443320622729,99.7079265489358,7.0,10.728023184333
GRL,2006,6.56231852523121,1.8813439742372813,35457.6297578214,10.476093734693094,109.74853993807591,0.13832379096114,-1.9781580308026545,82.8471984863281,16.7222152612455,89.6938562419079,7.1,11.001321003963
GRL,2007,6.45646002139346,1.8650811832918202,39780.9441368721,10.591143286084892,112.17231610638107,0.137787793884761,-1.982040502810928,83.2039566040039,16.7841075175753,94.9670539629143,6.9,10.8796746529927
GRL,2008,6.32911144044417,1.8451598535452722,44366.7858688175,10.70024640246169,114.49527307339436,0.137234742355951,-1.9860623715774415,83.621826171875,18.2172094154952,107.37322125158,6.9,11.2253231075131
GRL,2009,6.17996016961358,1.821311826402484,44918.8413832155,10.712612615626048,114.76006905247036,0.137222560604215,-1.9861511413176716,83.8556137084961,17.9822750464506,85.7573657356888,8.8,9.77220673614687
GRL,2010,6.00869359613188,1.7932073532265989,44277.1993400972,10.698225135953653,114.45202105955055,0.13773663052747,-1.9824118917212812,84.2784881591797,18.0842449211536,110.472368234124,10.1,11.3701489369229
GRL,2011,5.74056233004073,1.7475571724390815,47186.8759969388,10.761871081998011,115.81786918554505,0.138603971251066,-1.9761345400317185,84.5286026000977,18.0605185920164,130.547942353994,10.2,12.0038671119705
GRL,2012,6.18018581736795,1.821348338552847,45936.9562817724,10.735025219842097,115.24076647064585,0.138409063223292,-1.977541752225236,84.8864593505859,18.911785135448,100.978401084907,10.1,9.48600598486182
GRL,2013,6.23885062992403,1.8307959714931212,47535.4883792376,10.769231834838125,115.97635431249094,0.137612376659764,-1.98331441087259,85.3725891113281,18.1332272290195,95.9116681587586,11.2,9.51436715471912
GRL,2014,6.55171305772451,1.879726550983165,50485.2244135291,10.829435986581144,117.27668378745872,0.137154342794494,-1.9866483975391802,85.6772384643555,15.6961945959501,87.0885837878503,12.5,8.54072297717382
GRL,2015,6.14469039341254,1.8155883582519683,44536.3549705377,10.704061100249618,114.57692403787706,0.136713363381654,-1.9898687830319368,86.046257019043,17.0467116297327,83.1013810084573,13.1,9.24546458994191
GRL,2016,6.46724827436704,1.8667507126919825,48181.7453541266,10.782735501210665,116.26738488906881,0.136888780606651,-1.9885865032480459,86.2261047363281,17.6874070578423,85.8376729204278,12.4,9.18200263410814
GRL,2017,7.4921548326333,2.013856450763557,50765.7494665372,10.834977183076305,117.39673055778414,0.136854671701791,-1.9888357066883393,86.3915557861328,17.0105529266181,84.2072558673104,11.3,8.95641956846828
GRL,2018,6.75630549235812,1.910476215856664,54545.135857765,10.906783818775203,118.9579332694966,0.136491655500061,-1.9914917980934363,86.72509765625,18.2130067733894,89.7766906266033,11.4,9.0730592792246
GRL,2019,6.48950745924949,1.870186635578638,53309.2035905065,10.883864270491307,118.45850145847726,0.136983798270191,-1.9878926209488976,87.0217895507812,17.1422282695694,92.1907515607492,10.9,9.31791907514451
GTM,2000,37.474592031175,3.6236631575031195,1648.96578971559,7.407903576265312,54.8770353952444,109.160059723778,4.6928152429614425,43.2434755105047,19.7911162779183,49.1455879049537,62.7,0.827443802109015
GTM,2001,36.5460733532087,3.5985737482277833,1537.68663578252,7.338034381440451,53.84674858320214,111.696733855916,4.715787465324604,44.678095600504,27.3420734989877,70.6690331769476,61.3,0.849690152122634
GTM,2002,35.1317690659313,3.559105822707845,1669.33517469705,7.420180727164561,55.05908202378439,114.286254199328,4.738706302845575,45.7754731938848,27.1826895247297,67.1048115244645,63.8,0.868651411396258
GTM,2003,33.5005185285342,3.511560917174938,1722.54701910774,7.45155929952991,55.52573599441068,116.889156401642,4.7612261045660205,46.5865389722105,27.4424966147734,67.0023391862425,64.3,0.848429989776336
GTM,2004,31.9211611002083,3.463269147239851,1840.91184884,7.518016297870501,56.52056905504647,119.516629339306,4.783455519341134,47.326819486636,27.8833550863791,70.2148723581872,66.1,0.846049807759606
GTM,2005,30.6625361401451,3.423041588227047,2046.46611650758,7.623869738994796,58.12338979716058,122.131662933931,4.805099667187335,48.0557951573834,27.5811372404814,67.1036996082037,65.2,0.898994004185174
GTM,2006,29.5999508598572,3.3877727011886773,2225.1234753878,7.70756768761689,59.40659965919597,124.742991787981,4.8262555550013255,48.7676356188334,28.269045356288,67.9119237396616,64.7,0.892331145358291
GTM,2007,28.5247503758314,3.3507721446434644,2458.81573919384,7.807435106181165,60.9560429372301,127.398656215006,4.84732119531953,49.4565105053665,27.8843638206437,69.0013643101763,63.3,0.930212627563353
GTM,2008,27.5798309047198,3.3170847412629594,2763.05988172926,7.924093997409978,62.79126567978884,130.040817469205,4.867848381706357,50.1165894513633,28.116816136255,65.1787305213103,66.5,0.829648772236357
GTM,2009,26.9080886631746,3.292426935206786,2611.64632773352,7.867736078369997,61.901270998884904,132.65781075028,4.887772961249645,50.7420420912045,27.5259745150329,58.0406869738673,65.3,0.858176268329233
GTM,2010,26.652419867848,3.2828799482850424,2805.25960237322,7.939251363539998,63.031712213471714,135.312728630086,4.907588607840359,51.3270380592706,27.4918265373292,63.1251925746222,67.1,0.812345449469632
GTM,2011,30.2785784962163,3.4104404821639904,3168.98370607705,8.061166218016941,64.98240079449756,138.037756625607,4.927527246472178,51.8657469899423,27.9436212267543,65.0470510420457,67.1,0.820889438069957
GTM,2012,27.3005597247054,3.3069072047171972,3286.61959336267,8.097614836319716,65.57136603738518,140.814175065323,4.947441113836387,52.3523385176,28.1234371173336,61.9594193352042,67.4,0.833631164466604
GTM,2013,29.0925322950372,3.3704815190806747,3444.15802275864,8.144434747990546,66.33181736427584,143.59217058604,4.966977132746388,52.7809822766245,22.9529599737565,56.6852490208198,67.2,0.87963888748261
GTM,2014,26.7327979035299,3.285891197457522,3689.14510410202,8.213150031087679,67.45583343315553,146.339352370287,4.985928255932131,53.1458479013964,23.1927143718844,55.0832735945126,66.2,0.926919710682339
GTM,2015,27.4004163899267,3.310558209991209,3893.50533299068,8.267065144732472,68.34436610725052,149.045754012691,5.004253332718593,53.4411050262961,22.7375104809835,49.8934517710689,63.3,1.06172507283645
GTM,2016,25.2167964925021,3.2275102999668333,4060.13784737643,8.308972204575173,69.03901909640282,151.817469204927,5.0226789387416515,53.6609232857043,22.6144392993251,46.3727344722496,63.2,1.10787792062825
GTM,2017,25.1845452119376,3.2262305211404882,4324.99768915601,8.37216688506665,70.0931783514066,154.603928704741,5.040866547892155,53.7994723140017,21.9049014315292,46.0694033463258,65.0,1.02957279184604
GTM,2018,23.2233964899274,3.145160239902044,4352.94593289707,8.378608120822063,70.20107404230542,157.201241134752,5.057526775223176,53.845962303542,21.4264352094944,47.0116852699223,64.0,1.11243324329049
GTM,2019,20.2102810509295,3.0061914378467662,4511.99839552697,8.414495437576539,70.8037334689964,159.609957073535,5.072733070748469,54.1882267267974,21.9422533815816,45.5167341512863,62.8,1.14962736649855
GUM,2002,8.93951765792708,2.1904816344778895,20909.9590302806,9.947980833084586,98.96232265541829,300.583333333333,5.705725031115538,93.4166219465011,,68.8862698880377,0.4,0.0018482580168191
GUM,2003,8.74529706603243,2.1685160777086336,21877.3178371553,9.993205663882591,99.8641594406551,302.105555555556,5.710776478013527,93.5502870629964,,64.023536004483,0.5,0.0018389451810441
GUM,2004,8.55108642342586,2.146058341943685,23618.8266894573,10.069799414066111,101.4008602395262,303.351851851852,5.7148933590403574,93.6758326459328,,68.0020677177565,0.5,0.001831390025029
GUM,2005,8.38735788429454,2.1267255584039746,25631.9776108052,10.15159597638164,103.05490086768792,304.37962962963,5.718275704003331,93.7899888326279,,66.4372181343461,0.4,0.0018252060961883
GUM,2006,8.26878678535285,2.1124877975911547,25709.9351488422,10.154632777846881,103.11656685292228,305.257407407407,5.721155379387315,93.8894857603993,,72.7701746106654,0.4,0.0012133051037679
GUM,2007,8.17327471448735,2.1008696504109707,26605.4324214756,10.188870700289687,103.81308614722167,306.05,5.723748487297079,93.9710535665648,,79.4632704116443,0.4,0.0018152444226615
GUM,2008,8.07613320264352,2.0889131939554244,28112.2316573422,10.243960050907376,104.93871752458624,306.838888888889,5.726322817942866,94.0314223884421,,78.2739373121511,0.4,0.0018105773931306
GUM,2009,7.95267378076683,2.07350819674655,29054.0581201519,10.27691344684908,105.61494999402746,307.727777777778,5.729215553774297,94.0673223633488,,72.0173985086993,0.5,0.0018053474391146
GUM,2010,7.77820797980273,2.051325974872427,29719.7967836082,10.299568661110074,106.08111460492077,308.374074074074,5.731313572247766,94.0765173267308,,72.0347544958577,0.5,0.0018015637573413
GUM,2011,7.38091578853416,1.9988977215010655,29926.2052442913,10.306489805113594,106.22373210291046,308.412962962963,5.731439673759651,94.0771054436498,,77.7889245585875,0.5,0.001801336591751
GUM,2012,7.50094795897567,2.0150294070852386,31653.7506538168,10.36261192462131,107.38372590030377,308.02037037037,5.730165918352719,94.0777276704115,,76.7521367521368,0.5,0.001803632515887
GUM,2013,8.6039665673128,2.1522233256834755,32530.7593121483,10.389941361099323,107.95088148708246,307.344444444444,5.727969087524918,94.0782751403862,,79.5332468975736,0.6,0.0018075991468132
GUM,2014,8.15054249728644,2.0980844891217068,33900.1486530583,10.431174678404895,108.80940517139547,306.455555555556,5.725072738517803,94.0787476782557,,78.3600713012478,0.7,0.0012085614493068
GUM,2015,10.7767958943295,2.377395294429086,35165.7014644795,10.467826496345793,109.57539155759905,305.37962962963,5.7215556899366,94.079145108702,,71.3398861872737,2.3,0.0012128195021375
GUM,2016,8.95124087366923,2.1917921677791274,35930.6594898711,10.489346234792194,110.02638443334918,304.135185185185,5.717472290670928,94.079467256407,,70.4117946110829,4.4,0.0018266730803188
GUM,2017,8.62061947259407,2.154156946663545,36779.0078903909,10.512682523634385,110.51649384272783,302.759259259259,5.712937965811137,94.0797139460527,,69.2665890570431,3.9,0.0018349746161844
GUM,2018,10.0065645243546,2.3032413300588543,37195.9503070464,10.523955171621456,110.75363245429799,301.257407407407,5.707965073406818,94.079885002321,,72.9631465873409,4.5,0.0018441224743205
GUM,2019,9.88784013723531,2.291305733233844,39274.9431424899,10.578342015445878,111.90131979574757,299.644444444444,5.70259658658363,94.0799802498939,,78.0645161290323,4.5,0.0024720656580638
GUY,2000,28.0653087700277,3.334534250294365,931.796651718955,6.837114606028907,46.74613613597381,3.88535433070866,1.3572141844763184,28.7610390578913,20.0012299787296,206.767370475214,30.4,2.17315698087946
GUY,2001,27.6749218196649,3.3205266536463527,931.574723847673,6.836876405662366,46.742878986302756,3.88355092710185,1.3567499225039152,28.6194627210441,20.0826363267013,199.577000730114,31.0,2.1525827461127
GUY,2002,26.7373174249219,3.286060245957792,950.866932470993,6.857374128960183,47.02357994453243,3.87935991871984,1.3556701706241305,28.4796776810692,19.6492758825796,196.72507835983,34.2,2.12623027242775
GUY,2003,25.5932264409115,3.242327724322943,973.742598054188,6.881146995671279,47.35018397603587,3.87656083312167,1.354948377349224,28.3083472486662,18.0496168369614,189.162485631386,34.6,2.12252375504684
GUY,2004,24.5833797227468,3.2020705935770275,1033.31030902188,6.94052281996516,48.17085701445714,3.87309118618237,1.354052944325267,28.0668850172523,17.1139253470055,200.725286901642,35.5,2.19499014976037
GUY,2005,24.0485081255405,3.180072962425635,1084.06541388904,6.9884735250949985,48.83876221095372,3.8654508509017,1.352078324887495,27.7758550706193,16.6691938643683,194.350757310172,34.7,1.94949757791288
GUY,2006,23.9375255270104,3.1754473333428193,3135.60553528326,8.050577587615745,64.81179949422095,3.85555499110998,1.3495149632185954,27.4604582346121,22.0717890267589,,36.8,1.75844504233391
GUY,2007,23.9276414429482,3.17503433638372,3608.28685240188,8.190988382568172,67.09229068336676,3.84486156972314,1.3467375996367101,27.1458953350755,23.6589377907829,,33.1,2.12324323752974
GUY,2008,23.9520301855779,3.1760530879293967,4008.9628671603,8.296287850230017,68.8283920938742,3.83340614681229,1.3437537413412928,26.8573671978542,24.7390950750695,,32.6,2.12760036363347
GUY,2009,23.9438660671232,3.175712176946514,4209.13230624565,8.345011802404743,69.63922198227446,3.82064516129032,1.3404192987482437,26.620074648793,24.5699983117448,,31.3,2.1659526601728
GUY,2010,23.836323399808,3.1712106104973405,4581.76179693492,8.429838874960845,71.06218345780113,3.80622809245618,1.3366386967829689,26.4592185137368,24.9027270750604,,30.6,2.35059846033932
GUY,2011,23.1327579636656,3.1412497066476845,4947.22170589917,8.506581426455384,72.3619275649157,3.79046482092964,1.3324886556189288,26.3999996185303,26.4538770719167,,32.8,2.45713680706236
GUY,2012,24.0202750476087,3.178898267360995,5444.39751913913,8.602342380785771,74.000294436263,3.79115062230124,1.332669567293652,26.3999996185303,26.5877498717371,,28.7,2.68341444589756
GUY,2013,23.9124180658873,3.174397908347006,5556.91231156932,8.622797893340648,74.35264350939991,3.8101143002286,1.337659188748617,26.4003891353669,25.6280649781202,,26.9,2.63645951246698
GUY,2014,24.2311867349748,3.187640511547949,5472.68820452237,8.607525219764524,74.08949040888231,3.83149098298197,1.3432540180344448,26.4018152016157,24.3921272261287,,24.0,2.73802784035087
GUY,2015,25.8352498994325,3.251739834594727,5640.41560569466,8.637713030730161,74.61008640124562,3.85461518923038,1.349271180821509,26.4043918297579,24.7187387911341,,25.0,2.73412223026143
GUY,2016,25.3854930398264,3.2341778706975033,5870.87823759835,8.677759516213339,75.30351022123116,3.8788315976632,1.3555339736621603,26.4080892882899,29.382927306177,,21.3,3.21708654858634
GUY,2017,25.2164770735339,3.2274976329735714,6178.6650437298,8.728857514776253,76.19295351326586,3.90388112776226,1.3619712192558826,26.412905546573,26.2071926714792,,22.1,3.21257965409595
GUY,2018,25.7636448984049,3.2489643857300456,6048.38697180418,8.707546899245747,75.82137300256423,4.02111252222504,1.3915586111657408,26.4188378517884,26.2597639752552,,16.8,3.26041366624724
GUY,2019,26.0920734823741,3.261631570209744,6405.82443444562,8.764962923369191,76.8245750480366,4.10294640589281,1.4117053511989668,26.4258834773058,28.6892259316288,,11.3,3.45861217212582
HND,2000,31.2179492340652,3.440993225359782,1092.56400746252,6.996282513319912,48.94796900618598,58.7878541424613,4.073935271364632,45.3233354392127,29.3809338966492,120.392164584236,55.2,0.760181295401954
HND,2001,30.8754580684972,3.4299616310647156,1132.1648753329,7.0318868977446245,49.44743334267252,60.3985432120833,4.100964985644658,45.8623033555915,27.6950607056328,115.943071737954,50.4,0.871087022434027
HND,2002,30.2462334556727,3.4093716628622968,1132.49965345317,7.032182551355526,49.451591435589116,62.015005809277,4.127376384942641,46.4194190064116,27.2623882644585,117.997454450299,49.8,0.896055100701715
HND,2003,29.4430738497488,3.3824586990674903,1156.08162681357,7.052791658169877,49.7418701735506,63.6268924836893,4.153036218769225,46.990184604045,27.3716581546558,122.248277175534,47.9,0.966806302887693
HND,2004,28.5787777048828,3.3526644040883133,1215.13995412761,7.1026145377233485,50.44713327147905,65.2336580570203,4.17797556360125,47.5739776096056,26.5378388000557,135.461758741854,46.7,1.07270947201765
HND,2005,27.7661434752318,3.32381741789854,1304.70039153826,7.173728708369963,51.462383581291384,66.8366699436947,4.2022518811768945,48.1703884178554,26.2400447570959,136.489768018486,51.4,0.948804917659031
HND,2006,26.8538605929398,3.2904095943411376,1425.84780051892,7.262521863524089,52.74422381816541,68.431781213692,4.225837354344944,48.7790074235564,26.7848832699915,133.13183510432,52.2,1.06403013674585
HND,2007,25.7618807352975,3.248895908481676,1577.73789197407,7.363747386198851,54.224775567750406,70.0223254982572,4.248814126889572,49.3994250214704,26.1566692583548,135.070634917917,50.6,1.10621869255595
HND,2008,24.7098957241816,3.2072038000070577,1732.49062702803,7.457315320964593,55.61155179629325,71.6112878720172,4.271252713384669,50.0312316063593,25.9497768626944,135.748955193053,50.0,1.08143599564036
HND,2009,23.9175973814691,3.1746144801190868,1781.15703614674,7.485018452421594,56.02550123309175,73.1959871302172,4.293140598839113,50.6740175729851,26.0219596984677,96.9050060188904,50.5,0.997594720032567
HND,2010,23.6046775290367,3.1614448927753744,1893.32722662035,7.54609099766531,56.943489345045435,74.7687729019573,4.314400323240898,51.3273733161098,25.5871307044098,109.441838241682,53.6,0.95425728178202
HND,2011,27.5473866010646,3.3159076708839677,2073.66121088074,7.637071024858434,58.32485383873225,76.3301724908392,4.335068305611824,51.9908892304951,25.8142160143128,122.216902597337,50.9,1.11128244992174
HND,2012,24.209066840265,3.1867272258149195,2126.03474686503,7.662013902543044,58.706457042762885,77.8896773616945,4.35529343269314,52.6641557109031,26.1135718011836,121.188215808285,49.3,1.13935896829815
HND,2013,26.2100830737093,3.2661441868728063,2081.12843527945,7.640665542547515,58.37976993307291,79.4465814639378,4.375084864542072,53.356379133253,25.4093197152808,116.306049247436,51.1,1.13847266335916
HND,2014,24.197048630279,3.1862306682987414,2179.88171977271,7.687025897326175,59.09036714616329,81.0002859951738,4.39445268547082,53.8768089124249,24.510778796214,112.97509728471,52.2,1.09616752372968
HND,2015,24.6931989438968,3.206527859318212,2271.20265980349,7.728064776258591,59.72298518604874,82.5570202877826,4.413489209606438,54.3828473751434,25.6499709386427,107.26440535424,50.8,1.17120740302502
HND,2016,22.8829846790784,3.130393607264252,2307.34468351082,7.74385265469053,59.967253937557565,84.121726695862,4.432264877203266,54.8868414578857,25.8278974975697,99.8157169505924,52.7,1.03396802934008
HND,2017,22.0571250886782,3.0936356829699307,2413.0076562942,7.7886292385558455,60.66274541568701,85.6925283760837,4.450765638326764,55.3877322339915,26.5389223099615,101.813111079622,45.6,0.974871343619725
HND,2018,20.5175969852982,3.0212829074655083,2464.64241531918,7.80980201117464,60.99300745374745,87.2750916078291,4.4690651026362564,55.8852577716247,26.5924587973715,103.551162215452,48.9,0.922263832523827
HND,2019,18.1436603524166,2.8983212078163696,2502.32744328073,7.824976555077984,61.23025808752011,88.8697202609706,4.487171480012456,56.3791561389766,26.7243168964313,99.4599779937589,46.2,1.02100509944404
HRV,2000,22.6073432457522,3.118274775880812,4953.65158789022,8.50788027812315,72.38402682687683,79.9166905136643,4.380984723493696,55.6818319251231,24.2022887541673,74.6016854703406,26.8,4.33677043315335
HRV,2001,22.9227100117706,3.13212812271784,5364.83824691607,8.587621504920833,73.74724311177874,76.9001645442839,4.342508016226915,55.6913829056559,23.8042548140776,79.4405856034588,26.9,4.77793267439475
HRV,2002,23.4705060596986,3.155744571611669,6219.58164143945,8.735457923252417,76.30822512891343,76.9454499928459,4.343096729138963,55.6745468592554,22.9131996881856,81.1609977960211,24.6,4.96469924275494
HRV,2003,24.0769485978838,3.181254893054059,8190.11135193887,9.01068277284002,81.19240403275592,76.8958437567007,4.342451827673882,55.6386960202113,23.3409303583976,81.4432514353208,24.8,5.28621677887642
HRV,2004,24.5682548346735,3.201455155710642,9718.97322801967,9.181835256897317,84.30609868480262,76.9173039811307,4.342730870459039,55.5890878734365,24.1488165361816,81.6444126603338,26.6,5.27995632579101
HRV,2005,24.7706419784151,3.209659160743738,10443.5278353294,9.253737719617563,85.63166178347285,77.0163855335573,4.344018198352267,55.5307217475444,23.7734716436971,81.4923355714118,26.8,5.30160818255534
HRV,2006,24.4359067796249,3.196053639901577,11501.2099669894,9.350207523337499,87.42638072947716,77.0345043242084,4.344253429589832,55.4685969711483,23.4058870686343,83.5170835916925,25.5,5.34348188039458
HRV,2007,23.6376920748174,3.16284255980317,13755.8321073292,9.529218166427457,90.80599886337106,77.0176720749053,4.344034902987177,55.4077128728613,22.9415854297126,83.262210381268,22.7,5.68549100892136
HRV,2008,22.6849842013375,3.1217032166791627,15888.0606949392,9.673323206452581,93.57318185649405,77.0085233364306,4.343916108408618,55.3530687812969,22.7583110451343,82.0790791060076,24.1,5.41153048758558
HRV,2009,21.88676949653,3.085882321682299,14474.6519774194,9.580154259141409,91.77935562894528,76.927685655064,4.34286583324169,55.3096640250682,22.6914100390127,69.7015578897439,27.2,5.03419020013328
HRV,2010,21.5520342977398,3.0704702110614988,13729.7654965022,9.527321418973202,90.76985342042553,76.7533950396684,4.340597620533505,55.2824979327886,21.36803442175,72.6467039932668,29.8,4.87506829937978
HRV,2011,23.6135683044921,3.1618214749801354,14691.558296292,9.59502834225484,92.06456888867368,76.4888499749839,4.337144978248646,55.2773793281248,21.5043974590517,77.783952809242,27.2,4.77830091047516
HRV,2012,20.9195365864097,3.0406834872501123,13507.7805260991,9.511021133675737,90.4595230052265,76.1269387463369,4.332402193637935,55.3042888624873,21.0396616788925,79.0075493058138,29.4,4.40975990806428
HRV,2013,20.2640413078795,3.0088479511832564,14134.9474982889,9.55640555581509,91.32488714721352,75.6543849617611,4.326175402358376,55.3659479687433,20.5075395928616,80.9188132002026,32.8,4.34143567122871
HRV,2014,19.8289409065182,2.9871425324578174,14186.7295493276,9.560062267855985,91.39479056528371,75.0767993710242,4.318511581228185,55.4591834926844,20.6526480346575,85.2166241319216,33.6,4.20723258150827
HRV,2015,20.1718710437292,3.004289111358887,12283.7840620053,9.416035302604943,88.66172081990256,74.1856371953399,4.306570562640519,55.5812594509004,20.3701373622843,90.6522705485118,33.1,4.34144843408463
HRV,2016,18.1778313300349,2.9002027928569025,12820.1653893008,9.458774631272943,89.4684175252126,73.3840861982703,4.295707102826068,55.7294398599808,20.2769414390036,92.1392009356077,31.8,4.44976669563441
HRV,2017,18.7613905967833,2.9318010664590175,13901.7878144679,9.539772730593866,91.00726375138234,72.2144056893717,4.279639550779899,55.9009887365155,19.7721853620712,97.2445256540374,29.8,4.65112768894595
HRV,2018,20.0014497847215,2.9958047601628484,15460.3669595491,9.646035057923696,93.045992338693,71.2739439639768,4.266530818329475,56.093170097094,19.289972926094,99.0848546362534,32.8,4.45402410514506
HRV,2019,15.914853988952,2.7672528862623134,15563.5987295029,9.652690051807479,93.17442523626308,70.5701879779859,4.256607788718783,56.303247958306,19.5762975915854,101.394766564216,31.6,4.5506268056586
HTI,2000,20.2385408971379,3.0075887517582944,820.600046761464,6.710035836992564,45.02458093372449,301.275435413643,5.708024914148965,36.8408497942176,23.048486874758,27.1535220636918,80.8,0.20415141191579
HTI,2001,20.1626627783411,3.0038325167400575,748.821159844528,6.618500183103503,43.804544673741105,306.818505079826,5.7262563841012115,38.3871832598564,23.5984895487098,27.569933019116,80.9,0.204353921123644
HTI,2002,19.9490167998644,2.993179858906598,720.969568042522,6.58059692840876,43.30425593418281,312.323693759071,5.744040129996079,39.9708985140797,23.2116928683578,24.9396784759828,79.1,0.226717169082679
HTI,2003,19.6705719275103,2.979123708109953,578.995291079709,6.3612943446896795,40.4660657397809,317.848766328012,5.761575692072422,41.2007603284477,25.3098723727845,37.1973434444641,79.0,0.221166605326629
HTI,2004,19.4002971270812,2.965288381780924,683.185298155273,6.526766123149251,42.59867602628871,323.304172714078,5.77859359127995,41.8705746346912,25.6128699974092,33.7809703531059,81.1,0.200981721863878
HTI,2005,19.2111613643794,2.9554914311935288,775.845704056916,6.653953665434723,44.275099381752185,328.783490566038,5.795399450747551,42.5791771857318,25.0367007859813,34.9651045038228,81.1,0.201859054461774
HTI,2006,19.0965357905648,2.9495069463809154,828.805700289589,6.719985749244102,45.15820847004381,334.418069666183,5.812391915833733,43.2846444920296,26.494693007675,37.0570704128996,81.4,0.200877507252704
HTI,2007,19.0011837390715,2.9445012792821426,984.566983448521,6.892201933802809,47.502447496315185,340.105079825835,5.829254628172804,43.9866171992907,25.2963112825586,34.2825489611293,79.3,0.232981013295643
HTI,2008,18.9251624491129,2.9404923831235488,1094.66058421644,6.998199625448248,48.974797997624,345.81908563135,5.845915764413666,44.6847359532184,26.701201891474,36.1450381454244,79.6,0.226980515958095
HTI,2009,18.8685291599026,2.9374954103914077,1196.8528706018,7.087450782883659,50.23195859979819,351.581313497823,5.862441017350382,45.3786413995138,26.2255411512356,33.0964998246108,80.3,0.219132282396937
HTI,2010,18.8313411106541,2.935522562153823,1209.72733503094,7.098150270247613,50.383737259016264,355.70732946299,5.87410828448569,46.0679741838751,23.5332687261618,44.7215241260457,79.0,0.26510476988653
HTI,2011,18.8857006660512,2.938405057199822,1312.03953552013,7.179338102830608,51.542895594755386,359.757039187228,5.885428912462019,46.7523749519985,24.5925802703743,44.1635704019387,79.0,0.296967070987273
HTI,2012,19.0640940806919,2.9478066747764955,1361.39396587374,7.216264428709141,52.074472305052865,365.376306240929,5.9009277984942745,47.4314843495779,25.3732825170097,40.2582414988129,82.2,0.273948632992746
HTI,2013,19.3952223914866,2.9650267672601487,1457.83221179626,7.284705824873745,53.06693895494947,370.912989840348,5.915967506369055,48.1049430223048,25.6899193261312,40.3325097562551,80.4,0.291263408593826
HTI,2014,20.7584161756086,3.0329517632682497,1460.18898613914,7.286321148886471,53.090475884710266,376.387336719884,5.930618763999383,48.7723916158687,26.5606297593527,42.3515259071619,77.8,0.311214389725095
HTI,2015,21.5058632915395,3.068325609189063,1411.12684746796,7.252143846797231,52.593590374638936,381.830261248186,5.944976167575054,49.4334707759572,26.0556909416746,41.9457381172044,76.1,0.332026955191185
HTI,2016,20.5277983755891,3.021779985903236,1318.40268167953,7.184176193194044,51.612387574856065,387.208164005806,5.958962439905881,50.087821148256,24.4486778891376,41.4109022161974,76.1,0.335286924737644
HTI,2017,20.7108631691211,3.0306583533955975,1395.23945184461,7.2408213295931,52.429493527090386,392.516473149492,5.972578506149379,50.735083378449,23.7054083866046,42.0745477868911,76.2,0.331556809297013
HTI,2018,21.5479155500506,3.0702790856557254,1496.38048970156,7.31080446423179,53.44786191423147,397.763497822932,5.9858576020863055,51.374898112219,24.1385210331551,45.1385763027223,76.2,0.32453772280098
HTI,2019,20.938501996786,3.04158966500311,1352.17204191532,7.20946749844469,51.976421611130334,402.944956458636,5.998799968148289,52.0069059952475,23.3823262210182,44.5687187758294,76.4,0.323714293972993
HUN,2000,20.6558178895561,3.0279970177193776,4629.91760812548,8.440294351700665,71.23856874335014,113.936297701406,4.735639500119079,64.2602344392211,27.0147480291097,137.26231309347,5.2,5.82337370265766
HUN,2001,20.8202477715374,3.035925963766222,5280.94887987063,8.571861072650734,73.47680224882498,113.675251060031,4.7333457082859915,64.646880283041,27.1118163721943,130.903714236387,5.1,5.9881860022443
HUN,2002,21.1522211901366,3.051744920788229,6658.04494326809,8.803581168377747,77.5030413882153,113.352019638474,4.730498194514028,65.0400009155273,26.7953724802925,118.269335242555,5.2,5.90458850267675
HUN,2003,21.5344986819374,3.069656239012327,8410.09248198479,9.037187749575352,81.67076242107483,113.027806293238,4.727633861832736,64.8452987670898,26.4183352658643,116.787088540862,5.0,6.18793407645274
HUN,2004,21.8498407835233,3.084193634719778,10291.2694721409,9.239051190717335,85.36006690469542,112.777795135015,4.725419468046193,65.0225372314453,26.8778725721925,123.615686104174,4.6,6.01747516064377
HUN,2005,21.9810080314777,3.0901788092285956,11212.2046968994,9.324758169065882,86.95111491156091,112.566287244727,4.723542268075685,66.1261367797852,27.2089503526625,128.004810647538,7.3,6.06869292504807
HUN,2006,21.8234247969572,3.0829839248693047,11478.4891640501,9.348230055293758,87.38940516669754,112.391139381765,4.7219851032291675,67.0155868530273,27.2157712360963,149.231531568461,7.9,6.02496979060446
HUN,2007,21.4476493915619,3.0656150538941294,13934.605460375,9.542130626660908,91.0522568962601,112.217163263029,4.7204359516485646,67.0041656494141,26.7120407420711,155.60143236807,9.0,5.88170186698595
HUN,2008,20.9991432625418,3.044481639869383,15762.6322515113,9.665397370500392,93.41990632967588,112.020845887736,4.718684977973815,68.0976986078883,25.7747485981168,158.453224115619,9.0,5.76183669801761
HUN,2009,20.6233678571466,3.026424794890516,13051.1831777184,9.476634073600286,89.80659336492194,110.710814094775,4.706921523243084,68.4592590332031,25.1371137759844,145.30587733019,12.3,5.15845609694043
HUN,2010,20.465784622626,3.0187544489419365,13189.8433874768,9.487202372060642,90.00700884843307,110.460874848117,4.704661384486192,69.5305480957031,25.2266979655838,157.838960085896,13.5,5.23461796037869
HUN,2011,21.3088927870016,3.059124487322944,14211.460557822,9.561803999610943,91.42809572697583,110.148315475533,4.701827780126719,69.4779934082031,25.1359185300274,166.754347209897,14.7,5.15825393134008
HUN,2012,18.932021260415,2.9408547350316976,12950.1594488143,9.468863379701636,89.65937370345469,109.580934496852,4.69666340406124,69.5772326660156,25.0498656722544,166.17569860957,16.5,4.80352430687509
HUN,2013,17.8529756602872,2.8821701979896837,13739.4620151401,9.528027410362041,90.78330633261038,109.05483265216,4.691850807595657,69.9277636266638,25.0561210392632,164.476024791467,17.2,4.5374057479924
HUN,2014,17.9397743889142,2.8870202806827994,14352.501883174,9.571679553250561,91.61704947011486,107.747512601359,4.679790643811216,70.3071053512008,25.6873886769853,168.358355086413,15.7,4.55934371452648
HUN,2015,17.9802501362595,2.8892739408632506,12782.9412577973,9.455866846819694,89.41341782478382,107.360891957046,4.67619598128355,70.4847717285156,26.3916783181703,167.290738494524,15.6,4.85223400666785
HUN,2016,16.2389389235353,2.78741199537823,13215.8605277789,9.489172942419579,90.04440313114785,106.944499232961,4.672310001133796,70.4733810424805,25.4486066021034,163.97194450015,15.3,4.94531881179394
HUN,2017,17.0236884271225,2.834605811013514,14736.1668157258,9.598060078716424,92.12275727464993,106.582905982906,4.668923142240093,70.4542541503906,25.1587549896178,165.032855840268,14.6,5.2571073027842
HUN,2018,17.5018535227019,2.8623067909037747,16605.0570511887,9.717462569588667,94.42907879135679,106.366031119877,4.666886269542239,70.4711761474609,24.9697501840475,162.700858777925,13.6,5.28069332491601
HUN,2019,14.6412354449754,2.6838418932906634,17012.8598553199,9.741724799142766,94.90120206223317,106.233004602235,4.665634838325245,70.4565277099609,24.6337376234071,159.925556464831,13.6,5.31240175169761
IDN,2000,26.2052017856205,3.2659579324962054,763.711124950924,6.6381896089624215,44.06556128453666,115.08687262286,4.745687257293447,41.9861540600656,41.9690746433564,71.4368759173731,45.6,1.38408579613851
IDN,2001,25.8543760470568,3.252479872780222,732.307093405708,6.5961999524951995,43.509853813297674,116.695437968937,4.759567446574133,42.9018895186157,47.8935007853871,69.7932075256238,44.3,1.45853518944239
IDN,2002,25.5291686460049,3.2398216669160864,881.002913569131,6.781060933046637,45.98278737769133,118.288280970792,4.773124704122961,43.7824069030376,47.7453311592597,59.0794617663723,44.7,1.46310550665851
IDN,2003,25.1975719602112,3.2267476390900725,1043.2105838671,6.950058336699048,48.303310883519934,119.864570212072,4.786362523888241,44.6301761521872,43.7495660917608,53.6164937473016,43.0,1.57132250644049
IDN,2004,24.8275783674222,3.211955066266971,1126.84004447173,7.027172573595572,49.381154379093815,121.397785588322,4.799072637835659,45.4476736441888,44.6276159754602,59.761294836691,41.5,1.58011931285841
IDN,2005,24.3871802453844,3.1940575944490006,1238.21447629488,7.121425682419534,50.71470375022452,122.966345480392,4.81191070395273,46.2373757571669,46.5410588710711,63.9879358688635,41.6,1.57055662745946
IDN,2006,23.8860554289587,3.173294833806161,1558.31562847163,7.351360791581556,54.04250548800261,124.606809305259,4.825163254180029,47.0017588692457,46.9435587410796,56.6571268148867,40.1,1.63888306289882
IDN,2007,23.3156711321389,3.149125715269063,1823.21976255073,7.508359317358648,56.375459638566426,126.263615441442,4.838371907421335,47.7432993585496,46.7991415207073,54.8292499782075,40.0,1.69488500402322
IDN,2008,22.6167038013704,3.1186887395290506,2124.55483920618,7.661317571980574,58.69578693873832,127.912368929422,4.851345411722987,48.4644736032029,48.0607447690172,58.5613996312961,41.1,1.6541425247205
IDN,2009,21.7298298830988,3.0786859655721996,2218.48541852977,7.704579998126537,59.36055294753151,129.543311146252,4.864015274229797,49.16775798133,47.6521225811621,45.5121213687054,38.2,1.69126327047376
IDN,2010,20.5957258237696,3.0250835699846648,3065.68348377765,8.028025819848873,64.44919856416017,131.186593584406,4.87662068824326,49.8521375148888,42.7758663362749,46.7012738758737,36.0,1.80134962735397
IDN,2011,17.9185723142468,2.885837734409058,3579.46442466152,8.182968466153389,66.96097291806075,132.872174396105,4.889387571307916,50.4830017089844,43.9134234267133,50.1800131841104,32.4,2.00399300866727
IDN,2012,19.553351601333,2.973146709145999,3632.27254030331,8.197613775535693,67.20087161285257,134.591727167608,4.902245952971131,51.1593933105469,43.5937444233376,49.5828982992627,30.1,1.9954892890649
IDN,2013,20.1029935644832,3.000868737531907,3566.60284506078,8.179368837713598,66.9020745833603,136.271572751061,4.9146497531280255,51.8307495117188,42.6356774375889,48.6373726752893,30.6,1.85640226795234
IDN,2014,18.5354648917633,2.919685918120539,3441.06808464008,8.143537191896439,66.31719799580053,137.882705314833,4.926403362248412,52.5002136230469,41.9283421270033,48.0801755855227,29.3,1.95102470107868
IDN,2015,18.6712786457665,2.9269864418591167,3288.22269725538,8.09810248419129,65.57926384446515,139.438934572699,4.937626760424536,53.1720771789551,40.0478624042506,41.9376402415294,26.6,1.95721455259026
IDN,2016,19.1310042759597,2.951310279510691,3521.46943457574,8.16663363448735,66.69390491994008,140.945267664402,4.948371642426792,53.812557220459,39.3084439802081,37.4213418023318,27.8,1.91626591013332
IDN,2017,16.9555634840925,2.8305960091210562,3798.88326174526,8.242462424035642,67.93818681163951,142.393583234045,4.9585949364039,54.4541015625,39.3791548040237,39.3554970704606,25.2,2.00394276108737
IDN,2018,18.4371895829409,2.9143697977788316,3860.95353090726,8.258669460684754,68.205621260847,143.781152680745,4.968292370499142,55.0956840515137,39.7297374523848,43.0743089552002,22.0,2.20953925241911
IDN,2019,19.4270918962783,2.966668581383557,4106.94856160358,8.320435589311186,69.22964839587618,145.132688936836,4.9776484200914926,55.7382049560547,38.9517679950779,37.6277775357108,19.8,2.33979466524606
IND,2000,61.511449777005,4.1192233327198675,442.750218937263,6.093005771156921,37.12471932735155,355.82076254797,5.874427128076588,27.6470407512523,27.3258283775917,26.9009229104474,46.9,0.942309744278839
IND,2001,61.9068347721157,4.125630589945933,450.357900514128,6.110042601129339,37.33262058761538,362.539418940599,5.893133210287858,27.9028652096636,26.4877773440307,25.9932547534365,47.1,0.939789720011458
IND,2002,62.3725221530569,4.133124828281532,469.149928973927,6.150922395342947,37.83384631353142,369.165905979773,5.911246152697653,28.1756878910456,27.6606541607882,29.5086629350614,45.8,0.957620477500199
IND,2003,62.766353963477,4.1394191649880625,544.143133545002,6.299212325381947,39.68007592024384,375.624499611528,5.928589973139575,28.4660287698,27.4741071211988,30.592436132908,45.6,0.969744882653011
IND,2004,62.9461722470244,4.142279952398919,624.258826510066,6.436565068443288,41.42936988030435,382.078344471763,5.945625677818664,28.7726067228528,29.219106305293,37.503814059447,44.9,1.02822643182898
IND,2005,62.7698190473475,4.139474369536493,710.488080408949,6.565952171054347,43.11172791257329,388.36277600826,5.96193989250467,29.0945497159107,29.5337641914637,42.0016696148691,44.2,1.05460489385527
IND,2006,61.1951099242157,4.11406728312676,801.668353659022,6.6866949982259065,44.71188999929936,394.485011048739,5.977581144757362,29.4309857146804,30.9272399435883,45.7244804992652,43.2,1.10810989189174
IND,2007,58.0211349861865,4.060807340483767,1021.88707706826,6.929406272553527,48.016671290104156,400.470881780175,5.992641059196575,29.7810426848684,30.9032382510869,45.686268679348,41.5,1.18862350046436
IND,2008,54.3676481000901,3.995769272912845,992.519584923828,6.9002467452873875,47.613405145849185,406.274393496547,6.007028777371248,30.1438485921815,31.1367192409548,53.3682204392226,39.4,1.25815998206335
IND,2009,51.3544031327568,3.938750680171818,1094.94974598436,6.998463747119226,48.97849481974208,412.191872366045,6.021488950566778,30.5185314023263,31.1213721116744,46.2728696428837,37.4,1.32284533301467
IND,2010,50.1011539510167,3.9140440407799897,1347.51939071367,7.20602069281963,51.926734225344696,418.231449722352,6.036034986755081,30.9042190810094,30.7250782285817,49.2552064974161,36.2,1.39129863287623
IND,2011,61.708624213512,4.122423697699619,1445.46127486037,7.276183770962893,52.94285026882379,424.199245255096,6.050203262909518,31.2746502853309,30.1616797630407,55.6238800135298,35.0,1.46337391608571
IND,2012,74.0031607462287,4.304107805078879,1429.32199520032,7.264955481588603,52.77957814946429,430.068210238834,6.063943824569849,31.5898935604399,29.3985276965289,55.7937217287511,34.8,1.57607553513255
IND,2013,76.2501768290597,4.3340197345544675,1432.84397512195,7.267416542013342,52.81534319512916,435.838110245225,6.077270867620597,31.9096789235237,28.4048995600246,53.8441319466777,34.9,1.59945855716817
IND,2014,79.0373957134889,4.369921103927767,1553.88396075118,7.348512856808263,54.000641206676335,441.370107863944,6.089883770333132,32.2288233408821,27.6564012026443,48.9221857470669,33.9,1.70517686000076
IND,2015,73.810991410386,4.301507655616777,1583.99815907985,7.3677074101766316,54.28311248197165,446.666542669658,6.101812326671565,32.5472990022299,27.34739147794,41.9229138658647,33.4,1.71550269097521
IND,2016,75.7890035327013,4.327953209996396,1707.50892912243,7.44279082078555,55.395135201969644,452.020992940243,6.113728623311776,32.8650780972823,26.6189999399789,40.082485713276,33.0,1.7202923565219
IND,2017,67.3122713926644,4.209342558701583,1950.10468280866,7.575638333608506,57.39029616163866,457.30592394028,6.125352584746473,33.1821328157539,26.5000166464804,40.7424969545225,32.5,1.79545339877531
IND,2018,68.1209525065052,4.221284838469853,1966.25455171679,7.583885769292524,57.515323361677666,462.351569862673,6.136325575416765,33.4984353473598,26.4120919013735,43.6169693323889,32.9,1.85989309419052
IND,2019,59.8919808842351,4.092542621104833,2041.42863698585,7.621405153982032,58.085816521143876,467.185182245332,6.146725714926574,33.8139578818147,24.5914753075066,39.9054035306442,33.5,1.83688223212799
IRL,2000,12.5487773722991,2.529623240298168,26334.5672050501,10.178637697571325,103.6046653784201,55.2355058789374,4.011605968948676,59.1247997891425,31.5013226058138,174.954518071287,2.0,11.5177387420391
IRL,2001,12.4264833741692,2.5198299511077633,28282.409882073,10.249995331446142,105.0624042946677,56.1219770648861,4.027527483852608,59.3763923617156,34.0831218990801,174.840711101871,2.0,11.9109688656404
IRL,2002,12.3040622950093,2.5099294757388733,32705.4345565698,10.3952965374671,108.06219010187549,57.075729423719,4.044378972425635,59.6367259990731,35.105250232772,163.719329359615,2.2,11.4404136169689
IRL,2003,12.1728497272074,2.49920803958887,41203.5295847568,10.626279201201125,112.91780966187963,58.0130788213093,4.060668482044936,59.9120142632573,32.2589942766588,146.531474021275,2.0,11.1268025365061
IRL,2004,12.0241812631519,2.4869197274494783,47754.2023194244,10.77382234872603,116.07524800190848,59.0834954274931,4.078951620224027,60.1994750854288,30.7660924583293,146.587496370071,2.3,11.0536619018628
IRL,2005,11.8493924952309,2.472276600041742,50933.0216095589,10.838266746796545,117.46802607471577,60.3848744375091,4.100738650359591,60.4882988006461,30.0341921238419,148.175564253129,2.9,11.3160512452902
IRL,2006,11.5711334006069,2.448513496702249,54329.1618599624,10.90281641258988,118.87140572663927,62.0349978226158,4.127698706795548,60.7703677431593,30.0803731990164,150.021785809265,3.2,11.1588123430623
IRL,2007,11.183427609397,2.414433004764451,61396.417461176,11.0251067648951,121.55297917733569,63.8545797648425,4.156608306841965,61.0601979374234,28.5265724364426,153.396847068025,3.5,10.6718615521641
IRL,2008,10.7846711934217,2.3781257919792163,61353.1065629523,11.024401085580001,121.53741929573751,65.1697488750181,4.176995386953684,61.3581903884996,25.9255497868699,160.039420132474,4.2,10.3087084122575
IRL,2009,10.4732602245015,2.3488253636609246,52133.0906162544,10.861555162715955,117.97338055272162,65.8350268544056,4.187152019712919,61.6421022728798,25.6117523039931,173.591474874665,5.3,9.0783011327619
IRL,2010,10.3475907744569,2.336753717200184,48623.9666422487,10.791871829121638,116.4644975761892,66.1947307301495,4.192600863553708,61.8910689348512,23.3585048483704,190.08027278672,5.3,8.97445371922665
IRL,2011,10.5404229786943,2.355217673113908,52613.8540355689,10.870734748752772,118.172873977741,66.4840179997097,4.196961587946293,62.0872735820277,24.3019357364641,186.304879179038,7.0,8.10989492769128
IRL,2012,9.58893302932057,2.2606096240320825,49335.8408099555,10.80640609001531,116.77841258231997,66.7663376397155,4.201199025979271,62.2529318511038,24.0639568673216,190.355682317985,6.9,8.17522126702863
IRL,2013,9.19408716106259,2.2185605775503885,52537.6108648692,10.869284589515651,118.14134748788241,67.1188271156917,4.206464587567828,62.4047157756118,23.8396733678378,199.742586224446,7.7,7.8579683966663
IRL,2014,8.84472665206141,2.1798214229014623,57214.5379785709,10.954563305539116,120.00245721506408,67.6112643344462,4.213774601333685,62.535401730577,24.4288440676474,211.181602002085,8.8,7.75893459059544
IRL,2015,8.81158216131006,2.176067010806122,64250.1385181257,11.070539158679278,122.55683726385129,68.2531136594571,4.223223054408432,62.6392123492764,38.4401729288171,223.702938290642,9.5,8.00687883789665
IRL,2016,8.11019374827621,2.093121757888347,64129.5571542383,11.06866064668071,122.51524851137823,69.1351720133546,4.236063602916674,62.7229399123734,36.5192338386058,239.708527798768,8.6,8.29636917712182
IRL,2017,8.38429636583274,2.1263604759320676,72161.4047531385,11.186660621746835,125.14137586614129,70.0746842792858,4.249561591572073,62.9035196521232,36.2543208523413,233.304083346711,10.1,7.92618041220563
IRL,2018,8.2986369369357,2.11609127685066,80804.1123164826,11.299783138220052,127.6850989708022,71.0991725939904,4.264075699526157,63.0844503476779,36.848503844665,222.453716000399,10.8,7.76337876800063
IRL,2019,7.8923946735653,2.0658995962314473,81827.6688873996,11.312370715854257,127.96973121291695,72.237712294963,4.2799622404866176,63.2737009154127,35.880910077936,257.652772910421,12.3,7.30821291296457
IRN,2000,36.4770997798349,3.5966846603964444,1650.01385833785,7.408538965851991,54.886449608547295,40.778665365063,3.7081590369271518,64.4780120849609,40.3059101601225,41.2572474638031,0.4,5.32891818848676
IRN,2001,36.3009676720771,3.5918443985484747,1881.02266635283,7.539570879389422,56.84512904533698,41.4131026056632,3.723597318818985,65.2168655395508,39.9172619781884,40.535566479523,0.5,5.45816095459282
IRN,2002,35.8809603381931,3.580206802110926,1891.25756091033,7.544997262932158,56.92698369765376,41.7565000368378,3.731855128683608,65.9271621704102,45.5029348793712,48.1726865520657,0.7,5.65089777632155
IRN,2003,35.3796612622671,3.566137114414101,2208.99636552406,7.700293558115034,59.29452088114788,42.2218988678504,3.7429390169618695,66.6049270629883,45.0599495545921,50.6791057753261,0.8,5.89791758943739
IRN,2004,34.9596539283831,3.5541946516646283,2672.4226651404,7.890740705208442,62.26378887683342,43.1348485964783,3.764331222529993,67.2567367553711,47.4704724796045,51.3138573265888,0.7,6.19124691935171
IRN,2005,34.7835218206253,3.5491437637371686,3132.0508192007,8.049443282777492,64.79353716265169,44.1000853409956,3.786461717620896,67.8708801269531,49.6372490521282,54.4404952635536,1.4,6.52930513401687
IRN,2006,34.9942072001245,3.555182539223488,3618.91601364428,8.193929816232913,67.14048583335074,45.0605043100273,3.808006126908342,68.3101850492144,48.2599008746838,53.1673587143845,1.4,6.89507643037261
IRN,2007,35.5567159766256,3.5711290547675776,4687.99166260718,8.452759552801167,71.44914405747139,45.8033399641445,3.824357013442563,68.806189933608,48.235663136428,49.8873069225934,1.3,7.21864993317663
IRN,2008,36.3667271071338,3.5936542661438824,5377.4115072957,8.589962404901545,73.78745411762193,46.3630025295317,3.8365017818948837,69.3790072996746,47.6687887779159,48.2294027741438,0.7,7.35172418688277
IRN,2009,37.3199195486544,3.6195272202601636,5415.52280553446,8.59702470242646,73.90883373413075,46.9423518504875,3.8489202925015245,69.99007683587,43.0965172977284,43.6995802243585,0.8,7.49713453135765
IRN,2010,38.3119722581928,3.645762438937749,6291.19443655454,8.746906226190578,76.5083685297715,47.5336096171321,3.861437031717328,70.6092626774386,44.2093794197457,43.7706437371399,0.9,7.44954181717631
IRN,2011,39.6124799715142,3.679144219406667,8025.68743364356,8.990402605842695,80.82733901514311,48.1247071391734,3.8737957071696587,71.204050944517,46.2322885720868,41.2194147918578,0.9,7.47503068180157
IRN,2012,38.0077616053954,3.637790391643191,8114.08099831877,9.001356226255238,81.02441391194394,48.7306785530097,3.8863087815072803,71.7633634041294,42.0941632127045,44.0893466807452,0.9,7.46470417628295
IRN,2013,38.7525647600714,3.657196940965751,6222.74194840326,8.735965916314798,76.31710049101386,49.3717220462192,3.89937783208011,72.3030873515412,42.7788684660118,47.0867179194755,1.0,7.61840318570665
IRN,2014,36.3710361542807,3.5937727478501857,5672.06372896319,8.643308303861676,74.7067784356042,50.0393213241976,3.9128091228408213,72.8324070385223,39.2282280462408,45.3514201413161,0.9,7.8101095500119
IRN,2015,38.6980329606897,3.6557887708548003,4952.73355532178,8.507694936536325,72.38087313316582,50.7253137356025,3.9264250707218786,73.3561403575949,32.1747396532204,39.42258866118,0.9,7.61916074830014
IRN,2016,37.4838145441593,3.6239092276492766,5710.59947089104,8.650079283284937,74.82387160711525,51.4576905130283,3.940759926581595,73.8796100096595,34.3222829592861,39.8772417738866,1.0,7.66363471449536
IRN,2017,35.0159582592188,3.5558039078390715,6000.93346404409,8.699670313449975,75.68426356272278,52.4047790446841,3.958997790311069,74.4011840820312,36.1413931191139,43.1556931383906,1.0,7.83730730212281
IRN,2018,37.6762291896797,3.629029370116495,4783.01067340237,8.472825475206632,71.78877153331048,53.0773485362096,3.971750255997242,74.8034286499023,37.1484284566829,56.6153496142829,1.0,7.68073939665899
IRN,2019,34.0157895718045,3.5268248159869606,3997.4935449585,8.2934228299372,68.78086223612354,53.6527876733436,3.9825334280873665,75.2038879394531,33.4149250633862,48.5917712137038,1.0,8.18571981543646
IRQ,2000,42.0322556879507,3.7384373160982327,1980.18916038782,7.590947654674755,57.62248629601217,55.8430070649564,4.0225443084539725,67.6331913847871,84.7959791546848,125.336595640904,0.4,3.6362101364327
IRQ,2001,42.1509534852763,3.7412573054322524,1435.695683789,7.269404807783096,52.84424625942,57.6121819054805,4.053734036755281,67.751941516652,77.4195775516813,126.780255976775,0.3,3.99450111596867
IRQ,2002,42.2186306413067,3.74286160800756,1266.15961275094,7.143743671179701,51.03307363952003,59.4612319089101,4.085324535635016,67.8938101691696,74.1578564186036,119.762047746987,0.3,3.65491643857998
IRQ,2003,42.2720869159646,3.744126984449757,817.887862499622,6.706725239796635,44.980163442125225,61.281429910602,4.1154768592103945,68.0521271794625,70.8382337998589,154.234525288266,0.3,3.09254764611228
IRQ,2004,42.3481220691727,3.745924077002073,1328.37157628292,7.191709092317124,51.720679668516794,63.0538857260443,4.143989689790976,68.2202223846538,61.8350607638528,120.233977121676,0.4,3.27515771880636
IRQ,2005,42.4835358608539,3.7491166093655757,1762.39360423421,7.474428166472362,55.86707641575539,64.9506093239134,4.173627124503141,68.391425621866,63.6084344986755,115.742540308642,2.4,3.07089535110651
IRQ,2006,43.2338400632279,3.7666235234004324,2276.55435744086,7.730418332126871,59.759367589683194,65.4286187895832,4.1809597589168686,68.5590667282222,61.4441919202983,89.6505198581778,2.6,2.96556027175217
IRQ,2007,44.766523137035,3.8014606086839766,3128.99010329066,8.048465580765402,64.77779820476536,64.9143905617669,4.173069333518388,68.716475540845,60.1077106310903,74.092853105498,2.0,2.76243609599133
IRQ,2008,46.5363498749787,3.840233724952612,4542.96609046032,8.421335401602187,70.91888994627827,66.2391933603128,4.193272332471348,68.8569818968574,62.788858419665,81.0555432665835,1.1,3.12972584066376
IRQ,2009,47.9980850697625,3.871161115732141,3714.71205987194,8.220056446711109,67.56932798711685,69.2075105912691,4.237109391290087,68.9742328505284,51.989792420915,78.6873788189898,1.2,3.22209515764181
IRQ,2010,48.6064935140896,3.8837571333822605,4461.75196161555,8.403296784387633,70.61539684649954,71.4803969423467,4.269423243470362,69.0582953378474,55.7934951548678,73.4974796202443,1.7,3.59130892513878
IRQ,2011,44.5902054159628,3.797514225400759,5775.54229080293,8.661387434150706,75.01963228446375,74.0500644685946,4.304741411322404,69.1252233869916,62.5480287876873,72.1713282233655,1.1,3.60389826022629
IRQ,2012,43.7633581476121,3.77879689528846,6477.59618450955,8.776104761343317,77.02001478207285,77.4885844538589,4.350130628140416,69.2222213745117,60.576988513607,73.6086845912812,1.3,3.95321422100273
IRQ,2013,42.9162462504814,3.759250454722466,6650.35282247395,8.8024251882536,77.48268919480144,81.2709362215752,4.397788464590174,69.444450378418,57.69152678908,67.4100184095672,1.5,4.09302888224357
IRQ,2014,37.7947333258122,3.632169762913247,6249.39226978969,8.74023950116899,76.39178653779474,84.1918950171378,4.433098657911288,69.6666641235352,55.3075963759279,68.9824868569036,1.0,3.78352330429891
IRQ,2015,44.6439888371463,3.7987196697519154,4440.14189252367,8.398441612691233,70.53382152178372,86.5194942505436,4.4603697556048,69.920524597168,45.340288824262,69.5917685983115,0.8,3.67151586099612
IRQ,2016,42.3367851899463,3.745656334386274,4334.42096404188,8.37434330798439,70.12962583998294,88.6135586739395,4.484284878340007,69.9123778259643,46.1825020614016,54.588320188677,0.9,4.03030161950881
IRQ,2017,40.02670906993,3.689546958031869,4759.2846435467,8.467852650962367,71.70452851841038,90.6123378358457,4.506590382980982,69.8944511190753,51.3296814634291,59.7809123923157,0.5,4.25410677734214
IRQ,2018,41.7558636075287,3.731839887124602,5646.68932074742,8.638824691468628,74.62929204992803,92.7505804739616,4.529913959947331,69.8765148865842,54.1699427538136,65.8017917701083,0.5,4.4937314270853
IRQ,2019,37.7315693030309,3.6304971260884855,5671.8568632942,8.643271832226084,74.70614796575285,94.8844148066247,4.552659464590862,69.8683395385742,53.1094032824868,68.9899384202806,0.9,4.70108992313127
ISL,2000,7.40415684416645,2.0020415781938556,32503.578963236,10.389105484200575,107.93351276184647,2.80503740648379,1.0314168745305856,91.9674192031642,22.5372259365463,70.2477741981669,60.7,10.1434896250067
ISL,2001,7.36401350857719,1.9966050977766978,29208.1981853568,10.282204708623217,105.72373367003345,2.84257356608479,1.0447098270762685,92.0452304560359,24.1593929160252,73.9395325755249,62.1,10.3787091884001
ISL,2002,7.31543238709725,1.9899861423762064,32749.379004627,10.396639279192843,108.09010830165549,2.86805985037406,1.0536357908508955,92.1674022598912,21.8878961443286,68.7108314689249,61.9,10.8822598539943
ISL,2003,7.25851087930184,1.9821746947543237,39944.2104095591,10.595239019780207,112.25908988627305,2.88799002493766,1.0605607670556607,92.3235559316863,21.0064884754505,67.4009987460124,61.9,10.7073407455763
ISL,2004,7.19334638476617,1.9731564855392185,47809.6073050042,10.774981887928273,116.10023468518234,2.91345635910224,1.0693401286325317,92.4377293375354,21.3111439861402,69.7326204452496,61.9,10.8729294630813
ISL,2005,7.12003630306545,1.9629128241560332,57783.7745608117,10.964463298311118,120.21945542001153,2.95994014962594,1.0851690484105816,92.377441015064,20.4017247228488,71.2106793861355,62.7,10.5394056629844
ISL,2006,7.00714143681389,1.946929834258734,58172.1426656622,10.971161870774518,120.36639279473661,3.03024438902743,1.108643272713418,92.1949009038813,21.8846027987055,76.6308537686708,64.2,10.6711391721695
ISL,2007,6.84979048517238,1.9242180657001475,70483.0117228535,11.16312699129263,124.61540422372606,3.10789027431421,1.133944127607483,92.3614571703229,19.7564514418821,73.6249668831341,67.6,11.1536560471939
ISL,2008,6.68793269253617,1.9003048118167125,57489.3399795216,10.95935481793779,120.10745802545624,3.16622443890274,1.1525398493134755,93.0646442174216,22.6306546995652,81.9027481853952,74.0,11.9081073928686
ISL,2009,6.5615173033005,1.8812218724459797,41483.7843682814,10.633057891747061,113.06192012924446,3.17704738154613,1.1559522691031836,93.4441340553707,19.3938111719419,89.00144405735,74.7,12.0169922040572
ISL,2010,6.51049356186064,1.873415269300609,43776.4677400475,10.686851685776372,114.20879895378127,3.17247880299252,1.1545132391002453,93.4588348107886,21.855496243023,92.4901528110187,76.0,11.7481708333202
ISL,2011,6.70874031735348,1.9034112012216264,48254.953927254,10.784253773564156,116.30012945263275,3.18218453865337,1.1575679227824898,93.41106112427,22.2264364274742,100.133252648313,77.1,11.2966829041986
ISL,2012,6.11017540376794,1.8099554804257745,46594.9869146614,10.749248237388327,115.54633766899606,3.19916209476309,1.1628889301316578,93.514892578125,20.9475410570084,102.433137099998,77.7,11.3655071776899
ISL,2013,5.96459941016024,1.7858418965739344,50173.3360061057,10.823239009310038,117.14250265265053,3.22956608478803,1.1723477891353502,93.6166725158692,20.8890786203018,97.6980221861272,76.8,11.4608171384095
ISL,2014,5.78710561432072,1.7556322726965896,55140.364935793,10.917637302905415,119.19480427779183,3.2656957605985,1.1834728366876286,93.6196716315805,20.6391066712987,95.2879194201667,77.6,10.5804768682839
ISL,2015,5.73328095255678,1.7462879589276055,53505.6964079339,10.8875434021307,118.53860133327973,3.29990024937656,1.1938922405539272,93.727919768566,19.94941842555,94.8888027460231,78.0,10.9704819914454
ISL,2016,5.27717772615425,1.663391433248898,62854.0906407932,11.048571297672773,122.07092771975861,3.34602493765586,1.2077730555123103,93.7822647094726,19.5126644938287,87.7600165983392,80.9,9.4768348343514
ISL,2017,5.83996279608708,1.7647244262868094,72976.3729990975,11.19789101019551,125.39276307621743,3.42543640897756,1.2312288822766977,93.7718982310092,19.4710396712039,86.3585336945067,80.8,9.69685497961561
ISL,2018,5.55924065638007,1.7154615263420927,75633.8651351915,11.23365941339099,126.195103816068,3.49817514628583,1.2522414457505422,93.8526667025487,19.7316038131118,88.934996973139,81.4,9.34052693205111
ISL,2019,5.48155807169081,1.7013893802003595,69296.3144361601,11.14614700102435,124.2365929684441,3.5759496181692,1.2742307683331595,93.9770847416131,19.5699967953928,83.7923659518443,81.7,8.81066554249882
ISR,2000,25.3125485744393,3.231300263855111,21706.5194056329,9.985367927846767,99.70757265447082,290.619223659889,5.672013900565222,91.2809653237465,23.0248113388922,68.3468590369834,6.0,9.42660200349817
ISR,2001,25.2234272492841,3.227773215407262,20966.3052667971,9.950671916994144,99.01587159965592,297.550831792976,5.6955850735599025,91.365021842149,21.6994586043176,62.139584755155,6.3,9.19913029973598
ISR,2002,25.1412265502932,3.224508990766446,19076.4584298321,9.85621031088822,97.14488169245928,303.604436229205,5.715725657500375,91.4444967249569,21.4703406244911,65.4711054145982,6.5,9.51086757990868
ISR,2003,25.0639764650502,3.2214316146552826,19643.4690380742,9.885500197577498,97.72311415630475,309.135859519408,5.733780855089185,91.5176897789793,21.282371238445,66.8817503698504,6.5,9.6043768778869
ISR,2004,24.9897069811385,3.2184640193334797,20568.0694088834,9.931495123545409,98.63459538900624,314.648798521257,5.751457091504686,91.5829008110251,20.5600049745173,74.9731995265147,6.7,9.4006168306653
ISR,2005,24.9164480861416,3.215528151101663,21286.8388636595,9.96584426699761,99.31805195404914,320.244916820702,5.7690860681159855,91.6384296279033,21.2815520903908,78.3242613769325,7.0,8.92812513527943
ISR,2006,24.8430702434375,3.2125788502098387,22527.2619795719,10.022481498281403,100.45013538339303,325.956561922366,5.786764126851805,91.6825760364229,21.583247837902,78.4352889718463,6.9,9.22039497001574
ISR,2007,24.7699951693732,3.209633048482,25721.2594077311,10.155073143238724,103.12551054452841,331.797597042514,5.804525135543603,91.713639843393,21.8363414090712,78.8371062996628,6.7,9.38933998133731
ISR,2008,24.6975797309857,3.206705252233162,30269.217773489,10.31788656003961,106.45878306584603,337.744916820702,5.8222909266033,91.7292868898136,21.3620647541489,75.380922305658,8.9,9.27417633537653
ISR,2009,24.6261807953123,3.2038101369872085,28508.4938886475,10.257957353034886,105.22568905668248,345.914972273567,5.846192999983421,91.7319738585748,20.6116501009124,61.67564796397,8.5,8.95687720423213
ISR,2010,24.5561552293902,3.200962544989731,31439.0887027614,10.355807260841935,107.24274402370655,352.292051756007,5.864460524082206,91.7316426703946,20.8142494931167,65.6330798689153,8.6,9.43716879164699
ISR,2011,24.4804002133439,3.1978728060947983,34522.5215979073,10.449367189977597,109.1892746709803,358.863216266174,5.882941302698168,91.7304024673781,20.1347126935193,68.9094378497374,9.1,9.16057585825028
ISR,2012,22.1038555397058,3.095752052117756,33321.4300881602,10.41395601517248,108.45047988594709,365.549907578558,5.901402815910838,91.7276502819515,20.4568472081077,69.9650250827043,2.9,9.80845711396245
ISR,2013,22.578207348874,3.1169851644659783,37034.3161080785,10.519600224179372,110.6619888765547,372.435304990758,5.920063344858706,91.7227831465406,20.5672452681451,64.1340511293501,3.3,8.47298219492524
ISR,2014,21.175469715827,3.0528434228577086,38343.3046626235,10.554335206485167,111.39399165085229,379.653419593346,5.939258782844665,91.7151980935716,19.9174851566845,61.7133541160002,3.7,8.02420974475699
ISR,2015,22.1043027343095,3.0957722834334755,36213.1041481958,10.497176325354271,110.19071080557819,387.250462107209,5.959071672600873,91.7042921554705,19.9747306038652,58.897971915566,3.7,8.11347119962769
ISR,2016,18.8170113677762,2.9347613206849905,37671.5389138798,10.536660152357083,111.02120716626959,394.916820702403,5.97867516222569,91.6894623646632,19.1238077128283,57.7990316850783,4.0,7.90452843435525
ISR,2017,20.0293441275017,2.997198404633461,41138.470964272,10.624698995872402,112.88422875289203,402.647874306839,5.998062418969799,91.6701057535759,18.564684688678,56.2801142540924,3.9,7.78383620442312
ISR,2018,20.5625974806507,3.0234737692146916,42362.6652754196,10.654022717363455,113.50820006209658,410.480591497227,6.017328647621823,91.6456193546346,18.8202979612975,58.7437542387448,3.8,7.14844418426622
ISR,2019,19.5556432093837,2.973263899989917,44250.6313628073,10.697624918420328,114.43917889520752,418.391866913124,6.036418474017624,91.6154002002652,18.9233446958735,56.325348642584,4.5,7.21388336646786
ITA,2000,26.2472831488489,3.267562484589762,20190.0035636084,9.912942887810503,98.26643669699284,192.555434569421,5.260384084061122,67.1932283786243,24.1021086902835,50.2747311455639,5.1,7.97861399862471
ITA,2001,25.8127411843815,3.250868214382452,20570.4385917862,9.931610304334434,98.63688323716191,192.673361107542,5.260996325633548,67.27519882288,23.8448641171014,49.8632723203495,5.4,7.96252086434695
ITA,2002,25.2571678268558,3.2291099897675974,22451.3964379368,10.019108093371198,100.38252698665625,193.054951000615,5.262974868590219,67.3538786566538,23.7128374796933,47.8713186791542,5.6,8.07424104162591
ITA,2003,24.6281664348107,3.203890764976864,27577.5700319855,10.224758041301303,104.54567700315566,194.101082788332,5.26837906866704,67.4299414611787,23.1424281792157,45.9940859777074,6.2,8.37573927880229
ITA,2004,23.9733403667848,3.176942394881675,31348.1901841445,10.352911815021281,107.18278304960724,195.55177229658,5.275825164298167,67.5072499739908,23.0557086867301,47.2663923891771,5.9,8.51073142040319
ITA,2005,23.3402929813168,3.150181179535272,32062.723833669,10.375449383055821,107.64994990035342,196.6964540542,5.281661698055094,67.5897169318419,22.8922792357491,49.1221742288618,6.7,8.4768648141216
ITA,2006,22.622685769712,3.118953197932808,33537.1286994269,10.420408423466538,108.58491171185238,197.484972169432,5.285662491164807,67.6812550714834,23.0039063656952,52.9235429597012,7.5,8.34804384209065
ITA,2007,21.788257561314,3.08137118069784,37826.1754554823,10.540756614326574,111.10755000246941,198.690127080529,5.291746460756766,67.7857771296669,23.4052972949308,54.8280415572531,8.7,8.17482777618523
ITA,2008,20.9957277217196,3.044318975203452,40828.5795580937,10.617137594536132,112.72361070131248,200.22853191216,5.299459373770287,67.9071958431441,23.2117440039014,54.2142548956671,10.8,7.85286143845028
ITA,2009,20.4038156165254,3.015721923386121,37099.6133958219,10.521361827943439,110.69905471450531,201.392725501999,5.305256859979694,68.0494239486665,21.3840948097691,45.1414765721604,12.5,6.94826035580217
ITA,2010,20.1712406113281,3.0042578578251216,35856.8625485539,10.487290251657045,109.98325682250089,202.285308976795,5.309679121550557,68.2163741829857,21.369080166955,51.6621118138339,12.8,7.08186391750757
ITA,2011,21.3353676583094,3.0603661491284364,38432.3742820019,10.556655463643745,111.44297457807933,202.986767799052,5.313140793661365,68.4015073889511,21.2407342221272,54.4722149449288,11.9,6.9053125750862
ITA,2012,18.765688121919,2.9320301024139184,34854.3949441965,10.458934518544364,109.38931126319883,203.542723134878,5.315875924542708,68.7608794235259,20.7948320119101,54.8844952702204,14.4,6.55333989010063
ITA,2013,18.0540998276206,2.893372796251426,35701.6746002376,10.482952874237286,109.89230096347978,203.949752805037,5.3178736537257505,69.3073989916076,20.6001539419293,54.0341846317499,16.3,5.99742374656768
ITA,2014,16.8936828833708,2.8269397581672955,36028.3494022349,10.492061390931296,110.08335223107116,203.980505075782,5.318024425923738,69.5807638614879,20.1870844682284,54.4545299332032,17.1,5.68586837020992
ITA,2015,17.7600165229672,2.8769496679108433,30639.8829751432,10.330057804498121,106.71009424427255,203.672434549131,5.316512990310975,69.6100006103516,20.2895283210976,55.4356858148221,16.6,5.87319309166979
ITA,2016,15.7011486972657,2.7537338751087392,31391.5692898108,10.35429464189032,107.21141753107858,203.285640373599,5.314612085447117,69.5969232525286,20.6626457226581,54.4321467018313,16.1,5.80834075921169
ITA,2017,15.9660261772019,2.7704631007814453,32844.115660604,10.399527880336423,108.15018013389458,202.903617635721,5.312731076321522,69.5180784259382,20.7926142437946,57.5829940274911,16.4,5.7611454316748
ITA,2018,16.3354361294692,2.7933367437764605,34904.1081923834,10.460359814511666,109.41912744905052,203.398704170865,5.315168112752794,69.4800033569336,20.9865490224579,59.2749835128154,17.1,5.65886939655412
ITA,2019,14.8936858575121,2.700937355184192,33812.788724868,10.428594374550325,108.75558062890269,201.980545589195,5.308171383798817,69.5050010681153,21.0122984359559,58.6941902594738,17.3,5.56784056329278
JAM,2000,15.7509748541016,2.756902258854709,3453.09252800226,8.14702549344055,66.37402439077023,240.79649122807,5.483952142016502,51.7165550768252,22.5635448178584,,9.3,3.9283295741357
JAM,2001,15.8452577509452,2.762870260031417,3503.55026688858,8.161532095328207,66.61060614307243,242.327146814404,5.4902886595755955,51.934190578424,22.3173012581486,,7.9,3.92801715285343
JAM,2002,15.9120130856462,2.7670743639272883,3680.64551727724,8.210843428083635,67.41794980050422,243.820129270545,5.496430778325298,52.1467222312645,21.3229059302313,,8.0,3.88537029098241
JAM,2003,15.9514800367871,2.76955161720097,3549.70758394618,8.174620508357421,66.82442045565774,245.302216066482,5.502490985330779,52.3564891419558,21.4925345723678,,8.1,3.97384197908397
JAM,2004,15.9638977829502,2.770329784193688,3807.56293124552,8.244744612865299,67.97581373137136,246.742843951985,5.508346676685287,52.5637655955662,22.2583396101571,,6.4,3.96703121930227
JAM,2005,15.9495055027176,2.769427825785838,4184.43974867497,8.339128102677659,69.54105751286829,248.113204062789,5.513885110010277,52.7685237926234,21.9006506006203,,5.4,3.95557831478646
JAM,2006,15.9267243980102,2.7679984780457256,4417.00127135363,8.393216299428413,70.44607984899079,249.396860572484,5.519045445245633,52.9707359336549,21.2201148487383,,4.8,4.55799550383418
JAM,2007,15.8986673973267,2.76623529422492,4716.48612542727,8.458819336376108,71.55162456545033,250.581717451524,5.523785084698955,53.1703742191887,21.3153996242232,,5.3,4.50876999041934
JAM,2008,15.8426112691161,2.762703225647781,5029.80095281745,8.52313569030631,72.64384199537322,251.674515235457,5.528136646460685,53.3674108497524,19.6881228419841,,5.9,3.62135795878759
JAM,2009,15.7358327818276,2.755940454557724,4428.38153333557,8.395789453923227,70.48928055460847,252.723453370268,5.532295821208429,53.5618180258738,18.0908593404592,,7.4,2.94092608864832
JAM,2010,15.5556087039102,2.7444212619471897,4809.977380312,8.478447660450911,71.88407473100553,253.792059095106,5.536515266749459,53.7535679480806,17.9863304478474,,8.9,2.79862095462073
JAM,2011,14.9471227221815,2.7045188212591333,5232.63644918132,8.56267053122455,73.3193266263013,254.893259464451,5.540844867189549,53.956586109128,18.2490235366752,,9.8,2.75432585616922
JAM,2012,15.4247314936508,2.7359721624211955,5340.83333232158,8.583136974520835,73.67024032338668,255.995383194829,5.545159409921742,54.2478817703732,17.9938605582722,,12.2,2.52991058385604
JAM,2013,15.7749158665666,2.758421075073378,5124.21301411137,8.541732233993166,72.96118955723787,257.034810710988,5.549211525959972,54.548819811983,18.0990659844033,,11.4,2.68841288550042
JAM,2014,16.4597152483621,2.8009158954858027,4975.11325459872,8.512203414077042,72.45760696262485,257.963896583564,5.552819639407081,54.8660395670395,18.3652279034414,,11.9,2.58240808318858
JAM,2015,16.8646376023948,2.8252189801353818,5339.30718256806,8.582851182445014,73.66533441999776,258.775069252078,5.555959225884803,55.1995248014924,17.2364205205086,,12.1,2.53581223278647
JAM,2016,15.9558447798912,2.7698252059870185,5302.29553353854,8.575895125306594,73.54597720025741,259.456602031394,5.558589451747057,55.549259277615,17.0837288086486,,11.1,2.71374756887664
JAM,2017,16.6566414571584,2.8128090232082754,5605.43541173019,8.631492015224206,74.50265440887922,259.996675900277,5.560668845934864,55.9152267548307,17.3098108220914,,11.0,2.59524590839289
JAM,2018,16.8426821458431,2.8239162684501653,5976.90362644337,8.695657924625893,75.61446674210909,260.39676823638,5.56220649949081,56.297410990325,17.881931896287,,8.9,3.08184434790718
JAM,2019,17.0706325020849,2.8373595895519266,6030.68896415921,8.704616539273973,75.77034909580199,260.689843028624,5.5633313597992915,56.6957957395074,16.6720709416832,,9.2,2.98926316318908
JOR,2000,24.2289680813746,3.1875489454516313,1570.61002940477,7.359219376635889,54.158109833453125,61.0487873980054,4.111673337918919,78.2848247546539,21.4363112007602,110.328904595996,2.1,3.05659330102683
JOR,2001,24.6391279438519,3.204335746149884,1632.29454010563,7.397741997245757,54.72658665781364,62.3174750679964,4.132241885144737,78.2902365290261,21.4607853921461,109.285478573786,2.1,3.00198549017311
JOR,2002,25.673619164606,3.245463973048238,1706.26744384401,7.442063482379331,55.38430887576398,63.6453535811423,4.153326322828096,78.2972918926847,22.7818663526641,114.03885781572,2.1,3.06397752448066
JOR,2003,27.0384591936207,3.297260267066758,1775.67625581432,7.481936618542729,55.979375563890606,65.0705802357208,4.175472530567501,78.3069420335538,23.0359539059582,115.706835253918,2.0,3.07334179985886
JOR,2004,28.4396654808796,3.347784842590182,1940.08641342805,7.570487794069513,57.312285440155485,66.6598028105168,4.199602114737156,78.3185350370311,24.7957581974811,134.621611934395,1.8,3.23277844279412
JOR,2005,29.5832554763665,3.387208507899158,2087.87079273635,7.643900066214433,58.42920822227302,68.3316749773345,4.224373421551437,78.412126230667,24.9215738997938,146.908891279018,1.7,3.36910305797064
JOR,2006,30.5872298056799,3.420582595241582,2342.63459574933,7.759031470625988,60.20256936216448,72.839653218495,4.288260493981723,78.755612573541,24.8496543455046,141.747381831126,2.3,3.19629907780335
JOR,2007,31.6555064274482,3.4549121122079756,2506.20599484139,7.826525332732709,61.25449878390684,77.3711128739801,4.348613492249828,79.3358270749644,27.5444511305466,145.994246288526,2.3,3.12567606145218
JOR,2008,32.6229787911999,3.48501691096355,3241.6524135556,8.08383848296227,65.34844461862173,79.2142565729828,4.372156289855654,80.1290966207551,29.6449857442188,140.91292596092,2.7,2.93181586027543
JOR,2009,33.3245403464634,3.506294072915286,3435.8337590698,8.142014899823625,66.29240662894992,80.4432642487047,4.387552144000361,81.1117480967305,27.7593449666661,112.151998187109,2.8,2.94909387093057
JOR,2010,33.5950845427671,3.514379762897213,3718.46571622945,8.221066420315845,67.58593308724478,82.1924194638432,4.409063077175039,82.2601083887084,26.2668286391472,114.222677694125,3.0,2.82145795221434
JOR,2011,29.6624260829934,3.389881129824294,3946.85503855525,8.28067434799454,68.56956765753479,84.2579860328903,4.433883354448107,83.5505043825064,26.7946694331519,118.699679501801,3.0,2.80918568252281
JOR,2012,29.0244573141249,3.368138830221388,4169.50470054618,8.33555253089088,69.48143599524134,85.4598670871818,4.448046874951175,84.9592629639423,25.8078043078824,117.855587685189,2.9,3.23339783293465
JOR,2013,32.6779191249103,3.486699593696159,4311.21916713038,8.368976012501587,70.03975949782696,90.0181234512278,4.500011021738018,86.4627110188335,25.6406605947577,111.451527997628,3.1,3.015399892565
JOR,2014,30.2022455384946,3.407916277195876,4191.18050084986,8.3407377156805,69.56790564177517,99.0280468574003,4.595403111602174,88.0371754329978,25.5087965588519,109.938805535022,3.1,2.93907556095458
JOR,2015,32.1142375115077,3.4692994679869127,4042.75678097555,8.304682109774202,68.96774494440369,107.509900878576,4.677582944522719,89.8881391939133,25.2328062594007,95.3579122266791,3.2,2.68560794130457
JOR,2016,28.3754804489745,3.345525407780669,3986.71677010853,8.290723306510515,68.73609294511664,112.70969813021,4.724815469962849,90.56272794707,24.6693119626594,88.7207178954687,4.7,2.52192429080405
JOR,2017,28.3831683592571,3.3457963060663416,4065.61628749384,8.31032061873011,69.0614287860908,115.276255913494,4.747331472967222,90.8764609714428,24.5139698529782,89.7316005071358,5.3,2.59425578446284
JOR,2018,30.8911213683016,3.430468808256102,4145.43989673265,8.32976418901495,69.38497144459589,117.84530299617,4.769372772806546,91.2008859099729,24.0778332538588,87.6359151906857,7.2,2.4097651129684
JOR,2019,31.2597313487439,3.4423307308663147,4170.1144003465,8.335698748552389,69.48387362661786,120.187073450909,4.789049474312303,91.515966492507,24.1116880393062,85.6878334964204,8.5,2.18238735759201
JPN,2000,13.1620736916056,2.5773394888334495,39169.3595701504,10.57565007651729,111.84437454094015,347.991769547325,5.8521788287687135,78.6126803295375,32.5135870554896,19.5623715839054,3.7,9.80406329083986
JPN,2001,13.0837219689452,2.571368859751888,34406.1824638092,10.445991549998435,109.11873946263871,348.831275720165,5.854588354643926,79.1577482060887,30.9812266965407,19.5596044720071,3.5,9.67360734256659
JPN,2002,12.9394908862862,2.5602839441168506,32820.7936433254,10.398817546049619,108.13540635602942,349.643347050754,5.856913626514981,80.5469860733981,30.2226000788974,20.4471220661583,3.7,9.92193416768018
JPN,2003,12.7497537681119,2.5455119591130013,35387.0374203599,10.474100857497485,109.70678877302954,350.39231824417,5.859053436002778,82.4206778416671,30.0789207597555,21.3261252678119,4.2,9.95886797475689
JPN,2004,12.5348839389059,2.5285154726049592,38298.9801712303,10.553178547431202,111.36957745396212,350.510288065844,5.859390058585505,84.3710541898905,29.9669305435635,23.6643534228975,4.3,9.91730575058116
JPN,2005,12.3152547231517,2.510838715333556,37812.8950199948,10.54040546152841,111.10014729341793,350.543209876543,5.85948397955108,85.9573620483714,29.8717070448265,26.2299545778565,4.0,10.0074734098753
JPN,2006,12.0174240180157,2.486357598154441,35991.546002862,10.491039356606768,110.06190678187215,350.765432098765,5.860117715445261,87.1460898958075,29.6655718124813,30.0163760986692,4.4,9.82400472413847
JPN,2007,11.6214588221687,2.4528532876202473,35779.0245416427,10.485117094020387,109.93768047531852,351.168724279835,5.861266803922523,88.2701404492656,29.5972958103344,32.816578051879,4.3,10.0916024093562
JPN,2008,11.2279961123512,2.4184103122536906,39876.3039685725,10.593537540958673,112.22303763170073,351.338820301783,5.861751057868502,89.2921563808851,28.7829764402439,34.1294765412245,4.4,9.53253711064086
JPN,2009,10.9376728653037,2.3922130563866046,41308.9968370512,10.628835596316026,112.97214613351466,351.294924554184,5.86162611155621,90.1131158718189,27.1112122235818,24.3901665338555,4.5,9.03961045553586
JPN,2010,10.8511260577664,2.384268858727204,44968.1562349739,10.71370987903484,114.78357937212871,351.358024691358,5.861805716971404,90.6228586840649,28.3359701667911,28.4984726938389,4.7,9.50311626454283
JPN,2011,12.2742530701447,2.5075038221464543,48760.0789494211,10.79466720273707,116.52484001784737,350.707818930041,5.859953452107296,90.8631654434251,26.7014360671016,30.1949607286296,4.8,9.93397401297005
JPN,2012,12.8068431271902,2.549979647379316,49145.2804308193,10.802536097176723,116.69478613080612,350.148148148148,5.858356345348852,91.0265277326652,26.562641428228,30.4709109171752,4.7,10.2516011251361
JPN,2013,13.2542512411266,2.5843183493583077,40898.6478964744,10.618852282718533,112.76002380219661,349.643347050754,5.856913626514981,91.1516595654317,26.6507450551464,33.9787686509511,5.0,10.3847926556554
JPN,2014,13.740610303435,2.6203557038161223,38475.3952461838,10.557774231459613,111.46659672247262,349.179698216735,5.8555866842935105,91.2548945132333,27.3136267349767,37.4314345686579,5.6,10.0063625506773
JPN,2015,12.8685359282927,2.5547852566516323,34960.6393843385,10.46197811862793,109.45298615464962,348.809327846365,5.854525434356044,91.3532644103625,28.5837114240167,35.4274083544798,6.2,9.69456115651128
JPN,2016,12.799061198144,2.5493718243407764,39375.4731620781,10.580898392870415,111.95541080024772,348.631001371742,5.85401406020391,91.4541254852142,28.6299476490573,31.3102468455884,6.4,9.66865261733136
JPN,2017,13.1198276213348,2.574124644811856,38834.0529341227,10.567052793640526,111.66260474358604,348.345679012346,5.8531953172434505,91.5498419685883,28.8824260088632,34.4232135721686,6.9,9.55283290804272
JPN,2018,13.0790330283313,2.5710104157986735,39751.1330982711,10.590393625293084,112.15643713864839,347.903978052126,5.8519265165625605,91.6377318609728,29.0140076866127,36.609931802107,7.3,9.17213648658239
JPN,2019,12.9378727869587,2.5601588850613735,40415.9567649547,10.60697995539892,112.50802377423447,347.415637860082,5.850521866783779,91.7164207898107,28.8040848106902,35.2164181084145,7.8,8.87456666113888
KAZ,2000,16.6954213743656,2.815134512631799,1180.0444563226,7.073307391599692,50.03167745605884,5.74178723561877,1.7477705269578032,56.0239607657944,37.7758296698614,105.699692634521,2.5,8.52997364123056
KAZ,2001,16.5632200095529,2.807184575076441,1422.27331810957,7.260011798721929,52.70777131758162,5.76936326258473,1.752561721325757,55.7813717131331,36.1418298622593,92.8490685069707,2.4,8.37700755350533
KAZ,2002,16.4825220143121,2.802300547621723,1573.55219932325,7.361090889975983,54.185659090487405,5.79941363855243,1.7577568156404424,55.5045911261585,35.8109321050125,94.03168564978,2.8,9.29533131455672
KAZ,2003,16.4611766469412,2.801004677927342,1958.02050246511,7.579689294161839,57.451689796031594,5.83301107530466,1.763533346501853,55.2115277236592,35.0752659061292,91.4633324250457,2.3,10.2972430969469
KAZ,2004,16.5070331657383,2.803786542555746,2722.47407755402,7.909296333202197,62.556968486405715,5.87108160165944,1.7700388760928392,54.9200902244233,35.3518419501918,96.4091997009336,1.9,11.0129179145774
KAZ,2005,16.6279408290013,2.811084462868381,3577.35804001782,8.182379829306543,66.95133967104256,5.91477460458569,1.777453390970697,54.6481873472392,37.6280181516768,97.7625030243024,2.1,11.7482167747143
KAZ,2006,16.8840447043122,2.82636907564905,5030.13494711519,8.523202091186233,72.64497388720137,5.9650020372634,1.7859093970860156,54.4137278108953,39.3564557485124,91.4535267973373,2.1,13.0524097667892
KAZ,2007,17.3583502395491,2.8540736724323126,6449.43931096532,8.771748477478805,76.94357135215174,6.02185946586658,1.7953960929998853,54.2346203341799,37.7308974758662,92.1616330969975,1.8,13.5081878112695
KAZ,2008,18.0929972634543,2.8955249718880838,8123.54705891736,9.002522167689243,81.04540537973622,6.08457421194948,1.8057567506057797,54.1287736358813,40.2502455752721,94.2948046483658,1.1,15.1238317294741
KAZ,2009,19.1301256047702,2.951264349283727,6938.01175663001,8.844770522055502,78.22996558782195,6.15618253880061,1.817456867713853,54.1167144748885,38.4314808509372,75.7660674636533,1.3,13.5068941072017
KAZ,2010,20.5118750922389,3.021003991222785,8793.07589980782,9.08171986118615,82.47763563706297,6.23654850538949,1.8304269052154494,54.2054127497102,40.6024221199984,74.1382658957842,1.4,14.3850527504913
KAZ,2011,25.4893926987852,3.2382623930271213,11287.1464926039,9.331419878750102,87.07539695353258,6.32144386413305,1.8439476415805882,54.3996086425518,37.2660880953566,73.1178570509129,1.4,15.389052456457
KAZ,2012,27.2031824448933,3.3033339681082814,12018.7966527993,9.394227090997724,88.25150263723556,6.4103811534615,1.8579187314832517,54.69208192838,36.3028533254093,73.7237324891671,1.3,14.9547390961317
KAZ,2013,25.8443738560699,3.25209293146615,13478.459627612,9.50884810698821,90.41819232177328,6.50313071822795,1.8722837099041099,55.0779764821252,33.6988156382046,65.4076093299538,1.2,15.7272046561439
KAZ,2014,23.8358367012493,3.1711901919319687,12427.7094576939,9.427683892197658,88.88122357120318,6.5993573360003,1.8869722709580012,55.5524361787178,33.2094258316125,64.9720346513507,1.3,13.07867493139
KAZ,2015,22.5590495991917,3.1161362980470586,10196.1226255982,9.22976279225756,85.18852120134207,6.69858465755454,1.9018962589404094,56.1106048930882,30.8547873936113,53.0497288072652,1.7,11.2116791211142
KAZ,2016,22.7637525232887,3.12516946927468,7475.56688689424,8.919395233094958,79.55561132415707,6.80208912101345,1.917229788676979,56.7476265001667,31.9797903606788,60.3115965864153,2.1,11.7692010281208
KAZ,2017,21.0166106765309,3.0453131096566803,8943.08416791984,9.098635793899772,82.78517331003414,6.90889024706449,1.9328090238781646,57.4586448748837,32.3252253010728,56.825387935971,2.0,12.1409198865254
KAZ,2018,20.5938700993782,3.0249934635220463,9472.48527327758,9.156146588209845,83.83502034478678,7.01290032225803,1.9477513561724333,58.2388038921695,33.4962004017876,63.5279565118188,1.9,12.1155235587562
KAZ,2019,20.8569853852639,3.0376889226029276,9457.12614657136,9.154523825889365,83.80530647877606,7.11544060451161,1.9622671557680567,59.0832474269546,33.028795913527,64.8586165517565,1.9,11.3909406022159
KEN,2000,21.1420927289239,3.0512659693421456,414.626365130846,6.027377789708817,36.32928301987514,53.8406894612925,3.9860294909991394,19.4553832211834,15.0158560285564,53.3090443862273,76.8,0.290677543795641
KEN,2001,20.8918286880027,3.039358110655439,410.700452474814,6.017864122678034,36.21468859901547,55.55604947816,4.017392411653331,20.4416297068833,15.3096240912508,55.9468360286644,78.3,0.26100621869581
KEN,2002,20.2950452058061,3.01037677772401,402.936385605382,5.998778697390903,35.9853458602709,57.3317777699687,4.048855055858116,21.8586568137501,15.4535611803669,55.1726722640053,78.8,0.245465741018151
KEN,2003,19.5827552431843,2.974649344423478,442.898457253405,6.093340527638834,37.12879878576591,59.1281986857364,4.0797079457417285,23.563889811899,15.6231500412624,54.132265895729,81.6,0.214880306718519
KEN,2004,18.9859717609877,2.943700378098746,463.662781300121,6.139157523565561,37.68925509915163,60.992822504129,4.110756193383637,25.4147539714454,16.2050773387406,59.4770033484289,80.3,0.231964810186713
KEN,2005,18.7357077200666,2.9304312068226332,523.456312433863,6.2604535739798095,39.19327895195657,62.8957444565485,4.141478505718893,27.2686745625048,17.0126260396617,64.4788661639796,79.2,0.252147669028053
KEN,2006,18.9780700015085,2.9432841021056504,699.80237063381,6.550797967515461,42.91295401120469,64.8417050286397,4.171948992460048,28.9830768551925,19.3841059353688,55.2364851257303,77.6,0.270940760689191
KEN,2007,19.638393163132,2.97748648507485,840.201439476765,6.733641671988711,45.34193016674293,66.8312699862951,4.202171084578916,30.4153861196239,19.3021680815154,53.8947888046059,78.2,0.262922185302275
KEN,2008,20.6165316808836,3.0260932627382946,915.54435473604,6.819518811587653,46.50583682159787,68.8870067118811,4.232467578405361,31.4230276259143,18.5827717274425,57.5785986473131,78.2,0.269606829771024
KEN,2009,21.8123400307101,3.082475866100113,1047.9678324485,6.95460817018138,48.3665748007536,70.9999139051903,4.262678664437627,31.8603086707305,18.386624667775,45.9451918127805,75.6,0.308699389943664
KEN,2010,23.125672688558,3.1409433722103457,1091.51873101194,6.995325336641599,48.934576565459906,73.0902185753945,4.291694548984402,31.8713287706458,18.5746727706851,50.3942873502834,74.0,0.324116934124197
KEN,2011,25.1822165114232,3.226138051407022,1096.14499807675,6.999554756272699,48.993766786059766,75.1281951716625,4.319195923354099,31.8673949025409,19.6629008334867,58.4022059745625,74.7,0.324518228099931
KEN,2012,25.6442241015428,3.244318365033278,1285.00536171512,7.158518169861565,51.244382388238165,77.1133692940226,4.345276667534594,31.8558130142761,19.26155255789,51.6236920232481,76.2,0.293759364539568
KEN,2013,24.5757635874676,3.201760737268423,1370.87885214659,7.223207311067554,52.17472385865977,79.043453280388,4.3699977427735295,31.8324454433988,19.0802591143975,47.4646425127304,74.3,0.308839543589584
KEN,2014,23.7513870283134,3.16764092996751,1482.81566253497,7.301698034030995,53.31479418017209,80.9140808939804,4.393387861996598,31.7931545274563,19.0360328023672,46.170489362216,71.8,0.341036024063525
KEN,2015,24.7760612569464,3.2098779150986814,1489.11959777284,7.305940350326721,53.37676440253213,82.4529008736797,4.412227231815184,31.7338026039958,18.8940456983605,40.3273846919019,69.2,0.361032749251909
KEN,2016,24.0211862534612,3.178936201504875,1554.12610314423,7.348668675089776,54.00293129624573,84.0057771361452,4.430885571908692,31.6502520105647,18.1621592865164,34.8650195731824,68.3,0.384366853070731
KEN,2017,19.9015512654464,2.990797681729774,1667.48447230835,7.419071465787412,55.042621414460974,85.5601194522199,4.449219280335482,31.5383650847102,17.5035092078691,35.9950578754074,68.1,0.391204755110222
KEN,2018,20.9875653334569,3.0439301353687673,1836.45275528993,7.515591139521756,56.48411017645792,87.019449386981,4.466131649841822,31.3940041639796,17.313146131064,34.4147531767425,68.7,0.381159185292234
KEN,2019,19.5705272264405,2.97402472158881,1960.40808854893,7.580907938995525,57.470165179525374,88.4453894988127,4.48238529373916,31.1895566421135,16.9305452274709,31.759461841481,68.1,0.380387200105182
KGZ,2000,23.0380260652668,3.1371461579068693,279.621738464365,5.633437755779337,31.73562094824013,25.5389051094891,3.240202980049172,35.3216067847574,29.1996199376661,89.4309316270309,35.2,0.979490695052754
KGZ,2001,22.9429163032767,3.1330092310526343,308.41129550148,5.731434267158143,32.8493387587546,25.7824452554745,3.2496938438847622,35.3160273737858,26.8324889860388,73.7469123687968,36.0,0.815154801557025
KGZ,2002,22.7582935832493,3.124929632073479,321.726775366804,5.773702661638818,33.335642425015166,26.020354535975,3.2588790985094036,35.3118703235333,21.3137031159609,82.9207290212667,28.3,1.00955696831549
KGZ,2003,22.5598882498993,3.1161734731556794,380.505828812441,5.941501496008169,35.301440027067315,26.2946193952033,3.269364332519488,35.3086519815317,20.2432676693128,83.9327828079655,30.5,1.12225943765481
KGZ,2004,22.4234306479412,3.1101064232414144,433.233873286,6.071277705250887,36.86041297427648,26.6147705943691,3.2814663471763055,35.3058886953128,21.6893695542269,93.8157321567302,27.7,1.09912153729309
KGZ,2005,22.4246511220895,3.110160850280451,476.548193640077,6.166568858882435,38.02657149133862,26.9167883211679,3.292750193096315,35.3030968124082,19.9674526656306,95.0840046303638,28.0,1.0872925479987
KGZ,2006,22.6379509127344,3.1196277418508847,543.113512472219,6.297318344996839,39.65621833823373,27.2073670490094,3.3034877840194703,35.2997926803498,17.5544661208558,120.749981766273,27.8,1.07127259780012
KGZ,2007,23.1168779099364,3.1405629961880974,721.771577544361,6.581708714243529,43.31888959914921,27.468117831074,3.3130259805072746,35.2954926466692,16.6822999949964,137.058387838563,24.5,1.27961415120573
KGZ,2008,23.9058824329157,3.174124555553447,966.388569370494,6.873565999058544,47.245909543413674,27.7305995828989,3.3225364815684313,35.2897130588983,20.4289120967446,146.106082230139,22.0,1.47100933324484
KGZ,2009,25.0494148008925,3.2208504660161794,870.198894546917,6.768721799942078,45.81559480501112,28.1003284671533,3.335781265493919,35.2815523593591,23.6357293329934,133.379153167955,24.7,1.30648727568783
KGZ,2010,26.5919253330871,3.2806076107978224,876.954476440354,6.776455082747084,45.92034348848879,28.5039572471324,3.3500429284123037,35.267768240398,26.2652737926744,133.232850492333,25.6,1.20827304040436
KGZ,2011,33.450584373058,3.5100692564682148,1117.40174350185,7.018761397344083,49.26301155284747,28.9185974973931,3.3644849001738337,35.2466507961984,27.4490880946162,136.179840420492,26.0,1.42500243843647
KGZ,2012,34.3817087122114,3.5375246994820637,1168.62244675446,7.063580938180307,49.89417567022418,29.4685922836288,3.3833250278322633,35.218916221918,22.2571297250342,139.675937840309,22.4,1.84730353944285
KGZ,2013,33.828057010964,3.521290547237345,1269.66303464348,7.146506817194809,51.07255968821188,30.1206986444213,3.4052125980285974,35.1850529225105,24.843594671242,134.026785643922,24.8,1.67670910396995
KGZ,2014,30.5484635194377,3.419314390390061,1264.52668823891,7.142453171651559,51.01463730923542,30.7916996871741,3.4272451629842258,35.1455493029297,23.8882289228189,125.126181075833,26.6,1.68334843700684
KGZ,2015,29.7484121402712,3.392775757130964,1105.65193844261,7.008190429517273,49.1147330963775,31.4913242961418,3.4497120887266606,35.1008937681291,25.0780623169816,110.961570714633,23.5,1.70796995249697
KGZ,2016,29.0193222002259,3.3679618908850677,1103.27489428412,7.006038212394624,49.084571433533654,32.1967570385819,3.4718657343909403,35.0515747230627,26.5464240007793,105.823574017406,22.2,1.57746831023662
KGZ,2017,26.8562254174832,3.2904976532038424,1221.39046807082,7.1077452166574036,50.520042064916204,32.8816266944734,3.4929140426403955,34.9980805726839,27.3080934715766,100.617445813258,24.7,1.5280901441896
KGZ,2018,27.4518144818682,3.312432267114046,1283.5203037417,7.157361819229083,51.22782821135824,33.5979092805005,3.51446384123855,34.9408997219466,27.4785136821163,98.8755599017608,23.4,1.78020784661392
KGZ,2019,26.7613844313409,3.2869599690242386,1421.99927504102,7.259819100546615,52.704973372661456,34.3598070907195,3.5368874827440515,34.8805205758044,26.5803149529246,94.4302823542939,28.3,1.55180160392437
KHM,2000,29.7987214798005,3.3944654892285837,296.426687526334,5.691799928256441,32.39658642330003,70.6001359619307,4.257032070303726,18.6242216655572,21.6455986512559,110.397125303731,81.6,0.160595894702245
KHM,2001,29.9057244650667,3.398049915752884,327.500984314444,5.791491060611077,33.54136870513801,71.7113301608883,4.2726487568911615,18.7186818716995,23.2646257907737,111.771741244001,80.5,0.172816902877153
KHM,2002,30.0191592913356,3.4018358208609913,350.147276634294,5.85835385635971,34.32030990632469,72.8259743938364,4.28807268269195,18.803641734126,25.3793058382166,118.269562072288,81.0,0.17486253272109
KHM,2003,30.098509540539,3.404475653603212,386.691123931778,5.957626244979708,35.493310474871016,73.934783593927,4.303183401843781,18.8881765274479,26.3428745441044,120.074969093599,79.9,0.18528127568775
KHM,2004,30.1032587946087,3.404633431496151,444.199067529081,6.096272812243988,37.164542201305224,75.0324665760254,4.317920907547808,18.9813615262763,27.6802685813967,131.351481056276,80.7,0.182676416757728
KHM,2005,29.9928906354765,3.4009603747607886,525.797325120926,6.2649158250270895,39.249170294674855,76.1341604350782,4.33249705291303,19.0922720052225,27.4192470160455,133.551965265648,79.2,0.201001517798453
KHM,2006,29.6130476724133,3.3882150639500406,612.252648550727,6.417145021753059,41.17975023021006,77.2661907999094,4.347256483459854,19.2299832388976,29.0700225848228,140.348734318483,78.0,0.220536243491838
KHM,2007,28.8642622907811,3.362604230964102,731.692295125426,6.59536006373399,43.49877437029722,78.4147405393157,4.362011926766474,19.4035705019128,28.1400350776131,133.700023826819,74.8,0.267119017293309
KHM,2008,27.7883527366484,3.3246169665980747,866.283999789749,6.764212799130411,45.75457479191967,79.6140890550646,4.377191075367211,19.6574509865325,26.0495966887473,130.393510678736,74.1,0.291564814662618
KHM,2009,26.427137256084,3.274391408564549,875.748936193569,6.775079447339284,45.90170151775917,80.8792771357353,4.392957637181367,20.1979728726519,25.5665162922046,102.2879490147,68.0,0.341665960393113
KHM,2010,24.8224340951565,3.211747844877531,952.274616324008,6.858853455719269,47.043870727032164,82.1477792884659,4.408519811719428,21.1232251168762,26.0088985136981,109.998400607758,64.8,0.355795978766856
KHM,2011,21.6807107694691,3.0764229606036513,1088.98152823081,6.992998160650268,48.90202327485804,83.4046227056424,4.423703735953828,22.3824788531276,26.6606926732023,109.790505166814,64.0,0.364412931860331
KHM,2012,22.9965791117395,3.135345470594915,1192.80263041673,7.084060968693511,50.18391980816685,84.6651087695445,4.438703577821427,23.9411047582349,27.6110297650086,116.740233418212,64.4,0.376906521441665
KHM,2013,25.7785023524529,3.249540902435382,1305.6600972686,7.174464013533902,51.47293388149299,85.9404486743712,4.453654599119481,25.7644735090271,28.9581198037895,124.887552768657,65.0,0.375413441925121
KHM,2014,22.1052880421246,3.0958168578255005,1431.56396469993,7.266522807228274,52.80235370796867,87.2239519601178,4.468478971639435,27.8179557823331,29.9169916479613,124.454908526693,63.7,0.456810037844296
KHM,2015,21.599028896344,3.072648355176863,1547.32010444393,7.344279748653593,53.93844502648328,88.5069737140267,4.483081347937953,30.0669222549819,31.4639051712341,122.109596815379,60.6,0.54531544042914
KHM,2016,22.4071810127085,3.1093814884103956,1675.19555711109,7.42368518795844,55.11110176991354,89.8074042601405,4.497667424694638,32.4767436038024,33.0562094608004,122.704555602667,58.0,0.668405454858677
KHM,2017,20.7075312769695,3.030497463906599,1826.35391688754,7.510076863232533,56.4012544916606,91.0569453886245,4.511485084303625,35.0127905056235,34.2980809169165,121.155451298689,56.3,0.735875459113371
KHM,2018,22.9919425508182,3.1351438306739356,2036.67377566578,7.619073253998369,58.0502772497933,92.1964763199638,4.523921912044418,37.6404336372742,36.8714237524226,118.43765541305,58.1,0.756550637862052
KHM,2019,22.9738017157091,3.13435451087327,2225.87705485686,7.707906298889181,59.411819512455516,93.3679129843644,4.536547742145395,39.5830241256026,39.0455946521572,115.736679072448,53.0,0.953249815669925
KIR,2000,12.1855676905766,2.500252275288319,845.367240231973,6.7397711367691056,45.42451497602592,109.398765432099,4.694999605025659,43.3274808848011,11.6259006310839,94.1665241313018,54.7,0.365634839131956
KIR,2001,12.2113617468978,2.5023668090863764,718.833787096781,6.577630158669458,43.265218504238,111.524691358025,4.714246013541546,43.4777440627131,12.2821953709095,110.784733057905,56.4,0.32324126861128
KIR,2002,12.197168744791,2.50120385470768,810.10870037444,6.6971684366558755,44.8520650689397,113.906172839506,4.735375064239289,43.4985457088421,11.613827046897,125.625496108186,53.0,0.468221624902454
KIR,2003,12.1547319508569,2.4977185549421934,1020.50033851394,6.928048313963651,47.99785344061459,116.265432098765,4.755875784893754,43.510668313316,10.1856785309025,103.928965237073,50.5,0.474648261215822
KIR,2004,12.0957946316967,2.492857841093368,1083.2688987175,6.987738506779857,48.82848943913399,118.623456790123,4.77595424770004,43.5238025326975,8.95312920919141,101.359702114731,50.5,0.482905760524536
KIR,2005,12.0321000539113,2.4875780828237817,1161.78341739977,7.057711532259607,49.811292072590255,121.030864197531,4.796045589083039,43.5443274444527,8.42015582448247,123.594268587865,48.5,0.628347018921814
KIR,2006,11.9542996035609,2.4810910131263784,1123.19258990684,7.023930435944621,49.33559876898919,123.477777777778,4.8160612028553835,43.7349826427011,9.76537798158119,94.046808140823,48.1,0.661887479128548
KIR,2007,11.8507647751602,2.4723924034868565,1352.57814048911,7.2097677839050505,51.98075149783514,126.00987654321,4.8363602891430855,44.6212141757087,11.3340080213383,96.1590422982734,48.4,0.603519222479132
KIR,2008,11.7298189979922,2.462134231855128,1410.62246914058,7.251786353429707,52.58840531578932,128.669135802469,4.857244270787222,45.9461325515373,11.0150397953615,95.441924758027,49.7,0.658210358657481
KIR,2009,11.5997857013397,2.4509866239192326,1316.62753853678,7.1828288512184795,51.59303030589658,131.440740740741,4.878556109293938,47.3510238975116,10.5783627345128,97.6360324868749,50.4,0.545708999032564
KIR,2010,11.4689883144854,2.439646724503621,1522.10068744154,7.327846690925714,53.69733712571094,134.202469135802,4.899349623293823,48.4603839564718,11.9776131472528,85.6972485309313,50.1,0.562076832499264
KIR,2011,11.3219411654828,2.4267425391235595,1771.12926848792,7.479372626924776,55.94101489239162,136.601234567901,4.917065984928214,49.1228169536795,13.2156381400186,93.4313938880945,50.5,0.515151789022748
KIR,2012,11.3226141241133,2.4268019758068675,1843.55336349889,7.519450164094895,56.54213077030674,138.622222222222,4.931752407397427,49.5800786695548,13.4930209021933,96.1287092438882,48.7,0.496954151971786
KIR,2013,11.3202684142188,2.426594783997351,1772.08718317132,7.479913330390007,55.949103430146124,140.540740740741,4.945497416425706,49.9687043258795,14.3769824347141,96.7814002828914,46.2,0.527943217554771
KIR,2014,10.9972287903393,2.3976433129081705,1736.70535682101,7.459745124230957,55.647797318487534,142.377777777778,4.958483931868703,50.3909308922385,14.115070360461,104.187980044647,48.0,0.526334044361202
KIR,2015,10.6201442272271,2.3627525964397584,1639.85274740652,7.402361728620289,54.79495916134236,144.216049382716,4.9713125181215725,50.9541970402064,14.7267735467294,109.889112537487,47.5,0.533321919274066
KIR,2016,11.1067056212411,2.4075490359390064,1742.66799324117,7.463172547308213,55.698944470894965,146.269135802469,4.98544832064656,51.7710553002321,14.6506389824021,111.269797688379,48.1,0.57225814075187
KIR,2017,10.970038581704,2.395167791300462,1853.05122713319,7.524588871414935,56.61943768382149,148.487654320988,5.0005018189011725,52.9734697275451,12.4167579233588,100.561253988425,42.5,0.574516732488048
KIR,2018,11.3366995948348,2.42804521491909,1912.73809378187,7.556291051432737,57.09753445396246,150.720987654321,5.0154303637147635,54.5004023142497,11.0818123847419,83.3664311213492,42.3,0.621703089675961
KIR,2019,11.5481206795464,2.446522712001229,1750.9977188915,7.467941029538858,55.7701432206699,152.988888888889,5.030365297114108,56.2846727145489,9.56440607223913,98.3140421834046,42.2,0.614100919133964
KNA,2000,8.94496340137378,2.191090625434568,9319.65545093525,9.139880938212503,83.53742356470026,174.030769230769,5.159232118240715,32.764294564989,26.842734561823,,26.4,1.09839108910891
KNA,2001,8.77022263687204,2.1713621922502417,10022.5919235637,9.212597016194602,84.87194378279769,176.003846153846,5.170505847946227,32.5960599951138,30.5650311211705,,26.0,1.11011560062062
KNA,2002,8.47461571465912,2.137075308835417,10453.6587064313,9.254707311564816,85.64960742273126,177.0,5.176149732573829,32.4368354358251,28.6195389986205,,24.3,1.26032159930465
KNA,2003,8.14785188353141,2.097754319938583,10175.6295449989,9.227750880141182,85.15138630594635,177.6,5.17953383055807,32.2808981467536,24.3502343417128,,26.3,1.30587318087318
KNA,2004,7.87964039228532,2.06428226733167,10944.6183741768,9.300603141754447,86.50121880041269,178.134615384615,5.182539530672598,32.1287199225823,22.7029949657687,,22.0,1.41206952391234
KNA,2005,7.75969048971725,2.0489424480539706,11783.7867154145,9.37447985847209,87.88087261689891,178.603846153846,5.185170203226459,31.9804975781124,22.2498223290128,,25.3,1.30930077309042
KNA,2006,7.74938859623819,2.047613949445237,13837.8495311219,9.535162836399545,90.919330316655,179.111538461538,5.188008731679023,31.8364279281447,23.1516391558233,,0.0,1.48811441087419
KNA,2007,7.74652592893685,2.0472444756295087,14757.9579751035,9.599537740013194,92.15112482193761,179.638461538462,5.1909462840460465,31.6967077874804,23.2344833885883,,0.0,1.63790519419347
KNA,2008,7.74541893162615,2.0471015629968408,16604.9448615905,9.717455813214578,94.42894748177778,180.134615384615,5.193704434627701,31.5615339709202,21.9404982450459,,0.0,1.71666488737056
KNA,2009,7.74038404811904,2.0464513049907036,16503.4119292794,9.711322422104583,94.30978318607123,180.446153846154,5.195432416625869,31.4311032932653,23.2274914615363,,0.0,1.92897945263876
KNA,2010,7.72573772222845,2.0445573162472637,16622.9457908577,9.718539296437541,94.4500060564007,180.176923076923,5.193939274137327,31.3056125693165,22.5446364872963,,1.0,2.10690347094736
KNA,2011,7.02054664173433,1.948841084198996,17832.4572919975,9.78877551919615,95.82012616521386,180.330769230769,5.194792771393934,31.2000648379646,20.9395556933708,,0.9,1.65934394062193
KNA,2012,7.63914727084111,2.033285983184897,17532.0559008608,9.771786250038112,95.4878065164339,180.896153846154,5.1979231309599365,31.2035138804223,18.6845911299958,,1.3,1.69668105372823
KNA,2013,7.48708051379513,2.013178937003352,18580.1301949935,9.829848019608805,96.62591208860715,181.034615384615,5.198688258199658,31.2131485582887,19.7121899986448,,1.4,1.93333191697295
KNA,2014,7.35752091509014,1.9957230438112417,20219.3954237956,9.914397592216254,98.29527961654345,181.111538461538,5.199113076065389,31.2290015317909,21.3786128291905,,1.6,2.06629998513453
KNA,2015,8.17910001090095,2.1015821214444252,20328.8003530109,9.9197938961755,98.4023109426007,181.103846153846,5.199070602399058,31.2513929695583,22.7382472431805,,1.6,2.16407925754455
KNA,2016,8.69104650276459,2.16229335812155,21387.5415511103,9.970563860974028,99.41214370576132,181.057692307692,5.198815722509824,31.2806171906169,24.5143300679441,,1.7,2.36856080722252
KNA,2017,8.59231426212322,2.150868113229278,22464.9899633959,10.019713374737897,100.3946561119015,180.961538461538,5.198284513997995,31.3169642505921,26.2859866005102,,1.3,2.21041445270988
KNA,2018,8.01759737550583,2.08163879788165,22901.3816403197,10.038952521360745,100.78056772613526,180.8,5.1973914479580765,31.3607229995076,24.5506901344489,,1.3,2.36342750170184
KNA,2019,7.87159855837596,2.0632611623083394,23595.4923231291,10.068810969513015,101.38095433978562,180.584615384615,5.196199451222641,31.4121818392285,25.3018009434309,,1.3,2.77304481172261
KOR,2000,25.4379884924397,3.2362436666524195,12710.2995795579,9.450167934287933,89.30567398624386,487.332687124197,6.1889470256301955,79.579960745642,34.4229063389868,64.0588155729056,0.7,9.9217579706617
KOR,2001,25.3445724763114,3.232564603615202,11981.4828218758,9.391117638790925,88.19309050561004,489.664709530701,6.193720890623786,79.8787704357425,33.0800816843361,60.4277386641693,0.7,10.0719727295012
KOR,2002,25.1965130774737,3.2267056150018543,13642.9424537101,9.520977630545483,90.64901504134747,492.248538072115,6.198983747625775,80.2766294544335,32.6882805185377,56.6688767960273,0.7,10.3782797747059
KOR,2003,24.9988034168125,3.218827960395215,15211.5483770422,9.629810180009105,92.733244103007,494.755475206612,6.204063651034097,80.707793508044,32.9945976929668,59.4242945541732,0.8,10.5024332706302
KOR,2004,24.756436615214,3.209085520464763,17121.6301633201,9.748097864982713,95.02541198528051,496.617630654823,6.207820375172057,81.104386778171,34.6033711629612,67.9270638751076,0.8,10.8037309775721
KOR,2005,24.4744057935641,3.197627910024373,20167.0474902506,9.911805238986606,98.24388309560233,497.517408363449,6.209630547671777,81.3901352283669,34.0824608322854,66.1695148242697,0.9,10.7084009751588
KOR,2006,23.9837806396341,3.1773777952057616,22609.7059431449,10.026134559576867,100.52337420674162,499.982369942197,6.214572837684933,81.566462110512,33.5291229527825,68.3749509402263,0.9,10.8117127664204
KOR,2007,23.2554477166084,3.146539414978732,25078.4853957105,10.129765602002617,102.61215115151545,502.307449442839,6.219212381310647,81.712125801927,33.4934744112004,71.3239614988013,1.0,11.1126206303646
KOR,2008,22.504125458493,3.1136986461139373,22252.3125108061,10.010201215263656,100.20412837006597,505.770780492834,6.22608356367203,81.8350833138518,32.5801769931808,92.0833544961819,1.1,11.2602688410662
KOR,2009,21.9445322992938,3.0885180105090657,19937.3029137734,9.900347774275753,98.01688605160685,508.013960436843,6.230508928375769,81.9245045084002,33.0718219588777,83.1246099057162,1.2,11.2836813865383
KOR,2010,21.7913866730167,3.081514784977455,24071.2620526362,10.088773962000674,101.78336005634279,509.815967078189,6.234049811730457,81.9685075986486,34.4083287071276,88.0278677123124,1.3,12.3690482033055
KOR,2011,24.8830450375162,3.214186649349753,26175.2398553363,10.172569199224405,103.48116411300906,513.804280275749,6.241842415267298,81.9615408086376,34.8688946576209,101.68061646213,1.4,12.9702684429817
KOR,2012,25.5767916080653,3.2416853624853688,26600.5477433903,10.188687086414559,103.8093445448708,515.875583187751,6.245865618554784,81.9087898200378,34.7007966708538,101.51727207905,1.6,12.8528563619499
KOR,2013,27.4929658439861,3.313930184461911,28449.3591104972,10.25588091242894,105.18309328992429,517.612269825303,6.249226448132355,81.8269383502703,35.1987111905484,94.1675235855873,1.9,12.7317329769662
KOR,2014,28.3760075385872,3.3455439831390046,30667.0912467447,10.330945412269772,106.72843311129785,520.852499230217,6.255466890787415,81.7315682816954,35.0245177739824,86.9342577972039,2.9,12.4261677995393
KOR,2015,26.2899620146574,3.2691871938817654,30171.7906545222,10.31466268254703,106.39226625472831,523.525547744882,6.260585830924755,81.639489860678,35.113231110723,75.3881774564907,2.7,12.6198190502874
KOR,2016,26.6704344134095,3.283555626528065,30832.0628072516,10.336310427732107,106.83931325844348,525.370072521002,6.264102914306284,81.5559241797057,35.226493712639,69.8997221316919,2.6,12.6677788190173
KOR,2017,26.0043671138493,3.2582644898340676,33296.9845439195,10.413222117631602,108.43519487113197,526.734806686494,6.266697208768543,81.471030429984,35.6298842658067,73.1921408264016,2.8,12.952944838832
KOR,2018,25.9343920098722,3.255569964685784,35363.9508228687,10.473448241926059,109.69311807630406,528.969011484824,6.270929850718685,81.3823523035196,34.9767074768513,74.7075162140824,3.2,13.1917269531809
KOR,2019,26.0153634264606,3.258687264525934,33826.9443301597,10.429012933431592,108.76431076568342,530.377274590164,6.273588592158429,81.2901063535619,33.6464921028153,71.4470632403511,3.2,12.6531894575046
KWT,2000,59.028420443273,4.078019030352705,19296.3471698729,9.86767109117025,97.37093276351706,109.691863075196,4.697675190192812,99.0,,86.618324503254,0.0,28.6596112260188
KWT,2001,60.4227305514236,4.10136536777787,17374.2318664227,9.76274346032899,95.31115987219646,112.689169472503,4.724633315917603,99.2347539628831,,86.8504672897196,0.0,29.3184026261366
KWT,2002,61.7771352874504,4.123533316836998,18512.7523035862,9.826215087306204,96.55450294200408,115.59898989899,4.750127218302091,99.5090276880805,,81.2251941328732,0.0,29.894552067162
KWT,2003,62.9365619789798,4.1421272663594495,22690.655175144,10.029708452418447,100.59505164051404,118.399607182941,4.774065404732755,99.7655794280652,,86.5551755074577,0.0,30.7689391013048
KWT,2004,63.7459379536381,4.15490546363413,27552.2827399787,10.223840669223971,104.52691802967806,121.061728395062,4.796300567538742,99.94716743531,,89.2976416790834,0.0,31.975599354755
KWT,2005,64.0501905390517,4.1596670031869,36122.6142741227,10.494674382379205,110.13819039216635,125.521212121212,4.8324747651755695,100.0,,92.2426800942645,0.0,34.5288422505843
KWT,2006,63.7696557185435,4.155277461512912,42946.6374104066,10.667713633553724,113.800114167508,132.701066217733,4.888098976104172,100.0,,89.7130931980522,0.0,33.802251670696
KWT,2007,63.1006880696392,4.144731673919398,45709.4132876371,10.730059535707143,115.1341776398198,140.734399551066,4.946874422873731,100.0,,91.7325033915889,0.0,31.1914372537519
KWT,2008,62.3022428112696,4.1319974253263085,55585.1889344442,10.925672058680455,119.37030993383081,148.789057239057,5.002529579634688,100.0,,92.6834562516721,0.0,31.5351654829618
KWT,2009,61.6332751623654,4.121201905901356,37907.1001320042,10.542893712100147,111.15260782464082,156.873400673401,5.055439114923488,100.0,,88.8110649851457,0.0,30.5211548340109
KWT,2010,61.3527403418571,4.116639837508298,39212.252220155,10.576744533579511,111.86752492860407,165.172390572391,5.106989719833788,100.0,66.0655582815397,97.0280216600064,0.0,29.4966453441835
KWT,2011,65.1115344079268,4.176101713365294,49169.6063813095,10.803030955112797,116.70547781712531,175.803254769921,5.169365499129301,100.0,72.7249733972566,99.1164927646913,0.0,29.3265415693367
KWT,2012,65.1385584071027,4.176516668917027,52155.2225833921,10.861979600829699,117.9826008488405,187.267620650954,5.232538720244775,100.0,74.8123207433144,101.011435104032,0.0,27.5578052739662
KWT,2013,66.1412461870028,4.1917925490302546,49651.0439275077,10.812774694982547,116.91609660445492,196.848709315376,5.282435460677248,100.0,73.0986938777857,97.6054913328151,0.0,26.7612812884495
KWT,2014,50.028931868526,3.9126014754526146,44368.7813457751,10.700291378270615,114.49623557989246,205.716947250281,5.326501181453237,100.0,70.5483167543953,100.037189841844,0.0,25.1870221469575
KWT,2015,64.5479644305319,4.16740858202442,29882.2126495698,10.30501868769552,106.1934101537539,215.183726150393,5.371492203450416,100.0,55.9358456541559,98.6999884455485,0.0,24.9282188842881
KWT,2016,59.2319560603482,4.081461194567949,27323.6890735517,10.215509336543535,104.35663100500814,224.696745230079,5.414751694129006,100.0,52.134780154177,96.1576723758617,0.0,24.5748353685826
KWT,2017,58.1291719707309,4.062667637172289,29047.6536135703,10.276692988400734,105.61041877784481,233.1544332211,5.451701037532489,100.0,55.6192158978196,97.840046457409,0.0,23.4582455235038
KWT,2018,63.4583554482098,4.150383871041598,32067.9623756889,10.375612753895624,107.65334001880153,242.621492704826,5.491502585763159,100.0,60.1276537174576,102.785630655,0.0,22.9164695855109
KWT,2019,52.7825054963873,3.9661798005128537,31707.8737443551,10.36432031212608,107.41913553234926,249.288215488215,5.5186097190079595,100.0,57.7186566770031,91.6857123895953,0.1,21.7968059903888
LAO,2000,28.820009114765,3.361069906836593,318.749852236965,5.764406632902222,33.22838382944714,23.5321143847487,3.1583660578075254,22.1840964350091,16.4770694017999,68.8373013678325,81.5,0.172061042728584
LAO,2001,28.8274106843826,3.3613266943800446,320.316005439568,5.769308025518279,33.28491509330962,23.9232322357019,3.174850046864227,23.3728884682287,16.9937147919347,65.8994368798482,81.1,0.186381120141295
LAO,2002,28.8952739905149,3.3636780520059717,313.350817148131,5.74732338444814,33.03172608542442,24.3106109185442,3.190912918351398,24.5247834668291,18.3826897329941,67.2549028523532,80.2,0.20574279762084
LAO,2003,28.9554957475365,3.3657600218413735,355.097216151461,5.872391600299785,34.484983107271475,24.6878032928943,3.2063093278676718,25.5945881340707,20.1201441501939,60.572095882788,78.7,0.210602243440398
LAO,2004,28.9399726698219,3.3652237768290805,409.296298284117,6.014439339441132,36.17348056781709,25.0503726169844,3.22088870234976,26.5371091732139,19.3595097686057,66.0797516222837,74.0,0.217585848686857
LAO,2005,28.7806014717458,3.3597016001896187,466.061506997741,6.144317614681368,37.752638950083735,25.4312088388215,3.2359771142390135,27.3224977292697,23.2287895606829,71.7926462737852,73.9,0.221926040668041
LAO,2006,28.4053138984033,3.346576236763144,579.391947440719,6.361979187138427,40.474779177582526,25.8370883882149,3.2518109940910493,28.0378756242097,26.1754512486046,81.9613754162421,69.8,0.28652401395224
LAO,2007,27.7775269837477,3.324227311900186,697.323013673925,6.54724873766044,42.866466032796225,26.2401906412478,3.267292229340952,28.7343050001346,25.3930205228552,79.2126289035269,70.7,0.298205023714399
LAO,2008,26.8823653754409,3.291470509381635,885.747376088762,6.786431781380213,46.05565632332741,26.6419800693241,3.2824881698366597,29.4034348148069,26.9497231702456,81.8491820941317,69.3,0.343065642386553
LAO,2009,25.7049537211446,3.2466837251224434,935.03237283283,6.840581152039933,46.79355049764398,27.0435095320624,3.297447033139643,30.0420311503825,25.163093788149,76.930826218652,66.4,0.423077773444872
LAO,2010,24.2304166685204,3.1876087310701946,1125.91610151261,7.026352295721668,49.36962658359315,27.4445147313691,3.3121663203505105,30.6468600890172,30.4660210858755,84.7203378916677,64.8,0.467525939369713
LAO,2011,20.5789011650413,3.0242663356393837,1361.54704394913,7.21637686454598,52.07609505115447,27.8448440207972,3.326647815330744,31.2146877128668,30.815970194642,91.6986958680216,63.6,0.486447711772495
LAO,2012,22.4365696992954,3.1106922035190876,1563.5650771337,7.354723798758717,54.09196215602785,28.2451386481802,3.3409213595341702,31.7422801040872,32.4366446720109,98.1851264313662,62.4,0.511690636170271
LAO,2013,24.2423626108046,3.188101623893905,1812.51774424651,7.502472176610017,56.28708876080745,28.6455155979203,3.3549969072768473,32.2264033448341,30.4277075542967,98.1791466159604,58.6,0.596607216188438
LAO,2014,21.3928997917018,3.0630590815403456,1981.03910900473,7.591376788555537,57.629001545819776,29.0432062391681,3.3687845915469676,32.6638235172635,28.815000545489,99.0597382933399,58.2,0.654511028510084
LAO,2015,20.1670988613747,3.00405250728159,2121.01339097363,7.6596492680636725,58.67022690974835,29.4698656845754,3.383368239039027,33.1240204432199,27.6933442499915,85.798321703681,53.3,1.31255012574164
LAO,2016,22.463787282601,3.111904558541133,2303.22156035363,7.742064100296888,59.939556533105865,29.934150779896,3.3989999951723746,33.8267455533474,28.7595046372574,75.0918909204124,51.7,2.29721448088974
LAO,2017,19.1515982168711,2.952386169944304,2432.43059478511,7.79664628119066,60.78769323400415,30.4079159445407,3.4147029674283487,34.5115346444216,30.91247539947,,50.6,2.74206282655521
LAO,2018,20.9840690040935,3.043763530973839,2545.1075420815,7.841928184312483,61.49583764791447,30.8840771230503,3.4302407476280874,35.2050070032013,31.533192488879,,50.2,2.78650036580858
LAO,2019,22.4289603771825,3.1103529978004483,2589.32081035237,7.859150884918687,61.766252631918185,31.3589081455806,3.4454983780897557,35.9072880879451,31.531381987864,,50.5,2.67630204116372
LBN,2000,17.9829558305759,2.889424411003427,3986.83513941026,8.290752996993021,68.73658525714876,423.200391006843,6.047845804472876,86.0,19.9654112221368,50.1152959262106,4.9,3.53598931938817
LBN,2001,18.0162713556063,2.8912753137669354,4009.55929751102,8.296436613391002,68.83086048001476,430.295014662757,6.0644710540529605,86.1451238111303,20.4307137219529,55.5568083587026,4.6,3.7525460492449
LBN,2002,18.108623271323,2.8963882486479804,4290.85283803266,8.364240788908818,69.96052397484601,436.315151515152,6.078364806813205,86.2942846645228,19.1154059296204,51.0425325574951,5.7,3.68898515605677
LBN,2003,18.2496665183829,2.904146806896227,4437.71588507526,8.397895082758096,70.52464182101261,442.3761485826,6.092160535062596,86.4475351790771,18.3121387283237,54.0908340214699,7.0,3.63952510966725
LBN,2004,18.4290560374433,2.9139285515660593,4600.68371412993,8.433960204938828,71.13168473849178,449.587390029325,6.108330251098354,86.6049279736931,14.5751663754257,90.9727970270956,6.1,3.62889487678395
LBN,2005,18.636446769161,2.925119167114337,4602.19804637945,8.434289304519284,71.13723607232839,456.608211143695,6.12382571716592,86.7665156672703,14.7600382336009,92.762656272585,6.4,3.54858446679178
LBN,2006,19.1289192451531,2.951201286568898,4635.2514117486,8.441445718545868,71.25800581915637,464.431671554252,6.140814446366198,86.9323508787087,15.008151375903,91.0693970298409,6.4,3.39584048951661
LBN,2007,19.9880976020014,2.9951369764999245,5125.25809960149,8.541936163636393,72.96467342363923,473.520821114369,6.160195884445777,87.1024862269079,15.5098773512385,97.9677079660494,7.3,3.08582491177961
LBN,2008,20.9404521878108,3.0416827996605615,5912.04532820842,8.684747129751626,75.42483270772911,481.461779081134,6.176826849232131,87.2769743307677,16.212003826201,106.625673176194,5.1,3.71794595880824
LBN,2009,21.7124533506863,3.077885983064572,7090.85493856621,8.86656119597533,78.61590744197547,488.004594330401,6.190324820420307,87.4558678091878,15.4395167882731,90.3978388619092,4.3,4.31860187525276
LBN,2010,22.0305714387326,3.0924310995941617,7625.81051551165,8.939293892942755,79.91097530440365,492.794525904203,6.200092304008676,87.6392192810679,13.809376206629,95.0966529416243,5.7,4.09800035229092
LBN,2011,19.3450935433656,2.9624388236727364,7834.96257108993,8.966351377636391,80.395457027242,498.144672531769,6.210890541927544,87.8270813653079,14.506216070168,102.139882412503,6.2,4.11737002602031
LBN,2012,18.7841957919463,2.9330158669275166,8406.98405608118,9.036818074628346,81.66408091392957,511.802737047898,6.2379392715970825,88.0195066808075,15.4855197381508,88.5455019230591,5.6,4.47632828355561
LBN,2013,20.2507464209249,3.008191653165812,8162.37929361396,9.007290985556686,81.13129089849075,561.430694037146,6.330488336528588,88.2165478464663,16.3437962275105,86.1743285920565,5.9,4.02278357415317
LBN,2014,20.3631198495282,3.0137254142028866,7577.6413302369,8.932957260059496,79.79772541004965,620.429130009775,6.4304113837941905,88.4182574811842,16.2094101272442,79.8171565925627,4.2,3.93405377982319
LBN,2015,20.6861467732003,3.0294642382219563,7714.1099998804,8.950806398438399,80.11693518232578,632.694916911046,6.449988342156675,88.6246882038608,15.7051846447457,71.8390426347811,4.2,4.15689901334406
LBN,2016,19.360236111926,2.9632212776380085,8089.012088155,8.998261887411076,80.96871699443473,618.089931573803,6.426633967216592,88.835892633396,15.9539038084869,67.7236177908116,4.0,4.40699597979459
LBN,2017,18.8914613898948,2.9387100416705834,8608.21084982387,9.06047177673725,82.09214881705226,602.163049853372,6.400528255568924,89.0519233886895,14.9268797796791,68.4554292593276,4.0,4.75585896916428
LBN,2018,19.9808899582131,2.99477631468153,9174.53666204759,9.124187171598292,83.25079154235884,584.957869012708,6.371539825856684,89.272833088641,13.8056023781184,68.2573073043718,4.7,4.59444406102218
LBN,2019,20.5970090578064,3.0251458738856267,8905.88005497437,9.094467017901259,82.70933033969382,566.431476050831,6.339356112959079,89.4986743521503,12.4991181838946,62.98091601016,5.1,4.66025747446672
LBR,2000,40.1117652111733,3.691669688067467,298.485340578945,5.698720821338416,32.475418999555984,30.3998857973422,3.414438851738745,43.7710042955819,4.24715102974828,,91.3,0.136333350067637
LBR,2001,40.7653499449132,3.7078324545233414,300.463828598983,5.705327376011267,32.55076046746361,31.3054194352159,3.4437912274533367,44.1509656015089,4.18618101545254,,91.6,0.152619706314848
LBR,2002,41.3532145582214,3.722150158671094,299.536445539621,5.702236098097439,32.5154965184455,32.1302117940199,3.4697967648900407,44.566701526991,3.24309600862999,,91.1,0.150446784296923
LBR,2003,41.8293854413503,3.733599093530506,239.779556677091,5.47971998740421,30.027331140357198,32.3871677740864,3.477762287991893,45.0004573003041,4.14903743315508,,90.3,0.161626808123783
LBR,2004,42.1478889845527,3.7411845997903916,284.140223992458,5.649467862760852,31.916487132367664,32.7750415282392,3.4896672967195697,45.4344781497244,7.72698996655518,,89.6,0.172701505151269
LBR,2005,42.262751578081,3.7439061207659114,287.487333441381,5.661178801671644,32.048945424496395,34.2713351328904,3.534309294359911,45.8510093035277,7.2181875658588,,87.8,0.206360770853813
LBR,2006,41.3657720947462,3.7224537778794375,320.55808618515,5.770063496086552,33.29363274887056,36.2415593853821,3.5902065096470013,46.2322959899902,7.7032618409294,,87.6,0.205397808574399
LBR,2007,39.2301217465135,3.6694448636199977,374.211308104278,5.924820632796214,35.10349953080773,38.0922965116279,3.640012070393384,46.6104850769043,7.92931536780772,,89.8,0.182417792071517
LBR,2008,36.681885432367,3.602283048258247,451.713856283285,6.113048918044138,37.3693670744006,39.6698816445183,3.680592251020863,47.1080497871025,7.0949594438007,,91.8,0.146715404306147
LBR,2009,34.5471480512907,3.5423250012578578,448.386367025545,6.105655287135327,37.27902648532357,40.9367524916943,3.7120282534838873,47.6245255922562,5.00973981900453,,91.8,0.132537734959021
LBR,2010,33.6519945022688,3.516072326318436,492.252808033724,6.198992421989961,38.42750704788896,42.1396387043189,3.7409888346401643,48.1407517057907,4.99961461461461,,88.6,0.1956938966072
LBR,2011,43.0911306066352,3.763317189543803,568.087865520004,6.3422760995743594,40.22446612323215,43.8245224252492,3.7801935334347263,48.6583302770849,8.30011676396997,,87.1,0.209775565020002
LBR,2012,40.950862253654,3.7123728663326854,638.368751462083,6.458916096726574,41.717597144553636,45.4011939368771,3.8155384028706107,49.1773247639526,14.5889259761557,,86.2,0.223437089459216
LBR,2013,33.8367623475366,3.521547854851646,710.744570927863,6.566313111990311,43.116467884695886,46.4102886212625,3.8375211721792866,49.6977986242077,19.5182541497806,,87.5,0.202986909648455
LBR,2014,34.3461135841224,3.536488870611533,706.714490064507,6.56062675132771,43.041823370236784,47.3867628737542,3.8583429254327153,50.2198153156642,18.554810004303,,91.2,0.259010541172532
LBR,2015,51.1180873244019,3.934138393962457,692.590082351257,6.540438312419157,42.77733331856035,48.3744912790698,3.8789726350997107,50.7434382961363,16.8248454785241,,91.9,0.264624586135088
LBR,2016,48.301426780699,3.877461100195295,714.613063145659,6.571741225782789,43.18778273865308,49.3730066445183,3.8994038506497333,51.2687310234384,13.7704420019235,,92.8,0.291277161616349
LBR,2017,41.5068237111279,3.7258578404942186,699.269095727404,6.550035640579269,42.90296689285867,50.3418293189369,3.918836328318605,51.7957569553849,15.4416514284322,,93.6,0.253788210788989
LBR,2018,42.0381017982909,3.738576392712736,692.203127129794,6.539879448859046,42.7700232056089,51.3364410299003,3.9384008514565876,52.3245795497906,16.9238649522893,,94.4,0.129815079743549
LBR,2019,37.1591253581791,3.615209376482926,658.164180770507,6.489454415050459,42.1130186050179,52.3642130398671,3.9582234007510078,52.85526226447,16.9896070200098,,89.7,0.20014984968439
LBY,2000,35.9654901658373,3.5825598721945346,7214.10040377084,8.88379277927221,78.92177414504904,3.01500448980984,1.1036013193355325,86.9508513726842,,45.2810937659422,2.0,9.29018000117247
LBY,2001,36.4487224246156,3.595906407761266,6312.80030498965,8.75033464551972,76.56835640858273,3.07105209316071,1.1220202042456893,87.3194455877457,,43.1734496124031,2.9,9.0214945891093
LBY,2002,37.6270729377772,3.627723816243136,3718.29434696755,8.221020333240164,67.58517531954821,3.13059663321095,1.1412236040261092,87.6256192750746,65.8303859757035,78.8597570352145,2.9,9.05829449877551
LBY,2003,39.2184710587122,3.669147836293685,4674.09943200321,8.449791788300685,71.39898126563368,3.19367448310354,1.1611721294781263,87.8659880500458,70.8938132064248,90.6127305175491,2.9,9.57214634023075
LBY,2004,40.940846140811,3.7121282478459223,5773.76333234281,8.66107937087275,75.01429586855751,3.26033679257079,1.18183050064698,88.0371675280346,76.6425137601895,96.1293320792401,2.8,9.27889988186574
LBY,2005,42.5121275374636,3.7497893890473857,8079.24957329001,8.997054272609208,80.94698558427561,3.32973277106516,1.2028920518428534,88.135773324416,80.9742943873926,90.8608896854615,2.7,9.85289132685578
LBY,2006,44.1991556236799,3.7887056853645236,10048.8480434289,9.215213284373167,84.9201558764877,3.39873546495107,1.223403440368733,88.1599560242948,86.6695550057577,97.7381011197381,2.9,9.61121605909892
LBY,2007,46.1949789911863,3.8328711123371586,11144.9448413435,9.318741296623648,86.83893935339898,3.46930447730657,1.2439541350516732,88.1560287475586,84.727507668667,102.732315500893,3.1,8.80448137239163
LBY,2008,48.1068393184481,3.873424356576462,13906.1407818125,9.540085804425674,91.01323715580426,3.54378417086284,1.2651951310189604,88.1474456787109,85.9203928517569,103.242158045544,2.9,9.16430783442361
LBY,2009,49.5419782839306,3.9028203563266994,9551.05403869755,9.164406797928642,83.9863519579207,3.61838094047308,1.28602667177681,88.1345825195312,73.7972544656913,107.620930501039,2.6,9.46592937047626
LBY,2010,50.1076375660992,3.914173442901169,11600.9068649472,9.358838552051404,87.58785904336362,3.69291917205633,1.3064172488332706,88.1177139282227,75.7449869936204,98.077213074239,2.5,9.79867306653797
LBY,2011,36.5734275927941,3.599321954670869,7593.8391525702,8.9350925597102,79.83587905058859,3.60503483865101,1.282331434671079,88.0970458984375,53.8989087023988,63.0054352895288,3.2,6.97396882931226
LBY,2012,33.0392584726512,3.4976965050792272,14975.8902795144,9.61419687226922,92.43278149875125,3.51189970105823,1.256157116440862,88.0727920532227,73.7369299183248,98.2243189168448,2.6,10.1719960487613
LBY,2013,41.8287621297505,3.7335841921343382,11951.7134126011,9.388629928889092,88.146371941632,3.58311149504984,1.2762315556309765,88.0451431274414,65.1237589148371,106.334360918106,2.4,9.93067314994636
LBY,2014,36.2943652311609,3.591662501430014,8926.42074591474,9.096770781196238,82.7512386456256,3.65280243700058,1.2954946639527696,88.0142059326172,46.7692775548728,76.5248826381117,2.3,9.61533793913791
LBY,2015,36.08680012119,3.585927150860982,7458.48917756374,8.917108149572451,79.51481775117142,3.71223103765757,1.3116330537353469,87.8159103393555,34.8289693278703,56.9049073326883,2.9,8.3409996510926
LBY,2016,38.1668032978199,3.64196611417532,7525.80299308216,8.926092793968106,79.67513256652936,3.76923855098492,1.3268730051939783,87.8160056703177,26.0770762664238,41.1101760615135,2.8,7.71283597446731
LBY,2017,33.6859220495799,3.517080006743353,9965.83236729757,9.206917758240078,84.7673346069965,3.8298475737977,1.3428250044365477,87.8166729870528,38.9800161101817,47.5489661921214,2.9,8.22031320255774
LBY,2018,41.4209740874326,3.7237873730118323,11196.5854810844,9.32336414304124,86.92511894374714,3.89252588744786,1.359058275300654,87.818484275334,49.676758007488,63.7811335968183,2.9,8.36151848685695
LBY,2019,36.4844732200514,3.59688677885246,9963.19489084483,9.206653071315426,84.76246077556176,3.95048308080521,1.3738378703731529,87.8220115209342,49.9776179313478,78.9939691850138,3.0,8.26849764632106
LCA,2000,22.9678841195504,3.1340968975060703,5879.56191426207,8.679237533739885,75.3291641670792,260.026229508197,5.560782508651043,27.8532282391838,,,24.0,0.610278912593938
LCA,2001,22.7623698642573,3.125108727926227,5570.45247098106,8.625231563191372,74.39461951867268,262.683606557377,5.570950291079961,27.5160334778671,,,22.2,0.646542309204491
LCA,2002,22.307384781651,3.1049177797738325,5567.89428424719,8.624772215527834,74.3866957697409,264.985245901639,5.579674148593393,26.9383251458178,,,21.7,0.603188547460112
LCA,2003,21.7581900274592,3.0799902396430396,6058.60622059326,8.709235056008314,75.85077526080414,267.173770491803,5.587899272516974,26.0119584764195,,,20.0,0.696421559002553
LCA,2004,21.2700467574092,3.057299827489429,6494.60034867886,8.778726395060458,77.06603711933118,269.244262295082,5.595619005856167,24.8459172882296,,,18.4,0.669755660957507
LCA,2005,20.9982161272287,3.044437487792837,6863.43641919345,8.833963531035993,78.0389116676739,271.229508196721,5.6029653561824,23.5419158996884,,,18.4,0.697491689332124
LCA,2006,20.9474952990289,3.0420190830884706,7611.17856675319,8.937373309659915,79.87664167622141,273.17868852459,5.610126117789337,22.2016686292365,15.5718308786508,,16.9,0.768127509166522
LCA,2007,20.9823479426668,3.043681510084143,7964.38211480117,8.982734644294393,80.68952168980671,275.013114754098,5.61681878654434,20.9268897953144,13.33867026693,,16.3,0.824997913661346
LCA,2008,21.0475349754885,3.0467834499690545,8516.96075488787,9.049814837274162,81.89914858894758,276.734426229508,5.623058296218535,19.8192937163625,12.9331554810898,,15.5,0.886213923510734
LCA,2009,21.0878173148401,3.0486954952913026,8250.52180732734,9.018031726701581,81.3248962237963,278.473770491803,5.629323873574018,18.9805947108213,13.1941065698207,,15.1,0.949555245512719
LCA,2010,21.0479558780675,3.046803447482825,8673.68720340529,9.068049262343802,82.22951742429397,280.173770491803,5.635410019570483,18.5125070971313,11.6993633883331,,13.2,1.06666822697857
LCA,2011,20.6119269898378,3.025869888340444,9128.99442011613,9.119210827338707,83.1600061134515,281.640983606557,5.640633152069763,18.4743479557314,11.0709394039579,,12.9,0.821881129911933
LCA,2012,21.0465307968291,3.046735738794514,9260.30006551714,9.133491731598703,83.42067121118187,282.929508196721,5.645197778971663,18.6193081275177,10.8823311302478,,12.4,0.845370740554039
LCA,2013,21.8244150541212,3.0830292997225643,9577.21733754358,9.167142362961895,84.03649910281061,284.211475409836,5.649718592785328,18.9258370999948,10.2372040525891,,12.1,0.96153291534242
LCA,2014,22.2578153815924,3.1026932000425957,10044.8218377677,9.214812540682354,84.91277015991679,285.472131147541,5.654144410137238,19.3915445904726,9.9830608960786,,11.7,1.02102929860226
LCA,2015,23.9677087919965,3.176707457394364,10334.9860823918,9.243290125466853,85.43841234355303,286.729508196721,5.65853929119515,20.0204288176073,10.8633516574705,,11.5,1.04285183385266
LCA,2016,24.0761301376266,3.1812208989552904,10638.1269396653,9.272199707893723,85.97368742306443,287.944262295082,5.662766927708251,20.8164880000551,10.9907295637127,,11.2,1.11815811347825
LCA,2017,23.0833259465748,3.1391105363953073,11333.1123822102,9.33548401905281,87.1512618699904,289.085245901639,5.666721613135554,21.783720356472,10.8835128503547,,10.2,1.11317780222522
LCA,2018,23.2729579590218,3.1472920839337832,11642.6984727769,9.362434521975725,87.65518017828283,290.191803278688,5.670542094974302,22.9261241055144,9.85698830819217,,10.2,1.46426614392968
LCA,2019,23.070500576614,3.138554770112983,11794.0597229805,9.375351270391999,87.89721144324086,291.247540983607,5.674173561869528,24.2476974658382,9.04474293097749,,10.0,1.65877710921361
LKA,2000,26.659822449137,3.2831576549060677,860.199884304769,6.757164785851567,45.65927594315246,307.655142720459,5.728979489186747,14.6196895000898,27.3180767964657,88.636441704913,64.2,0.594343435725624
LKA,2001,26.722809505096,3.2855174892897785,803.544026627385,6.689031977238851,44.74314879252389,312.55560516664,5.744782389880877,14.5739539539707,26.8205944160785,80.8986015327576,62.9,0.58030560864131
LKA,2002,26.7206615825844,3.285437108189186,834.936014905338,6.727355093058832,45.25730654810461,315.830840376336,5.755206754989782,14.6107836754127,28.0106134516732,76.3351317826517,62.1,0.600769917749147
LKA,2003,26.6463535848639,3.2826523151664047,946.382255128072,6.852646562623722,46.95876491223871,318.1553340775,5.762539735458418,14.7256630416211,28.4245704176973,75.336247330543,61.3,0.644522289804371
LKA,2004,26.4928604151958,3.2768752783980495,1028.62068132555,6.935974039424464,48.10773587557012,320.325386700686,5.769337312608479,14.9130061059922,28.6181015199147,79.4829449011187,61.6,0.661039481809803
LKA,2005,26.2531569768416,3.267786247590725,1207.21994764165,7.096075431208481,50.35428652540063,322.381183224366,5.775734644240497,15.167273918248,30.1880884644457,73.6039729580533,60.1,0.713777502007764
LKA,2006,25.8583485895535,3.252633511658561,1388.89739119932,7.236265467598947,52.363537917565004,324.548094402807,5.782433735956484,15.4829275281105,30.6422951801489,71.2611784883009,62.2,0.648296656351918
LKA,2007,25.2426185148487,3.2285337769372613,1578.63451125392,7.364315518972442,54.23314306297835,326.782730027109,5.7892955158951835,15.8544279853018,29.9198197775274,68.6065116601391,60.2,0.689226252766555
LKA,2008,24.4035585686367,3.194728964642017,1973.58476901287,7.587606847822615,57.571777677124636,328.964726518896,5.795950530789236,16.2762363395441,29.3711947494741,63.369043608222,61.6,0.64492492211835
LKA,2009,23.3387605668271,3.15011552205622,2026.65939950702,7.6141441005161115,57.975190383424305,330.990830808484,5.802090673508427,16.7428136405592,29.6714387318411,49.1491415308235,63.5,0.615577771423657
LKA,2010,22.0458163253294,3.093122848078013,2808.36244503709,7.940356832684039,63.0492666303521,332.946723010684,5.8079824862216185,17.2486209380693,27.7831982984661,,61.9,0.647461199097336
LKA,2011,19.3067208821847,2.960453267529616,3224.95745150496,8.078675035811045,65.2649903342366,335.019103811194,5.8141875565012,17.7881192817964,29.0731497643121,,56.4,0.757197565544141
LKA,2012,20.9131853685461,3.0403798389281484,3327.77613691283,8.110059533125968,65.7730656308474,337.577069047999,5.821793836978879,18.2617686748284,30.9698538096371,,52.9,0.845279080834285
LKA,2013,21.9721781997635,3.0897770257589503,3739.43181100202,8.22668895667526,67.67841118988267,328.257056290863,5.793797009649077,18.4323136480916,30.7956807273264,,56.9,0.720767549186301
LKA,2014,19.7831265390581,2.984829379378837,3972.04375736464,8.287036041560738,68.67496635412665,331.334715356403,5.803129089075549,18.6153877203724,30.5178954294297,,54.2,0.860549619790163
LKA,2015,17.9117046245301,2.885454388792582,4057.7158346231,8.308375491966133,69.02910331550349,338.810527846445,5.825441036222048,18.796256612131,29.5354178735039,46.9179708088816,51.3,0.939966618979494
LKA,2016,19.521371968942,2.9715098638092106,4149.19190775593,8.330668873241477,69.40004387559442,342.672030762768,5.836773811201428,18.9747679368162,30.4827177292135,46.4715370252187,45.1,1.10736008298364
LKA,2017,18.3492016336564,2.909586065851443,4398.88828068715,8.389107124501365,70.37711834635955,346.614318258931,5.848212687042588,19.1507693078088,31.1282786464433,47.1404098004644,45.8,1.09125530228872
LKA,2018,20.8478350946817,3.0372501104644876,4358.56095906047,8.379897226601495,70.22267752840342,350.284495021337,5.85874566722367,19.3241083384127,30.0568195254141,49.8093967521361,47.9,1.01443931702815
LKA,2019,19.779803654502,2.984661399679272,4081.94772722003,8.314329537609215,69.12807565996106,352.431694638296,5.864856829399946,19.4946326418437,29.1910098710383,49.42552388546,46.1,1.09952758794661
LSO,2000,24.5043099431081,3.198849018124497,442.779545779081,6.093072006856719,37.125526480740966,66.0050395256917,4.189731095561294,19.3273988558381,35.1643078480714,,56.7,0.175057500001248
LSO,2001,23.7869834305804,3.169138516383546,412.677473676821,6.022666352464918,36.272509993113076,65.9042490118577,4.18820291608938,19.8975236019886,37.992056881911,,56.5,0.182472175617099
LSO,2002,22.7786136777816,3.12582209917778,388.92334985135,5.963382280118777,35.56192821883462,65.7008893280632,4.185112461594739,20.4926272688562,38.7001356295907,,56.2,0.193214045969301
LSO,2003,21.7379693349774,3.079060470475606,583.270036200288,6.368650262990948,40.55970617229467,65.3840250329381,4.180277963074059,21.1231084926925,36.4702881221952,,55.9,0.197475238771241
LSO,2004,20.9238190524334,3.0408881776232084,766.685820928242,6.642077096756487,44.11718815925708,64.9251976284585,4.173235801494252,21.7993659097494,34.6653077489584,,55.4,0.206480651443919
LSO,2005,20.5949314804153,3.025045000881553,861.381496414995,6.758537491561566,45.677829024843305,64.3305665349144,4.164034892082628,22.5317981562788,33.7701071067011,,55.3,0.208850039629794
LSO,2006,21.0739780096359,3.0480390096936323,925.467485502842,6.830298999578849,46.65298442364782,64.0666337285902,4.159923693746049,23.3329886243114,35.4813196531581,,55.5,0.21305222504361
LSO,2007,22.2617938837023,3.102871930367778,861.188420899563,6.758313320090441,45.67479893251188,64.3368906455863,4.164133193717176,24.2187949905661,39.1258617120697,165.048948833372,55.3,0.274309516154465
LSO,2008,23.784393532221,3.1690296316496025,898.482517882593,6.800707249031088,46.249619087023994,64.7740777338603,4.170905488351603,25.1966303659683,40.56384007448,161.126590593391,55.0,0.22196333562331
LSO,2009,25.2677913847987,3.2295305168997404,878.847950537772,6.778611902674362,45.94957932707853,65.2464756258235,4.178172031346686,26.2591028264855,33.3003223937152,158.894737585637,54.0,0.25857155622013
LSO,2010,26.338001871042,3.2710128343276645,1119.47557793042,7.020615620642678,49.28904369281197,65.7526679841897,4.185900247940928,27.4004815007995,31.463352131548,150.102435487333,53.0,0.261640445014179
LSO,2011,26.9481719895266,3.293915465352301,1280.73390931581,7.155188559254785,51.19672331849056,66.337582345191,4.19475658946006,28.6150355175921,33.1996499097292,149.796606699153,42.3,0.270207332737838
LSO,2012,26.5241576357391,3.2780559266249547,1217.93071228944,7.104908560189874,50.47972564865935,67.0077075098814,4.204807650235582,29.8970340055453,30.8179398182836,150.208575358438,40.8,0.283333185866373
LSO,2013,25.2428493312626,3.2285429208126675,1151.03735837227,7.048418865512506,49.6802085037126,67.7372859025033,4.215636780193432,31.2407460933407,29.0232445602992,133.36548975517,46.1,0.2825669193933
LSO,2014,26.801156032785,3.2884450221381787,1173.5377928819,7.067778220040416,49.95348896767767,68.5141304347826,4.227040007714073,32.6404409096604,32.1608736210412,126.292475360578,43.2,0.288016522369956
LSO,2015,25.8911063728927,3.2538995264499557,1121.19851342518,7.022153493411392,49.31063968502982,69.321837944664,4.238759978412017,34.0903875831861,33.7385657003649,129.722773082867,46.0,0.283472812790582
LSO,2016,25.3734080229079,3.2337016973803583,992.491840678465,6.900218791548676,47.61301937124147,70.1720026350461,4.250949408618185,35.5077950709441,30.5866475742865,136.31524774176,45.1,0.308624300725396
LSO,2017,22.4347012157399,3.110608921565246,1069.36673247542,6.974821913442213,48.64814072423369,71.0510540184453,4.263398689316189,36.5283648068846,28.5730617255808,146.366771329494,41.5,0.333455410247971
LSO,2018,23.0240026773582,3.136537266430542,1170.65569702819,7.065319295622884,49.91873674910104,71.9236824769433,4.275605591257229,37.569092747415,31.139042579725,144.434955465602,42.5,0.346995310044912
LSO,2019,21.1810593859544,3.0531073571449783,1082.05706777516,6.986619200876163,48.81284785805148,72.7735507246377,4.287352574966029,38.6040920446259,30.5436539026894,140.51663349168,41.6,0.354575100536117
LTU,2000,18.083013444041,2.8949730138655427,3300.63634928559,8.101870561981501,65.64030660310245,55.8317804722399,4.022343249772744,66.9768374826555,26.5008484486882,83.1914942748116,17.2,3.33092730007635
LTU,2001,17.3276190793162,2.852301707059723,3532.52787363242,8.16976900515244,66.7451255975495,55.3736119974473,4.014103162542302,66.9286097501613,27.2146716594063,93.4871373685836,17.6,3.57013822101879
LTU,2002,16.4295435196153,2.7990811483166085,4148.13091485015,8.330413129808505,69.39578291328594,54.9308710912572,4.0060755054348185,66.8887100219727,26.3988212298317,100.332229474818,17.9,3.62197424563623
LTU,2003,15.5425823302599,2.7435835042526757,5507.47434187652,8.613861419905142,74.19860856133022,54.4864869176771,3.9979527244607516,66.7596664428711,27.9630623171368,98.0914043206711,18.1,3.65786848433758
LTU,2004,14.8205310765714,2.6960134543521534,6734.57487061946,8.815009964449706,77.7044006733476,53.8780312699426,3.986722811712428,66.6022567749023,29.527855822781,104.072070698543,18.1,3.86899905983728
LTU,2005,14.4171853238712,2.66842092028493,7857.03148786492,8.969164140787102,80.44590538438123,53.0077855775367,3.9704388004530844,66.5784912109375,29.7236068505939,117.449691165186,17.5,4.20098792244941
LTU,2006,14.2765715251915,2.6586198388130913,9210.10118229413,9.128056115323004,83.32140844448568,52.1682992980217,3.954475017270075,66.6381530761719,30.1705478851017,124.613633047292,17.5,4.34082416360822
LTU,2007,14.2038714091332,2.653514561895198,12295.1212779366,9.416957818606248,88.67909455740934,51.5522335673261,3.942595537697485,66.7184982299805,29.645016281565,116.295810328172,17.1,4.81800789405111
LTU,2008,14.1446134543711,2.6493338770115273,14955.5345462921,9.612836714075684,92.40662969148138,51.0288153171121,3.932390479386294,66.7527770996094,29.2009086287297,126.759707831841,18.3,4.95001768164964
LTU,2009,14.0443261395798,2.64221848073519,11854.3711053096,9.380451948193974,87.99287875237611,50.4653530115676,3.92128702184257,66.7816619873047,25.0207491016076,105.040251236614,20.1,4.17668379432144
LTU,2010,13.8485379434341,2.6281796634101457,11829.122609457,9.378319787650273,87.95288203943267,49.418141204627,3.9003175876440217,66.7712860107422,26.2116518144494,131.626507396009,21.5,4.53332954506564
LTU,2011,12.3194519812497,2.5111794750745977,14261.8433787325,9.565342954809571,91.4957858431251,48.3153301209433,3.8777489041081177,66.7518340055756,28.3534317115284,149.645306927215,22.7,4.72911365651569
LTU,2012,12.373124789345,2.515526764798453,14288.1853493139,9.567188275408533,91.5310914971145,47.6934454478731,3.864793976458128,66.8536758422852,28.2001999312223,156.638925650513,23.9,4.8479177448757
LTU,2013,12.4131714589563,2.5187581232923817,15636.5252586048,9.65736481924992,93.26469525208606,47.2477064220183,3.855404111428637,67.0092086791992,27.6242689150869,156.626637927418,26.3,4.51309413254538
LTU,2014,12.7577404745041,2.5461381834357226,16446.1647181663,9.707847581178502,94.24230465939328,46.8835275339186,3.8476663884686033,67.1514937628023,27.726441177948,143.290115780694,27.7,4.49797821297655
LTU,2015,11.3028578201847,2.4250555981844815,14269.8039878287,9.565900974414994,91.50646145231373,46.4662250598563,3.838725705879788,67.2282485961914,26.9636978611038,138.195575009601,29.0,4.69257592209704
LTU,2016,10.2329418108878,2.325612105670763,14934.2702840428,9.611413870001764,92.37927658046227,45.9328405861882,3.827180342412433,67.1894226074219,25.9974602207029,134.690449650877,31.5,4.69887829841954
LTU,2017,9.79993642739852,2.2823758986553346,16800.1510246099,9.729143154911057,94.65622652875267,45.3798470650213,3.8150681092495273,67.1012954711914,25.720457681502,144.918393101325,33.8,4.91240709777077
LTU,2018,11.0838572805935,2.405489750753407,19247.2315367967,9.865122513103078,97.32064219853318,45.0135717707169,3.8069640392045385,67.1464742010457,25.5788787201366,147.202132525221,33.7,4.97247446083995
LTU,2019,10.2465023749528,2.326936415639707,19608.7943945553,9.883733438185496,97.68818667710609,44.8912328329607,3.80424251583755,67.245735168457,25.2564149405008,148.374996011818,33.5,5.08575146500164
LUX,2000,14.2553412411783,2.657131660428051,48659.5988753233,10.792604372886425,116.48030914964718,169.472433053922,5.132690276743681,84.4182155177842,16.654678949085,272.412326845348,6.8,20.1714416685767
LUX,2001,14.0914256061452,2.645566499369046,48440.1420151355,10.788084129436792,116.38275918380597,171.501984882267,5.144594840196554,84.8173254067976,16.3138530501545,270.765630443257,3.4,21.1410452409263
LUX,2002,13.9364482552271,2.6345075848646053,53005.7339209179,10.878155373869577,118.33426433804755,173.30818890175,5.155071448356194,85.203425653095,16.1080518908929,250.689198161424,1.3,22.4851235501765
LUX,2003,13.7908891605103,2.624008168371244,65689.3214536911,11.092691656311036,123.04780818199248,175.427079853639,5.167223457152659,85.5906295073034,16.2313623974908,244.977946060528,1.3,23.1479308283329
LUX,2004,13.6552282940809,2.6141224735029316,76544.9170868473,11.245632998970708,126.46426154753891,177.938286087179,5.181436782799788,85.9799097226846,15.4393460205431,265.226884855637,1.4,25.9341402984097
LUX,2005,13.5299456280254,2.604905423551222,80988.1376230858,11.302057973832154,127.73651444386297,180.681774041935,5.196737329433878,86.3735649102561,14.4661273579401,284.077476869478,1.9,26.0434089062211
LUX,2006,13.4267295726474,2.597247464323764,90788.8004876145,11.416291214334638,130.33170509049424,183.586849281014,5.212687848611326,86.7738936810355,13.5205791243289,305.879547488526,2.1,25.2671712117333
LUX,2007,13.343666837051,2.591041878057327,107475.320297978,11.585016521569187,134.21260780503104,186.444147510546,5.228131717076383,87.1831946460401,14.4759684439971,307.485020085196,3.6,23.6288862545912
LUX,2008,13.2608348415223,2.584814942166679,120422.137934157,11.698758664839888,136.86095429816635,189.806794434561,5.246006683398961,87.6037664162874,12.8051473899025,292.21348078343,4.0,22.9460759234626
LUX,2009,13.1583110063474,2.5770535746777856,109419.746953106,11.60294665499502,134.6283710786601,193.354334501216,5.2645244357033265,88.0379076027949,11.0066049191433,263.532701541684,3.7,21.3143076400761
LUX,2010,13.0161727518124,2.5661926420945185,110885.991378721,11.616257847764778,134.9374463857568,196.916246513832,5.2827784937385625,88.48791681658,10.997972653402,293.671876906939,3.7,22.1192102620953
LUX,2011,12.7279864121044,2.5438032234755505,119025.057203467,11.68708931466304,136.58805664891102,201.342029008025,5.305005098771235,88.9562814837254,10.7084382796237,308.714453874162,3.8,21.3951272024339
LUX,2012,11.3764588719617,2.4315462090935176,112584.676270958,11.631460895470681,135.29088256286363,206.235870823396,5.329020517769523,89.4405768017292,10.4267187903737,311.786835204686,4.2,20.4689365773544
LUX,2013,11.7081477939315,2.4602849920785874,120000.140729859,11.69524819451232,136.77883033124368,211.05785290896,5.352132280297047,89.9413746679705,10.4429419766443,320.533506316768,5.7,18.9995583038869
LUX,2014,9.99782870623861,2.302367940041911,123678.702143275,11.725442370099268,137.48599877451915,216.091529874226,5.375702067345449,90.4577807676859,10.810880633632,333.42885319668,6.8,17.6515632218206
LUX,2015,10.3915303158858,2.340991081646146,105462.012584423,11.566106096767557,133.77481024168367,221.251835336342,5.3993015791591334,90.9893679353068,11.539623433831,351.13197436149,9.1,16.3436352272807
LUX,2016,9.61318538725802,2.2631356339552533,106899.293549552,11.57964248847448,134.08812016088345,226.072263698018,5.4208546990390545,91.5357090052649,12.0959325625638,348.437409376889,13.5,15.5348496771555
LUX,2017,9.60846654630366,2.2626446417069834,110193.213797228,11.609990593017372,134.79188156995187,231.635372078028,5.445164463216668,92.0963768119916,10.8183368591649,353.793991980303,15.3,15.408092082316
LUX,2018,9.29178826573985,2.229131027922309,116926.759593905,11.669303031391737,136.17263323844838,236.146609386046,5.464452838356544,92.6709441899184,10.9720784332984,361.865445198667,16.0,15.6999753269183
LUX,2019,8.4591046194554,2.1352433310732013,112696.649059674,11.632454966308753,135.31400854320117,240.827591028798,5.484081287555178,93.2589839734767,11.6004638626305,382.66078058442,16.4,15.63174898105
LVA,2000,22.4970757971078,3.1133853361912607,3278.17896440803,8.095043353423016,65.52972689379814,38.0469892490398,3.6388219550020158,68.0520561441955,24.2213861800629,83.6121321100556,35.8,3.05416992249372
LVA,2001,21.6067918371829,3.0730077021718114,3504.61829462397,8.161836890435312,66.61558142607076,37.5587767367863,3.625907085566529,68.0163660524785,23.2514546840965,88.1768278184248,35.4,3.28140443356709
LVA,2002,20.5080341220557,3.020816717761288,4003.60935783538,8.294951572697357,68.80622159339435,37.1249296928986,3.614288703327093,67.9813450702046,23.3580896046646,85.9772056778195,34.4,3.31793333226559
LVA,2003,19.4158394192282,2.9660891978517907,4914.57992829302,8.499961561643484,72.24934654941674,36.7678821090523,3.6046246953147163,67.9493840506358,22.2766161374927,88.5815580418672,34.3,3.45946489332177
LVA,2004,18.5452444962024,2.9202133947965394,6109.73265186817,8.717638295376604,75.9972174490167,36.3688109663008,3.593711565758975,67.9206702831277,22.3401097520348,97.2352655771748,36.1,3.51629297934446
LVA,2005,18.1112861204801,2.8965352865178486,7283.78738127622,8.893406250591184,79.09267473805434,35.9779356228004,3.582905851189858,67.8953910570353,21.0400390822509,104.517156602918,36.3,3.58674450006454
LVA,2006,18.0087086881248,2.8908554569018703,9211.7374468148,9.12823375932021,83.32465156479317,35.6494287045816,3.5737331216149757,67.873733661714,21.8741590495671,105.695342080455,34.0,3.84969596868313
LVA,2007,17.9604077828999,2.8881697676775393,13370.9789452508,9.500841886955644,90.26599656093089,35.3596509553731,3.565571366549147,67.8558853865191,22.7520647205745,100.880910871828,33.1,4.05135604967448
LVA,2008,17.9236469538566,2.8861208998908463,15677.6080864506,9.659988736761173,93.31538239435272,34.9899882687579,3.555061971105402,67.8420335208058,22.844745207144,95.7681628438571,33.7,3.89409559082212
LVA,2009,17.8556897500464,2.882322210938543,11996.0322729773,9.392331230176826,88.21588593735493,34.4170376203256,3.538551721429492,67.8323653539295,21.5222929684733,88.8320494963692,38.4,3.61956025884485
LVA,2010,17.7137997205206,2.8743439810414717,11188.4191700977,9.322634519663787,86.91151438722684,33.7081170552975,3.5177386705306795,67.8270681752453,20.8612025977954,110.86235386272,33.1,4.23345275809216
LVA,2011,15.525589653222,2.7424896079821517,12902.574053337,9.465182109462873,89.58967236529604,33.0999244700853,3.499531000509879,67.8266897008267,21.418901034981,129.734758014485,35.5,3.99736079222842
LVA,2012,14.9825047352387,2.70688316940146,13329.3499931271,9.49772364927767,90.20675451804836,32.691902228936,3.4871274089769533,67.8331638942219,21.4155903391561,133.211503650958,40.4,3.94598880509891
LVA,2013,15.4093695076531,2.73497573400137,14484.4715282132,9.580832425465623,91.79234996485349,32.3436289713468,3.476417060944044,67.847334482933,20.8210958976358,129.677184929099,39.6,3.86525804077913
LVA,2014,16.0993170108535,2.778776849404474,15185.814581236,9.62811701984983,92.70063734792197,32.0404647500281,3.466999627401702,67.8686035364944,19.6186043266703,130.042252244959,40.2,3.79876034591545
LVA,2015,13.6554000536401,2.6141350517239097,13321.9753140616,9.49717022995096,90.19624237666677,31.7792437366417,3.458813363992246,67.8965395668259,19.7834567448988,126.380014406006,38.1,3.86745667695055
LVA,2016,12.6030729844024,2.533940671872658,13838.5266823272,9.535211769916,90.92026349714462,31.4901409356067,3.4496745106699773,67.9307110858472,19.1654365749872,123.330518429659,38.5,3.81753444818853
LVA,2017,11.6679973108454,2.4568498215328227,15132.4958333982,9.624599752424531,92.63292039437036,31.2123033409935,3.4408123549370555,67.9706866054779,19.7767293914993,128.714003328884,42.6,3.82654532273942
LVA,2018,14.2076039693657,2.6537773120835815,17252.1710428626,9.75569327209736,95.17355121924571,30.9700612274415,3.433020970975133,68.0160346376376,19.3453568005874,128.234095559822,41.0,4.20714476222697
LVA,2019,12.4865833165492,2.5246547331960185,17294.9751600969,9.758171285122588,95.22190682979101,30.755491989008,3.426068579573772,68.066323694246,19.5988527886207,125.29163170793,41.5,4.13194121501373
MAR,2000,26.2794045322845,3.26878553477083,1499.107421875,7.312625157893212,53.474486699852726,63.6868362088281,4.153977888299824,53.58724711125,24.3526302035856,53.4403058388785,15.5,1.18101840963276
MAR,2001,26.336708569121,3.270963729096313,1506.24523925781,7.317375236575255,53.54398035284476,64.5633945776384,4.167647602778263,53.8972613497219,22.8696929940867,53.4915710187871,15.3,1.28395135764826
MAR,2002,26.3732332307781,3.2723496030417514,1596.02062988281,7.37526870391795,54.394588454991556,65.4226798117858,4.180868984459679,54.222745830177,22.6361224434387,54.31012791421,15.1,1.3109395796486
MAR,2003,26.3997347331309,3.273353962114323,1941.87255859375,7.5714080229048095,57.32621944930732,66.2590522070356,4.1935720926196645,54.5782811140771,23.3248013144818,52.3318582669923,16.1,1.28858561553446
MAR,2004,26.4269692920543,3.274385052803732,2183.55541992188,7.688709753836346,59.11625767873816,67.1140891776832,4.2063939947782005,54.9787569660869,24.0029876116656,55.5516384744536,22.4,1.42987260916412
MAR,2005,26.4656931234232,3.2758492951586886,2242.98828125,7.715564309918954,59.529932620495146,68.0218328478602,4.2198287249358115,55.4397798676399,23.6812068826614,61.4938276863235,20.0,1.47108136782011
MAR,2006,26.5559544015872,3.2792539937891334,2438.12646484375,7.798985181068225,60.82416985452178,68.9472955411158,4.233342379990947,55.9627589629824,22.7530814100902,64.6721977787154,18.2,1.47482491570521
MAR,2007,26.7015710730568,3.2847224053626203,2755.5859375,7.921385380461716,62.74834634579261,69.8778131301815,4.2467481901307975,56.5303841299064,22.422939278529,71.3496467796657,16.6,1.47563680503993
MAR,2008,26.858954011948,3.2905992481159747,3183.20043945313,8.065642397166595,65.0545872789713,70.8195541115841,4.260135150583509,57.1254169272616,24.3155822554726,77.8344716425602,14.4,1.56522177671636
MAR,2009,26.984514092377,3.2952631493261992,3119.58862304688,8.045456420522806,64.72936901453164,71.7696123683621,4.273461160401369,57.7306189138977,22.25957486397,62.3709560152269,14.2,1.52837686302843
MAR,2010,27.0346621884598,3.297119827415039,3067.9853515625,8.028776387887254,64.4612502866959,72.7470669952946,4.286988589022999,58.3287516486646,23.7119126900355,69.541979610144,13.9,1.60291293785669
MAR,2011,25.1025965770715,3.222971290072947,3301.98876953125,8.10228022336322,65.64694481790275,73.745435805512,4.300619105921938,58.902576690412,24.5065191885483,76.8258714906247,11.8,1.70993845880488
MAR,2012,23.517027783633,3.1577247453016026,3164.17724609375,8.059648346943582,64.95793147639043,74.7372641720816,4.313978818785842,59.4348555979895,24.2659773507632,78.2221018956072,10.9,1.75533733964027
MAR,2013,22.6262616570608,3.1191112518792354,3379.7431640625,8.125554998626152,66.02464403569844,75.7059623571589,4.3268569203161205,59.9083499302469,24.1531288845084,73.8577565315318,11.6,1.73118097184317
MAR,2014,22.5756463722019,3.116871731105864,3435.40698242188,8.141890678692528,66.29038382378027,76.6407797445664,4.339129307730975,60.3030486171654,25.8132675090419,71.8935667539398,11.1,1.73842954113431
MAR,2015,25.6535487891636,3.2446819164000544,3146.24780273438,8.05396584807324,64.86636588193011,77.5433295989245,4.350836871724849,60.6417124737154,25.6226817262287,67.2886759253849,11.2,1.76683506518859
MAR,2016,24.7545943744621,3.209011103078741,3140.85546875,8.052250484073712,64.83873785826532,78.4751445216222,4.3627819443526,60.9657656537179,25.685104578574,71.1226603816864,11.1,1.74200393753249
MAR,2017,28.0161565066814,3.3327813618600386,3296.52661132813,8.100624651121448,65.62011973835648,79.4227918440511,4.374785377994487,61.2761057031842,25.405454806575,74.1733578786573,10.4,1.80163893690506
MAR,2018,23.1856283839847,3.1435326205162424,3501.69799804688,8.161003272133136,66.60197440776776,80.3041900067219,4.38582179900265,61.5695822753314,25.2413538068182,77.2548875243989,10.9,1.81912490485427
MAR,2019,20.9299059936918,3.0411790449854137,3508.09765625,8.162829191260244,66.63178040569036,81.1357786242438,4.39612403059602,61.8430450233765,25.2499524130611,75.9981158798422,10.7,1.9847450344921
MCO,2000,16.052472566324,2.7758628916875026,81789.0206522549,11.311898291727205,127.95904296238086,16011.3468179576,9.681052925997708,100.0,,,,
MCO,2001,15.9836716472547,2.7715676791060253,82402.7809570189,11.319374464806447,128.12823827451226,16007.400098668,9.680806400465658,100.0,,,,
MCO,2002,15.802608042802,2.7601749924111543,90051.4459877468,11.408136408084806,130.1455763054701,15995.066600888,9.680035616231654,100.0,,,,
MCO,2003,15.5472904820992,2.7438863779185607,111110.451312249,11.618280042420665,134.98443114411032,15971.3862851505,9.678554043024045,100.0,,,,
MCO,2004,15.2557276942797,2.7249550190486076,125160.228087598,11.73735002014931,137.76538549549903,15938.3325111002,9.676482336527132,100.0,,,,
MCO,2005,14.9659284084766,2.705776178035647,130538.742587117,11.779425339747512,138.75486133468578,15890.4785397139,9.673475374855384,100.0,,,,
MCO,2006,14.5896022573485,2.680309100843598,143083.461107202,11.871183383094372,140.92499491505595,15814.9975333004,9.668713979767585,100.0,,,,
MCO,2007,14.0917061752925,2.6455864097998307,184558.556593338,12.12572207201806,147.03313576782597,15706.4627528367,9.661827546943842,100.0,,,,
MCO,2008,13.5901198440495,2.609343046670858,204263.797114294,12.227167560572024,149.50362655430482,15705.9694129255,9.661796136455877,100.0,,,,
MCO,2009,13.2027229453604,2.5804230920581843,169150.267344616,12.038542754725583,144.92651165735583,15966.4528860385,9.678245105457869,100.0,,,,
MCO,2010,13.0473951609661,2.5685885093213976,161853.920622244,11.994449482862322,143.86681839693622,16360.6314750863,9.702633208133483,100.0,12.9223473621814,,,
MCO,2011,14.1197780903498,2.6475765159607065,179363.984221513,12.097172451604726,146.3415813238643,16746.916625555,9.725969438251614,100.0,12.8252023227104,,,
MCO,2012,12.6169645561937,2.535042301731363,165444.651378771,12.016391985107479,144.39367633975525,17124.3216576221,9.748255051112134,100.0,13.0162423374648,,,
MCO,2013,11.7803156412187,2.466429972534988,184940.663804718,12.127790316422896,147.08329795912096,17487.4198322644,9.769237034675275,100.0,13.9971636952998,,,
MCO,2014,10.9137728394289,2.39002555486124,195693.570738894,12.184305300207278,148.45729564865917,17823.3843117908,9.788266599479524,100.0,12.62918561389,,,
MCO,2015,11.8411028968318,2.4715767751879145,170437.101188261,12.046121599655677,145.10904559369106,18133.6951159349,9.805527095223312,100.0,17.5917398696515,,,
MCO,2016,10.4725197097017,2.3487546558808914,173604.753555915,12.064536463068034,145.55304006869815,18389.7385298471,9.819548099435686,100.0,18.2559909686468,,,
MCO,2017,10.376456634887,2.3395394548051343,170663.375247872,12.047448329510564,145.1410112522269,18588.061174149,9.830274781255458,100.0,12.801953584793,,,
MCO,2018,10.6954915739758,2.3698223044491935,188298.315668437,12.145782769668632,147.52003908797943,18822.8909718796,9.842829013025598,100.0,13.1470370674776,,,
MCO,2019,9.65907893202952,2.2678982950272664,193746.785647412,12.174307356871068,148.21375961956502,18800.6906758757,9.841648886221709,100.0,13.0361610188765,,,
MDA,2000,28.7598551759854,3.358980497234653,440.538683980372,6.087998259864066,37.0637228121079,101.844482362364,4.623446967050841,40.4185981750488,19.1476693676567,126.163100130478,5.7,2.3577376987747
MDA,2001,27.6958286896457,3.321281813032203,507.404076252819,6.229307680741148,38.804274181340666,101.616986454017,4.621210710677815,39.6744270324707,21.9691372835076,124.500739599353,5.6,2.46105817585547
MDA,2002,26.3369851224783,3.270974229721499,570.799866188293,6.347038651174295,40.284899639500416,101.381934046035,4.6188949100572945,39.620719909668,20.3847621314161,129.839525501535,5.8,2.51059203781018
MDA,2003,24.9046500915055,3.215054536697799,682.319095965299,6.525497431067572,42.582116722869486,101.132058382973,4.616427171538377,39.5945358276367,20.6728809877258,140.056529925052,5.9,2.7110792994484
MDA,2004,23.6201492137492,3.1621001280121415,897.178494749468,6.799254833064835,46.22986628495552,100.846989588049,4.613604413563504,39.4460945129395,20.7175324675325,132.69906968032,4.8,2.72501288836449
MDA,2005,22.7048081062313,3.1225767129058006,1034.39197746993,6.941569071694712,48.18538117710858,100.566888293243,4.610823061272167,39.3704032897949,19.1675900350579,143.023568469138,4.3,2.88374636766892
MDA,2006,22.0460713433789,3.0931344156503258,1183.02481442894,7.075829839607036,50.067367919073334,100.287778048526,4.608043833590212,39.2182388305664,18.7779036510703,137.154763819994,5.0,2.81572124915002
MDA,2007,21.4251278629835,3.064564432399921,1531.21618590748,7.333817591376545,53.78488046358407,100.055661920841,4.605726650341491,39.4315032958984,19.4423919146547,142.720539023021,4.4,2.79219385317951
MDA,2008,20.9039198271145,3.0399366929217537,2110.55305353857,7.654705302806896,58.59451327282001,99.8653879625439,4.603823158779603,39.3710708618164,19.1217348463177,134.4216013477,4.9,2.76331874319628
MDA,2009,20.5443893978414,3.0225878816621,1898.43975710988,7.548787647332669,56.984194944522294,99.739374107982,4.602560524862494,39.3255348205566,17.1628740871454,110.363326850495,4.8,2.7251028108556
MDA,2010,20.4084787372334,3.0159504388764713,2436.79935102421,7.798440715817901,60.81567759812642,99.7787848154216,4.602955583719941,39.2804946899414,20.4338917212317,87.9378518951573,20.0,2.97129565385693
MDA,2011,20.7106966050714,3.0306503110113607,2941.36224066021,7.986628100183914,63.78622841064732,99.7210931780946,4.602377221071148,39.3469161987305,20.9107204171007,98.6175965326556,20.4,2.98346662826114
MDA,2012,20.3835846673482,3.0147299037577304,3044.8084324815,8.021193266007801,64.33954141064889,99.6732759521901,4.60189759642548,39.3614196777344,21.3145109050194,96.3064098336294,22.1,2.92022861745732
MDA,2013,19.979486487115,2.9947060715445266,3321.04397795719,8.108034463673045,65.74022286410984,99.5771842462653,4.600933064516457,39.4275512695312,21.6032575380958,95.6872968332383,23.8,2.62071970563283
MDA,2014,18.7371163449526,2.930506387966399,3289.95758568777,8.098629951788102,65.58780709599935,99.5164884911377,4.600323343914356,39.6298484802246,21.1263772009346,94.2282919690928,24.3,2.81365308811102
MDA,2015,18.1478989162811,2.8985547918215313,2749.55137054338,7.9191930393679435,62.71361839477369,98.7560678343838,4.592652848317617,39.6954040527344,21.1076657265026,88.9664154565323,24.7,2.92639787755758
MDA,2016,17.0561198558818,2.8365090751563162,2847.08794770479,7.9540519781619174,63.26694287130151,97.614165825121,4.581022624537846,39.7373237609863,21.1944646085144,89.0046837188671,25.3,3.00493795274377
MDA,2017,15.1423919470871,2.71749822410949,3453.26727720294,8.147076098739332,66.3748489586497,95.9093883802694,4.563403874702212,39.9736557006836,21.0188767695091,88.6233902754378,26.1,3.01460262798668
MDA,2018,17.080793755092,2.83795466006116,4156.44981956646,8.332416580136679,69.42916606493662,94.2543946689506,4.5459974530283525,40.3258094787598,22.1479763600006,87.4467874275648,25.3,3.27363703423792
MDA,2019,15.7728170076841,2.758288015820343,4405.33418162155,8.390571399652002,70.40168841265815,92.756093569939,4.529973398196735,40.772289276123,21.9233489252916,87.6322371148906,22.0,3.41941968843461
MDG,2000,11.9155371328738,2.477843189926877,280.282905559649,5.635799470080714,31.76223566696206,28.4010351824466,3.34642559458902,25.0095755608264,,42.7771226639725,82.2,0.10257721778278
MDG,2001,12.0787824207825,2.491450394445134,319.283278235657,5.76607872827627,33.24766390068009,29.2893678852701,3.377224579359584,25.3079943968146,,41.0351260923859,84.1,0.100417197525336
MDG,2002,12.2058972037035,2.501919212302758,304.941777398445,5.720120864609286,32.71978270573849,30.1783419885133,3.4071245144055804,25.6037489918904,,50.1816919379298,87.2,0.0664561698966827
MDG,2003,12.3230044849761,2.511467798907563,352.620095849925,5.865391261674723,34.402814652530196,31.075857206727,3.4364312221080913,25.8967668078478,,34.030602917475,84.8,0.0857465979970843
MDG,2004,12.4562272679398,2.522220680025154,272.20074858856,5.606539840355245,31.433288981490612,31.9954053031606,3.465592308214286,26.1869753064804,,48.7753818852156,84.3,0.0900701514214735
MDG,2005,12.631688555934,2.536208621482678,305.812074924388,5.722970779060681,32.75239453798242,32.946498951061,3.494885001921162,26.4743019495822,,59.1300849357677,84.9,0.093326061823388
MDG,2006,12.851012042078,2.553422566378335,324.146874882604,5.7811967306138765,33.42223563806058,33.9287220139629,3.5242619127158084,26.7586741989468,,62.1028389370244,85.9,0.0868890531095146
MDG,2007,13.11900191265,2.574061706891245,419.548001431865,6.039177944705316,36.471670247815126,34.9392698696564,3.553611407797715,27.0400195163682,18.9068307503233,66.7027353570049,86.2,0.0887561893464716
MDG,2008,13.4665519107277,2.6002089747820705,512.579800058444,6.23945640632253,38.93081624639926,35.9800529628229,3.5829647005286107,27.31826536364,20.4685954426536,74.357353960806,86.4,0.0893717405600502
MDG,2009,13.9245557793887,2.6336538843629365,446.315238370592,6.101025514835874,37.22251233267834,37.0521030367644,3.612325112257082,27.5933392025561,18.8332096319198,62.4116975958196,87.2,0.0824187554067149
MDG,2010,14.5239072617107,2.675796068356181,450.009391645726,6.109268452870419,37.32316102923772,38.1458541114971,3.641417078469836,27.8651684949103,18.0075205568584,57.8748945101807,86.7,0.0887332565790363
MDG,2011,16.0170178085428,2.7736517700381222,506.163691559309,6.226860118077619,38.77378693010562,39.2273910913638,3.66937525511338,28.1336807024963,17.8532728101343,56.4830925951893,84.5,0.100533250373538
MDG,2012,14.7009701749296,2.6879134899014296,493.511162904211,6.2015454784844,38.459166321710306,40.327672118186,3.6970378863710134,28.3988032871081,17.2760843242701,52.6517140811255,83.3,0.121500587449608
MDG,2013,15.504951948252,2.7411594534345496,515.301589361832,6.244752339672197,38.99693178384138,41.4391371605363,3.724225776318829,28.6604637105393,17.9096138237139,56.3675817900932,81.4,0.126490659824491
MDG,2014,15.00220058015,2.708196895685367,505.684922503435,6.22591379254048,38.76200255214578,42.5650532829151,3.751033571136367,28.9185894345838,19.2497828687657,61.9694322111234,82.2,0.126540783548996
MDG,2015,16.0777176618248,2.7774343172232068,445.320069480568,6.098793280884405,37.195279482960764,43.7035097971812,3.7774284146013795,29.1731079210354,18.950884731327,61.2203788365078,83.9,0.134437411505432
MDG,2016,16.138736457425,2.7812223733723678,453.970714522463,6.118032690503652,37.43032400207135,44.8606943966999,3.8035620081675328,29.4239466316878,19.4099444668858,60.8346984831423,83.8,0.124571110322348
MDG,2017,12.5514997924024,2.529840163808304,491.866848718929,6.198208047179571,38.41778299612159,46.0439584049502,3.8295965576762936,29.671033028335,20.1123576645922,65.3434015072915,81.9,0.132624692613867
MDG,2018,12.7238095692816,2.5434750075128463,500.45718552916,6.215522051697948,38.63271437514347,47.2583808869027,3.8556300114787554,29.9181125346909,21.4819574714216,67.8415046683582,84.2,0.11912379760542
MDG,2019,12.7945386496097,2.5490184118776393,499.818837622534,6.214245708011786,38.616849719542905,48.5038741835682,3.8816436748267655,30.3046972370204,22.445497353094,62.6013230457128,82.5,0.142139028845034
MDV,2000,16.8060479800766,2.821738820439271,2213.81235053178,7.70247135381923,59.32806495640584,940.063333333333,6.845947248880921,27.6038586493758,,,2.3,2.22609114988706
MDV,2001,16.5695134612853,2.8075644683812677,3033.93234507036,8.017614860737757,64.28214805512292,955.89,6.862642843669668,28.5499181889238,,,2.3,1.93432298695457
MDV,2002,16.4279489085745,2.7989840860684447,3076.07007160101,8.031408110470432,64.50351623693024,972.053333333333,6.879410672639652,29.8881681908815,,,1.8,2.30474322396576
MDV,2003,16.3251633783939,2.79270768297728,3548.5767011056,8.174301872809806,66.81921110782191,988.303333333333,6.895989668171485,31.3913356462169,12.3754592426367,,2.2,1.94778256338304
MDV,2004,16.2049659271931,2.785317733980569,4070.2609459446,8.311462390864097,69.08040707474834,1004.71,6.912454221638602,32.8541942827704,11.0588124850619,,1.7,2.45145365329299
MDV,2005,16.0111656114217,2.773286329569052,3796.51546524644,8.241838942198644,67.92790914914207,1021.43,6.92895888523316,34.0715178283824,11.7319295235534,,2.0,2.23477542921851
MDV,2006,15.7144891468831,2.7545831623640504,5018.94335409159,8.520974703297478,72.60700989423555,1046.17,6.952891155319864,34.8678636610379,9.51763413160835,,1.6,2.66527747243119
MDV,2007,15.3180015217339,2.729028706830255,5758.10286933053,8.658363336474594,74.96725566640745,1081.59666666667,6.9861936234299105,35.4340781469745,8.74551358978161,,1.5,2.70587618921409
MDV,2008,14.8140192009535,2.6955739757259063,6757.43280929292,8.818398334970267,77.76414919420637,1120.56666666667,7.0215897887193455,35.9335121678807,11.4493071607222,,1.5,2.84350179968468
MDV,2009,14.1948586495215,2.652879832110051,6734.03165601895,8.814929300633485,77.70297857516675,1160.91666666667,7.056965201918228,36.3718272129661,9.62024682960619,,1.5,2.82592778694997
MDV,2010,13.4528363324173,2.599189963549471,7173.59601844692,8.878162344609096,78.82176661723489,1202.64,7.092274419319579,36.7646137762553,9.43175572799709,,1.4,2.92051930198009
MDV,2011,12.0739554274487,2.4910506887531003,7424.520410971,8.912543370469788,79.43342933050496,1245.58,7.127356563871935,37.1274623517731,10.0744820731282,,1.3,3.06229494158009
MDV,2012,12.9660175970021,2.5623319039169377,7461.29703686309,8.917484543616192,79.52153058563368,1289.39333333333,7.161927102499674,37.475963433544,9.79079163285008,,1.2,3.72836837996164
MDV,2013,13.2401139246132,2.5832511550498793,8236.08177944126,9.016279997608006,81.29330499526623,1333.56666666667,7.195612336123206,37.8257075155926,8.05840300458009,,1.3,4.05254080535906
MDV,2014,11.7258427261492,2.4617951860479486,8939.07416571472,9.098187301922739,82.77701218086816,1378.72333333333,7.228913229189975,38.1938859868107,8.41391069150311,165.97925116043,1.2,5.30224821513622
MDV,2015,10.8085614263778,2.380338544754542,9644.90655028145,9.174185236364064,84.16567475112035,1427.18,7.263455748274641,38.5771510715291,10.7232265324627,143.720506661302,1.5,3.7098800898742
MDV,2016,12.3754871852488,2.515717676184788,9947.80744731739,9.205107448816927,84.73400314426488,1477.69333333333,7.2982375923837655,38.9560872317815,11.2741492118251,144.380212278942,1.2,3.91172728667202
MDV,2017,11.3333706146388,2.4277515254695943,10509.628805812,9.26004714505624,85.7484731286642,1527.62333333333,7.331468429739375,39.32787719143,11.4251984418663,141.912110574952,1.3,3.50893653976657
MDV,2018,12.5034619255463,2.526005560007268,11423.2838427029,9.343408993775306,87.29929162496127,1576.99666666667,7.363277473242777,39.6923354428279,13.0536487636968,142.491128546618,1.3,2.93025349873916
MDV,2019,12.3139819141366,2.5107353577642595,11740.2724029785,9.370780296092331,87.81152335763227,1625.77,7.393736828688047,40.0492764783282,11.942543801854,137.125230875185,1.3,3.10683553024106
MEX,2000,30.8563115445805,3.429341317581054,7524.0271380091,8.92585679727368,79.67091956543675,50.734613544587,3.92660839056568,74.9203113970256,34.3868003217864,49.9104091872497,12.2,4.02272121123337
MEX,2001,29.9444098873823,3.3993426589729854,7952.76479510706,8.981274920158818,80.66329919147377,51.4926304688907,3.9414386997387965,75.2907557567987,33.3084037583111,44.7401090123173,11.3,3.94395058441036
MEX,2002,28.3754133915972,3.3455230445623036,7983.03398381759,8.985073816660112,80.73155149083111,52.2382900794774,3.955815752416342,75.6840752828994,32.864500489183,45.209829259652,10.7,3.94830756150866
MEX,2003,26.5162170155356,3.277756508669669,7434.0746485155,8.913829392307386,79.45635443516306,52.9738496360503,3.969798388695371,76.046170340551,31.5006616862482,48.700416880838,10.2,4.08541432161845
MEX,2004,24.7337157175082,3.2081673216623283,7849.66759649565,8.968226465484447,80.42908593621566,53.7020658967566,3.983451471850368,76.3274397419019,33.0062868258443,52.0406200335632,10.2,4.12339368005276
MEX,2005,23.3948044558255,3.152513965908617,8671.75891885163,9.06782692334508,82.2254851117419,54.4311859872939,3.996937261429633,76.4748624380269,33.0531376314209,52.5626446517886,10.3,4.22758379844974
MEX,2006,22.3696630456356,3.1077057126096754,9512.63575346699,9.16037627312903,83.91249346530529,55.1730579490213,4.0104747534992535,76.4982455683657,34.3856666700872,54.4821160886169,9.8,4.32571227914951
MEX,2007,21.363754834612,3.061695786780336,10134.3327138119,9.22368421693681,85.07635053376922,55.9553280691376,4.02455365934167,76.5047326234761,34.0245019473839,55.2585243944498,9.5,4.32899168517287
MEX,2008,20.4969000798536,3.0202736590932306,10523.7685403244,9.26139164841057,85.77337526524904,56.7783574680419,4.039155222624323,76.5090428271033,34.8480623925215,56.3652818862573,9.8,4.27910076303278
MEX,2009,19.8889190384594,2.99016274440358,8423.56933214711,9.038788928592778,81.69970529565138,57.6145070603668,4.053774394677695,76.5143930040295,31.9993138894743,54.5917421313503,9.2,4.12122098054155
MEX,2010,19.6596319675283,2.978567394682576,9728.80078377082,9.182845918228708,84.32465915792963,58.4500090022892,4.06817184193499,76.5244441414713,32.539487048306,59.2733845293851,9.4,4.19755809286418
MEX,2011,22.4736336205905,3.1123427829852233,10664.4944032313,9.274675222677272,86.01960048614372,59.2831626327838,4.0823253303201925,76.5667802279537,33.8231022149217,62.1623872764498,9.1,4.22179978144365
MEX,2012,20.1560213023659,3.0035030676924657,10744.1335242686,9.28211516592449,86.15766195348542,60.0932163893104,4.095896963112568,76.6585199140734,34.0963424723894,64.2579318900113,9.0,4.33350424276325
MEX,2013,20.8739317391487,3.038501095254959,11216.8008505428,9.325168009234499,86.9587584004505,60.8778893490059,4.108870043915092,76.7955768077952,32.1682751258816,62.6916747735807,9.2,4.17443117084187
MEX,2014,19.667850241261,2.9789853351857944,11391.3773497683,9.340611975360996,87.24703207425726,61.6190030607783,4.120970314212234,76.9741367091766,31.9175541331636,64.0984090351215,9.8,4.01481960973153
MEX,2015,19.4864853369113,2.969721165647267,10021.2386118827,9.21246198095963,84.86945575062661,62.2815946912215,4.131665951827802,77.1903854182753,30.8402536092133,70.412974676264,9.2,4.05069677949307
MEX,2016,18.8449182383899,2.936243288072908,9097.92397674769,9.115801532054995,83.0978375718162,62.8881149206513,4.141357193875794,77.4405087351486,30.6167913981452,75.6903034088551,9.2,4.06104469144067
MEX,2017,18.3002285485373,2.906913548760498,9649.27816772402,9.174638390263155,84.17398959209049,63.4790282671879,4.15070958784079,77.7206924598541,31.9586846731805,76.9521260407254,10.1,4.05743329599921
MEX,2018,16.652186272493,2.8125415154635944,10084.7937562021,9.218783999629082,84.98597843181717,64.0827752771419,4.160175611390653,78.0271223924494,32.0438654533728,80.2126616568975,10.3,3.83831705872518
MEX,2019,14.7051077997851,2.6881949028043244,10369.5553585271,9.246629422630924,85.5001556794639,64.6945559299365,4.169677054688968,78.355984332992,31.8382961395485,77.4619722571128,10.3,3.92542377851696
MHL,2000,11.920417492921,2.478252685597767,2264.79114897645,7.7252378257083025,59.67929946375434,281.7,5.640842674882327,68.2755984422337,12.7373659530558,130.083116724792,19.6,0.0019721531968603
MHL,2001,11.9175547952393,2.4780125059666425,2394.34501105178,7.780864990626504,60.54186000235718,284.016666666667,5.6490329218852935,68.6170787509313,10.6228366069992,118.734360460794,19.1,0.0019560667409972
MHL,2002,11.864311787664,2.4735348846373135,2566.06708799222,7.850129689803496,61.624536146734336,285.694444444444,5.654922863630946,69.0380806209326,14.757199151258,102.320551682328,18.6,0.0019445794846864
MHL,2003,11.7796777907771,2.466375825623309,2539.3307383954,7.839655836472596,61.46020363433883,286.883333333333,5.659075629049404,69.5231265029735,11.6742737086141,117.024674269896,18.6,0.0019365208466469
MHL,2004,11.6826421251605,2.458104161164538,2566.08291015814,7.850135855705087,61.62463295302664,287.727777777778,5.6620148170881786,70.0567388477898,10.3000752445448,114.023100075245,18.4,0.0019308374041821
MHL,2005,11.5921941113958,2.4503319501676732,2658.65217893885,7.885574573713049,62.18228635758973,288.366666666667,5.6642328185182205,70.6234401061174,8.12275362318841,124.701014492754,18.4,0.0019265595499556
MHL,2006,11.5073802507863,2.442988590466655,2754.26988767503,7.920907672916636,62.740778362869634,288.844444444444,5.6658882886839725,71.2077527286922,11.3769553072626,112.408519553073,17.0,0.0019233728265887
MHL,2007,11.4137679941335,2.4348203454784154,2892.28403958874,7.969801794081246,63.51774063694064,289.083333333333,5.6667149971817485,71.7941991662501,13.2601993355482,114.527707641196,15.2,0.0019217834150091
MHL,2008,11.3101280862676,2.425698615109666,2817.60522775322,7.943642593132476,63.10145764742845,289.055555555556,5.6666189033941405,72.3673018695269,12.7225102319236,122.046793997271,14.8,0.0019219680953296
MHL,2009,11.1952312720186,2.415487908347258,2906.63026970914,7.974749706267459,63.59663287761292,288.994444444444,5.666407464552035,72.9115832892586,13.628373015873,128.862235449735,14.0,0.0019223745170034
MHL,2010,11.0678482962163,2.4040443553089066,3095.45768964722,8.037691054523835,64.60447748797247,289.133333333333,5.666887942733155,73.4115658761809,14.622905027933,144.804965859714,13.7,0.0019214510798555
MHL,2011,10.8904925373821,2.3878901643318384,3319.39815439151,8.10753876667981,65.73218485321597,288.372222222222,5.6642520839281385,73.8553711172585,13.5373766686013,153.240162507255,12.3,0.0019265224343537
MHL,2012,10.7837985370275,2.378044872339985,3514.26515490383,8.16458572261741,66.66046002196806,285.661111111111,5.654806182054836,74.2705132518924,13.3474266740454,157.517100166021,12.0,0.0019448063945234
MHL,2013,10.7702518000594,2.376787870659099,3677.90690791421,8.210099094325791,67.40572713864918,281.561111111111,5.640349514999764,74.6790601806083,13.8843347639485,161.91974248927,12.4,0.0019731260235591
MHL,2014,10.5406282383918,2.355237146497412,3735.23977829545,8.2255672931758,67.65995729456345,276.644444444444,5.622733087611465,75.0790555372177,14.5738172043011,149.853494623656,12.2,0.0020081934291911
MHL,2015,10.2729137216564,2.3295106956450184,3764.34426229508,8.233328958344115,67.7877057363078,271.111111111111,5.602528740951028,75.4702568207363,11.298856831791,138.489820359281,11.7,0.0020491803278688
MHL,2016,10.3445553141009,2.3364603246864464,4229.80988911945,8.349912327559757,69.7210358779344,265.05,5.579918487433815,75.8524215301796,15.2969772051536,116.326362735382,12.1,0.0020960405793456
MHL,2017,10.3834288658063,2.340211157082222,4592.83457628576,8.432252667192481,71.10288504337471,258.494444444444,5.554874202206683,76.2253071645634,13.0123069723912,125.145250350959,12.0,0.0021491972748178
MHL,2018,10.5429075377745,2.3554533625454006,4858.12079054875,8.488406973507587,72.05305294789223,251.583333333333,5.527774279918837,76.5886712229035,12.1986818181818,128.482272727273,12.0,0.0022082367229767
MHL,2019,10.8031103210849,2.379834085361285,5292.33985502306,8.574015743698697,73.51374597319311,244.483333333333,5.499147140265661,76.9422712042154,14.4171747531129,153.007728638901,12.1,0.0022723657599927
MKD,2000,38.4097368734453,3.648310991864297,1861.89899780644,7.529352212437959,56.69114473894439,79.6834447502949,4.378061844649771,58.4918382392587,21.4063367196738,80.1601473580914,19.4,4.4599896365386
MKD,2001,38.3465283909884,3.6466639993607575,1823.02267682636,7.508251213891675,56.37383629090581,80.0189539913488,4.3822635315034715,58.0943199277127,20.5865455856541,71.4782105684389,15.2,4.53166326106379
MKD,2002,38.3051379529426,3.6455840373966444,1989.13537265159,7.5954553371973725,57.69094177936005,79.4399134880063,4.375000930713242,57.8726144171205,19.3780672207161,71.5334846721143,14.6,4.30169536328117
MKD,2003,38.2684224047552,3.644625075822191,2445.36286400013,7.8019488015312035,60.870405101714184,79.5408965788439,4.3762713117658505,57.8501791693323,22.4884068866443,71.0693204909674,17.3,4.66800973933679
MKD,2004,38.2192385918736,3.643339016894001,2818.5814561242,7.943989007627062,63.10696135329959,79.283759339363,4.373033307406126,57.8527941292946,21.0384420875685,80.8704849956907,18.2,4.56366624904647
MKD,2005,38.1404433597452,3.641275224639192,3120.98401394233,8.045903620162926,64.73656506495088,78.8568619740464,4.367634335292114,57.8614206464767,20.3620070871171,85.8410034787176,19.0,4.81870814279944
MKD,2006,37.6787626551004,3.6290966109285403,3440.4411057968,8.143354970576183,66.31423017680784,78.4226110892646,4.362112292525954,57.8796574341199,21.6625851152789,92.5516664675666,19.8,4.83751837122741
MKD,2007,36.7214569855729,3.603361243221471,4204.11328760452,8.343818679208576,69.61931015150995,78.5942528735632,4.364298578104905,57.9111032054655,20.5809235456128,106.092966003288,15.7,5.2251891516254
MKD,2008,35.6121850379648,3.5726878556421244,5026.4202989873,8.522463339554898,72.63238137405723,78.1408244153785,4.358512640062419,57.9593566737547,19.5331292631782,111.570054713298,15.6,5.14447680006979
MKD,2009,34.6946054990783,3.546584213745818,4799.78722768888,8.47632686834867,71.84811717908957,77.6678033306899,4.352440799949595,58.0280165522288,18.9727028474128,87.1767537660809,18.4,4.65666929755328
MKD,2010,34.3123770557157,3.5355061361876494,4833.36586759968,8.483298370945421,71.96635125048525,77.1727993655829,4.346047055120415,58.1206815541291,21.0422688522191,97.8810691156562,22.3,4.71412907992507
MKD,2011,40.0646898780776,3.69049539473028,5416.86672931659,8.59727283305077,73.91310016591281,76.8199048374306,4.341463784143633,58.2409503926967,21.5924220032487,113.19191013947,18.6,5.28745255234082
MKD,2012,35.8424435184763,3.579132764311594,5049.8265386157,8.527109172890501,72.71159084639334,76.5194686756542,4.33754520094698,58.3924217811729,21.0808587045723,112.214834702155,18.3,4.98507374518155
MKD,2013,32.7169102539109,3.487892077383065,5626.26115664893,8.635200407568773,74.5666860788759,76.2377478191911,4.333856718237932,58.578694432799,22.1404647622691,104.857229956305,21.2,4.57514266277495
MKD,2014,33.7775349314159,3.519795934513707,5925.38592218015,8.687001098427343,75.46398808407787,76.0331879460745,4.33116992846882,58.8033670608162,22.822578658191,112.537928969299,21.2,4.35528122501704
MKD,2015,31.8724776060607,3.4617428664198284,5262.68671928674,8.568396958460816,73.41742643776057,75.8298969072165,4.328492633186884,59.0700383784659,23.9221832208017,113.698443879103,23.9,4.14802110404041
MKD,2016,30.0799243464009,3.403857983998719,5598.48622617967,8.630251523427452,74.48124135762185,75.5873513084853,4.3252889584531635,59.3823070989891,23.9630460915105,116.185408418026,21.4,3.99771705905588
MKD,2017,30.4645094005313,3.4165623798626443,5955.2973863451,8.69203641947534,75.55149711748568,75.2837827121332,4.321264742581833,59.7437719356273,24.2589458765972,124.13728389629,19.0,4.20312884317705
MKD,2018,31.0045303573284,3.434133334366636,6713.98925398989,8.811948577001,77.65043772370997,74.9028945281523,4.316192535012144,60.1580316016216,24.0504298826712,133.215207648008,20.9,3.99285143704431
MKD,2019,25.8786881284068,3.2534197777917386,6718.85826635458,8.81267351824232,77.66321453912947,74.3957969865186,4.309399448126621,60.6286848102132,23.7034834116039,138.576231840539,17.0,4.62504703500897
MLI,2000,65.0230304328187,4.174741521492187,304.652870194271,5.719172997934453,32.70893978030256,9.47335251067457,2.2484828583486802,18.977631037325,16.1980631418107,44.6657609790519,83.5,0.0688623609235515
MLI,2001,64.8105474469184,4.1714683593553215,346.224554251022,5.847087565273326,34.188432995973955,9.76254353830141,2.2785529749050437,19.3181950112665,18.1624782025305,49.3239069915403,82.1,0.069953739700229
MLI,2002,64.3025189380275,4.163598805251184,378.191678628285,5.935401153412982,35.22898685193615,10.0706037584311,2.3096206610832324,19.6792980362731,18.7136583189126,46.3529227419891,83.6,0.0710527707813689
MLI,2003,63.6958519756611,4.154119442336351,441.910358475095,6.0911070526293205,37.10158512659065,10.3958850670797,2.3414100612236814,20.0594231247985,18.5180716381273,46.8915346664625,85.8,0.0707058085740154
MLI,2004,63.1874536293344,4.146105762922212,495.006294680645,6.204570479014391,38.49669482905687,10.7380071956007,2.3737895221063834,20.4570532892964,16.8551885175856,44.0120986422566,81.5,0.0697657965035285
MLI,2005,62.9742309685626,4.142725610469988,548.730382842725,6.307607214944409,39.785908778018765,11.0955236479565,2.4065417520222,20.8706715422205,20.6177348469944,44.9124085077551,82.3,0.0697854076555803
MLI,2006,63.4675247606838,4.150528353986681,586.985415515264,6.374999973719203,40.64062466491984,11.4655414320721,2.439346139972144,21.2987608960246,24.1071894414728,49.0190773449704,81.7,0.0811071283852147
MLI,2007,64.6438551699259,4.168893053058262,670.853394973479,6.508550625727975,42.361231247664016,11.8487899425499,2.4722257478143432,21.7398043631622,22.8987343041739,46.8977916240376,78.9,0.0935206143407267
MLI,2008,66.0478983611385,4.190380211554282,767.19483895009,6.6427407964221095,44.12600528845064,12.2446356714938,2.505087936714765,22.1922849560871,22.9179833333908,53.6430193090625,75.0,0.10451260181696
MLI,2009,67.2243304991712,4.208035243000408,787.482564287398,6.66884122986725,44.47344334917734,12.6501110482794,2.537665993655109,22.6557955217884,24.1177890486017,40.5413815805662,78.7,0.130044049644136
MLI,2010,67.7178277488734,4.215349479799386,797.151541135109,6.681044800157795,44.63635962171551,13.0677992771618,2.570151133746495,23.1359461824894,23.77623896597,48.8166953660615,84.0,0.124608048140889
MLI,2011,62.4509373481651,4.134381246037249,938.292902583696,6.844062163144723,46.84118689298922,13.497118481548,2.6024762168503255,23.6379674039304,23.9979253880521,43.1814699132908,83.6,0.131495145833861
MLI,2012,69.8937111183001,4.246975675496971,872.506092465564,6.771369636820758,45.85144675845808,13.8970430834542,2.631676089697826,24.1606168848588,23.4100351460877,49.4252356223808,81.2,0.133938525684299
MLI,2013,51.3368303515499,3.938408435156695,901.920957644831,6.804526886117372,46.301586143894184,14.3089313959301,2.6608839154431974,24.7033626854883,22.6884096448375,54.6032439863007,84.8,0.157002316488651
MLI,2014,56.4785819386307,4.033861485550931,947.915033288325,6.854264870905262,46.98094692052593,14.7684106573566,2.692490484616339,25.2656728660325,24.0582958024424,51.078682187569,84.6,0.16153478747013
MLI,2015,74.1479908356132,4.306062972270962,838.11986940103,6.731161132497182,45.30853019164075,15.2378088658324,2.7237797647140067,25.847015486705,22.3555320283093,53.5751760102265,81.2,0.189920713265439
MLI,2016,66.1872302945193,4.1924875484829816,872.468587171653,6.771326650186792,45.85086460352988,15.7281152935199,2.7554498938408054,26.4468586077195,21.8908239361417,53.6126193604252,77.9,0.238623888160926
MLI,2017,66.774344334826,4.201318939926118,924.057531692284,6.8287743334396165,46.63215889704368,16.2376441373884,2.787332258778776,27.0646702892896,22.1743386291663,49.4919984941972,77.0,0.260490442366382
MLI,2018,63.6849309047317,4.153947971087561,996.379292136901,6.904128000491313,47.66698344716817,16.7531531974529,2.8185864911483587,27.6999185916288,23.2080317204235,50.6998462523276,77.2,0.28284862119858
MLI,2019,57.3904374306355,4.049877694161889,971.949318638092,6.879303661782198,47.32481887100996,17.2664953818668,2.84876794057902,28.3520715749509,23.0829741121544,53.9987132798636,74.9,0.290188080208255
MLT,2000,17.5416711633875,2.864579259679534,10348.4858902403,9.244595497193934,85.46254590673837,1219.021875,7.105804074357176,93.278338811526,26.9968304762484,189.601219315487,0.0,5.47313804356464
MLT,2001,17.3739401649506,2.8549713918897357,10357.7025891731,9.245485733419752,85.47900644686817,1228.2125,7.11331513933903,93.3621924014528,23.8499003619495,161.325360314794,0.0,6.3478937887377
MLT,2002,17.1607690400214,2.842625908907679,11251.2025296416,9.328230293443772,87.01588040752208,1237.403125,7.120770208550302,93.4431095912187,24.7692491976741,162.524076154238,0.1,5.86965141210549
MLT,2003,16.9496741589384,2.830248609980231,13593.9787155682,9.517382232182849,90.58056455346978,1245.56875,7.127347531894217,93.5241031580205,24.5358927804974,154.574161735034,0.1,6.55699454566438
MLT,2004,16.7881718920403,2.820674584401551,15212.1313438497,9.629848503237124,92.73398219529828,1253.9625,7.134063816439503,93.6081858790552,22.2283553941103,155.889918335599,0.1,6.49665560174248
MLT,2005,16.7237786096657,2.8168315755249522,15831.344048672,9.669747054430136,93.50400809666029,1261.98125,7.140438185621532,93.6985189936163,20.7396104779478,157.548497842721,0.1,6.52471064843475
MLT,2006,16.7590769231956,2.8189400173555414,16653.6036929688,9.720381910005406,94.48582447636034,1266.5875,7.144081555093162,93.7986874969541,19.8027408604861,182.434055594702,0.2,6.56142982620624
MLT,2007,16.8432498246899,2.823949972659231,19444.1741958382,9.875302776973097,97.52160493689256,1271.0125,7.14756910591686,93.9118231189546,18.5084345096825,184.831334251527,0.2,6.69594122795803
MLT,2008,16.9437142555058,2.829896924665021,22315.3104212988,10.013028287847135,100.26073549322692,1279.309375,7.154075660522512,94.0294765354989,19.3020953869214,185.749523785473,0.2,6.675232486278
MLT,2009,17.0278871570001,2.8348524210353325,21176.3218262672,9.960638941480687,99.21432812254149,1288.990625,7.161614729832832,94.1423744490362,17.6546616448497,163.556848449111,0.3,6.10579498978125
MLT,2010,17.06318547053,2.8369232462352176,21946.6069636029,9.996367826308678,99.92736971885928,1295.3375,7.1665265579393465,94.2412435620154,17.444614846917,178.232955302139,1.2,6.25971030715933
MLT,2011,16.1027075945735,2.7789874314268204,23516.9691234302,10.065477529909174,101.31383790510648,1300.8375,7.170763566791299,94.3155916422812,16.4455470187534,192.027341380783,2.0,6.20225431693044
MLT,2012,14.106355803411,2.646625462018921,22878.3130866521,10.037944714045397,100.76033408223192,1312.5875,7.179755658910322,94.3626256493653,15.0753253659227,199.213865142839,2.7,6.48623425104993
MLT,2013,13.3766872999129,2.593513438089932,25415.5566867731,10.143116733507853,102.88281706956701,1327.53125,7.191076293328663,94.3906567856206,14.5596005126626,187.432252850045,3.2,5.60886043172242
MLT,2014,13.4804864315632,2.6012431902606346,27424.5765646694,10.219194845267424,104.43194328554029,1354.628125,7.211282249152005,94.412512773898,13.0760489285081,181.301127112959,4.5,5.4659835148484
MLT,2015,13.6814730924333,2.6160425885925096,25529.6813337717,10.147597028127535,102.97372544526279,1388.1875,7.235754218398728,94.4387696268011,12.0894145378063,207.196019855244,6.0,3.76435099725361
MLT,2016,12.5325633579629,2.528330325635493,26459.0770929988,10.183354557733317,103.70071004850791,1420.328125,7.258643197845497,94.4800033569336,12.27883734522,213.359473242677,9.2,3.00436738869759
MLT,2017,12.9026022733936,2.557429017643207,30317.2443175543,10.31947194900167,106.49150130623234,1459.70625,7.285990495829085,94.5691806330314,11.4557590803113,213.047591025756,7.3,3.33585952653145
MLT,2018,13.1132959646537,2.5736266746182066,33382.2677499267,10.415780132293648,108.48847576428308,1512.196875,7.321318756596442,94.7242373261706,11.5164039502955,228.098550737111,7.6,3.23907890630974
MLT,2019,12.5909175285117,2.532975722963301,32421.9179752262,10.386589953787338,107.88125086811606,1574.725,7.361835932840221,94.9332032524644,12.0663263039942,233.070441910537,7.4,3.32002413119751
MMR,2000,39.5272329221873,3.6769898754197965,196.619580625284,5.281270799016577,27.89182125254519,69.3007941365486,4.238456365532055,27.5346072708149,9.69226113586128,,80.2,0.221722533260091
MMR,2001,39.7428390610683,3.682429675464401,141.525660705722,4.952481048385397,24.527068534616518,70.0357116626373,4.249005278567722,27.7107064116875,10.5804943321805,,82.5,0.191710326457028
MMR,2002,40.1768875885917,3.6932918946789517,146.598390364449,4.987696809613617,24.87711946462985,70.7418872601524,4.259037862247477,27.8849700456368,13.0068954922166,,83.0,0.191306347918213
MMR,2003,40.6510344092112,3.70502428239112,224.292688912409,5.4129518458652335,29.300047685655837,71.406787648805,4.268392929936451,28.0568026064444,14.2582573952557,,79.9,0.234820213738165
MMR,2004,40.9869354273807,3.713253367812545,224.508811413327,5.413914955469221,29.3104751450533,72.0344831808026,4.277144937430922,28.2256085278922,16.3663619555986,,80.2,0.225863126405762
MMR,2005,41.0062465475539,3.7137244099178788,252.685193060728,5.532144417745574,30.604621858793514,72.6067788049467,4.285058289440823,28.390792243762,17.512204636055,,79.6,0.236985402005318
MMR,2006,40.5461049761885,3.7024397211066398,303.495087119254,5.715365422952568,32.66540191788179,73.1252161537638,4.292173261496559,28.5517581878355,19.2372930203744,,81.3,0.218804446194408
MMR,2007,39.5962241482972,3.67873376392388,419.375780725042,6.038767369363658,36.46671134129127,73.6397401762762,4.299184828062566,28.7079107938945,20.4091296662276,,80.5,0.226987849132935
MMR,2008,38.2071243111665,3.6430219985158288,658.442487229705,6.489877178310143,42.11850578955083,74.0701856698964,4.305013098703525,28.8586544957208,22.6658154224732,,85.6,0.172766335943286
MMR,2009,36.4293257120831,3.595374101710639,758.442935789255,6.6312675629844895,43.97370949189025,74.4840945966631,4.310585607245334,29.0033937270962,24.5320050982062,,85.8,0.160062197522633
MMR,2010,34.3133485983332,3.5355344504271944,1010.53417343401,6.918234354613274,47.86196658535134,75.045742889508,4.3180978328131685,29.1415329218024,26.4680642743774,,84.6,0.176083810704641
MMR,2011,29.4854398392347,3.383896576730884,1213.62898703376,7.10137031291203,50.4294603211083,75.6475990754489,4.326085702459728,29.2724765136213,31.2916488307023,,83.8,0.185603670753961
MMR,2012,33.179223857355,3.5019238926066967,1202.6658960055,7.092295951720546,50.30066186679164,76.3032167189773,4.334715096235007,29.3956289363345,32.3730207966326,,78.1,0.251973184982232
MMR,2013,35.1664986630794,3.5600938868834073,1199.09561597055,7.089322898278754,50.25849915605947,76.9624823911313,4.343318061439268,29.5103946237239,32.3622196006021,,75.6,0.28292574578925
MMR,2014,31.2218892689358,3.4411194279564032,1293.00042319714,7.164720706070443,51.333222795994544,77.6040209468978,4.351619242172756,29.6164342116462,34.4897147952325,,72.0,0.350073559191087
MMR,2015,29.9150539220144,3.3983618293479556,1166.73305547935,7.06196286188697,49.871319462670805,78.2278679487965,4.359625951699072,29.7166821191682,34.4688212621502,,70.0,0.386395865290602
MMR,2016,31.1703866445543,3.4394684980832646,1229.19713491328,7.114116499398813,50.610653567018424,78.8867551089188,4.368013344418227,29.8129165582094,34.8095048832944,,68.8,0.446262538135226
MMR,2017,28.1336717956987,3.336967143514231,1272.82241815234,7.148992090124547,51.108087904663336,79.5020114898506,4.37578232309933,29.9051727703437,36.8009211203558,,59.5,0.650427600472324
MMR,2018,31.5559916967562,3.451763482105549,1298.21310327675,7.168744061967587,51.390891425995534,80.0861758847863,4.38310325347165,29.993574050729,36.9634615021809,,59.4,0.641233195886911
MMR,2019,32.1642279603857,3.4708549020997155,1425.98954241668,7.262621267438711,52.74566767425308,80.6507017006282,4.390127505099124,30.0782436945232,38.4126110918443,,58.5,0.653317518704581
MNE,2000,25.7719292711536,3.2492858868660495,1627.06511911987,7.39453313046227,54.67912021750414,,,59.0899260145706,21.2590046532839,87.9252021443203,,
MNE,2001,25.8235480575684,3.2512867910657626,1909.59870186179,7.554648395228511,57.07271237552871,,,60.1387879596705,22.3143207912841,100.409386075314,,
MNE,2002,25.9162935734152,3.2548718664065266,2106.6350684523,7.6528471992079155,58.56607025442444,,,61.0261817231895,21.5953506185527,95.2294000160253,,
MNE,2003,26.0199501928823,3.258863558896605,2789.15906483509,7.9334954189287785,62.94034956216392,,,61.6986616237464,19.3294873017387,77.5983890107329,,
MNE,2004,26.1043022901578,3.2621001394476057,3380.16512135859,8.125679839756778,66.02667285822973,,,62.210498320663,18.9729443885822,100.109654967142,,
MNE,2005,26.13913423943,3.263433587503368,3674.6179242797,8.209204440059684,67.39103753869564,,,62.6763680644251,17.341544930727,104.625139256659,47.6,
MNE,2006,25.9194092295677,3.2549920791551834,4418.84951521682,8.393634650515319,70.45310264633142,45.7267657992565,3.822683811338968,63.111308588912,18.4566268180351,118.177129375183,44.8,
MNE,2007,25.3954495906652,3.2345700080014064,5971.84638953467,8.69481143654908,75.59974591714466,45.7899628252788,3.8240649148162786,63.5035790981749,17.4236682122468,128.844214152476,42.3,
MNE,2008,24.7700784087494,3.2096364089685796,7359.95118960869,8.903808579854285,79.27780722668679,45.8713011152416,3.82583967348348,63.8414387962647,18.134854953618,132.48054069386,38.8,
MNE,2009,24.246118769847,3.188256553846049,6700.11405052395,8.809879827700438,77.6139825785231,45.969814126394,3.827984966442418,64.1131468872325,17.530109017069,99.8255760432413,49.2,
MNE,2010,24.0263937599847,3.179152966076262,6678.63930800758,8.80666954937571,77.55742855190138,46.054126394052,3.829817365506669,64.3069625751293,17.1885067406217,98.8684992495822,49.1,
MNE,2011,26.8096357329836,3.288761365172483,7265.51668681954,8.890894693478165,79.0480084505182,46.1223048327138,3.8312966688424037,64.4210914835811,15.1880842120516,106.752728264703,42.8,
MNE,2012,25.152725645633,3.224966266245429,6552.48071710904,8.78759899236363,77.22189605059029,46.2020817843866,3.833024857340618,64.5244008658951,14.8926108798408,108.779987603414,45.9,
MNE,2013,23.0328197648844,3.13692014510807,7102.77882895852,8.86824137081888,78.64570501110354,46.2889962825279,3.834904271561775,64.6252987959653,15.5405922471564,103.785966371179,49.3,
MNE,2014,22.8933751545525,3.1308475741454243,7342.17339453427,8.901390180576364,79.23474714686131,46.3750185873606,3.836760921733138,64.7232143772459,14.3320646687925,100.438431458711,46.0,
MNE,2015,22.5226135295586,3.1145198502481963,6421.00307345999,8.767329626451462,76.86606877885352,46.4424535315985,3.8382139877252106,64.8181652937171,14.4315421692779,104.12510886943,43.0,
MNE,2016,20.7818361159159,3.0340793415325487,6968.01539365317,8.849085727722374,78.30631821657981,46.4946468401487,3.839337184249065,64.9101692293409,15.5802198596652,104.135954584294,43.9,
MNE,2017,21.1885834911776,3.0534625220598257,7674.2813940676,8.945629938634442,80.02429499899284,46.5414126394052,3.840342510645236,64.9992438680584,14.8316847329192,106.711366689116,37.8,
MNE,2018,22.0010575045609,3.0910905205922,8673.59128084795,9.068038203253764,82.22931685566975,46.5753159851301,3.8410707009011404,65.0854068937869,16.1079670855784,111.098935509174,40.6,
MNE,2019,18.3231957596321,2.9081677850608703,8749.02375172644,9.076697401895863,82.38643572558311,46.5987360594796,3.841573417576627,65.1686759904159,16.435437285219,110.0161238696,38.7,
MNG,2000,21.3981446125931,3.0633042179229966,476.02755082717,6.165475732445456,38.01309100737383,1.54338839734181,0.43398025741676916,56.7305447074496,22.1961421557269,121.886609754208,5.7,3.78533006126955
MNG,2001,21.3689232389585,3.0619376814897104,524.453483552485,6.262356736682216,39.21711189746914,1.56242113783138,0.44623662956675914,57.2155913875612,21.9418832214059,115.81832687888,6.1,3.72755507080754
MNG,2002,21.2157465725794,3.0547436688236713,570.249213248399,6.346073481502693,40.272648632631714,1.58263236912359,0.45908951711382634,58.1310120482033,22.4846271364412,118.517253113943,6.5,3.94360699167465
MNG,2003,21.0276549890181,3.0458384756045165,643.168068921658,6.466406072542986,41.8144074950208,1.59541792198924,0.46713572197149794,59.3546986563236,25.2199551531292,120.299393514881,6.1,3.77463237398876
MNG,2004,20.893688863837,3.0394471451317124,794.154552001815,6.6772780921816475,44.58604272032898,1.6137036582467,0.4785319459556593,60.7829994587671,28.3334403733025,131.329318233554,5.8,3.81795335056602
MNG,2005,20.9028885725986,3.039887358635996,994.90010913241,6.902642339287146,47.646471264119526,1.63171323734666,0.48963052869254636,62.3122627023789,32.496500599666,122.381459889773,5.3,4.38774218806367
MNG,2006,21.2574073192077,3.0567054143580488,1329.89179579053,7.192852861357703,51.73713228514169,1.64830525022335,0.49974763898540336,63.8388366340039,38.6926063353314,112.929983096983,4.5,4.95386355704029
MNG,2007,22.1144147325228,3.0962296462413024,1627.68787743359,7.394915806703435,54.68477978823231,1.6705735718479,0.5131670236574332,65.2590695004873,37.7347758580465,117.880426425377,4.7,5.07731037530988
MNG,2008,23.4954758255364,3.1568078845538516,2127.42678594737,7.662668446669657,58.71648772358677,1.69711733640935,0.5289311272968834,66.4693095486742,30.8510356631246,121.198013401183,4.7,4.99621481680735
MNG,2009,25.4221556112408,3.2356210619787844,1703.32756790019,7.440339009729503,55.358644579702606,1.72788137676538,0.5468960203202824,67.3659050254095,30.0565585316106,107.813757166177,4.4,5.17581002669897
MNG,2010,27.9160191026285,3.329200685444272,2625.21881402433,7.872919529275216,61.98286191444309,1.75857916493112,0.5645061903610912,67.8298018313254,33.1942474892146,103.350031656557,4.5,5.44277377454793
MNG,2011,35.8767855032703,3.580090442967295,3736.04201455077,8.225782045150266,67.6634902543165,1.78925253897917,0.5817979566542413,67.9196058798676,31.3337485626924,126.999228633482,4.0,5.82704695840423
MNG,2012,38.2318589751567,3.643669172609206,4328.89001905655,8.37306644149591,70.10824163370498,1.82353600871754,0.6007774781061986,67.9522782537785,30.7715931133163,109.588564338415,3.0,6.21877976761671
MNG,2013,36.1190861922145,3.5868214290098863,4340.14310544449,8.375662600155554,70.15172399164449,1.8616184405066,0.6214462386866859,67.9776750055915,30.5068923847448,100.311989662943,3.0,6.61573895373284
MNG,2014,32.6310214465256,3.4852634140235037,4126.23975800524,8.32512180100867,69.30765300162984,1.90278211075515,0.6433170839946651,67.9941357229626,31.4976232744188,109.322311877187,3.3,6.59114249102211
MNG,2015,33.6018162552522,3.5145801207240672,3838.92126989984,8.252946686819639,68.11112901548725,1.94371713207737,0.6646021872602502,67.9999999906095,31.5158775834209,89.653663477814,3.5,5.95530555717072
MNG,2016,34.394850770545,3.5379068662723885,3619.90026383792,8.19420175301428,67.1449423691023,1.98352563105577,0.6848758830242606,67.9776754820979,33.1780715301999,101.055237224997,3.4,6.18895798314975
MNG,2017,31.4066965937798,3.447021137493794,3645.96708669551,8.201376927961304,67.262583514496,2.02209412791248,0.7041336714002739,67.9260583223672,37.4184116118863,115.932901867963,1.8,6.69287250187922
MNG,2018,30.340789040395,3.412492980187197,4107.64288528468,8.3206046357421,69.23246150433293,2.06015649331677,0.7227819475455955,67.8683444833372,37.975670332755,126.355873241513,2.1,7.1556569765684
MNG,2019,31.0839271991388,3.4366908752756262,4347.54610314873,8.377366850691757,70.18027535106913,2.09835043390369,0.7411515283916681,67.8277299551557,38.0926977643653,124.396514621165,2.3,7.75337679137417
MNP,2002,9.04988367421985,2.2027519039518606,19227.8894246608,9.864117078251569,97.30080573345427,145.169565217391,4.9779024744794675,90.3408350832433,,151.947040498442,0.0,0.0014974991763754
MNP,2003,8.83679675175427,2.178924452583045,18938.8728389967,9.848971852772564,97.00224655670624,142.219565217391,4.957372097337712,90.4244081904616,,152.703793381759,0.0,0.001528561165375
MNP,2004,8.62184115679037,2.154298653143218,18924.5831899653,9.848217053754805,96.98737913786697,138.995652173913,4.934442653317117,90.5036416127499,,178.099173553719,0.0,0.0015640151396665
MNP,2005,8.43380495682119,2.132248029235429,17015.7487891715,9.741894593558326,94.90451027200095,135.552173913043,4.909356613536787,90.5796270580004,,174.552309142319,0.0,0.001603746351477
MNP,2006,8.27580390481009,2.1133360651620388,16314.5578590027,9.699813108384548,94.08637433758871,131.917391304348,4.8821759032252245,90.6534562341057,,159.69696969697,0.0,0.001647935137273
MNP,2007,8.12748279919523,2.0952512568227495,15914.2193040498,9.674968284416225,93.60501130445984,128.132608695652,4.853065733071131,90.726220848958,,128.571428571429,0.0,0.0016966118661033
MNP,2008,7.98242327568191,2.0772420339955486,16430.4461942257,9.706891367949579,94.22374002917405,124.239130434783,4.822208179739819,90.7990126104496,,100.851970181044,0.0,0.0017497812773403
MNP,2009,7.83420696997539,2.058499654345174,14369.6339810212,9.572872507699353,91.6398880486661,120.271739130435,4.789753675436112,90.8729232264729,,84.5283018867925,0.0,0.0018075011296882
MNP,2010,7.67641551778095,2.038152708751881,14771.4037455399,9.600448411330294,92.16860969861438,117.589130434783,4.7671966029171156,90.9488180328106,,92.6157697121402,0.0,0.0018487363886783
MNP,2011,7.48699128265064,2.013167018916448,13598.7166094613,9.517730700319927,90.58719768381245,116.539130434783,4.7582271001698695,91.0253367901352,,105.075445816187,0.0,0.0018653932248918
MNP,2012,7.5052512813434,2.015602946382802,14013.6003306158,9.547783589229933,91.16017146676843,115.726086956522,4.751226079454965,91.1011927559234,,114.879356568365,0.0,0.0018784987038358
MNP,2013,8.34132545489065,2.121222131187949,14632.8518897608,9.591024409381994,91.98774922136123,114.691304347826,4.742244209123916,91.1764941872129,,120.077720207254,0.0,0.0018954471359793
MNP,2014,7.95017675722504,2.07319416203229,15945.417608954,9.676926769690969,93.64291170596168,113.430434782609,4.731189739611379,91.2512344351276,,119.831730769231,0.0,0.0019165165395377
MNP,2015,10.0354064990389,2.3061194895533204,17665.1007493109,9.779346263106214,95.63561333372948,111.986956521739,4.718382404885816,91.3254068507915,,122.747252747253,0.0,0.0019412198625616
MNP,2016,8.84992578196304,2.180409072765808,24225.474169342,10.095160010121257,101.91225562995142,110.376086956522,4.703893506726343,91.3990047853283,,152.845528455285,0.0,0.0019695507454749
MNP,2017,8.66444820035672,2.1592282397037814,31225.6049960968,10.348993710181476,107.10167081337576,108.60652173913,4.687731458543236,91.4720215898621,,131.410256410256,0.0,0.0020016413459036
MNP,2018,9.62412986327666,2.264273472271765,26509.3628379893,10.185253264214499,103.7393840561921,106.689130434783,4.669919282779144,91.5444506155168,,108.762490392006,0.0,0.002037614361106
MNP,2019,9.84143557608585,2.2866015923016203,24496.6652122421,10.10629227348246,102.13714351705126,104.628260869565,4.6504136955360424,91.6162852134162,,104.749787955895,0.0,0.0020777493818695
MOZ,2000,20.2554422733172,3.0084235116824836,327.12623979157,5.790346150805894,33.52810854615264,23.0545703095196,3.1378640278584236,29.2423697311441,19.5292283612147,47.9208808015891,93.6,0.0866536165915586
MOZ,2001,20.1840071365718,3.0048905649143878,304.792138621913,5.719630031557016,32.71416769788891,23.5735000890155,3.160123203548115,29.4137097764239,21.3938558593765,50.4153095777265,93.0,0.102310266807763
MOZ,2002,20.0136498073847,2.996414531132586,313.886661721198,5.749031970817656,33.051368601483546,24.1083674559373,3.1825589775793564,29.5686323334348,17.0821002587651,73.309162757423,93.2,0.104824589581639
MOZ,2003,19.8102890904689,2.9862014537624306,339.488737800648,5.827440773549101,33.95906596922255,24.6604377018744,3.2052002470464154,29.7146340268639,18.8768129822828,70.1683599479183,92.7,0.130236083841799
MOZ,2004,19.6398437905371,2.977560349256049,400.056973161545,5.991606969869242,35.899354081385674,25.2299308222488,3.2280310207644987,29.8592114813982,19.8066623565294,72.0520001612374,92.9,0.140133877928236
MOZ,2005,19.5682327123022,2.9739074713670592,436.773856167384,6.079415569542779,36.959293667199155,25.8203018896717,3.2511610774365773,30.0098613217248,18.6061383452371,72.0092609780982,93.7,0.131290646947492
MOZ,2006,19.6733490140973,2.9792648779031587,457.487647833183,6.125749885079358,37.52481165454977,26.4338958264452,3.2746471194352567,30.1740801725307,19.8162320132045,67.3498976872689,93.1,0.136002702062102
MOZ,2007,19.9403587930867,2.9927457580070493,507.874923914304,6.230235204496024,38.81583070334162,27.070417609807,3.2984415305410892,30.3598131347122,19.5085348189008,66.1203821840516,87.5,0.152388933763661
MOZ,2008,20.2960902622309,3.0104282695787203,592.159111184122,6.3837753676642155,40.75258794479639,27.746173605636,3.3230979425998184,30.5625357695184,17.1677445681711,64.981416499828,88.1,0.144341849016611
MOZ,2009,20.6673716344898,3.028556207141484,547.697144193651,6.30572247759615,39.76213596446132,28.4744589129937,3.3490075069751324,30.7715592059159,16.9004327987887,67.898572768141,86.1,0.151975649954928
MOZ,2010,20.9810311228238,3.043618749654799,496.185839392659,6.206950532746206,38.52623491595841,29.2469734733844,3.3757760973289677,30.9861779822921,16.8681862980766,73.8373532681892,84.9,0.156770431712185
MOZ,2011,21.3180610647849,3.0595546507334728,618.17649286789,6.426774003850309,41.30342409656614,30.0732966250413,3.4036376226854133,31.2062230032794,16.5093372512898,84.4062119333019,85.4,0.179664805829954
MOZ,2012,21.4882091792626,3.0675043744348494,685.685748199513,6.5304194297656055,42.64637792866014,30.9492179353493,3.4323477301635057,31.4315251735105,16.8740038772507,105.934588060511,84.5,0.193192939095761
MOZ,2013,21.704486846149,3.077519006276683,686.505672517351,6.531614488127057,42.66198782151128,31.8568770823266,3.461253279662768,31.6619153976179,16.4457246085988,109.38537659913,83.1,0.204274287988904
MOZ,2014,21.6145857091373,3.07336835111367,697.142680444123,6.546990096330548,42.86307932145028,32.7939100689234,3.49024282952116,31.8972245802342,17.4884683555603,116.356855242217,81.2,0.224549920070884
MOZ,2015,21.5758950473476,3.071576721501701,610.563774706589,6.414382751168728,41.1443060784909,33.7592156463796,3.519253436234508,32.1372836259918,18.6152107018236,98.7612036510901,80.1,0.243268951299953
MOZ,2016,21.069117727762,3.0478083535536213,441.489734819071,6.090154769080782,37.08998511135739,34.7632251583204,3.5485600797041172,32.3819234395234,20.5669830121929,110.394358201481,77.4,0.304783553342609
MOZ,2017,18.7547986602318,2.9314496482179924,470.93856305196,6.154727646128334,37.88067239801643,35.8177891095908,3.578444672494024,32.6274411492675,23.6070708049686,105.745640702087,78.2,0.295110559594905
MOZ,2018,18.8259193532117,2.935234609317473,517.507260258101,6.249023554525365,39.05029538501283,36.9015539561026,3.6082536627912765,32.9902559073541,25.3339200589579,124.607457525372,79.0,0.277593949600126
MOZ,2019,19.5945644695986,2.9752522047956798,519.09255091362,6.2520821927275625,39.088531744621086,38.0024670006867,3.637651078689807,33.4177241517032,23.8882628185244,105.591171401921,77.5,0.288756199727081
MRT,2000,85.1001098665338,4.443828326607094,680.911061879778,6.523431698325202,42.555161122714026,2.53559813718832,0.9304295607645345,38.0555858542174,29.9518502588297,58.9403747670668,44.4,0.404906787641274
MRT,2001,83.7808052873624,4.428203927401107,651.817840199777,6.479765136694398,41.987356226720166,2.59897157271757,0.9551158178225326,38.1070763150421,29.0361452374828,60.7012124604715,44.2,0.436955904970957
MRT,2002,80.6329327897663,4.38990716146674,648.879643934862,6.475247251023901,41.92882696189258,2.65708256524692,0.977228740907938,38.3900378438208,28.4202988789773,56.7855296001806,42.1,0.474576023632038
MRT,2003,76.8650180022067,4.342050870570048,732.017820812675,6.595804859037474,43.50464173850236,2.71858542737945,1.0001116815645608,38.8866922319919,26.7345509917915,55.3180243332438,40.2,0.486430272736422
MRT,2004,73.685586553145,4.299807210912365,823.554457141893,6.713629676322464,45.07282343079767,2.78321917143689,1.023608233103246,39.5685575664461,27.5321174229442,75.2188046787959,38.6,0.518255187780793
MRT,2005,72.3031640710423,4.2808678912920985,998.96583416747,6.906720578031156,47.70278914299903,2.85151741534879,1.0478512790300654,40.407151934074,33.1903258148872,88.2350995596491,38.8,0.523398815743406
MRT,2006,72.3062769506067,4.280910943523584,1300.60367988659,7.170583804807175,51.41727210176295,2.92389638110022,1.0729171038793874,41.3739934217664,43.8696653715372,82.7885012130323,39.1,0.560912644425715
MRT,2007,72.4345808297417,4.282683821129928,1405.15016203368,7.247899452949217,52.53204648006156,3.00093043562627,1.0989223857917831,42.4406001164139,37.0052476945385,86.0640556779132,35.6,0.608071168380558
MRT,2008,72.6232952017021,4.285285740909667,1635.5630623124,7.399742404665164,54.756187655399785,3.08845347821869,1.1276704731356233,43.5784901049073,36.4890884436152,94.1202110004251,35.8,0.660578794943186
MRT,2009,72.8076395597426,4.287820888704381,1435.43010811893,7.269219810196731,52.84155664895659,3.18661880275541,1.1589604182265643,44.7591814741371,32.7544134822838,82.0086176018151,33.4,0.638554789115249
MRT,2010,72.922833397118,4.289401805296911,1659.96369705455,7.414551011867206,54.97556670758101,3.28996313185214,1.1908763585905218,45.9541923109942,38.1929057828319,93.4207451334608,34.0,0.621327557199794
MRT,2011,72.9883129496202,4.2902993317510205,1931.19975525465,7.565896723610994,57.24279323234757,3.39847773357912,1.223327605945258,47.1350407023691,44.107903772358,98.485329604158,33.3,0.646623526076628
MRT,2012,83.0360920761507,4.419275357570191,1859.11733247641,7.527857101639568,56.668632542705275,3.511238963811,1.255968956337322,48.2732447351525,37.4741781393169,110.788122743421,31.9,0.698114469220239
MRT,2013,64.5065697786296,4.166767075647669,1934.24103064714,7.567470296297003,57.26660668533745,3.62308916270496,1.2873270217964132,49.3553973225913,38.6097701314865,102.398824183169,35.1,0.620006116243983
MRT,2014,64.1516470310952,4.161249765417874,1713.00865264234,7.446006549474434,55.44301353481616,3.7338837683128,1.3174489167059629,50.4694791226856,28.4373706611028,91.610371363604,31.0,0.697074247358851
MRT,2015,83.0276343912381,4.419173496855635,1554.94897871782,7.349198012961096,54.010711433711315,3.84783060056272,1.3475095091116458,51.6680350049622,22.7465105988095,77.3467864944966,28.3,0.695166036764374
MRT,2016,76.5480652857383,4.337918847920663,1565.76575722696,7.356130285047657,54.11265277059532,3.96493354031241,1.3774890933605615,52.9185627319946,25.2197600424352,73.1532616736712,31.7,0.642260899312078
MRT,2017,79.9744180761698,4.3817068094873814,1615.00401327323,7.387092720652573,54.56913886351823,4.08518482584651,1.4073669722937074,54.1970448502004,23.7456292323677,78.8149801833884,25.5,0.90462166912079
MRT,2018,75.8344786877967,4.328553053184179,1722.93528854073,7.451784678388348,55.52909489306334,4.20848452508004,1.4371026125996562,55.1305077000081,23.6350387192204,89.1467294935148,21.6,1.02255004685679
MRT,2019,72.1994109024446,4.279431886619574,1767.072710621,7.477079620664377,55.906719653754536,4.33463471427185,1.4666373423849188,56.0596215779146,28.5984350915107,93.4866941351317,21.2,1.00413903504884
MUS,2000,9.31039577146635,2.23113160074702,3981.98343249582,8.289535324016747,68.71639588812143,584.666502463054,6.371041603414015,42.063123063288,25.640266746151,120.687648773646,20.4,2.05860273171603
MUS,2001,9.56066660623812,2.257657453318374,3908.55694927435,8.27092351817579,68.40817584351339,589.303940886699,6.378942079224696,41.8827214180181,26.3874036179347,128.05457898019,20.1,2.15968241734634
MUS,2002,10.0484613474665,2.307419523029544,4073.06053055903,8.312149968956845,69.09183710642928,593.409359605911,6.385884480576806,41.6986829938864,25.6239987275773,118.230470380251,17.9,2.18923628261503
MUS,2003,10.6053806231737,2.36136147828948,4858.26575549747,8.488436812779224,72.0535595245455,597.71921182266,6.393121098232592,41.5127065251754,24.9152577893048,108.655579313428,18.9,2.27589276148248
MUS,2004,11.0630250613817,2.403608472383454,5460.60800184198,8.605315418188084,74.05145344650556,601.479310344828,6.399392138056448,41.3265540022042,24.0862009085375,107.027698267505,19.1,2.28082977683101
MUS,2005,11.2529952901128,2.4206343412227445,5354.02974260642,8.585604779277125,73.7126094259462,605.051231527094,6.4053131346557475,41.1419874152917,23.0539698198427,121.608743996836,17.6,2.42563834516313
MUS,2006,11.077573370866,2.4049226474833394,5784.22491883026,8.662889649463986,75.04565707879027,607.879802955665,6.409977169915297,40.9607687547567,21.9955550253399,124.782280192468,16.4,2.69231018577046
MUS,2007,10.6524254237964,2.3657876055503766,6677.34962448608,8.80647642499802,77.55402702404592,610.655172413793,6.414532433922325,40.7846600109183,22.1985593969066,118.624058148821,15.7,2.75428958640885
MUS,2008,10.1292281649105,2.3154251223578073,8140.50808595895,9.004607875471113,81.08296299099638,612.867487684729,6.418148742396341,40.6154231740954,23.0209186435502,113.492663899724,12.7,2.80350544681747
MUS,2009,9.65965831021468,2.2679582759854493,7426.88645617593,8.91286199957289,79.43910902343045,614.497044334975,6.420804119124669,40.4548202346069,23.007713818678,102.458019804655,12.8,2.75622901183154
MUS,2010,9.39539257571533,2.2402194175927894,8113.17670740212,9.00124477292973,81.02240746219479,615.960591133005,6.423182986053571,40.3046131827718,22.1595330116331,111.508202075575,12.8,2.93961932181702
MUS,2011,9.3272356948409,2.232938689591722,9324.24232310496,9.140372988996932,83.54641837798471,627.142714071107,6.441174128881246,40.1665923228716,21.3051130600799,115.552473002804,12.0,2.9195850540241
MUS,2012,9.10271819827775,2.2085730720273578,9421.52514098225,9.15075225902815,83.73626690610881,628.884326489735,6.443947339136392,40.0369511615085,20.6501837940607,117.447639083027,11.4,2.98093292204204
MUS,2013,9.57883414266686,2.259555887569453,9877.13865958834,9.197978139443618,84.60280185368269,630.409113670506,6.4463689954038035,39.9108848558771,20.0954005013634,136.552117959236,11.4,3.06387900172131
MUS,2014,9.44659217541541,2.2456540601097785,10490.3315563853,9.258209307791265,85.71443958687281,631.551326990486,6.44817921638235,39.7887571971735,19.4849175221344,135.099064765426,10.6,3.16403004104002
MUS,2015,9.13027374403697,2.2115956770749197,9630.5437837507,9.172694970877131,84.13833302875462,632.388082123185,6.449503259685229,39.6709610617726,18.9486991254014,133.135069083677,11.5,3.16000186874594
MUS,2016,8.98829540881102,2.195923220806897,10095.1225574156,9.21980767108093,85.00485349172277,632.822734101152,6.450190342010946,39.5578893260494,18.3463010991725,126.310008998042,10.3,3.21654571682465
MUS,2017,8.99594985085889,2.196774459477139,10986.7034093005,9.304441039642834,86.57262306018981,633.393590385578,6.451092014674712,39.4499348663789,17.5282666855876,126.964059884888,9.4,3.32606786218848
MUS,2018,9.64568180967703,2.2665103343389714,11818.7480619272,9.377442368423862,87.93642537311094,633.739108662994,6.451637369216093,39.3474905591359,17.3385214007782,123.538984386544,9.2,3.29636205462015
MUS,2019,9.27666690706869,2.227502312784388,11568.2533399824,9.356019844226378,87.53510732555777,633.943415122684,6.451959699859019,39.2509492806955,16.6696822824233,127.940899064133,8.9,3.32168232640987
MWI,2000,23.0191141072171,3.1363249189397178,224.22415918428,5.412646262122045,29.29673955886374,120.024840899448,4.787698728854351,14.6770603287659,19.0442214399711,,82.6,0.273808402340698
MWI,2001,23.0077905439554,3.135832877879126,215.474524898357,5.372842688627247,28.867438556735266,122.964128128978,4.811892671609023,14.780400724713,17.8929694043274,,83.1,0.273146222506607
MWI,2002,22.9554559880107,3.133555641934764,428.210439838398,6.059614756611291,36.71893099854131,126.012303775986,4.836379551199885,14.8722487440558,19.8051602224861,,83.3,0.263500341738185
MWI,2003,22.8887813812108,3.130646894504939,383.348596852642,5.948944749772933,35.38994363585094,129.206342808655,4.861410683089728,14.9551384691108,21.1842295520251,,82.8,0.25920295685927
MWI,2004,22.8344376653838,3.128269820337845,404.674248445428,6.003082418637669,36.03699852495668,132.591610097582,4.887273803484392,15.0316039821946,18.4439345804436,,82.4,0.251729158048841
MWI,2005,22.8190957823576,3.127597719738172,414.361121984475,6.026737868939096,36.32156934090455,136.19040093339,4.914053913503326,15.1041793656241,17.5211453129149,,83.2,0.277904313470894
MWI,2006,22.88596892288,3.1305240119849618,440.822149023873,6.088641503908185,37.071555363113326,139.994707254985,4.941604616573129,15.1753987017157,19.2118062737994,,82.8,0.286891869131667
MWI,2007,23.0652506132744,3.138327182473165,475.180261659331,6.163694230273571,37.99112656430771,144.000243954179,4.969814993700809,15.2477960727861,21.2991638406833,,82.2,0.300478560389937
MWI,2008,23.3640822987324,3.151199898630873,554.048820396119,6.317252806323339,39.907683019000096,148.243710224862,4.998857610164045,15.3238029928378,18.9378891840899,,80.4,0.306502016933238
MWI,2009,23.7896054244456,3.169248738403702,625.869729869625,6.439142250194645,41.462552918241755,152.691854051761,5.028421864709695,15.4015312766848,18.0681311857964,,80.0,0.288827537610307
MWI,2010,24.3489614356053,3.1924891971038143,683.124694716799,6.526677412038552,42.59751804081425,157.259896054306,5.057899825583283,15.4776969380518,17.9317288193438,,81.2,0.302506403583916
MWI,2011,26.3935444962185,3.2731194535923622,763.061000394572,6.637337976181271,44.0542554100581,161.911561306746,5.087050268305382,15.5523153908723,18.1661996680566,,80.2,0.375983735889801
MWI,2012,26.4999840992823,3.2771441329649136,558.46208832772,6.325186734965685,40.00798723218586,166.626824352991,5.1157567272940945,15.6253133040464,17.7185220797601,,80.2,0.361753852443003
MWI,2013,25.3524122563691,3.2328738835521262,496.947368267313,6.208484121630423,38.54527508853709,171.423589308443,5.1441376239310435,15.6966173464742,17.4239449035616,,79.8,0.310800469452195
MWI,2014,25.9973398435068,3.2579942190758002,529.5133440206,6.271958365895966,39.337461743532394,176.299724225711,5.172185525169538,15.766154187056,17.2649267145494,,82.8,0.299117927594907
MWI,2015,25.0076393017599,3.2191813502609605,539.605363240686,6.2908380635738395,39.574643542109456,181.221754348748,5.199721443514896,15.8338504946918,17.556172133103,,81.0,0.287318193984204
MWI,2016,24.9604610605181,3.2172930153065074,450.506105510719,6.110371629699549,37.336641453037124,186.229730589733,5.226981022288945,15.899632938282,17.655842210407,,78.9,0.279415248170622
MWI,2017,21.2909459360983,3.058281908923447,495.769683367165,6.206111470831916,38.51581958839148,191.341907085278,5.254061917197728,15.9634281867266,17.747962478614,45.3003137160008,76.9,0.299783006549716
MWI,2018,21.1973847101807,3.053877811340834,533.202567189331,6.278901402976629,39.424602828301886,196.521860415783,5.280773674056895,16.0221486554255,18.3907940135861,43.578773489,73.2,0.294590681031673
MWI,2019,22.3370229833525,3.1062455252872962,580.889139762475,6.364559929286583,40.50762309348043,201.800509121765,5.307279630819027,16.1383746619001,18.4990069222553,44.1954524635798,70.9,0.294726852321002
MYS,2000,23.5136706210687,3.157581980567764,4083.52874483605,8.314716782037923,69.13451516550307,69.9066078222493,4.2471601772789915,61.9694564490726,48.3205714911013,220.406788982074,4.4,5.69323613529471
MYS,2001,23.3307924792576,3.149774053705792,3943.79943910239,8.279899862274945,68.55674172930065,71.6071769898037,4.27119530623094,63.0180877676224,46.2026949988513,203.364636010653,4.2,5.88304152527669
MYS,2002,23.2129752557118,3.144711400597904,4184.03163773539,8.339030567316406,69.53943080263738,73.3601491401613,4.295380860936346,64.056368465184,45.1153796974529,199.356232695655,3.5,6.08030867532827
MYS,2003,23.1072146751735,3.1401448923654693,4465.32194567208,8.404096595005068,70.62883957817579,75.1167310911581,4.319043318127263,65.0750932867555,46.5786626994835,194.195129056831,3.3,6.34316955354466
MYS,2004,22.9605064623849,3.1337756296743224,4939.24851854427,8.504968476858108,72.33448879235013,76.8734500076092,4.342160563420771,66.0647889111941,48.5303176049683,210.374265897124,3.2,6.71466646648273
MYS,2005,22.7198463420882,3.1232388307177654,5555.58179951206,8.622558430975078,74.34851389557939,78.6366489118856,4.364837861908133,67.0159820173565,46.3683224854575,203.854644595624,3.0,7.01024161142768
MYS,2006,22.1459745460658,3.09765574390588,6158.40785533236,8.725573558076272,76.13563391739982,80.4075757114594,4.3871083970129074,67.9191992840997,46.5156572562267,202.577146840398,3.1,7.10605067191351
MYS,2007,21.1584955616188,3.052041506240326,7168.93031942508,8.877511734099272,78.81021458907027,82.1743691979912,4.408843443195797,68.7649673902807,44.5959960321039,192.465506357652,2.8,7.58861945429411
MYS,2008,19.9427014967672,2.992863236639139,8371.82156086005,9.03262676953799,81.5883463577743,83.9143478922538,4.429796610678929,69.5438130147565,45.1050654004356,176.668324785148,3.0,7.83922878075814
MYS,2009,18.6838844595312,2.9276613586949862,7191.43287234626,8.880645717695472,78.86586836322293,85.6027332217319,4.449717212798359,70.2462628363839,40.9678238412473,162.558970452699,2.3,7.03693732266971
MYS,2010,17.5673365579308,2.8660413003796754,8899.34505544675,9.09373296373676,82.69597921575257,87.2189194947497,4.468421274063976,70.8625314831025,40.4989323548818,157.944764886771,2.0,7.52034773024468
MYS,2011,16.5543727413676,2.8066502809046208,10217.1068585031,9.231818737429077,85.22647720074659,88.7598204230711,4.485934074888294,71.4245166681964,39.8242687277964,154.937684607226,2.2,7.48482299197254
MYS,2012,17.9101382186238,2.885366933442272,10600.5744240026,9.268663469575523,85.90812251224378,90.2840693958302,4.502961026208511,71.9680127926087,40.1350010090069,147.841754766013,2.5,7.40984230399317
MYS,2013,18.7954198873143,2.9336132171397993,10713.6407638899,9.279273046281045,86.10490826743789,91.8407091766854,4.520055654413017,72.4882717118078,39.8853736547897,142.720991464873,2.8,7.85952532729463
MYS,2014,17.1052502297433,2.839385447363389,11013.3107334403,9.3068598869163,86.61764095469168,93.4291188555775,4.537203061695182,72.9802206910773,39.9244244845871,138.312231176843,3.0,8.18962008151058
MYS,2015,16.9297330913892,2.829071430597803,9648.6797937523,9.17457637603625,84.17285167972244,95.0625414700959,4.554535006259742,73.4387869957006,38.4497222119902,131.37007244526,3.4,8.09596053481984
MYS,2016,16.3864419259472,2.7964542810829816,9476.53409809923,9.156573926934232,83.84284607941179,96.7575254907929,4.572208111735534,73.8588978909614,37.6832749440922,126.8990100257,4.4,7.78504411100645
MYS,2017,14.9450075810201,2.7043773029970706,9862.54806612235,9.196499838766826,84.57560928443826,98.4801217470705,4.589854718137319,74.2354806421432,38.114672270307,133.155173371956,5.2,7.35056919281223
MYS,2018,16.6541753286852,2.8126609554803923,10901.8019954421,9.296683375236038,86.42832177939012,100.170345457312,4.606872191328039,74.5634625145296,38.2914253580498,130.402625502126,5.3,7.72644571640815
MYS,2019,17.8197510834605,2.880307453564661,10920.191763972,9.298368809948004,86.45966252581385,101.782364936844,4.622836856662444,74.8377707734042,37.4765336887335,123.028562027943,5.7,7.63039929073035
NAM,2000,20.4358745389602,3.0172919122326483,2156.67590512714,7.676323382493306,58.92594067261348,2.20899925907032,0.792539589023854,32.1168956399877,23.4721656586449,85.1322442947268,34.8,1.05320053864219
NAM,2001,20.3820858449612,3.014656370200262,1915.58926594875,7.557780564959724,57.12004706808292,2.2556426046715,0.813434901170937,32.8575058425719,26.4736692021938,88.5841018380245,30.4,1.31962124834684
NAM,2002,20.2505892694706,3.0081838928561027,1772.07565537493,7.47990682516047,55.949006113082184,2.29563094413876,0.8310077269219617,33.6459301456028,27.0947589417095,94.4152228948906,33.8,1.1277956792965
NAM,2003,20.0930633490459,3.000374648489259,2569.24739317883,7.8513682918812675,61.64398405475857,2.32902622405228,0.8454502506294013,34.5460063719633,24.046084192885,95.9524743817213,33.3,1.18656725758606
NAM,2004,19.9611866202444,2.9937897190282863,3403.15496192955,8.132458210322657,66.13687654264439,2.35892820269893,0.8582073644807797,35.5356476670033,25.0806097462037,81.8622605916543,34.8,1.23455137321699
NAM,2005,19.9066376196234,2.9910532248402313,3685.77299991587,8.212235551937244,67.44081276050201,2.38868685396397,0.8707437814616519,36.5870014553064,24.7834954243766,80.6803802939816,34.6,1.30663252282386
NAM,2006,19.9984652893034,2.9956555350748393,4017.1834716928,8.298336307125775,68.86238546616184,2.4194245041237,0.883529703674391,37.6722151614564,30.1227634369521,86.8339693259998,35.8,1.27020193906485
NAM,2007,20.2560840083053,3.0084551932826136,4379.04313682732,8.384585517592642,70.30127430182428,2.45186993647439,0.8968509728148837,38.763436210037,31.8127689142862,104.979303758915,36.5,1.28732785098583
NAM,2008,20.6567204685379,3.0280407128791436,4204.78555422749,8.343978573301024,69.6219784317066,2.48643369893962,0.9108494344051777,39.8328120256318,34.1905617107713,119.644498184785,32.5,1.44803073291595
NAM,2009,21.1776013619098,3.0529440836140767,4302.91374148376,8.367047686503293,70.00748698822011,2.52328341167754,0.9255609945739985,40.8524900328246,28.7519450755932,123.762844292976,33.4,1.47083316886445
NAM,2010,21.7959533803297,3.0817243278091175,5418.21633365814,8.597521950540813,73.9173836900311,2.56265835853709,0.9410451410085794,41.7946176561991,27.429068418358,108.072477173606,31.2,1.27238885378833
NAM,2011,23.0948112524998,3.1396079711927447,5834.7917675794,8.671593857293704,75.1965400258539,2.60700968067145,0.9582038482821956,42.6276075621535,29.3288911804647,102.189147754138,31.6,1.32617380871956
NAM,2012,22.5559756572042,3.1160000267283663,5942.64680978673,8.689909903983745,75.51453413935478,2.66571196054853,0.9804711741148283,43.3804079185694,29.9807546724013,100.2134087743,31.9,1.36313058914982
NAM,2013,21.57098939708,3.0713493284766007,5346.62131149967,8.58422010982982,73.68883489400669,2.73598367525416,1.0064910330956323,44.1106769079132,26.5483435015895,97.7249042303832,30.7,1.37810831304484
NAM,2014,21.055359356351,3.047155128974821,5378.32326241205,8.590131943317665,73.79036680360653,2.80841380315563,1.032619841102457,44.8214248210559,26.630102972046,103.080137009254,30.2,1.38659483707511
NAM,2015,22.11922822913,3.096447285861461,4774.10650865775,8.470962116800253,71.75719918426502,2.88391696728978,1.0591494281933225,45.5103554445325,27.5636536225028,97.2390317873478,29.3,1.50195847197069
NAM,2016,21.0604148441707,3.0473952047155595,4395.68776162376,8.388379285162827,70.36490703174883,2.96276281747622,1.0861222172862335,46.1751725648784,27.5134032744188,93.966187960162,29.2,1.59834340010487
NAM,2017,19.7391225085732,2.982602580564064,5143.96072323076,8.545578630435498,73.02691412895585,3.04492098774429,1.1134749526295646,46.8135799686288,26.0770180870695,81.2196661011436,30.2,1.49737539456841
NAM,2018,19.9748546561693,2.9944742153389723,5308.60813408705,8.577084958235245,73.56638638078529,3.13052144444849,1.1411995863469881,47.4232814423189,26.869904619845,81.7138652963804,30.9,1.47819814870212
NAM,2019,19.3878496864904,2.964646565038407,4731.9210318831,8.462086536853176,71.60690855719179,3.21939292351419,1.1691928087115961,48.0019807724839,27.0505811124767,82.9011507426355,30.2,1.45542679968338
NER,2000,86.4658500421261,4.459749538784047,194.771959898935,5.271829437823696,27.792185621504505,9.08631088655562,2.2067689827496144,16.1307678222656,18.0983791582371,34.7127807043604,87.6,0.0609576502459245
NER,2001,87.0996143410697,4.46705245607678,205.417936120931,5.32504661656875,28.356121468630295,9.41078945290913,2.2418568451802177,16.2687225341797,17.2090719474884,33.0136670843015,87.7,0.0592333620817729
NER,2002,87.6704571380728,4.473584979891369,225.294391147438,5.41740795208809,29.348308919347275,9.74906765611431,2.2771716554234755,16.2687206268311,16.5393297044005,30.8343857497549,87.7,0.0593968294482597
NER,2003,88.1359016394849,4.478879960028755,265.225363452469,5.580579892699638,31.142871938803502,10.1026162469409,2.312794424654193,16.2687225341797,17.3087523149077,33.3827931416238,87.0,0.062264671113131
NER,2004,88.4534710516555,4.482476662929705,283.468281798296,5.6471002361266605,31.889741076861785,10.4727528222942,2.348776915089231,16.2687225341797,17.7534672936549,36.9641044464896,87.0,0.0627702618968002
NER,2005,88.5806885809342,4.48391387201343,318.643121918273,5.764071736459942,33.22452298305633,10.8598657930054,2.385073956510958,16.2687225341797,16.3274879150549,38.3477418070736,87.5,0.0580683956722907
NER,2006,88.5265837152172,4.483302887871461,333.345078419447,5.809178224951621,33.74655164925207,11.2643727796637,2.421644893653551,16.2675724894628,16.6265686310414,36.5313731842429,87.4,0.0561793776129525
NER,2007,88.3730477585325,4.48156703354595,387.168065883301,5.95885887752627,35.50799912227363,11.6867529801847,2.458455976438153,16.2641887037781,19.6749864140836,35.5028028471007,86.2,0.0588032243486555
NER,2008,88.1868966414272,4.479458387819844,475.044955398162,6.16340944249978,37.98761595589544,12.1275084866188,2.495476300920028,16.2586706998252,21.2545623661563,39.7112440540383,86.1,0.0592504254840624
NER,2009,88.0349462944483,4.477733852630494,461.131533961487,6.133683325426616,37.62207113661651,12.5867806110366,2.5326471053518422,16.2511180003032,22.3397565462644,49.5122567031625,83.2,0.071125383576873
NER,2010,87.9840126481428,4.477155123520482,474.425692340831,6.162105003765174,37.9715380774278,13.0645259335281,2.569900613088694,16.2416301279116,23.0003411876002,51.9459863027627,80.7,0.0871239576683192
NER,2011,90.9681910382043,4.5105098963796255,510.75956176268,6.235898954545853,38.88643577130606,13.5598665824584,2.6071144434121054,16.2303066053496,22.7795105220039,50.2463951569345,77.2,0.0858043617469507
NER,2012,88.5686252870793,4.483777678498364,528.510104469655,6.270061924275405,39.313676534248195,14.0812891766006,2.6448469073765697,16.2141284004355,26.5372397334702,45.08596447308,72.7,0.11521705528619
NER,2013,74.5895053226238,4.311999817992055,552.103334363117,6.3137352286905575,39.863252538008204,14.6205873529644,2.682430628136022,16.2162595696064,26.0465019475956,46.2951491493291,78.7,0.109995206237097
NER,2014,71.6549794121069,4.271862648190294,565.30989731175,6.33737407159759,40.162310123357415,15.1700552617036,2.719323436181993,16.2450424611665,23.6059602383299,45.7416008365932,78.1,0.114592549329829
NER,2015,107.144665250434,4.6741799330033675,485.662574175279,6.185514090947897,38.260584569314986,15.741294702771,2.756287495182755,16.3035606587493,22.5383286848915,44.727430371186,78.9,0.108819188928427
NER,2016,104.911460730569,4.653116763300726,502.706475406446,6.220006451869686,38.688480261300526,16.3304278834768,2.793030108934066,16.3898280543236,21.2451950725883,36.4881092245519,80.2,0.104777428213515
NER,2017,88.7878831964248,4.486250190197198,521.804130023434,6.257292287626142,39.1537067727856,16.9222752032841,2.828630813417231,16.5036987906896,21.0721536929256,39.0711117370149,82.0,0.0920857909837752
NER,2018,86.0227651747159,4.45461197255755,578.568035680892,6.360556146772828,40.45667449624961,17.5164356201153,2.86313961846978,16.6449011799221,19.6976779523853,37.5388483992356,82.0,0.0913914590764974
NER,2019,72.4703210969872,4.283177113868753,561.691304349698,6.330952418467333,40.08095852489737,18.1161735217494,2.896805104018011,16.813146499685,20.5861804923542,37.1025664250801,80.7,0.103413157111608
NGA,2000,67.6048124955521,4.213679171277581,547.318298903379,6.305030532459163,39.75341001524228,138.764445469218,4.932777858697178,43.2785051250243,33.823003290999,,86.0,0.792790969926579
NGA,2001,66.48619526898,4.196994336171884,566.428231812933,6.339350385439818,40.187363309375975,142.585499083193,4.959941813350797,44.1262421418539,28.2762662656489,,84.5,0.818897081180304
NGA,2002,63.7295341048324,4.154648098846514,712.164852077686,6.568309418429133,43.14268861622486,146.548512796864,4.98735651901168,44.9793025536893,23.0408371863292,,84.5,0.720895078592108
NGA,2003,60.2336147764619,4.098230581466947,763.388745367223,6.637767397429625,44.059956022379666,150.64466769876,5.014923869654562,45.8372080921761,26.0024149026732,,82.9,0.7843536892773
NGA,2004,56.8972230572213,4.041246536026068,962.48104194733,6.869514369289859,47.190227669879846,154.876692249415,5.042629266439508,46.6994804889599,28.390040064544,,84.0,0.736921009510727
NGA,2005,54.6191447204634,4.000384457198379,1211.37703504386,7.099513036998704,50.40308536251455,159.224889928302,5.07031760496061,47.5656414756863,28.2015834476344,,83.9,0.710050686175941
NGA,2006,53.1631058103829,3.9733646559605407,1599.53891556365,7.37747068892396,54.42707376593217,163.682745369303,5.097930074846764,48.424271994461,25.7516355955536,,85.8,0.621989926382773
NGA,2007,51.7869922895432,3.9471390036295295,1815.52697545827,7.504131049162221,56.3119828030005,168.28316808854,5.1256480848378345,49.2357987173198,24.344717837607,,87.1,0.550572897626193
NGA,2008,50.6308298088503,3.9245606755147078,2154.10543545364,7.6751308051969565,58.907632876883284,173.034919902939,5.153493423278917,50.0505212312351,24.7142488981493,,85.7,0.581139578438694
NGA,2009,49.8346440192099,3.9087104052055834,1820.48633854782,7.506858963356526,56.352931495726224,177.925781481603,5.181366505372418,50.86453484762,21.236761481448,,88.1,0.499337659024901
NGA,2010,49.5384605715282,3.902749349123976,2202.25672957344,7.697237899757034,59.24747128545607,182.969230431393,5.20931799898519,51.6778188255446,25.3174522378126,,86.0,0.566502430832841
NGA,2011,55.0630390979346,4.008478694303355,2418.41316975875,7.79086688909992,60.697606883673465,188.170007795602,5.237345850985059,52.490352424079,28.2777998870502,,84.1,0.606966647220167
NGA,2012,59.3321391307662,4.0831511344118665,2633.19734671361,7.875954107965085,62.0306531107721,193.463360672837,5.265088144012788,53.302114902293,27.0730175029593,,83.9,0.580337328542393
NGA,2013,48.1407324958574,3.8741286481896715,2872.79083379398,7.963039252219641,63.409994132390736,198.787227291193,5.292235043120151,54.1130855192568,25.7423212364316,,81.4,0.63302873569183
NGA,2014,48.1823551711454,3.8749928787471997,3088.72131316169,8.035512469736158,64.5694606512853,204.109616039176,5.318657183057623,54.9232435340404,24.6436085906069,,79.9,0.660183629190404
NGA,2015,77.1229282609024,4.3454006197694905,2585.73360671797,7.857764540382057,61.744463572085635,209.352391932101,5.344018917917441,55.7325682057138,20.160782897492,,81.3,0.621244733321397
NGA,2016,65.4340626973271,4.181042959225546,2070.4127339595,7.635503254770424,58.30090995360974,214.591719094832,5.3687372418231485,56.541038793347,18.17313172689,,81.1,0.631791150085677
NGA,2017,63.2053051290842,4.146388239545775,1876.34027111773,7.53707849431141,56.80755222941155,219.873929751749,5.3930543355154565,57.3486345560101,22.3151171946859,,81.6,0.579461406473008
NGA,2018,57.0231990642382,4.043458186159044,2057.87944554011,7.629431336223453,58.20822251414838,225.017024056568,5.416176061815795,58.1553347527729,25.7333065832929,,80.8,0.592412108680957
NGA,2019,51.7218388551219,3.9458801073149736,3189.81286498516,8.067717531044092,65.08806616071618,230.009377779242,5.438120081045227,58.9611186427056,21.0040409408605,,80.1,0.60197968413501
NIC,2000,25.4133416442397,3.2352742977071527,1017.3124434882,6.924919569601626,47.954511045451575,41.7370201096892,3.7313885073825093,55.2160707858522,20.1553281368856,61.2984974600022,58.4,0.750642143274255
NIC,2001,25.3226107687654,3.231697702891112,1051.874235891,6.958328838519138,48.4183402249671,42.2787518697025,3.7442846399821543,55.3522521763064,21.4993404064897,57.9801315472268,56.7,0.784932657864608
NIC,2002,25.1714026036055,3.2257085328074058,1014.3339042591,6.921987424086836,47.913909899216314,42.7946568057171,3.756413253806548,55.4894961947237,21.462279778213,58.0912844080785,54.7,0.802480199164684
NIC,2003,24.9663582365381,3.217529248102045,1021.35216668794,6.9288826819909675,48.009415220794345,43.3020026591325,3.768198884727189,55.6308042935869,20.5947609449169,62.1750658877514,51.5,0.868783754557459
NIC,2004,24.714118755341,3.20737468985541,1098.62118662335,7.001811205833934,49.025360162141645,43.8167857736413,3.7800169808070443,55.7791779253789,21.396991205962,67.195316780004,51.2,0.880651905436692
NIC,2005,24.4213252477922,3.195456736161412,1183.30214010175,7.076064232976514,50.07068502920951,44.391764999169,3.7930539792442475,55.9375480421093,20.9665631875219,71.6457237072991,52.8,0.825573439683421
NIC,2006,23.8278599348014,3.1708554815722887,1248.17371577788,7.129436734577441,50.82886815234224,45.029541299651,3.8073187477115416,56.1058547675536,20.8761042755265,87.309670832079,53.3,0.861159783755055
NIC,2007,22.862202398137,3.1294849966016223,1350.38145753377,7.208142392655722,51.95731675280055,45.6809290344025,3.8216809030219085,56.2816618351146,20.7270584901063,93.025730229333,52.6,0.880041140622672
NIC,2008,21.8138897668651,3.0825469121732136,1523.68437086409,7.328886609065013,53.71257892853247,46.340310786106,3.836012225630554,56.4638124507513,21.9642332178631,96.7939847302055,53.8,0.833501745599867
NIC,2009,20.9724591700519,3.0432101089037507,1467.08288052845,7.291031273158185,53.15913702617067,47.0051603789264,3.8502573909793028,56.651098305894,21.0756591800109,86.9936104453444,54.6,0.803556764919428
NIC,2010,20.6274477367636,3.0266226033251646,1526.56706951408,7.330776748002456,53.74028772905346,47.676998504238,3.864449069941673,56.842311091973,21.9687134501788,100.364058423919,54.4,0.814142171173605
NIC,2011,23.0111273786789,3.135977898009106,1679.71192084633,7.4263775820069595,55.15108399053553,48.355085590826,3.8785713992185644,57.0362425004184,23.1571014574195,111.827453935999,53.3,0.838899676253052
NIC,2012,20.415804406594,3.0163093267184657,1784.69836017555,7.487004694037964,56.0552392885465,49.0384493933854,3.892604671906716,57.2316842226606,24.5476946484698,115.177288474198,53.3,0.82136320433153
NIC,2013,22.190051857194,3.099644073904097,1835.43996363715,7.51503949395039,56.47581859563413,49.7244889479807,3.906497547120217,57.4274279501299,25.3876146457155,110.984207880382,54.3,0.775237326501605
NIC,2014,20.337626285854,3.0124726820331422,1958.37047579547,7.579868016528035,57.45439914798465,50.4112680737909,3.9202147229813047,57.6222653742564,25.0984490191451,106.698200190796,53.0,0.809215605987777
NIC,2015,20.8100394575554,3.0354355364900214,2074.45620634731,7.637454329088445,58.330708628911836,51.100357320924,3.9337914897668935,57.8149881864705,25.7346979136282,98.194164594236,50.0,0.893922139285724
NIC,2016,19.6627564192395,2.978726309328708,2131.68704828322,7.66466898665169,58.747150674940244,51.7921389396709,3.9472383798276276,58.0043880782023,25.7948753609806,93.8137278130087,49.5,0.918114335021321
NIC,2017,19.1972180629137,2.954765375979217,2182.61380995674,7.6882784329551965,59.10962526264401,52.4865464517201,3.960556878695396,58.1892567408822,24.8173354804008,96.3805864351182,48.9,0.899666272497
NIC,2018,17.5246038706428,2.863605828992879,2035.16549390507,7.6183324183563705,58.03898883657963,53.1833139438258,3.973744699477433,58.3683858659405,24.9956784644064,93.9847404925404,51.3,0.809411757353033
NIC,2019,14.9843484599445,2.7070062203401832,1958.62051528095,7.579995685693672,57.45633459513468,53.8778211733422,3.9867189122193487,58.5405671448072,24.2809201178084,94.0422159246213,50.5,0.821126102136495
NLD,2000,19.1568334196667,2.95265948851176,26225.1697734149,10.174474906967658,103.51993963251454,471.727280805687,6.156401023694548,78.4826828427081,21.0997122897183,125.667030082421,1.7,11.1051053739996
NLD,2001,18.809077267801,2.9343395867030377,26955.7128032278,10.20195053172933,104.07979465185238,475.30154028436,6.163949424271898,80.1840578652121,21.2866582046254,119.47546387654,1.8,11.3084173304799
NLD,2002,18.4175601180365,2.9133045637495774,29446.5330872868,10.290331460156297,105.89092155988243,478.345053317536,6.170332340934585,80.8085275226169,20.5111940521097,112.750024358671,1.9,11.2597436028111
NLD,2003,18.0181068887099,2.8913771905409837,35896.7504630706,10.48840205403051,110.00657764699143,480.607286729858,6.175050484922466,81.3011308878582,20.0329772130953,111.30450319576,1.9,11.3578841244373
NLD,2004,17.646542498158,2.870539871734235,40611.3414353091,10.611802652277348,112.61035553088055,482.280183649289,6.178525239042952,82.250953139759,19.9551143492992,116.958160026939,2.2,11.4700426777688
NLD,2005,17.3386918647178,2.8529405281789377,42165.396168388,10.649355167633713,113.40876548640686,483.408412322275,6.180861870522338,83.5048949725161,20.2797936079201,122.255849523252,2.7,11.1632826932179
NLD,2006,17.0873539526835,2.838338654986973,45123.5432406426,10.71715941235824,114.85750586989883,484.185456161137,6.182468007210912,84.6532280358545,20.4722492697176,127.195613539333,3.1,10.8698765534362
NLD,2007,16.8600537860816,2.824947142727672,52100.7996285947,10.860935575581351,117.95992157692861,485.23981042654,6.184643223222855,85.4089231499726,20.4312954116655,129.798241740597,3.7,10.9184543529559
NLD,2008,16.6547053728472,2.812692781476996,58246.7026905874,10.972442763655584,120.3945002016978,487.132494075829,6.18853614783785,85.6149582464487,20.7836953534398,130.152049980117,3.9,10.9418188812042
NLD,2009,16.4692227209156,2.8014933494459977,53172.0261581418,10.881287712940686,118.40242229179395,490.079691669137,6.194568013940326,86.2223179632671,19.5831938213792,115.109660363107,4.4,10.5716574831758
NLD,2010,16.3015198382221,2.7912583450747057,51305.7338533973,10.845557795934335,117.62612390495202,492.599881411207,6.199697244945862,87.3502790247129,18.9533173048512,130.081707935343,3.9,11.2017265434693
NLD,2011,16.1617295903622,2.782646076472315,54701.7728030611,10.909651397447254,119.02049361382282,495.049644128114,6.204658048707774,88.0059204972573,19.3209585785648,141.757099325776,4.7,10.4278277326273
NLD,2012,14.3672482834675,2.664951191390186,50473.9442002689,10.829212525681811,117.27184392638382,496.884994068802,6.208358599055477,88.5342462391333,19.3226704262327,149.393223058131,4.9,10.2418555171895
NLD,2013,13.2849780292156,2.5866339254065402,52602.2860520766,10.870514858847491,118.16809329642409,498.795844464233,6.2121968827050855,89.1749992370605,18.6870743291059,150.651850226949,5.0,10.0780436970437
NLD,2014,12.61325866781,2.5347485359269584,53457.2234864322,10.886637052063445,118.51886630336067,500.593885425942,6.2157951644323495,89.8364787097165,17.6818782630222,151.715891056501,5.6,9.59164086966339
NLD,2015,13.1341450114978,2.575215328631981,45793.8135434697,10.73190428550867,115.17376959331934,503.116216216216,6.220821189568186,90.2787737214621,17.4148103121536,160.325812564809,5.8,9.99734178248626
NLD,2016,11.9585215795702,2.4814441271333654,46808.5291492503,10.753820712079664,115.64465990755357,505.800831600832,6.226142978364272,90.5803239452777,16.9640712326865,150.96552921165,5.6,10.028805106001
NLD,2017,12.7176558041706,2.5429912488031428,49513.6817346384,10.810004309045267,116.85619316157724,508.8,6.232055012025913,91.1219700676602,17.1210117451832,159.646059656847,6.4,9.81688717537774
NLD,2018,12.0708917579666,2.49079691456476,53955.0770024266,10.895907071956978,118.7207909207221,511.779744579745,6.237894346115121,92.6062472401044,17.3241048530815,163.559146573044,7.4,9.46486529650368
NLD,2019,11.3641419467189,2.430462954825485,53554.9007491475,10.888462588946103,118.55861755087888,515.143272943273,6.244445061863173,93.8898028856479,17.1127557495056,160.676671884999,8.6,9.10784361996519
NOR,2000,10.4740973033701,2.348905285805561,38178.2368777076,10.550020917002016,111.30294134918005,12.2957995203207,2.5092577016401925,76.1338922449534,36.7998293058526,74.3125187193698,60.2,9.30078087859475
NOR,2001,10.1879455331557,2.3212052109266046,38601.897639231,10.561056715882637,111.53591895608976,12.358179737381,2.5143181707457587,76.3958619273785,35.5696147591,73.1583039085777,59.6,9.367707700314
NOR,2002,9.77123127954717,2.2794424846797394,43170.557174499,10.672913994986944,113.91109314438816,12.4250062971603,2.51971107879627,76.7955442460288,33.6163207375275,67.5170140875686,59.5,9.16323116929134
NOR,2003,9.30851275504977,2.2309293314872174,50250.3298214345,10.824772389510418,117.17569728470708,12.4980971624448,2.525576405716133,77.2600021362305,33.8137855236301,66.3207509412935,56.2,9.73649765436142
NOR,2004,8.88434817216868,2.1842910961882214,57768.6980958462,10.964202352531172,120.2137332272501,12.5721709323083,2.5314857151130408,77.5684593888498,35.4260864604952,68.671953774992,56.9,9.7760844615857
NOR,2005,8.58329574340912,2.1498179590234,67047.1704558264,11.113151687309685,123.5021404251541,12.6580888392417,2.5382964447549106,77.8260148882032,38.3804105782717,70.4694504909023,58.6,9.3683698473663
NOR,2006,8.3718056211126,2.1248695865780256,74434.4996835671,11.217674818767335,125.83622833960678,12.760447810231,2.5463503721465237,78.0877227783203,40.0562998933421,71.6599299465003,57.0,9.44326328556989
NOR,2007,8.17307019719305,2.100844627410977,85502.2677087731,11.356298177482753,128.9655082958981,12.89317004523,2.556697717299301,78.4072502632828,37.619260274878,71.9420263082298,57.4,9.5358549616035
NOR,2008,8.00676104351433,2.08028631519748,97503.5407803783,11.487643972022727,131.9659640279501,13.0548674310872,2.5691610474528233,78.7541006020666,40.8115905550248,74.7852799340995,58.5,9.87892316868461
NOR,2009,7.89254973194028,2.0659192425945894,80347.5700665184,11.294117128847983,127.5570817201374,13.2205484552792,2.581772320346588,79.0570820210427,34.8690747104576,67.4643154601855,56.7,9.34509433751263
NOR,2010,7.85010783433474,2.060527268557896,88163.2085931423,11.386945018837231,129.66251686202204,13.3862623342204,2.5942289821422087,79.245002746582,35.3094842115323,68.2395193584281,56.0,9.81436424221947
NOR,2011,8.65989791417676,2.1587029343035646,101221.813476644,11.525069560796512,132.8272283811983,13.5610386481366,2.6072008760491405,79.311620451463,37.6245805499,69.5987336334833,56.0,9.47669413505272
NOR,2012,7.30698815670179,1.988831171992356,102175.919298374,11.534451305684629,133.04356692320982,13.7403297521657,2.6203352859360396,79.4905925441617,37.4765762389368,68.4985528389766,56.9,9.2436037096601
NOR,2013,7.02749190738719,1.9498298722343421,103553.840134417,11.547846950968717,133.35276920299748,13.9120886837683,2.6327581516556076,79.9723980455359,36.2739314669769,67.9727925936832,56.6,9.22857857758341
NOR,2014,7.09267324687363,1.9590623141735848,97666.6951838749,11.489315891316119,132.0043796504491,14.0704449094514,2.6440764917671844,80.6117159535579,34.6738352116026,69.1373772209037,55.8,9.1470465028638
NOR,2015,6.75214227846257,1.9098598291188251,74809.9658049898,11.222706387774911,125.9491386662038,14.2079384825517,2.653800856465082,81.2378240971353,31.5986317732861,70.431856540017,56.5,9.24221086700149
NOR,2016,6.23059189808068,1.8294713360040196,70867.3609970749,11.16856525387484,124.73684983006038,14.3354243797401,2.662733703343597,81.6800003051758,28.5306166329967,69.1168423974699,57.7,9.04975223129384
NOR,2017,6.52155808218128,1.8751133170495662,76131.8384032764,11.24022183221934,126.3425868375003,14.452576255125,2.6708726862190075,81.9699745912375,30.4933671932528,69.1087817621061,58.9,8.98402264330578
NOR,2018,6.69607752509394,1.9015219109418273,82792.8427113304,11.324096895952724,128.23517050892613,14.5488896436123,2.6775146775517107,82.2452112401723,32.6446122707692,70.0031957894984,58.9,8.78033462878555
NOR,2019,6.38122446338577,1.8533600011027758,76430.5889473338,11.244138273916175,126.4306455229466,14.6479975020132,2.6843036368378694,82.4935894878281,29.8244589771798,70.8958205272987,59.8,8.47933467666537
NPL,2000,57.9103771850316,4.058896594513527,223.830289183078,5.4108881271271,29.277710324285014,171.234802929892,5.1430357311893,31.0994241803849,20.7355700311999,55.7105890041319,88.3,0.139302904539297
NPL,2001,58.2838727140248,4.065325429256985,240.795114544664,5.483946424793072,30.07366839000072,174.026843390303,5.159209559673836,32.808952331543,16.6609082977555,55.7999210803706,87.8,0.146516090995107
NPL,2002,58.7692779115223,4.073619233864073,238.89140296106,5.476009067753154,29.986675310114762,176.693275200558,5.174415320879637,35.0358944291182,16.9468247421334,46.2307185004451,90.0,0.117821557843168
NPL,2003,59.2354499589495,4.0815201795448255,246.429706587633,5.507076786842106,30.32789473617517,179.203055458668,5.188519550946074,38.045308394296,16.9713000603375,44.2478836156195,89.4,0.131890377884365
NPL,2004,59.5512460377322,4.086837219809642,279.587750044428,5.633316196969347,31.73425137503719,181.490449947681,5.201203034952415,41.6109470808194,16.6573202744672,46.1472867206087,90.3,0.112501007047178
NPL,2005,59.585523329296,4.0874126474075485,309.024168339372,5.733419488529661,32.87209903145172,183.533017091036,5.212394580960649,45.5065633424317,16.4670892346949,44.0629474798613,89.5,0.124510356693779
NPL,2006,58.323855130818,4.066011188581844,340.431796437968,5.830214801379075,33.99140463021965,185.318625741193,5.22207664492195,49.5059100328759,16.0679668054868,44.7619877569242,91.2,0.102106403341938
NPL,2007,55.5324687996932,4.016967873110797,385.449767660642,5.954410880130779,35.4550089294198,186.874726194629,5.2304384789646345,53.3827400058951,15.873140183038,44.5792750200254,91.3,0.104220125567352
NPL,2008,52.2512026076732,3.9560629069948448,464.817391891529,6.1416446228487,37.71979867336635,188.28069061737,5.237933884559834,56.9108061152324,16.049986636556,46.0362063511913,90.5,0.114316256772823
NPL,2009,49.5198948265099,3.9023745045152385,473.078751198621,6.159261867653848,37.93650675433477,189.557272410185,5.244691207937967,59.8638612146309,15.0668034711092,47.0794477633688,88.9,0.149560032583773
NPL,2010,48.378383727955,3.879053096768411,585.278491984574,6.372087788628265,40.603502785985455,190.73562608999,5.250888312620094,62.0156581578338,14.2007622567226,45.9849057742707,87.3,0.175005793295226
NPL,2011,57.7405744835303,4.055960123674907,785.518656222132,6.6663442081738244,44.44014510185269,191.59047087548,5.255360129829605,63.139949798584,13.393470598846,36.296758890097,87.0,0.195186556140448
NPL,2012,71.4060546576235,4.268382664876675,788.202937148377,6.669755591153829,44.485639645727765,192.081723055459,5.257920922382233,63.6558406194333,13.9771618084251,37.921906058758,84.7,0.226080233042303
NPL,2013,71.4182305954874,4.268553167223273,803.269595420477,6.688690392868628,44.73857917165308,192.465964422742,5.259919329901879,64.1314570156048,13.7983375627601,41.8653757376722,86.0,0.228209529280106
NPL,2014,75.117974167847,4.319059866589707,821.455224911731,6.711077431928296,45.0385602973373,193.040599930241,5.262900529114687,64.5640847098488,13.5645652301586,45.9826416115927,84.0,0.265694626083707
NPL,2015,70.9361955250807,4.2617808184328885,875.543635474862,6.77484499111767,45.898524653672176,194.095772584583,5.268351710363253,64.9510094249155,13.1616546296789,46.6657303895158,85.2,0.263161214520219
NPL,2016,72.4074854195922,4.2823096838206895,877.256454696737,6.776799372312274,45.92500973257203,195.015430763865,5.27307868755535,65.2895168835553,12.6554177701811,42.115486124737,79.4,0.385041034199327
NPL,2017,64.6442716077629,4.168899495070338,1034.28374906846,6.941464436250713,48.18392851973343,195.404659923265,5.275072587447478,65.5768928085184,12.8625858899927,44.6424106224996,76.8,0.471231959664218
NPL,2018,64.2108322791754,4.1621719235530605,1179.19843190389,7.072590191637622,50.021532018848696,195.882029996512,5.277512590250459,65.8104229225551,13.2006396343014,48.4473869461067,75.0,0.531555032536151
NPL,2019,57.2750179345088,4.047864541469302,1203.14294706401,7.092692534405107,50.30628738760594,198.214607603767,5.2893503205108905,65.9873929484157,13.0106754142894,49.2495265874454,78.2,0.473751308506942
NRU,2000,6.49312954325201,1.8707446245443313,2648.60152860938,7.881787054631329,62.122567174554,508.4,6.231268539315299,100.0,,,0.0,0.0
NRU,2001,6.4406041290023,1.8626223445677759,2232.30874026726,7.710791638427751,59.456307691247325,506.5,6.227524323688738,100.0,,,0.0,0.0
NRU,2002,6.37205955758428,1.8519227387687605,2084.64824520971,7.642355412666746,58.40559625351671,504.1,6.222774661088585,100.0,,,0.0,0.0
NRU,2003,6.2937603199485,1.8395587171971548,2463.28259078079,7.809250125920209,60.9843875291848,502.95,6.220490761580347,100.0,,,0.0,0.0
NRU,2004,6.21197090704552,1.8264782219280042,3040.51349889,8.019781694244438,64.31689842333819,503.0,6.220590170099739,100.0,,,0.0,0.0
NRU,2005,6.13295580982591,1.8136768213066068,2992.40382776926,8.003832299161067,64.06133147309393,502.45,6.219496132494967,100.0,,,0.0,0.0
NRU,2006,6.04877960145641,1.7998565329272476,2910.14145794684,7.9759569699623585,63.615889586691125,501.7,6.218002331490207,100.0,,,0.1,0.0
NRU,2007,5.9521532710351,1.7837530483812072,2272.15291307045,7.7284830808643274,59.729450731206164,501.0,6.2166061010848646,100.0,,,0.1,0.0
NRU,2008,5.85031093340953,1.7664948108414762,3756.84531228766,8.231334871526345,67.75487376720562,500.45,6.215507693665028,100.0,,164.285714285714,0.1,0.0
NRU,2009,5.75048670342725,1.749284495301456,4410.56764668962,8.39175867822764,70.42161371360892,500.8,6.216206819785889,100.0,,145.0,0.0,0.0
NRU,2010,5.65991469593581,1.7334088207120841,4735.92000502092,8.462931285589459,71.62120594460885,502.15,6.218898879839348,100.0,,100.0,0.0,0.0
NRU,2011,5.56184372395386,1.7159296583213681,6444.03642094634,8.770910396196836,76.92886917811374,504.9,6.22436038986487,100.0,,130.30303030303,0.0,0.0
NRU,2012,5.46647887492585,1.6986346934242842,9842.77032731856,9.194492487751225,84.53869210731371,513.35,6.240957873744974,100.0,,120.408163265306,0.1,0.0
NRU,2013,5.63857846451038,1.729631988441635,8974.51886874433,9.102144603980172,82.84903639176535,525.85,6.265016000966037,100.0,,179.347826086957,0.1,0.0
NRU,2014,5.44762950932866,1.695180561639153,9230.05440328927,9.13022022166038,83.36092129601613,537.1,6.286184296911414,100.0,,197.222222222222,0.0,0.0
NRU,2015,5.64757051079538,1.7312254545933474,7747.25584993607,8.955093975765678,80.19370811479473,547.7,6.305727691789675,100.0,,200.0,0.1,0.0
NRU,2016,6.08542537261406,1.8058966291094811,8748.15632605428,9.076598251556321,82.38463582015527,557.5,6.323462503334274,100.0,,170.149253731343,0.2,0.0
NRU,2017,6.44256644272133,1.8629269766803884,9656.97976571484,9.175436224667513,84.18862991294081,566.2,6.338947372677799,100.0,,142.068965517241,0.6,0.0
NRU,2018,6.14206344633958,1.815160751880546,11413.7463016389,9.342573723903678,87.28368378657544,573.85,6.352368038126677,100.0,,140.640059171598,0.7,0.0
NRU,2019,6.02606444596139,1.7960941353010036,10801.7705659635,9.287465340968323,86.25701245968784,579.35,6.361906785443072,100.0,,155.906685714286,0.6,0.0
NZL,2000,6.92139404317208,1.9346172006664297,13641.1027183822,9.520842772585889,90.64644710030095,14.6507918423151,2.684494384672364,85.7059660456056,23.5899832274969,68.5169268768932,26.4,8.55385333229644
NZL,2001,6.85958648572071,1.9256471608714798,13882.8568268586,9.5384100361428,90.98126601758969,14.7373817933235,2.6903872450220603,85.7545174444303,23.109733358195,67.2338243520418,24.6,8.99577374049736
NZL,2002,6.7529232983427,1.909975492367783,16874.1874918196,9.733540365948635,94.74180805555147,14.9956325244009,2.7077589936655,85.8061578183401,23.8583824649914,62.6559945554479,26.6,8.864910725592
NZL,2003,6.63654227442674,1.8925910860520394,21913.7081719961,9.994867663910165,99.89737961907704,15.2945197675743,2.727494579108913,85.857962055807,23.2578095804902,57.914769345753,25.9,8.91989471593166
NZL,2004,6.54558120736157,1.8787901971551384,25420.234882944,10.143300784785099,102.88655081062201,15.5235274011621,2.7423567699333713,85.9017708294597,23.5521710155992,58.7995522745359,28.2,8.69032415902141
NZL,2005,6.51517789053587,1.8741345149677962,27751.0654708859,10.231029513784737,104.67396491193435,15.6997455470738,2.7536445050301728,85.9299325780946,23.9417689045459,58.0187434407163,26.8,8.75495294999879
NZL,2006,6.57279629787026,1.8829393580618674,26654.5932018985,10.190716767534644,103.85070823611174,15.8922942539212,2.7658343536330126,85.9356841665703,22.9953954559196,59.6032650403479,27.0,8.67562013095636
NZL,2007,6.69225241519321,1.900950501360219,32479.9817381467,10.388379232026278,107.91842306839487,16.0411682047776,2.7751584305081356,85.9291840664852,22.9690421217852,58.4251605749091,27.0,8.30766134760169
NZL,2008,6.82821205375524,1.921062860946032,31324.7397977102,10.352163473192187,107.16728857569451,16.1778891800539,2.7836454445323624,85.9144723093505,23.4180182363135,64.2611448527979,26.1,8.49532841917461
NZL,2009,6.93534102480686,1.9366302270072104,28276.7255416225,10.249794326235328,105.05828373012592,16.340435228438,2.7936427248444504,85.8918345477824,21.5920234531835,55.0143501856026,28.5,7.7665829963278
NZL,2010,6.96830513959859,1.9413720301526005,33761.9009639947,10.427088255299847,108.72416948381199,16.5231096426266,2.8047599854046656,85.8614043258228,21.3739109959972,58.1047406012087,29.4,7.68715379134392
NZL,2011,6.74391297899936,1.908640317146458,38431.7766788499,10.556639914050221,111.44264627491826,16.6495765447571,2.812384783355714,85.8233151875134,21.0821962770197,59.1724105593848,30.3,7.46138229927007
NZL,2012,6.77378849107112,1.913060530269364,40053.6991536369,10.597976311617959,112.3171019016154,16.7411036420949,2.8178669913287004,85.777700676896,21.0796325358149,56.9087671962042,28.8,7.89151788752524
NZL,2013,6.77775160923795,1.9136454258975328,43000.4646849189,10.668966201243329,113.8268398032725,16.8702290076336,2.8255504713106476,85.7080129786455,20.3295523823426,55.9861241102171,28.3,7.78476396299048
NZL,2014,6.59603176441408,1.8864682203943803,44618.266973847,10.705898627560504,114.61626542360189,17.1527856898713,2.842160591317765,85.5076659530411,21.4447733176352,55.0986550961851,29.0,7.81374958485553
NZL,2015,6.57020164227168,1.8825445233911013,38665.3723018158,10.562699705907054,111.57062507716897,17.5056017621815,2.8625209304042567,85.1518763760531,21.2079712328178,54.851331734287,29.3,7.67750683386124
NZL,2016,6.63410190310228,1.8922233011398193,40113.7195382428,10.599473687903732,112.34884246056355,17.9032319319433,2.8849812514058106,84.691365594,20.173239535132,52.4062478142589,30.1,7.36993275492671
NZL,2017,6.82907618571061,1.9211894061197696,42950.3841711138,10.66780087198506,113.80197544432521,18.2811135163875,2.9058684786340043,84.1701025874108,20.5291845375564,54.1432970416804,28.4,7.53415323250789
NZL,2018,7.21258721355312,1.975827723761543,43257.0769238879,10.674916127272361,113.95383432429955,18.6115225399719,2.9237808803099097,83.8017846685577,20.3819514710778,55.7664814899437,28.9,7.27125249969391
NZL,2019,7.42296671535298,2.004578804136805,42855.831861632,10.665597014219891,113.75495966973625,18.8762295393263,2.9379034341698556,83.804965871667,20.3679361122366,54.4542971758367,28.0,7.49357181659055
OMN,2000,46.856337239182,3.84708626611479,9753.84755185404,9.185417106852599,84.37188742686037,7.37360581583199,1.9979068424341213,71.5400835229196,56.1632471841847,81.4132822358275,0.0,11.5318533423366
OMN,2001,46.9093110611639,3.848216185836526,9611.96360191054,9.170763810114956,84.10290886091418,7.464352180937,2.0101386463731,71.5179623016414,53.2718052025626,84.5270024947002,0.0,12.3287119781389
OMN,2002,46.942912732487,3.8489322407449897,9869.13050219438,9.197167033531166,84.58788144267247,7.5513408723748,2.0217251464821393,71.5013318111475,52.8284867004183,83.6537485764543,0.0,13.0297714300384
OMN,2003,46.9562614200604,3.8492165603417017,10463.5425832141,9.255652359363665,85.66710059739418,7.63746688206785,2.0330659882615167,71.4926171971641,52.5914554000484,84.846636733578,0.0,13.6147958622487
OMN,2004,46.9484762907932,3.849050751257414,11800.8507411171,9.375926904559753,87.90800531964743,7.77001938610662,2.0502726593708607,71.5428923484265,53.36473693375,88.611307129045,0.0,13.2140812143607
OMN,2005,46.9186765115943,3.848415816047165,14434.8577924647,9.577401240470033,91.72661452095693,7.94766397415186,2.072878045757563,71.8577803438712,60.285371070288,86.7613020421318,0.0,13.4330730684827
OMN,2006,46.4375473768157,3.8381083427049827,16930.8565071853,9.73689306493936,94.80708655806421,8.12534733441034,2.0949884761525985,72.3920261203777,60.292833102235,86.1457079854133,0.0,16.7589405895908
OMN,2007,45.3496773973946,3.814403062917202,18792.653772482,9.841221315669843,96.84963698399447,8.30427786752827,2.1167707877529387,73.0679250158092,57.7212395336941,94.8657889777347,0.0,17.7305116307301
OMN,2008,44.0650405651187,3.7856667371257764,26576.779241509,10.18779315267205,103.79112932163152,8.48636187399031,2.138460389518139,73.807772368029,63.599715349163,94.7619029877161,0.0,17.0293950685486
OMN,2009,42.9936108717757,3.761051520276501,20655.9180249218,9.935757144494206,98.71927003436765,8.67418093699515,2.1603509048906973,74.5338635149003,57.5656243990977,91.6279353346997,0.0,17.5455802766757
OMN,2010,42.5453623091529,3.7505708551696655,23570.1798147325,10.067737624867242,101.35934088316749,8.90935702746365,2.1871020758556825,75.1579724666274,63.2733093237295,96.3865546218487,0.0,18.6742369569522
OMN,2011,49.2481622561594,3.8968720523261426,25188.0074151885,10.13412326400229,102.70045432999241,9.94107592891761,2.2966752571565388,75.6585803514688,68.1872487230601,101.641731939942,0.0,19.4168676625401
OMN,2012,52.3107821072608,3.9572025086617026,24642.2978768596,10.112219671288631,102.25698668039675,11.4607625201939,2.438929246611804,76.088156621068,67.5378696587491,102.0747604043,0.0,19.0117803076649
OMN,2013,47.6490783670685,3.8638632881937136,23458.0233840053,10.062967863926605,101.26332223041959,12.3874410339257,2.516683139517689,76.4914234214313,64.9283987461105,112.543521763774,0.0,18.4231097575767
OMN,2014,41.256352667596,3.719805104986215,23160.6502252547,10.050210006649246,101.00672117775264,12.9319515347334,2.559701112155375,76.8892576748951,62.0562918738146,102.27872108813,0.0,18.7456448430569
OMN,2015,47.9189950499705,3.8695119821759905,18808.3077921839,9.842053955046863,96.86602605405359,13.5214701130856,2.604278800878439,77.3025363037955,53.0988656602003,96.3775801852347,0.0,18.9549319636454
OMN,2016,45.4803385490064,3.817280112764181,17110.1897460545,9.747429456599997,95.01238101139332,14.1870016155089,2.652326166202324,77.7521362304688,47.9402499394191,82.8642642018901,0.0,18.3626186750392
OMN,2017,48.7046852088573,3.8857752309817735,17820.0661809335,9.788080414875003,95.8065182080596,14.6604071082391,2.6851504660755934,78.3142260040136,49.5943955174432,88.9531480182956,0.0,17.9309674535791
OMN,2018,49.6250528984572,3.9044958049706593,19901.7615642016,9.898563527608998,97.98155991011109,14.8558222940226,2.6983918620794665,78.9655839720276,53.893815370623,89.2792178262847,0.0,18.3513173579893
OMN,2019,44.8977643665473,3.8043880021176473,19180.1864152801,9.861633067643591,97.25180676084155,14.8343812600969,2.6969475447568265,79.5780017545962,51.3792329456517,86.4782010313236,0.0,18.6062766036459
PAK,2000,59.1634156257704,4.080303371567632,642.338346499898,6.46511518433422,41.797714346708894,200.912109537152,5.302867546446109,33.0046884491535,17.1836347813683,21.4599638884654,51.0,0.722433695019472
PAK,2001,59.2619346333226,4.08196718814177,609.939506905073,6.413359783241709,41.131183709302135,206.609208955998,5.33082912953532,33.1988471664032,17.5934942779914,23.5772074298467,51.5,0.715614685361213
PAK,2002,59.3494608897258,4.083443037437771,599.937345723927,6.396825225970147,40.91937297160803,211.735353102947,5.355337160433488,33.3857078542752,17.1588876671988,23.1290159545291,51.4,0.694336050345593
PAK,2003,59.3699841751069,4.083788781735587,672.44178669894,6.510915545199785,42.39202123672421,216.778549190536,5.3788763218222435,33.5669209665019,17.3885833649452,24.6501585248398,50.1,0.703114269808277
PAK,2004,59.2674942695927,4.0820609983680685,771.902247348954,6.6488579194024755,44.207311632401016,222.195413034454,5.403557233583154,33.7441369568158,18.9071452885794,24.8083348519064,47.9,0.767369779199701
PAK,2005,58.9859809533101,4.077299804710917,827.619861189926,6.718553944121279,45.138967100067596,227.601198630137,5.427594968627311,33.9190062789495,19.9330293059047,29.8784940550747,48.0,0.763286111855279
PAK,2006,57.4454012873738,4.050834953873649,900.873564984808,6.803364920330677,46.28577423918603,233.087756849315,5.45141502149336,34.0931793866356,20.199119664936,33.0497193672284,47.0,0.808708952431645
PAK,2007,54.3352703751572,3.995173562579681,998.090114197524,6.905843567022234,47.69067537218237,239.328080894562,5.477835334016294,34.2683067336065,19.9449553163591,30.7878814312746,44.9,0.877889118869624
PAK,2008,50.7539150601749,3.926988758989303,1067.04324565284,6.9726467806143,48.61780312721097,245.821804950187,5.504606903328371,34.4460387735948,21.1955484525846,34.3489608135242,46.6,0.825212305875015
PAK,2009,47.7996621859414,3.8670185722327175,963.788066395225,6.870871422302668,47.20887410181548,252.148886986301,5.530019734419401,34.6280259603331,20.3372467582902,33.3268872863988,46.4,0.823532021617383
PAK,2010,46.5708385959715,3.8409745640464914,987.304571124485,6.894978574531212,47.54072954324447,258.456630085098,5.554727904573206,34.8159187475539,20.9650197800876,31.9890020462315,47.4,0.781255493557947
PAK,2011,55.754979166674,4.020966718758821,1131.73513834324,7.031507254657717,49.4420942723041,264.303218399751,5.577096998606671,35.0113675889897,21.1864809532945,32.3626382751438,46.8,0.761925389822866
PAK,2012,66.8719540673752,4.202779657522818,1204.36475491585,7.093707532575813,50.32068655772283,269.389691002491,5.59615899673514,35.2160229383731,21.9583720724829,31.3189732760076,47.2,0.756547286914094
PAK,2013,68.5813248667094,4.228020265406199,1225.4340119198,7.111050355675752,50.56703716095623,273.809124636779,5.612431238218625,35.4315352494366,20.8910295084645,30.8902743401844,48.1,0.761812998094914
PAK,2014,71.7121701033462,4.272660469650317,1266.61340849959,7.144102010241037,51.03819353273002,277.948120330012,5.627434478757479,35.6595549759128,20.8659912298838,29.4698256903998,47.2,0.78969023760602
PAK,2015,68.0068767608943,4.219608828899611,1380.47020838317,7.230179450828166,52.27549489117787,281.873810450394,5.641459490116398,35.9017325715342,19.602614668814,26.6881860172247,45.9,0.820485873767654
PAK,2016,68.5228297189002,4.227166970310434,1424.69161195897,7.26171065662178,52.732441660494324,285.568271326276,5.654481129497993,36.1597184900333,18.1501179723214,24.7015780480573,43.7,0.893970251114536
PAK,2017,61.7967274713574,4.123850409523651,1519.23459514248,7.3259619311861925,53.66971821718933,289.635179275633,5.668622128533308,36.4351548223399,18.0993270885214,25.472035002344,42.1,0.955309760765795
PAK,2018,62.3894976390133,4.1333969541430635,1569.33814626355,7.35840924657028,54.14618664001099,294.376416562889,5.684859276862336,36.7478511550359,18.5890515927482,27.6260570796337,43.4,0.891523323526385
PAK,2019,52.8571976958305,3.9675938940711037,1390.41690981745,7.237358916273659,52.379364082965836,299.399256693649,5.701777989329304,37.1091631735769,19.5638945814483,28.9055769867032,45.9,0.861524807145574
PAN,2000,19.0802656518594,2.9486545889766433,3975.09310275544,8.28780344889098,68.68768600744922,40.4946058649448,3.7011687767222337,62.2165370013582,18.301557181659,139.197934301758,27.7,1.72414079469992
PAN,2001,18.9634872971769,2.9425154090899754,3991.77672094655,8.291991704240507,68.75712642319338,41.2905165456013,3.7206328500062646,62.6337017277411,16.4037220567523,135.584350668206,24.0,2.02167297543571
PAN,2002,18.7165070963527,2.92940586690668,4090.58616456082,8.316443555286554,69.16323340826726,42.0950228679042,3.7399295120346205,63.0330904426342,15.5868422953254,126.024482739773,28.7,1.72892465641361
PAN,2003,18.3823010749667,2.9113883035944483,4264.66428949623,8.358118743931211,69.85814893765425,42.9083535108959,3.759066527512093,63.4079949945516,16.7622315935696,117.267478912327,27.4,1.71837982674187
PAN,2004,18.0038452585985,2.890585360559186,4644.56581177581,8.443453172557264,71.29190147716733,43.7335889157923,3.778116431935907,63.7553758418416,17.1143205033941,124.761756836196,28.2,1.69444397452598
PAN,2005,17.6241156728278,2.869268172848215,5017.74110414832,8.520735132161407,72.60292719244967,44.5658595641646,3.7969680852720136,64.0721934428526,16.9418882346097,139.211164757519,22.8,2.1436596030336
PAN,2006,17.130398873231,2.840854597133879,5528.76705854901,8.61772011460378,74.26509997364657,45.3998385794996,3.8155085495233516,64.355408255933,17.0590241541399,141.472571182754,22.1,2.21959903099948
PAN,2007,16.4824078207149,2.8022936194348422,6317.8173051466,8.751129064379615,76.58225990142964,46.2401129943503,3.8338476680105806,64.6019807394311,17.3951362456171,148.665601032972,22.8,2.17542451032585
PAN,2008,15.8317581488557,2.762017932088062,7347.59049046839,8.90212771403464,79.24787783698359,47.0896959913909,3.852054208328718,64.8088713516952,19.4422776642603,164.586286421944,23.4,2.07330185725614
PAN,2009,15.3300654912291,2.729815964970429,7796.92618363433,8.9614848559869,80.30821082408254,47.9470137207425,3.8700965203648456,64.9730405510737,18.8451292858244,137.046021377188,20.4,2.43388683757432
PAN,2010,15.1289454814112,2.7166098281744215,8331.46422259967,9.027794496736687,81.50107347530923,48.8099946193167,3.887935099661736,65.0926097647906,18.7740620895039,145.448718647896,20.6,2.52989154024971
PAN,2011,15.8945138063768,2.7659740060608375,9662.29590911979,9.175986570718639,84.1987295460088,49.6839521119182,3.9056819858282945,65.1896678664818,19.3755839924897,158.20839556043,19.7,2.7068055952273
PAN,2012,14.6776716917331,2.6863274065020337,11064.8063662003,9.311524752666443,86.70449321951986,50.5684153887544,3.923327179595095,65.2829468288151,20.9812468831741,153.208620289839,21.2,2.77914034053547
PAN,2013,15.3884130435778,2.733614826457144,12273.3224983788,9.415183283314018,88.64567625839574,51.4572101156847,3.9407505907645137,65.3709770103365,24.4155078532725,133.071568994167,20.7,2.68272349907681
PAN,2014,14.8554074199235,2.698363934989062,13213.1989591137,9.488971530131296,90.04058069964228,52.5108067997841,3.96101899222006,65.4531164770096,25.7779037541134,114.970604967371,19.8,2.76763115859532
PAN,2015,14.7706187901647,2.6926399907344147,14082.6548434996,9.552699166163743,91.25406135922547,53.4273475445224,3.9783227411761475,65.5287232947981,26.578949117256,96.5791573893461,22.0,2.68464798922232
PAN,2016,13.8724498973293,2.629904851557355,14832.3611652459,9.604566637916795,92.24770030218433,54.3589584457636,3.995609428793341,65.5971555296656,27.4158212440648,84.3959718486228,22.1,2.64685340546218
PAN,2017,13.844753026596,2.6279063180092135,15694.6297518495,9.661073878800254,93.33634849163658,55.298259579061,4.0127414356833135,65.6577712475758,28.2545621203247,84.0475372059131,23.6,2.47597596022355
PAN,2018,13.2136956449094,2.581253840567303,16151.3273433486,9.689757513716156,93.89140067461871,56.1857643569695,4.028663421556186,65.7099285144924,28.3264605966594,86.1309615270001,24.5,2.38158191493956
PAN,2019,11.8842931085395,2.47521762142777,16477.9066268111,9.709775770322953,94.27974550995069,57.0868158533297,4.044573194262905,65.752985396379,28.4159326937794,80.4286505707227,19.0,3.10862634897395
PER,2000,70.0428740963807,4.249107541646848,1945.41338451698,7.573229770496478,57.35380915673413,20.77994609375,3.0339883915267154,72.7724831207703,29.0341336995526,35.5380321623178,38.6,1.08978642306542
PER,2001,69.5041896781241,4.241387033892267,1929.57273038846,7.565053874171634,57.23004011911925,21.06609453125,3.0476648537891675,73.1565814081586,29.0351564426085,35.0644014310212,41.2,0.999072821437261
PER,2002,69.2123801848445,4.237179751027407,2007.37019626753,7.604580784336899,57.829648905506005,21.31891953125,3.0595949193666274,73.5500651944675,29.4440321551084,35.2491813317695,40.2,1.02982177252548
PER,2003,68.9624660132158,4.233562385768495,2129.44114197634,7.663614849618223,58.730992563288936,21.5472578125,3.0702485607732695,73.9558750733136,29.8893494570244,37.6246103251002,40.9,0.999006906693826
PER,2004,68.549467559912,4.2275556387996325,2397.25147277714,7.782078140394699,60.56074018320901,21.7595234375,3.080051520897731,74.3769516383133,32.6500976155483,41.9360782679273,37.8,1.1424738952305
PER,2005,67.7684052216068,4.216096086653439,2706.66947297608,7.903474181300899,62.46490413448991,21.954046875,3.0889514904090603,74.8162354830832,34.3566674243965,47.3573174768394,38.4,1.13303782972815
PER,2006,64.2203697884907,4.162320446796311,3129.55996496982,8.0486476873794,64.78072959555777,22.12850859375,3.096866758829908,75.2766672012397,37.4577549944707,51.7850560338442,38.7,1.11175872498468
PER,2007,57.0421148178809,4.043789851468546,3581.0893081917,8.183422309143383,66.96840068978562,22.28960859375,3.104120587519512,75.7615250588738,37.6989799588981,55.6881132836815,36.0,1.20481100024924
PER,2008,48.3321548571422,3.878097071189189,4197.58444634142,8.34226450699624,69.59337710468922,22.43675078125,3.110700274326091,76.2744879116779,36.3269344719167,58.4337673899053,33.7,1.3577960350417
PER,2009,40.1890044536392,3.693593437157518,4181.18755462253,8.338350589145591,69.52809054750463,22.57563359375,3.116871165077529,76.822147540745,33.551682543695,48.1119296153519,32.9,1.4525720502515
PER,2010,34.7111781547367,3.547061772101935,5072.11494019615,8.531513157570886,72.78671675780515,22.72345234375,3.1233975340590128,77.4020936833934,35.7720066029406,51.6728089370033,32.2,1.57630028365174
PER,2011,32.0639653460543,3.467732824687561,5861.35793645245,8.676136585495906,75.27534605018054,22.8938171875,3.130866882293616,78.0118164985462,37.2361002771383,55.9882802838607,30.6,1.67824036552445
PER,2012,33.9046061596244,3.5235508800714186,6519.37852981527,8.782534332864701,77.13290930794722,23.0862234375,3.13923605163068,78.6488061451268,35.5335533553355,52.6198952632294,30.8,1.6622975160443
PER,2013,32.0778901377032,3.468167012060615,6746.80025696601,8.816823635470953,77.73637901899924,23.29524921875,3.1482494435910136,79.3105527820586,33.8594367461678,49.7871424471444,28.4,1.68769322902782
PER,2014,32.9197109468005,3.4940715952964596,6667.13410360861,8.80494537695133,77.52706309109661,23.5279890625,3.1581907363799435,79.9945465682649,31.701403934103,46.8531210912899,28.6,1.76825633140529
PER,2015,32.8751693157181,3.492717640772669,6231.71150338894,8.737406293698061,76.3422687411545,23.795,3.169475474573074,80.698277662669,30.3378798708175,45.1627686891148,27.4,1.80255174406388
PER,2016,33.739432290958,3.518667250982132,6217.03599995447,8.735048544819481,76.30107308035294,24.1144484375,3.182811181084368,81.4192362241943,30.5565505783828,45.3888411964154,27.2,1.86289055051085
PER,2017,32.7083066880238,3.4876290728004635,6736.16693725487,8.815246338461698,77.70856800776237,24.47237265625,3.1975448345951145,82.1931650502403,31.2978841231473,47.5135503619971,27.6,1.76274029927306
PER,2018,30.6265686811297,3.4218678897940467,6978.49121548627,8.85058801415107,78.33290819623458,24.9199875,3.2156701923139903,82.6854929960921,31.6240835005495,48.631470171736,27.9,1.73514081818861
PER,2019,29.1117854585642,3.3711430907637494,7037.00803692604,8.858938364061398,78.48078893823885,25.35101796875,3.2328188857891247,83.1033003087105,30.4491957836385,46.9435053754409,27.1,1.79270106356368
PHL,2000,31.5189595125717,3.4505892540568697,1050.79273107952,6.9573001402765335,48.40402524189187,267.046976556998,5.587424585085284,39.1384171397742,34.9752847681216,85.1533684600039,33.9,0.932672272893032
PHL,2001,31.2923190881475,3.4433726708866406,969.530611744453,6.876812048959327,47.290543956712185,273.003615387195,5.609485038273808,39.5375185608843,34.8976152580491,84.9003886237531,32.9,0.880719772591872
PHL,2002,31.05570387518,3.435782491192503,1014.90879320106,6.9225540285231215,47.9217542778217,278.59573062347,5.629761736832988,39.9553922931877,34.78343526285,83.8448040937789,31.8,0.878079638214495
PHL,2003,30.7743493607566,3.426681530035705,1027.2301192843,6.934621254238981,48.08897193974302,284.172904718785,5.6495828723381845,40.3928506135438,34.5405640298629,87.5746443636636,30.9,0.882480593038024
PHL,2004,30.4134910319648,3.4148862939154148,1099.63013023758,7.002729157004793,49.03821564636505,289.749149813865,5.669015548009741,40.8507057988121,33.6186962072883,87.1252848232048,30.2,0.876070774131651
PHL,2005,29.9383643758918,3.399140747435472,1220.46018559867,7.106983267915158,50.50921117042602,295.187181809035,5.687609669727438,41.3297701258519,33.8136763053241,83.8456745708051,31.3,0.896249932483837
PHL,2006,29.1782265763242,3.3734227659332903,1426.14649179546,7.262731324867288,52.747266297208554,300.194472951672,5.704430507809593,41.8308558715226,33.4625853303804,80.8505386728775,33.3,0.792914802989724
PHL,2007,28.0341722365094,3.333424203065518,1712.65543282793,7.445800329712747,55.43994254995045,305.447174430694,5.721776848539629,42.3470499959497,33.000860932449,73.6449799920629,32.4,0.845028213173854
PHL,2008,26.5791929727268,3.280128690624264,1959.29233534978,7.580338633636124,57.461533800596385,310.893433276319,5.739450195182971,43.1547492407016,32.765288410954,67.6810707730401,33.9,0.838866873511548
PHL,2009,24.8862804012556,3.214316663719666,1864.45043406471,7.530721615229424,56.71176804608366,316.545091726196,5.75746570134535,44.3356772609527,31.5225426812628,60.8865907869758,34.1,0.833249191469975
PHL,2010,23.0284261383751,3.13672937186968,2162.91375885614,7.679211554079194,58.97029009230339,323.094627226079,5.777945243865448,45.5208176726647,32.3395560456604,66.1042785137797,32.7,0.881994350568382
PHL,2011,20.2762007200701,3.0094478199530013,2383.91892522087,7.776501019729808,60.47396810985874,329.505362712547,5.797592629113754,46.6833632464759,31.3386827828469,60.7958366999075,33.8,0.860953621187979
PHL,2012,21.8351961883251,3.083523171936092,2614.61644401308,7.868872690411539,61.919157417904536,335.96777677164,5.817015252898911,47.9182784810426,31.3994933632444,57.8420055133082,34.1,0.893452882976031
PHL,2013,22.7402636854564,3.1241370839216693,2781.27957677397,7.930666380203703,62.8954692340933,342.342744072174,5.835812410869482,49.1313688766206,30.7754466314331,55.8247812320298,33.1,0.955039177738511
PHL,2014,20.3368824432152,3.012436106661386,2866.83803761407,7.960964972349751,63.37696329097967,348.013314552101,5.852240739249758,50.2392400212368,31.0474444753394,57.4681720875945,32.4,1.00237329489598
PHL,2015,19.7079275985218,2.9810209709648916,2909.85818010301,7.975859623618142,63.61433673566213,353.197813327967,5.867028277679969,51.1549047745227,30.4819509834967,59.1415921053094,30.8,1.07477147738809
PHL,2016,19.9069716374648,2.9910700039189253,2985.19564024046,8.001420564798059,64.02273105477329,357.969342992253,5.880447348634039,51.9114748151175,30.2859171672694,61.7760657653871,28.6,1.13642556715245
PHL,2017,18.3327018141416,2.9086864494696996,3038.12124959289,8.01899459335103,64.30427428819304,362.61090317604,5.893330367300665,52.6010482354344,30.1265505767725,68.1683697426727,27.8,1.25459105770861
PHL,2018,20.5885077839401,3.024733045559606,3168.51036609727,8.06101684036853,64.97999250070505,367.123744843546,5.905698970632574,53.2088897464754,30.5637401548214,72.1633982990273,27.6,1.29114721089618
PHL,2019,21.5254371973976,3.0692353612525944,3400.78949767074,8.131762888846074,66.12556768041425,371.615799711574,5.917860524097103,53.7157859948017,30.3275078794624,68.8418422595678,26.9,1.33500133744347
PLW,2000,7.22284968187368,1.977249567814317,7798.07504193852,8.961632192725084,80.31085155768659,41.6913043478261,3.730292578230486,69.5876201801789,14.514815887267,,0.0,110.647617061216
PLW,2001,7.19917041633027,1.9739657994295516,8239.26354006532,9.016666242703561,81.30027013230995,42.0695652173913,3.7393245628067224,70.5337109001769,18.0489669330534,,0.0,122.137246796197
PLW,2002,7.17375102221071,1.9704286729336413,8340.18981304558,9.028841254451786,81.5199743980905,42.3978260869565,3.7470970893894373,72.3817031907384,21.4159130551758,,0.0,74.0450187150695
PLW,2003,7.14279221821298,1.9661037668813406,7862.3931898737,8.96984631616268,80.45814293557721,42.7369565217391,3.7550640382244653,74.5444848058291,17.5173954501465,,0.0,87.3950862200519
PLW,2004,7.10249472303506,1.9604460917730415,8393.73052541231,9.035240340139273,81.63556800408004,43.0869565217391,3.7632203184008377,76.445323887982,15.1582911347474,,0.0,76.7810292633703
PLW,2005,7.04905925537493,1.9528941689664974,9635.28357539048,9.173187012215099,84.14735996107177,43.0847826086957,3.7631698630412083,77.574268209537,13.4058206780497,118.684212734217,0.0,87.552348756244
PLW,2006,6.88061711983826,1.9287083455735685,9881.65970716981,9.198435763189401,84.61122048952178,42.5934782608696,3.751701149087627,78.306895759147,11.5471464275683,126.265837749007,0.0,86.6533966212423
PLW,2007,6.56755453223822,1.8821415458911204,10402.5367528907,9.249804973933355,85.55889205580223,41.9608695652174,3.736737506983941,79.019601300651,10.8073757207828,114.786531729944,0.0,71.6868718267537
PLW,2008,6.21445457808398,1.826877962154911,10577.501907762,9.266484562954593,85.86773615547578,41.3239130434783,3.721441340723014,79.6639213135968,8.91521358713081,126.283114552247,0.0,73.533589352412
PLW,2009,5.92590034288471,1.7793326320819738,10147.7741092815,9.225009660842087,85.10080324262984,40.6717391304348,3.7055334810022784,80.2186712923386,8.76818551012762,111.737676211137,0.0,116.190068950772
PLW,2010,5.80647491214958,1.7589736590449967,10221.9163762354,9.232289358531252,85.2351667996494,39.9913043478261,3.6886620391766742,80.6626667312304,9.77806970315764,120.658686278989,0.0,114.73689932594
PLW,2011,6.55202461166189,1.8797741029023656,10993.6038613491,9.305068915512841,86.58430752244332,39.3,3.6712245188752153,80.9747231246263,8.53505137130915,135.599929518963,0.0,131.081978094922
PLW,2012,6.91010906908075,1.9329854218924545,12137.1732239921,9.404028189394072,88.43574618691835,38.6195652173913,3.6537590189719866,81.1285663568435,8.1220574144124,143.64119233429,0.0,202.865184351252
PLW,2013,6.83322852151998,1.9217972590444705,12698.9240118945,9.449272545384572,89.28875163695862,38.3652173913043,3.6471512520101417,81.0756895339142,7.92058443910063,142.194634239769,0.0,103.371486854034
PLW,2014,7.36831173894939,1.9971886079045207,13863.4544155068,9.537011478017732,90.95458793184196,38.5108695652174,3.6509405278164317,80.7338640362566,7.61030587152901,145.702065814239,0.3,71.5608241603161
PLW,2015,8.9368293884579,2.1901808717457194,16154.0532152373,9.689926270242037,93.89467112272675,38.6304347826087,3.6540404316655564,80.388246269234,7.93365213381965,126.495484250397,0.4,67.2706809229038
PLW,2016,7.01158253537855,1.9475634295448727,17150.4759377239,9.749781203679802,95.05823351962798,38.6891304347826,3.6555586932668445,80.1089335766065,10.0467475510862,118.020274395929,0.6,64.3029724110805
PLW,2017,7.00179922406389,1.9461671480373728,16401.7847567871,9.70514543452446,94.18984790527098,38.7217391304348,3.6564011769584526,79.8284579022498,8.06727947248155,121.741750995626,0.6,67.1682012126656
PLW,2018,7.89247642068436,2.065909953885757,16166.9671073752,9.690725372046138,93.91015823641877,38.7260869565217,3.6565134545086733,79.5520868568744,8.97198406718992,117.866019647923,0.6,69.0748849219715
PLW,2019,7.7458949684632,2.0471630215458405,15846.7968470167,9.670722667211283,93.52287690611412,38.6913043478261,3.6556148809336673,79.2803814152827,11.2363131549702,115.461972278731,0.9,71.2608158220025
PNG,2000,17.9637498545198,2.8883558303077765,635.957919047725,6.4551323961318205,41.668734251590536,12.2268780638608,2.503636648417535,13.2228772276955,39.3290741387457,115.421837958873,66.4,0.526361985340968
PNG,2001,17.7519770309355,2.876496891743443,537.847459634131,6.287574987680341,39.53359922570344,12.6494612021375,2.5376146215500306,13.1864094716078,38.4906168540731,117.580367053663,63.4,0.61844116237681
PNG,2002,17.2763506725535,2.8493385531416666,506.331789534482,6.227192164945692,38.777922259161016,13.0813121052864,2.5711846548577704,13.1530694608835,34.9054094633435,118.919110291279,62.5,0.68600572957171
PNG,2003,16.7159212631198,2.816361634304164,577.467922387259,6.3586528952034636,40.43246664167939,13.5229364483505,2.604387239957182,13.1226067833938,35.2516732907512,123.449069006746,60.4,0.739598664075113
PNG,2004,16.2497392863798,2.7880768647319525,620.596147680561,6.430680544583736,41.35365226648778,13.9735039526565,2.6371629616224572,13.0951673752744,36.990625566481,131.082911016249,57.5,0.761531096274503
PNG,2005,16.0568552260794,2.776135875277253,744.486489977433,6.612694705522119,43.727731268440266,14.4325067349733,2.6694830746061116,13.0708971726612,,,58.6,0.800164629075851
PNG,2006,16.1763663311866,2.783551308608394,1238.18282926706,7.121400123493467,50.714339718892774,14.9002340679239,2.701376922084662,13.04994211169,35.3656202972197,,58.9,0.78804396151589
PNG,2007,16.4575528114311,2.8007845093130386,1370.753415829,7.22311580622269,52.173401950104065,15.3763745970057,2.7328322143795187,13.0324481284965,34.5397977398031,,57.1,0.758816344730873
PNG,2008,16.7947395917014,2.8210657178354706,1624.79319935188,7.393135824728046,54.65845732287724,15.8614185399461,2.7638896535655806,13.0185611592166,34.3859870110461,,56.9,0.710287982656834
PNG,2009,17.082251596886,2.838040006187646,1568.83193368607,7.358086630160733,54.141438856950124,16.354807225191,2.794521874017243,13.008427139986,29.7716417489587,,56.0,0.668364468858039
PNG,2010,17.2144137518733,2.845747041715894,1866.86889851208,7.532017920675555,56.731293957377716,16.8562535883054,2.82472172078273,13.0021920069407,33.1688098579341,,55.2,0.554318104497753
PNG,2011,16.4633105206394,2.801134300216693,2288.37591141234,7.735597635950376,59.83947078532105,17.3549132182131,2.8538756489101846,13.0000025015364,31.3362203529409,,54.7,0.568647823877457
PNG,2012,16.4683365083609,2.801439537774723,2635.0873631547,7.8766716153232705,62.0419557356393,17.8452281058164,2.8817361394783254,13.0143796071362,27.5731803314458,,55.5,0.527248406524125
PNG,2013,16.4981287099923,2.8032469629593444,2560.77458976327,7.848065065833566,61.592125277557216,18.3339177670803,2.908752774260642,13.0582475733094,26.5405471816928,,58.3,0.551230455449542
PNG,2014,16.3724587034254,2.7956005757935847,2723.17529825196,7.909553867484492,62.56104238263889,18.8213598021464,2.9349923845835804,13.1316404025265,32.7848336169925,,56.9,0.64972585602458
PNG,2015,16.8683385698187,2.8254384074055907,2484.5963398603,7.817865486648128,61.119020767323974,19.306730556905,2.9604537686358334,13.2341359836319,34.8049301310481,,55.3,0.683258826298608
PNG,2016,16.1543562654462,2.7821897510944926,2316.39479758492,7.747767289443794,60.02789797137523,19.7891577971117,2.98513420171606,13.3653651942392,34.7299715804552,,54.8,0.738809232783268
PNG,2017,15.9304225286163,2.7682306476515746,2477.76530986323,7.815112348205567,61.07598101507513,20.268325751888,3.0090593597110704,13.5249644881888,36.3598597357265,,54.7,0.629630686826063
PNG,2018,16.9173285412659,2.8283384540804737,2566.36833735041,7.8502470802170405,61.62637922045617,20.744850505675,3.0322980474766292,13.7125720532162,36.9240450738372,,53.4,0.522006835266501
PNG,2019,16.8882962616477,2.826620853123537,2575.77274140393,7.853904861827813,61.68382157864255,21.2185001987369,3.054873452023369,13.9278267446947,36.711080935275,,53.2,0.52413307926623
POL,2000,25.7907754089004,3.2500168857034053,4520.64100449111,8.416409077924358,70.83594176696755,124.909820758105,4.827592043008451,61.7459160613903,28.7718397326483,60.6107209423297,6.9,8.18187708712719
POL,2001,26.0449129857227,3.2598224702709633,5015.23790036613,8.520236137030848,72.59442383076635,124.875366482745,4.827316171761168,61.7557708646056,27.3505198617098,57.8785312712895,7.3,8.09869495134866
POL,2002,26.5398574522192,3.278647657835349,5223.45178967082,8.560913724728092,73.28924380223782,124.81753893369,4.826852982388667,61.7581534555696,26.6547204084638,60.7967990573911,7.5,7.912937998707
POL,2003,27.1048298406849,3.2997119349093422,5720.81366178104,8.651866322820595,74.85479086795716,124.753689916405,4.82634131268241,61.7281374379602,27.5111441045363,69.2134479841788,7.3,8.25299957570521
POL,2004,27.5690511834146,3.3166938096235743,6711.72715262967,8.811611596639862,77.6444989300381,124.644083178272,4.825462341360175,61.6555172559989,29.185278751871,70.9815765694162,7.3,8.31504253471681
POL,2005,27.7617425127035,3.3236589042991396,8043.92332253757,8.99267221859171,80.86815363103116,124.589315444129,4.825022851826851,61.5497010774856,29.058898029081,70.3114790902584,7.2,8.30851048638369
POL,2006,27.7200391553045,3.3221555868497274,9068.85528307627,9.1126013260015,83.03950292664429,124.514452206843,4.824421791150445,61.4199688499096,29.2021893560033,77.7008035402352,7.2,8.67173342720891
POL,2007,27.6048215747412,3.3179904522027557,11272.5293683383,9.33012401560019,87.0512141464794,124.44685296422,4.823878740942399,61.2756005207604,29.2754512665731,80.745399056691,7.3,8.66464448581028
POL,2008,27.4309285084638,3.3116711544846593,14048.5604672654,9.550275211666849,91.20775661857827,124.471952334313,4.824080408069541,61.1258760375274,28.8165316846699,80.5746815569207,8.0,8.5133492030939
POL,2009,27.2131986939225,3.3037021017082266,11556.3026866026,9.354986254268587,87.5157678175542,124.564460624265,4.824823337933555,60.9800753477,29.9613126651954,74.9685965264269,8.8,8.16161512269878
POL,2010,26.9664708685675,3.2945942746246435,12567.7317676382,9.438887837221882,89.09260360365518,124.209200731357,4.82196724671821,60.8474783987677,29.6974993930566,82.2258523219922,9.5,8.65823367232175
POL,2011,26.5458489052773,3.278873385380282,13867.6669408192,9.53731529013486,90.96038294344018,124.296296901022,4.822668206447963,60.7357090652544,30.3941659979475,86.9236892837618,10.4,8.58934161043243
POL,2012,24.1304928281428,3.183476303304994,13087.420943321,9.4794068145356,89.85915355546399,124.300058781268,4.822698471414928,60.6341632788866,30.2281657114043,88.8299033066583,10.9,8.39990338165267
POL,2013,23.1892115212622,3.1436871498813876,13621.9023794031,9.519434245383213,90.61962835217466,124.229110740995,4.822127528033621,60.5333187465323,28.6768333488015,90.4175072415629,11.4,8.28307772126095
POL,2014,23.433827803997,3.1541806110921846,14262.2841914116,9.565373862866483,91.49637713640927,124.144273163722,4.821444382527137,60.4340063344328,29.9351239778153,92.0340197113178,11.6,7.95991816737647
POL,2015,22.4139830731908,3.1096850084404193,12637.5220324406,9.444425606744861,89.19717504133804,124.061569613639,4.820777971517482,60.3362886805635,30.9939300295541,92.2554272741942,11.9,8.05009433373176
POL,2016,21.2485092459447,3.0562867397775655,12464.0110508476,9.430600654731414,88.93622870902058,124.008253045495,4.820348120208738,60.2402284228997,30.6734871058329,96.8659028060623,11.3,8.34151367627891
POL,2017,22.2631718698092,3.1029338276015666,13913.3402919927,9.54060339210618,91.02311308546794,124.0237303635,4.820472921194582,60.145888199417,28.8090759581658,100.56589524628,11.1,8.69581601242887
POL,2018,22.4094051941271,3.1094807454760796,15658.2120316794,9.658750788804161,93.29146680022501,124.031583760656,4.820536240919751,60.0533306480907,28.8614617242515,102.442462168005,15.1,8.68031784277711
POL,2019,18.7701954101512,2.932270261314135,15874.5220531254,9.672470716417932,93.55668975996242,124.025595374212,4.820487958612696,59.9626184068963,28.8315242170352,101.581033817373,15.6,8.21985501300853
PRI,2000,7.5311181902952,2.01904352883423,16192.1269719638,9.692280413704408,93.94029961787808,429.605975197294,6.062868451843958,94.4035182032107,46.0618652940433,106.169512072581,0.6,6.60892430467078
PRI,2001,7.3926074634179,2.000480509455597,18123.1987019918,9.804948092825088,96.13700710299432,430.52694475761,6.065009911357719,94.3774462314518,48.3331503112339,109.88564971882,0.5,6.51078068510993
PRI,2002,7.14598117536716,1.966550125308238,18731.4593897378,9.837959709633807,96.78545124837811,431.082412626832,6.066299284416208,94.3218712450313,49.2457084616083,106.32948683044,0.5,5.26808973818821
PRI,2003,6.86523421786013,1.9264701563160358,19557.1202492358,9.881094706228232,97.6360325934516,431.352311161218,6.066925183480224,94.2449445194985,49.0033062755087,118.84015748242,0.5,6.83051518584876
PRI,2004,6.62436148261394,1.8907539872446355,20988.9923326534,9.951753404642457,99.03739582681273,431.440586245772,6.067129809839869,94.1544210292187,47.9433404762634,117.000863757497,0.5,6.84176501053862
PRI,2005,6.49735786134575,1.8713956113951509,21959.322696986,9.996947052569773,99.93895037188348,430.818714768884,6.065687386234864,94.058055748557,47.2323566719793,113.744794728395,0.6,6.88558163293611
PRI,2006,6.46518797724728,1.866432087941455,22935.9411586313,10.040460442100867,100.81084588939234,428.998196166855,6.061452714179912,93.9636036518786,46.8599016480151,117.728477994388,0.5,4.45924986084882
PRI,2007,6.45018584518164,1.8641089435990443,23664.8823485096,10.071747470788146,101.44009711532742,426.493235625705,6.055596506608316,93.8788197135489,46.7782620747588,117.595779058079,0.5,4.74692670754257
PRI,2008,6.43840044437308,1.86228013106235,24898.3345857045,10.122556196107704,102.46614394335846,423.998421645998,6.049729732692006,93.8114589079331,47.3982259585452,116.277994389108,0.5,4.09389752253869
PRI,2009,6.41588075404583,1.8587762846754479,25768.7258883384,10.156916860760894,103.16296011640894,421.69222096956,6.0442757137470835,93.7692762093964,49.4013628591823,105.262196842682,0.5,3.73563325945551
PRI,2010,6.36867575342414,1.851391559969876,26414.8810634548,10.181682806974417,103.66666478183843,419.894588500564,6.040003700016161,93.7588772214391,50.901238345092,104.153228306599,0.4,3.60688045128629
PRI,2011,5.65656068601891,1.732816054872562,27170.0766543278,10.209871523701942,104.24147653049981,416.399549041714,6.031645253747225,93.7598202101009,49.7847071848309,108.558400106824,0.7,3.15890448641167
PRI,2012,6.35560089371101,1.849336454649947,27742.024476618,10.230703671617489,104.66729761644757,412.744644870349,6.0228291084467775,93.7630744424317,49.6384574183182,103.311186552821,0.5,3.09679340188389
PRI,2013,6.11288011121033,1.8103980387506091,28212.0499737431,10.247504469691279,105.01134785634274,409.405524239008,6.014706166636416,93.7698316907305,49.2639336261591,104.89224011713,1.4,3.01209414370714
PRI,2014,6.32383453359716,1.8443257541720868,28576.0988023209,10.260325941198275,105.27428841962626,404.173280721533,6.001843698681463,93.7813071818968,49.9339162757282,102.385456504805,1.6,3.21103079845925
PRI,2015,6.74532317404656,1.908849401639655,29242.041465085,10.28336272897395,105.74754901565056,398.55321307779,5.9878410227603664,93.7987161428303,50.9382784121963,108.880634192821,1.9,3.42193169375025
PRI,2016,6.94033673792726,1.9373502946567593,29978.0889268918,10.308222024691231,106.25944131032938,392.382412626832,5.972236906673591,93.8232738004303,51.1515123633391,110.274045470098,1.9,3.26088830352094
PRI,2017,7.12296710513583,1.9633243668661975,30328.479490518,10.319842467230714,106.4991485484585,384.536302142052,5.952038198382491,93.8561953815964,50.2294595444349,113.131649032582,2.3,3.40966161678204
PRI,2018,6.70118543618258,1.9022844415200364,30679.9181934488,10.331363589032032,106.73707360877683,370.990980834273,5.9161777518921825,93.8986961132283,50.6557670954584,106.001202479048,1.4,4.16800123986155
PRI,2019,6.66040483872952,1.8961802693008916,31830.5284993358,10.368181123950292,107.49917981903913,372.34396843292,5.91981807337612,93.9519912222253,50.8444120601485,107.571456836722,2.4,3.8228523346568
PRT,2000,13.9602733944466,2.6362156812718727,11526.3720667968,9.352392912127764,87.46725318281763,112.457901639344,4.722578943961045,54.4051635389142,24.4615743968679,67.4529979863247,20.1,6.24348268563984
PRT,2001,13.849569678602,2.6282541620136213,11734.7649743954,9.370311080338116,87.80272974230726,113.253792349727,4.729631250334288,55.0679833009212,24.1438842401402,65.0919551771122,20.8,6.12752132113551
PRT,2002,13.6900462729622,2.616669019350321,12936.6928204482,9.46782295737135,89.63967155212798,113.87574863388,4.735107929730894,55.789299869679,23.4969886519634,62.3082594169772,18.3,6.50103636107651
PRT,2003,13.4896924274961,2.601925869922386,15797.7821340276,9.667624837898014,93.4629700063426,114.304054644809,4.738862043879453,56.5865509520713,22.629715019166,61.1389474883653,22.1,6.00482597417051
PRT,2004,13.2564973921723,2.5844878014610866,18064.1580932987,9.80168503819452,96.07302958796632,114.577715846995,4.741253333775574,57.4171857647664,22.2369566238035,63.2045936670279,19.9,6.15858031692713
PRT,2005,12.9984504169596,2.564830151661392,18780.12751241,9.840554542537394,96.83651370465333,114.828140373893,4.743436579055318,58.2450763389585,21.3833086063294,62.944504560452,18.1,6.4581042393222
PRT,2006,12.5977447886636,2.5335178129110023,19839.4540499032,9.895427862814238,97.91949258816035,115.035399584563,4.745239903470093,59.0340947058419,21.1476529637361,68.5470531182009,22.3,5.98192142241307
PRT,2007,12.0295102444563,2.48736281797385,22811.0564844365,10.035000630928185,100.70123766272906,115.261440909588,4.74720294731497,59.7481128966109,21.153352846176,69.9461175817991,23.1,5.8179179972539
PRT,2008,11.4411407098565,2.4372156933807445,24949.0413566739,10.124590677863297,102.50733639427638,115.427757734776,4.7486448601135,60.3510029424595,20.3862797641316,72.0757429221604,23.2,5.61287237370618
PRT,2009,10.9800301103829,2.396078178371149,23151.2154130712,10.049802559780762,100.99853149057596,115.386472322306,4.748287122959252,60.8066368745822,19.857190463856,61.4926935267759,24.9,5.53453188594097
PRT,2010,10.7935723715541,2.3789508061756197,22551.935098809,10.023576154943452,100.47207893395095,115.439458456163,4.748746223326433,61.0788867241731,19.9335310982463,67.6892401927983,27.8,5.03622400242124
PRT,2011,11.5157580200238,2.4437163600268885,23246.5425416481,10.053911692071285,101.08114031196769,115.269789278305,4.747275374540677,61.1410698395502,19.3319728029358,73.0075756700531,27.2,4.86833131897901
PRT,2012,10.1151524382993,2.3140345410251113,20593.4274224109,9.932727246703587,98.65907055740783,114.803406485424,4.743221156663204,61.1409793914666,19.0867583864245,75.9411067187813,25.5,4.73413585593852
PRT,2013,9.76832048738232,2.2791445461987445,21676.4859642714,9.983983355897296,99.67992365083423,114.156128691384,4.737567061340814,61.1405315215642,18.8830973772949,78.0305056874282,30.2,4.60337018320703
PRT,2014,9.50576236832378,2.251898179806962,22120.6850127107,10.004268423181667,100.0853866830698,113.541770372117,4.732170790118086,61.1394537361116,18.9850440099134,80.220669072079,30.5,4.58326274759251
PRT,2015,9.64253451834766,2.266183990906922,19215.7813014347,9.863487163188946,97.28837901839312,113.072519583956,4.728029379098158,61.137469211538,19.5938498258589,80.6346756266443,27.2,4.99335011637296
PRT,2016,8.83773210008347,2.1790302939707185,19980.2808866516,9.902501110494697,98.05952824334871,112.716384151187,4.724874788928172,61.1343011242723,19.448178094831,79.5223464844001,29.0,4.89305456071076
PRT,2017,9.2551980440464,2.2251853443968814,21442.3842768879,9.973124815946102,99.46321859443998,112.441815784188,4.722435894824588,61.1296726507436,19.2493833127062,84.8077923069539,24.4,5.35359164296186
PRT,2018,9.02601451562929,2.200110909605299,23541.1401075289,10.066504812416667,101.33451913840793,112.261935951514,4.72083485461312,61.1233069673808,19.3820435381975,86.7356954918399,27.5,4.96972818082616
PRT,2019,7.98256121876526,2.077259314699254,23343.3628970034,10.058067978452309,101.16473145916771,112.288582794065,4.7210721895596155,61.114927250613,18.886083188208,86.7709889083586,28.2,4.51358282400518
PRY,2000,13.555186049266,2.6067692083648084,1736.11729210765,7.459406457516051,55.64274469843217,12.8388321167883,2.5524743374885843,57.5141169408231,35.5635329986887,78.6447297611485,70.4,0.714113754757033
PRY,2001,13.4456009940226,2.598651988909428,1637.68615122932,7.401039641188352,54.77538777044141,13.0573596778253,2.5693519347896463,57.9686577349574,38.5619118460378,72.6056990118238,69.8,0.729978223444004
PRY,2002,13.2274142700835,2.582291514586978,1367.76506935997,7.22093335051071,52.14187845251782,13.242708280896,2.5834470825285267,58.3089732866691,42.1710275465435,79.4415656482927,67.7,0.75363102243388
PRY,2003,12.966481503164,2.562367681892686,1443.99885236205,7.275171524689332,52.9281207136505,13.4065844450038,2.595745962763791,58.5521334403429,40.2733826715247,81.1273637701163,67.0,0.768337402345583
PRY,2004,12.7286583189791,2.543856011805038,1786.21533938543,7.487854324932893,56.06796239141622,13.5619808708784,2.60727035376651,58.7421370296254,38.4052880586144,80.1044466155542,66.8,0.768516241584581
PRY,2005,12.5798003432443,2.5320923801800777,1970.87169852378,7.58623121042402,57.5509039780115,13.7128039265039,2.6183299895492653,58.894079141979,39.2893886541103,85.0219636540457,68.8,0.701070483877214
PRY,2006,12.4981511047327,2.5255807217468687,2439.43124694576,7.799520195602233,60.8325152816071,13.8564007047571,2.6287472706251584,59.0202286834627,38.3057903240628,84.7335313048126,66.5,0.747663823025285
PRY,2007,12.4250915061089,2.519717936632346,3211.93621659546,8.07462921702249,65.19963699239324,13.9929171910395,2.638551286671373,59.1328545601355,37.1011236408528,79.0011374202968,68.4,0.703512941896821
PRY,2008,12.3711832339251,2.5153698353404086,4384.95469437803,8.38593457279807,70.32389865924993,14.1293078278379,2.64825120949785,59.2442256780564,36.7688484491586,80.7775746572591,65.8,0.813688391744725
PRY,2009,12.3469879747333,2.5134121446427415,3941.84815479431,8.279404967131669,68.54854660976454,14.2744424867858,2.6584706995629928,59.3666109432844,37.38083932116,70.8419818624334,65.4,0.831000508531121
PRY,2010,12.3630674150856,2.5147135939813374,4750.96273669458,8.466102557900971,71.67489252089736,14.4424137931034,2.670169279682189,59.5122792618786,34.6039155110683,81.2575233746789,63.6,0.913894475939317
PRY,2011,13.0739532959182,2.5706219528970378,5805.40154542925,8.666544064078929,75.10898601462172,14.6353536370501,2.683440083640779,59.693499539898,34.0345623930043,78.4921238489902,62.5,0.937463561714889
PRY,2012,12.3612452179307,2.514566192742302,5642.16991672846,8.638024007508392,74.61545875429134,14.842708280896,2.697508719801039,59.9212909454702,34.5140981436728,74.7649574561086,63.4,0.91780441878322
PRY,2013,11.7070023253943,2.460187152130325,6435.68342733004,8.769613319104199,76.90611776660977,15.0577523282155,2.7118929634387317,60.2375315600901,33.232924993924,73.369871384133,62.5,0.942925509553368
PRY,2014,11.4592064094704,2.4387934601514765,6652.25478942461,8.802711142258875,77.48772345404855,15.2776516486282,2.726391084010174,60.7101965948157,33.6080758464952,69.0837249630891,62.5,0.980244689661672
PRY,2015,10.4338184152061,2.345052301267443,5879.33792308762,8.67919943643868,75.32850285747749,15.5023986911654,2.7409947662207297,61.3302768533263,34.582253753407,66.9150655259457,60.5,1.08148865183778
PRY,2016,10.4105012225018,2.342815029642796,5775.15963399596,8.661321177258337,75.01848453562374,15.7289856531588,2.755505230131368,62.0827613208606,34.4967803217785,67.7593152322119,62.5,1.20212010447541
PRY,2017,10.2879780314547,2.3309760321367143,6152.2671153779,8.72457592951758,76.11822514991756,15.9543418071986,2.7697310058049163,62.9526389826574,34.3937589134318,71.0801344038459,60.1,1.33605525458062
PRY,2018,10.4898126276478,2.3504045602513286,6258.44991640984,8.74168781624502,76.41710587668663,16.1776541656179,2.7836309175356435,63.9248988239553,33.556175213621,72.0692236259495,59.2,1.3602583446884
PRY,2019,10.1222564891858,2.3147366122441846,5821.18199548738,8.669258612113234,75.15604488369948,16.3983337528316,2.7971797292313814,64.9845298299929,33.4893114330734,71.2221617342433,60.1,1.30801598389454
PSE,2000,26.132738052948,3.263188859842643,1476.17185000238,7.297207427923933,53.24923624614822,485.407475083056,6.184988693015408,72.0694328572656,21.4924888724036,87.6390949554896,17.5,
PSE,2001,26.2365303648086,3.267152728382243,1335.55319529359,7.197100863500362,51.79826083939765,497.970764119601,6.210541368714207,73.7258284491139,24.0227789294902,82.7259784699153,17.1,
PSE,2002,26.5135715932111,3.277656737488373,1156.21747345769,7.0529091573673295,49.743527582075934,510.859302325581,6.236094214376547,75.4978748965208,20.0686202823556,76.2528826143203,21.8,
PSE,2003,26.9126428548588,3.29259617079934,1257.69857009689,7.137038798133397,50.9373228060614,524.08122923588,6.2616466899327765,77.2865026687292,23.1905241935484,76.398689516129,21.7,
PSE,2004,27.3825252664549,3.3099050459380597,1422.19088643544,7.259953839353678,52.70692974954622,537.645514950166,6.287199448850966,78.9926422349822,19.9887032651908,81.1235906237101,23.1,
PSE,2005,27.8719999447027,3.327622598686119,1543.70141392774,7.341938327121651,53.90405839925787,551.560797342193,6.31275207258529,80.5172240645229,20.9844509042667,83.8363540589578,22.8,
PSE,2006,28.6014840570339,3.3534586065856424,1570.10439962728,7.35889739270944,54.15337083642579,565.836212624585,6.338304659337218,81.7611786265942,18.3553652562497,82.6374735897388,18.1,
PSE,2007,29.6437050910709,3.3892497956882206,1664.24571669276,7.417127276761269,55.013777039676036,580.481063122924,6.363857178939912,82.596126313073,17.5679625840398,91.9992434272745,20.5,
PSE,2008,30.7259096438031,3.42510626099605,2035.20234121766,7.618350523507592,58.03926469902841,596.673920265781,6.391370766962821,83.0979098899913,17.336944626833,79.4799190194791,20.1,
PSE,2009,31.5753443122198,3.4523765727604667,2191.78178736868,7.692470093554436,59.1740961402294,612.807142857143,6.418050274456921,83.5050344815957,17.5581582299615,75.1511928466305,16.5,
PSE,2010,31.9192556933104,3.463209454430995,2557.07562356699,7.846619549968044,61.56943836194071,628.930398671096,6.444020596636817,83.8853491139676,18.6262459329649,68.4976501575169,14.1,
PSE,2011,28.606630623344,3.3536385309321353,2880.79843707909,7.965822769804349,63.454332399933435,645.014285714286,6.469272464944742,84.2340950604341,18.9342129964867,67.2495329024414,15.4,
PSE,2012,27.2379610304191,3.304611626439343,3067.43872735614,8.028598201603543,64.45838908279165,661.129235880399,6.493949336445065,84.5465135943222,20.2360669702828,66.9293273483831,12.2,
PSE,2013,31.1625763830924,3.439217899968771,3315.29753909282,8.10630265397464,65.71214271783629,677.194019933555,6.517957819643432,84.8178459889593,18.5586918722948,66.2713181162369,11.7,
PSE,2014,29.2886843311089,3.377201241125028,3352.11259506043,8.117346051449651,65.89130691898524,693.255481727575,6.541398591752869,85.0433335176723,17.9717935338142,67.7398371659149,10.8,
PSE,2015,30.4615510423627,3.416465266799715,3272.15432360708,8.093203861526998,65.49994874423551,709.317607973422,6.564303392337283,85.2182174537886,16.4252383269875,70.7809681944405,11.0,
PSE,2016,26.5563697979811,3.279269635973887,3527.61382413178,8.168376950855361,66.72238201126513,725.429900332226,6.586764445095302,85.3377390706351,17.2627779869396,65.4225141833383,12.3,
PSE,2017,26.6750824440453,3.2837298878689003,3620.36048715937,8.194328881950074,67.14702582556116,740.000830564784,6.606651308582429,85.3782255354,19.2317708333333,68.4486607142857,10.5,
PSE,2018,29.1340212387581,3.371906606028965,3562.33094270256,8.178170368770914,66.88247058064259,758.984551495017,6.631981423426983,85.5351131070872,19.2841256773528,71.4012754506469,12.7,
PSE,2019,29.6822493738623,3.390549202956503,3656.85827137011,8.20435966196225,67.31151746283334,778.290033222591,6.65709924805345,85.8136174183656,18.4328946216476,68.9934922812035,13.9,
QAT,2000,88.44531877478,4.4823844941037985,27535.182940934,10.223219845616185,104.51422401180062,55.5546080964686,4.0173664666769815,96.2942718926638,,89.6126597159917,0.1,49.2290566195703
QAT,2001,90.0738424478758,4.5006298055704645,25870.7991864314,10.160870167104592,103.24328255275611,58.3914728682171,4.067169866642785,96.4674307551724,,94.968671679198,0.1,47.8365600914555
QAT,2002,92.3707032121313,4.525809863568193,27226.6593510117,10.211951895475924,104.2839615155143,61.2579672695952,4.1150939188363855,96.6424497593905,,88.4697236252199,0.1,50.8998108843442
QAT,2003,94.7440660994636,4.551179215082798,31602.470865136,10.360990588452857,107.35012597400869,64.1414298018949,4.1610904859076445,96.8311182064009,,90.1649486943021,0.0,51.3901235695236
QAT,2004,96.6020961417903,4.570600440173424,41035.5008380177,10.622192845131714,112.83098083916738,66.6091300602929,4.1988416561430295,97.0472579559041,,90.3724288385622,0.0,53.2363848903188
QAT,2005,97.3529583710287,4.57834312037577,53949.6764091147,10.895806972690808,118.71860958613763,71.0945736434109,4.2640110138321266,97.3016654918171,,94.7455441696331,0.0,52.7739009071877
QAT,2006,95.8058004809302,4.562323230961513,62582.4453138755,11.044240091465465,121.97523919793309,83.7925064599483,4.428343581770683,97.5827378795062,,98.570919313572,0.1,50.3550976479985
QAT,2007,92.1164239737723,4.523053254982459,65954.3419525051,11.096717993014009,123.13715021648085,104.099483204134,4.64534701119106,97.8663125111735,,96.1141057101106,0.1,46.4568362437376
QAT,2008,87.7129745942613,4.474069831357684,80781.4039187792,11.299502068500662,127.67874699605073,122.905943152455,4.811419373030583,98.1295193937322,,89.4328416546905,0.1,43.3504469009866
QAT,2009,84.0235980871034,4.431097688998354,60785.7351551657,11.01511042126842,121.33265759273613,138.579069767442,4.931441063573458,98.3494885340955,,80.1441629727012,0.1,39.7629937914219
QAT,2010,82.4764401970049,4.4125126791871585,76462.6119486736,11.244557167648798,126.44006589652197,139.262015503876,4.936357162365836,98.5066232166665,,87.1111970364642,0.1,44.6630200292918
QAT,2011,87.9624107804434,4.476909573001329,103261.510293068,11.545019984445874,133.2874864412546,139.94496124031,4.941249211314089,98.6300610210909,73.2142681700731,98.7216351018991,0.1,51.1981146765586
QAT,2012,95.6228667032868,4.560411982912615,108470.387023229,11.594232484048817,134.4262268941728,148.358139534884,4.999629212335724,98.7428010471968,73.4692107035411,105.746286433535,0.0,53.5992587251326
QAT,2013,88.6466197970471,4.484657902036317,103697.062789144,11.549229069700225,133.3846921044087,165.066838931955,5.106350476312122,98.8357621827901,71.768350592851,102.383154379024,0.0,53.2936831372565
QAT,2014,75.1764824465315,4.3198384486207155,95840.6898934238,11.470442611710512,131.57105370854427,187.271105308964,5.232557327976198,98.901627838826,69.7579989822263,99.0343138952759,0.0,51.4766852020105
QAT,2015,97.7000280042596,4.581901845683902,68985.2433380102,11.141647896040569,124.13631783934522,204.051958224543,5.3183746585935285,98.9382407681154,57.4408093312248,93.7076739370818,0.0,48.6591283555913
QAT,2016,83.6854921169063,4.42706563053511,61253.6217997091,11.022778258082601,121.50164052685851,215.588598781549,5.373371956289399,98.9855265345423,53.2053847059143,89.5476231430097,0.1,46.043357731359
QAT,2017,83.268990615565,4.42207621834845,63279.8767486216,11.055322654725062,122.22015900007719,221.568320278503,5.400730985621486,99.0310125265978,56.6880001909956,91.4945574785855,0.1,44.8208042988114
QAT,2018,93.3069571843647,4.535894672965692,71039.9308240078,11.170997403904426,124.79118299803943,224.606962576153,5.414352041717681,99.0755684762244,60.3815146701831,91.838343273294,0.0,44.520899868022
QAT,2019,81.0088337801126,4.3945582077396725,66841.3623185691,11.110077364287518,123.43381904045388,229.648128807659,5.436548262720575,99.1191696672067,57.1645752595048,90.0462934117559,0.1,44.592192164423
ROU,2000,20.4022118211382,3.0156433175776787,1659.92904910528,7.4145301389343015,54.97525718116511,97.701323407775,4.581915104584171,52.8619549004535,30.2634621400688,48.5213253850786,16.4,4.34452283523425
ROU,2001,20.5727453427073,3.0239671581870913,1825.19299373184,7.509441010415506,56.39170428891025,96.3474380740934,4.567960804720596,52.764808691157,32.337206984498,51.9285910211481,13.4,4.71753757121485
ROU,2002,20.8397542766711,3.0368624258689683,2119.85509684554,7.659103014785496,58.66185899109628,94.5338495671466,4.548957966840396,52.7466427937759,33.3269850234614,53.7102478139376,14.4,4.75824850017229
ROU,2003,21.1260463408151,3.0505067029427804,2679.40626016154,7.893350504244403,62.304982182855376,93.8218134377039,4.541397381616772,52.8023493819682,32.0484937285585,56.1795270470243,15.7,4.99887690581852
ROU,2004,21.3544292529253,3.061259177311369,3494.99056448955,8.159085954947399,66.57068362021991,93.2684695652174,4.5354821039541795,52.9175295523808,31.8347873600822,60.6264786669408,17.3,4.92175276345778
ROU,2005,21.4477107307875,3.065617913841006,4618.00350802913,8.437717749556667,71.19508082118362,92.7023436820593,4.529393754690825,53.074507031037,32.2658742760889,59.3605494490555,18.5,4.90116528457151
ROU,2006,21.2993011373918,3.058674261726016,5757.53127301178,8.65826406337992,74.96553659121618,92.1547960692234,4.523469729090535,53.2566380678272,32.9782770932418,61.6836259265159,17.4,5.22993560368712
ROU,2007,20.9454013377561,3.041919115722036,8360.33775916596,9.031254107076727,81.56355074659024,90.8390186610988,4.509088914240859,53.4472789126416,34.2821825497409,63.5051566734658,18.2,5.12802242514982
ROU,2008,20.523004802707,3.021546442462779,10435.1561230787,9.252935780882723,85.61682056513976,89.3339495432797,4.492381589691491,53.6297858153706,36.7743706646186,65.1752009979412,20.4,5.13050644236563
ROU,2009,20.1691050030713,3.0041519783029575,8548.4543409242,9.053505766749067,81.96596666855862,88.5311962096844,4.4833549894449725,53.7875150259042,36.4231420350652,58.4700583666529,22.1,4.20729371276879
ROU,2010,20.0206954096756,2.9967665090318345,8399.5374234284,9.035931914675595,81.64806556665297,88.0107411432297,4.477458865475472,53.9038227941329,38.3073286489437,69.9549354932718,24.1,4.11641877898071
ROU,2011,21.3631759849928,3.061668691474957,9560.6755277458,9.165413665447108,84.00480765876459,87.5332493374462,4.4720187136126865,53.9608874244169,40.2099159620935,76.271356441629,21.1,4.45806056206995
ROU,2012,19.4249667326641,2.96655918364808,8929.95366231474,9.097166484866571,82.7584380533796,87.201265107382,4.468218838921871,53.9563092496073,34.4276463515754,76.5943239913672,21.5,4.36901221879411
ROU,2013,17.8711054888739,2.883185190093607,9497.67411615237,9.158802217734207,83.88365806357304,86.8742903099596,4.464462134757599,53.9101758034365,32.072608504292,81.3976131747183,23.1,3.9798049339529
ROU,2014,17.9898360506608,2.889806934561315,10031.7710755404,9.213512443188531,84.88881154078989,86.5306806328234,4.460499040447222,53.8267187624053,32.5700211539755,83.3751429575201,24.3,3.96756659394738
ROU,2015,17.4955175712912,2.8619447093369677,8977.01748158196,9.102422977129411,82.85410405457345,86.1248956884562,4.455798518168575,53.7071839518893,30.811807082352,83.5205767017155,23.7,4.0525613738175
ROU,2016,16.5983385295736,2.8093026017733975,9404.54005870715,9.148947836627244,83.70324651732632,85.6322453059805,4.450061909714778,53.5528171972639,30.1213847463155,85.8925282906884,24.4,3.99479410161277
ROU,2017,17.0446117524786,2.835834127535118,10727.9822007426,9.280610765819814,86.12973618665063,85.1387126216968,4.44428183956331,53.3648643239046,29.1130933187854,87.1560645667801,23.4,4.17578692629915
ROU,2018,17.1719925973938,2.843279719276372,12416.134317959,9.42675206049907,88.86365441012344,84.6399947844228,4.4384069064892735,53.1445711571868,29.1075109238852,87.0911701095809,23.0,4.26219717910626
ROU,2019,15.0073403663299,2.7085394391610786,12909.6104013244,9.465727305331441,89.59999341889723,84.1952712100139,4.43313875826991,52.8931835224862,27.7745670712094,84.9063630584793,23.5,4.18922540818417
RUS,2000,20.7488898644786,3.0324927447384487,1771.59411621094,7.479635050871107,55.94494049421963,8.94901570933758,2.191543549628567,73.1568222045898,33.91897031752,68.0939070373555,3.5,11.4678581573253
RUS,2001,19.8392973144391,2.987664683610511,2100.3525390625,7.649860485366006,58.52036544556423,8.91163375342787,2.1873575864504184,73.22998046875,31.8373541233321,61.1108586644206,3.6,11.5380010322485
RUS,2002,18.6102424999805,2.923712101196908,2377.52954101563,7.77381721958552,60.43223416352434,8.87046146313948,2.1827268201248757,73.2929008030615,29.0563928119662,59.6454457319607,3.5,11.5293860535362
RUS,2003,17.3414730765516,2.853100920255762,2975.123046875,7.998040677418534,63.968654677641524,8.83027865243716,2.178186571585344,73.4057388305664,28.6531349946058,59.1282690076014,3.3,12.0101555342893
RUS,2004,16.3127366996014,2.791946195298031,4102.36474609375,8.319318853765985,69.21106619062618,8.79465803239439,2.1741444953863396,73.3065795898438,31.7022224269588,56.5818523984055,3.5,12.0698465708905
RUS,2005,15.8037810245792,2.7602492167570762,5323.455078125,8.579877822309177,73.61430344575287,8.76108889416588,2.1703202002102966,73.1613922119141,32.6292320732921,56.7132484905422,3.6,12.1189832296134
RUS,2006,15.6913079663017,2.753106926323443,6920.19970703125,8.842199907592871,78.18449920583538,8.73439418381291,2.167268586150844,73.2439193725586,31.780260587362,54.733401867266,3.5,12.4166473767424
RUS,2007,15.6363350250339,2.7495973742190647,9101.2392578125,9.116165865410188,83.10448008566989,8.71946397976766,2.165557765821387,73.3856048583984,31.2220408019737,51.7061227454606,3.7,12.4578591772281
RUS,2008,15.595083234396,2.746955687294385,11635.2841796875,9.361797499992264,87.6432524308614,8.71609568861449,2.165171395523084,73.4822463989258,30.7868817007532,53.3824660408908,3.3,12.3604193305861
RUS,2009,15.5237736280086,2.7423726313344168,8562.82421875,9.055185346817124,81.99638166521156,8.71872024385612,2.165472466124761,73.5288696289062,29.3269390255444,48.4350610278181,3.6,11.6405620274147
RUS,2010,15.378627239492,2.7329787038840423,10674.990234375,9.27565892328376,86.03784846109365,8.72263552192818,2.1659214310091888,73.6696307887624,29.999588218512,50.3555054872589,3.3,12.2289345872818
RUS,2011,13.9138877120952,2.6328874573305505,14305.33203125,9.568387616067692,91.55404157131758,8.73293828429975,2.167101886453659,73.8534851074219,29.4135888378747,48.0353994077919,3.2,12.8138402250147
RUS,2012,13.8991230346483,2.631825747113827,15401.8515625,9.642243012505682,92.97285031221466,8.75493589434367,2.1696176435343855,73.97265625,29.102868072666,47.1513903857957,3.2,12.6922981666833
RUS,2013,14.0574320033086,2.6431512241324073,15941.4482421875,9.676677804063205,93.6380933236495,8.78102091547408,2.1725926782761813,74.0762949770228,28.1912891799352,46.287149400499,3.6,12.2682756012668
RUS,2014,14.2481805159069,2.656629215468227,14055.47265625,9.550767111821791,91.21715242425677,8.80737424184231,2.175589352600781,74.1776476748791,27.9315270606099,47.8013412628116,3.3,12.1341694161707
RUS,2015,12.9392509421972,2.5602654003954752,9277.7138671875,9.135370444912384,83.45499316577869,8.8320122221157,2.178382873378404,74.275919065527,29.7940599874349,49.3593493116887,3.2,12.1481277789029
RUS,2016,12.4784655225055,2.524004400454261,8663.158203125,9.066834623656327,82.20749009273317,8.85489473873823,2.1809703839521988,74.3703138709243,29.1739050669208,46.5181198396096,3.4,11.961746699283
RUS,2017,11.739094414375,2.462924674659425,10658.9130859375,9.274151730601806,86.00989032222448,8.87185768709161,2.182884209239928,74.460036813029,30.6732968853437,46.8765243371311,3.2,12.1357322425004
RUS,2018,12.3153675046294,2.5108478731596686,11211.8876953125,9.324729895762207,86.95058762892147,8.87825976514438,2.1836055654053292,74.5442926137992,32.5542980530841,51.5809003703964,3.2,12.5939247104085
RUS,2019,11.6778230257169,2.4576915752437665,11447.701171875,9.345544217809904,87.33919672704013,8.88162945666663,2.1839850375428633,74.6222859951926,32.1504958365379,49.2287536619033,3.2,12.7738739166789
RWA,2000,31.3781575577386,3.4461120316786276,251.86926386091,5.528910158688411,30.568847542847905,332.952209160924,5.807998963647771,15.7804474645996,16.8199894205861,27.4848638250445,86.8,0.0828470558128623
RWA,2001,31.2222805217086,3.441131959239119,237.308846200901,5.469362441301045,29.913925514314524,335.917875962708,5.816866713310901,16.5487399668155,16.4383277981487,29.1989094376925,86.9,0.0839377470558437
RWA,2002,30.8879447825411,3.430365971293318,234.043016755733,5.455504930752074,29.762534049460193,340.501824077827,5.830420482631979,16.8778847116752,16.3918384200183,27.6094381162173,87.1,0.0974383882250142
RWA,2003,30.4979302158135,3.417658819534045,249.012274982252,5.517502192367123,30.442830442776003,348.069517632752,5.852402223136947,16.8947432312369,14.2873220806925,29.3106242354101,87.3,0.0825096440788995
RWA,2004,30.1750166971027,3.407014320325702,269.540446333402,5.5967184582474925,31.32325750088819,357.391325496555,5.878831331296349,16.9020099536792,14.5850139685545,33.4616731030871,87.6,0.0778850119158284
RWA,2005,30.0419841019859,3.4025958733827895,324.016863847189,5.780795563348909,33.417597345234434,367.025861370085,5.905432312520352,16.9072114459454,14.9498202744611,34.2165383418652,89.2,0.0819369049386119
RWA,2006,30.0919739416177,3.404258489740459,356.995022901154,5.877721840229106,34.54761403110623,376.945520875557,5.932100670044487,16.9110139245047,15.8329921631119,33.2214370724059,90.6,0.0800710079075228
RWA,2007,30.2183078634908,3.4084479613487084,426.234183487629,6.054988921721894,36.66289084217487,387.107134171058,5.958701487202094,16.9140836058266,16.7334821839077,35.9709731972278,90.3,0.0709743199245482
RWA,2008,30.3940359476901,3.414246403233952,528.326391755502,6.269714258923839,39.30931688855291,397.416659910823,5.984985251510827,16.9170867063804,16.2638385339331,37.6045108548055,90.6,0.0691331500594282
RWA,2009,30.5922082743006,3.4207453449754115,564.039095842449,6.335123567965208,40.13379062138822,407.800243210377,6.0107774545363934,16.9206894426355,15.6885811871245,36.8056280084816,90.5,0.0692316194771755
RWA,2010,30.785874923407,3.4270559784045695,593.624927744346,6.38624768514992,40.78415949608271,418.222659100122,6.036013967975598,16.9255580310614,16.328981915635,37.2788790923351,90.5,0.0708695172198292
RWA,2011,31.1412402470636,3.438532993713685,651.133677964662,6.478714963624325,41.97374757988974,428.606931495744,6.060540255320613,16.9323586881273,18.1678448507507,39.71610247751,89.7,0.0720464570081352
RWA,2012,31.5360758844851,3.4511321566887068,706.817269168561,6.560772173039764,43.04373150653291,438.990717470612,6.084478268137751,16.9410248882148,18.2255034210874,40.5408629987193,88.8,0.0782278619167433
RWA,2013,30.6283384511231,3.4219256735725794,704.92421851123,6.558090305561214,43.00854845589597,449.669233887313,6.1085122766871285,17.0742206053612,17.6168559784511,42.6934924295362,88.5,0.0850149729477326
RWA,2014,31.8689793191915,3.461633101533945,724.957526520906,6.586113069029464,43.3768853580407,460.671139035266,6.132684424082565,17.5020716539756,17.5513834863908,43.902733691075,88.0,0.0844012766836986
RWA,2015,31.2574810856465,3.44225874227275,733.998629882494,6.59850716196767,43.54029676653864,471.829023104986,6.156616680776742,18.1953149858416,17.4466631881327,45.2019756159103,86.3,0.0951200951338408
RWA,2016,31.6862299869281,3.455882201240216,729.519133812945,6.59238559628638,43.45954785012414,483.144831779489,6.180316467460627,19.1213951786548,16.8369912939315,49.4849071069892,85.5,0.101567364138968
RWA,2017,30.3553527446531,3.412972869159026,758.300966509647,6.631080360280318,43.971226744495354,494.611268747467,6.203772138385128,20.2477568101111,17.2842232487373,53.6752674177253,84.5,0.107481851425087
RWA,2018,30.1816687853678,3.4072347462234753,771.773511207309,6.648691127715517,44.20509371176303,506.201702472639,6.226935211346457,21.5418444579064,17.3499797528636,55.7841263739603,82.8,0.116840203984691
RWA,2019,30.0071642427631,3.401436161244145,810.051412137354,6.697097717426748,44.851117836762555,517.880137819214,6.24974382131232,22.9711026997362,18.8647459714312,57.9756628637954,81.8,0.118588586832777
SAU,2000,54.8209025183056,4.0040715540427625,11714.5623675159,9.368587993651369,87.77044099478859,7.52560694797855,2.0183114649209726,79.9704860819453,53.4502821941208,68.1664488005167,0.0,16.3953985610582
SAU,2001,55.9611959807262,4.024658521633343,10805.311325122,9.287793081586702,86.26310032636981,7.92737417953286,2.070321855911523,80.155242811133,50.7812997816126,63.5605836794513,0.0,16.1835734476463
SAU,2002,57.0600844288156,4.044104825434024,10586.0543471363,9.267292786273666,85.88271558651992,8.33185715149626,2.120086378688177,80.3438134074234,51.002641268484,64.5927974099254,0.0,16.3991276825131
SAU,2003,58.024662773636,4.060868140401019,11487.220410693,9.348990427799137,87.40362201907989,8.73929124664486,2.1678290933179953,80.5414456330177,53.9639605129998,69.831170708742,0.0,16.4119297375647
SAU,2004,58.7620259262498,4.073495828693792,13154.4978989446,9.484519024668787,89.95610112930416,9.1499146388549,2.2137445501570174,80.7542316538166,56.7056209373966,75.0828366569341,0.0,16.6257165924061
SAU,2005,59.1792687977192,4.080571291331678,15975.7473782258,9.678827062390873,93.67969330366994,9.56411854732543,2.258018444680847,80.9775503092999,61.7372362527229,81.9540759410158,0.0,16.8475463633317
SAU,2006,59.3460738265608,4.08338596598729,17563.6145370639,9.773584685247659,95.52295759970758,9.9824365373612,2.3008272025457197,81.2008588083072,62.5369910258018,89.9446046768984,0.0,17.0903135744837
SAU,2007,59.4348208026051,4.084880263413407,18596.1502627898,9.830709863160159,96.64285641363443,10.4053668203322,2.342321713460818,81.4230015549063,62.6934226825684,94.8633170967657,0.0,17.3405924711443
SAU,2008,59.5066506638847,4.086088082168736,22320.4888964331,10.013260320217416,100.26538224044059,10.8331326842475,2.382609279041981,81.6441431042994,66.4293431587112,96.1026308742185,0.0,18.0563174565032
SAU,2009,59.6227043484328,4.088036446973514,17718.3911648365,9.782358427985107,95.69453641357126,11.2656494657369,2.4217582256388157,81.8644480116889,54.6450009539393,84.8583415624843,0.0,18.3345628771474
SAU,2010,59.8441227942823,4.091743228256209,22028.3901426586,10.000087361441192,100.00174723645587,11.1543929589848,2.4118334076663874,82.0791668544465,58.0314401714882,82.5496850227537,0.0,20.3047423300728
SAU,2011,61.9036201963126,4.1255786625734885,27126.7498747702,10.208275600274249,104.20889073115457,11.6723187994548,2.457220124029015,82.2543876159947,63.0803869808085,84.3594342438995,0.0,20.2940259487267
SAU,2012,65.8136535735159,4.186827317923155,28733.4375513452,10.265816795054077,105.38699446961436,12.1733184784783,2.4992465467795704,82.4311918025358,61.9428982819125,81.74067854616,0.0,20.6100945700312
SAU,2013,64.2495664318178,4.162774975609647,27865.465604962,10.235143409175432,104.75816060638729,12.8502267768841,2.5533614591920495,82.6071884619102,58.9702568849547,80.2515014286783,0.0,19.8087286694572
SAU,2014,51.0877522409227,3.933544786307572,27805.4850319422,10.232988583524264,104.71405535053793,13.1690025073383,2.5778657731250805,82.7822571294871,56.1653404810043,78.000111117736,0.0,20.6973806780556
SAU,2015,65.6121801282607,4.1837613514019045,23256.1549553531,10.054325105243393,101.08945332192756,13.8700845238151,2.6297343283107026,82.9562773406163,44.6011697093878,67.1052692300592,0.0,20.5071259148746
SAU,2016,57.2721294327821,4.047814108057493,22267.7217050387,10.010893451696953,100.21798770122894,14.399377584675,2.6671849823613436,83.129128630626,42.5305962013279,57.9216635110364,0.0,19.6907023725829
SAU,2017,59.4402484783372,4.0849715807227245,23929.2907135982,10.082858540412923,101.66403634597782,14.4101498355577,2.6679328079835827,83.300690534822,44.8899324686986,59.5319791578229,0.0,19.4764691820848
SAU,2018,61.9886640504678,4.1269515304325255,29360.0658968566,10.287390727169278,105.83040797344844,14.0468072140634,2.6423951254051516,83.4708425884849,49.0147439495304,59.1029104697141,0.0,19.2090840590601
SAU,2019,58.6225928552836,4.071120165885651,29566.7933827436,10.294407165395246,105.97481888694098,13.9851787932213,2.6379981112144097,83.6394643268678,45.7234459871756,56.7938204886513,0.0,19.2859458646594
SDN,2000,55.7364688042335,4.02063466884921,362.116882324219,5.891967039060122,34.715275589370904,,,32.3435880462815,20.0797178625874,29.4042344599492,80.4,0.215697415351796
SDN,2001,56.2871646110288,4.030466527111671,451.293304443359,6.112117470568143,37.35797997402432,,,32.3760415318304,19.5381154442319,20.2933456223411,79.4,0.229633299984535
SDN,2002,56.688232075569,4.037566642024717,506.262634277344,6.227055574706561,38.77622113048405,,,32.4038820246832,20.7757913955766,25.6255617213052,76.8,0.273652013650817
SDN,2003,57.0038362320227,4.043118567886038,580.320251464844,6.3635801088555,40.49515180182138,,,32.4271684741748,19.8413102544769,26.4402280670553,77.0,0.274762188363775
SDN,2004,57.2981421145582,4.048268199365331,705.113342285156,6.558358559089089,43.012066989577114,,,32.4459598296403,21.4151752034683,30.4323376195052,75.4,0.302186395708402
SDN,2005,57.6353147573441,4.054135483256839,905.543640136719,6.80853547068089,46.356155255519845,,,32.4603150404146,21.9763462611458,35.8715914021946,72.3,0.347656760296796
SDN,2006,57.9611168000079,4.0597723857279915,1132.474609375,7.032160437127932,49.45128041350731,,,32.4702930558327,22.9778613068907,36.2025936172703,69.2,0.415110634748496
SDN,2007,58.2384917480455,4.064546506369808,1444.37219238281,7.275430037198325,52.93188222616762,,,32.4759528252296,26.3285235935348,34.4033361615632,65.6,0.439520225392796
SDN,2008,58.5573759344283,4.070007058786159,1527.58239746094,7.331441632282182,53.75003640756042,,,32.4816230749746,28.2073396404398,36.7410978273835,63.5,0.457313500662325
SDN,2009,59.0077056921272,4.077668040328944,1178.22180175781,7.071761633209213,50.00981259692983,,,32.5774622972843,25.6508731569437,32.7808783344833,63.1,0.460761026758193
SDN,2010,59.6794173541135,4.0889871930146295,1305.63598632813,7.174445546887686,51.47266890525655,,,32.7174026591513,21.1420469221691,32.728309950035,61.3,0.47757128392889
SDN,2011,62.2941694151786,4.131867832572263,1332.6572265625,7.194930142747212,51.76701975901241,,,32.9059760141986,20.3300649001863,27.512339023518,63.7,0.449334195811792
SDN,2012,64.1497177387956,4.161219691033191,1019.22210693359,6.9267949750591065,47.98048862650409,19.7661552462527,2.9839711441300034,33.1425561614901,17.6175266828595,21.8561745247301,63.7,0.474625992378013
SDN,2013,60.4369003558748,4.101599851441435,1138.62780761719,7.037579138858127,49.52752013569109,20.2279705567452,3.0070663276474265,33.4264777958103,20.2367455588648,26.8585245020134,64.3,0.466404764386795
SDN,2014,49.516943286103,3.9023148996154045,1275.43835449219,7.151045205949145,51.137447537528246,20.7833608137045,3.0341527056882325,33.7624582408117,18.1004960644315,20.8451090041313,63.7,0.4769298698272
SDN,2015,61.1105056197826,4.112683792801291,1292.37963867188,7.164240479161954,51.32634164326271,21.4263549250535,3.0646217028601477,34.0914394628597,16.0712107361815,18.3782728546541,61.9,0.538628519166206
SDN,2016,59.3119232873813,4.082810353033203,1033.21594238281,6.94043149120602,48.16958928412422,22.0877366167024,3.09502255028577,34.1881958841213,17.3546057080676,15.2816698903461,58.9,0.580134819548243
SDN,2017,59.8168448508968,4.091287307760247,966.505676269531,6.873687171646692,47.2475753336603,22.8663308351178,3.1296655594449985,34.2872225663509,16.6174079698297,17.8313898297102,59.4,0.553975991088325
SDN,2018,58.6936576687446,4.072331674467551,731.027465820313,6.594451031985538,43.48678441325513,23.6780492505353,3.164548426999753,34.382054222005,20.7757619010592,21.8679187274323,59.8,0.53463218085508
SDN,2019,51.9356218340372,3.9500049099216064,709.975280761719,6.565230153600711,43.10224696974802,24.3833913276231,3.193902217234967,34.4727685824236,21.7363013265282,26.1196204552625,59.4,0.515296167190014
SEN,2000,69.3535963097363,4.239218002802541,603.233162455158,6.40230379272756,40.9894938543737,51.775099984418,3.946909338412917,40.6667555531967,24.0081947042607,48.680089723263,47.5,0.400180171865501
SEN,2001,67.9795373068239,4.219206737931537,637.213530563724,6.4571048122167936,41.694202555953275,53.0459772502987,3.971159032784208,40.8763420163126,23.8843480318636,49.7205780648314,45.8,0.441919674076285
SEN,2002,64.7531897425132,4.17058296179893,669.430447319209,6.506427272235233,42.33359584888642,54.3614709395938,3.995655648144108,41.1081471561292,24.7837929266149,53.1442994641329,43.8,0.447200869387918
SEN,2003,60.9096861151279,4.109392211578308,817.888034221442,6.70672544975427,44.980166258381615,55.6857424816912,4.019724144359318,41.35893934855,24.2086161157819,50.8212198933376,43.7,0.423806119776413
SEN,2004,57.6841589229918,4.0549825937579485,918.102079522155,6.822308582175033,46.54389439041911,57.0077598296369,4.043187395930751,41.6248193895895,25.0673709569857,53.6592031275529,39.9,0.471678172078985
SEN,2005,56.3117406644287,4.030903050961171,979.846101520171,6.887395520067529,47.43621704984627,58.3569937152652,4.066579209566708,41.9057599695838,23.6818582271971,54.9032435689485,40.3,0.511647396744881
SEN,2006,56.3287590057483,4.031205221876586,1017.20196747987,6.924810967757527,47.95300693917494,59.7314392562198,4.089858502489735,42.2046413043069,23.4152166861911,54.1362378092613,43.4,0.488187313947173
SEN,2007,56.4318266525352,4.03303330169523,1188.93877808175,7.080816405105861,50.137960962816294,61.1351166052044,4.113086440933901,42.524343609533,23.6352865631739,59.2713043549794,40.0,0.528404267538825
SEN,2008,56.5965036620253,4.035947210545385,1398.79218010021,7.243364414739086,52.466328044708504,62.5822417285618,4.136481559404229,42.867747101036,22.0817260947223,62.7617698176319,39.8,0.534842885597005
SEN,2009,56.7983500914545,4.0395072776195535,1308.69404336205,7.176785005482382,51.506243014916755,64.0803459201163,4.160137700999533,43.23773199459,22.0007291744608,52.3072908773365,51.3,0.534391839310571
SEN,2010,57.0129259980585,4.043278014021453,1275.88357492357,7.151394217519003,51.14243925436423,65.6282813068093,4.184006720527452,43.6371785059692,21.7761763055679,52.4578551962948,49.5,0.552265288044008
SEN,2011,59.1412397618774,4.079928477374668,1374.67591873844,7.225973286857178,52.214689942373525,67.3084558250662,4.2092858725184366,44.0689668509475,23.3061329625455,57.5768785989578,48.0,0.577132451936303
SEN,2012,71.9845097478197,4.276450953478218,1326.83798848379,7.190553938320986,51.70406593990344,69.1346543395834,4.236056115039023,44.5359772452989,23.1117975253125,61.9753040040375,49.6,0.553255156926921
SEN,2013,50.7740625879857,3.9273856452179463,1379.83196553924,7.229717006635401,52.26880799603314,71.2140913104451,4.265690710499555,45.0398750539456,24.294212523467,60.6267663596737,42.7,0.571875600117834
SEN,2014,54.8894665378893,4.00532146376597,1398.89137601382,7.243435327629456,52.467355345550445,73.5059575131148,4.297366457534245,45.6020905341588,23.1526032786161,58.4425289760992,42.5,0.592328969929697
SEN,2015,70.740985096638,4.259025109276049,1218.00613555438,7.104970485658123,50.48060560207303,75.7976990598868,4.328067936777127,46.2747669629858,23.5966085082289,58.1103376742017,39.1,0.631685802233911
SEN,2016,62.2452907130405,4.131082881286984,1266.43957151587,7.143964755327409,51.036232425360204,78.0892380408248,4.3578522501782,47.0553579909929,23.3440535101312,54.1081692072139,36.7,0.684897111121798
SEN,2017,68.9961611199396,4.234050867106618,1356.80518449031,7.212888086146427,52.025754543273074,80.3770944787825,4.3867292410522545,47.9338349639053,23.2776942790053,57.7052798455617,36.8,0.659314939022302
SEN,2018,61.8009740540162,4.123919125731284,1452.55612562445,7.281080128684835,53.01412784032917,82.6598348309354,4.414733810907569,48.9001692274485,24.0134453886227,61.7898394793183,34.2,0.674573586926839
SEN,2019,60.3429016299635,4.100043320575445,1431.18128932159,7.2662554586892565,52.79846839093142,84.9370072196541,4.441909890212756,49.9443321273477,23.5728096206578,64.2362506061005,36.2,0.674423812453823
SGP,2000,19.7999719213474,2.985680519585716,23852.8389514753,10.079658522837384,101.59951593700832,6011.77164179105,8.70147476641744,100.0,32.4585044954973,364.364520468218,0.3,11.3010369953278
SGP,2001,19.3142628589039,2.9608438312120757,21699.7414868907,9.985055626411079,99.70133586252354,6176.13731343284,8.728448324850078,100.0,30.3796610759446,349.292105694978,0.6,11.0938779297885
SGP,2002,18.5842525658608,2.9223145858762316,22159.8373710639,10.006036801983383,100.12077248264585,6186.59259259259,8.730139744420326,100.0,30.7456754181249,349.746013985676,0.6,10.8280032088507
SGP,2003,17.7392806593529,2.875781426981107,23730.3840054566,10.074511531576864,101.4957825998752,5989.55749636099,8.697772814651312,100.0,30.2248029160952,377.218564301581,0.6,10.314555220561
SGP,2004,16.908686756515,2.8278274991327605,27608.080013423,10.225863762970647,104.5682896988362,6047.40783744557,8.707385002590556,100.0,31.8858938554669,401.523712538509,0.5,10.6855268387372
SGP,2005,16.221810474482,2.7863566623399825,29961.3172812732,10.307662404664365,106.24790424853116,6191.23657474601,8.730890115476274,100.0,31.4076522049802,420.430512920559,0.5,9.78289459186893
SGP,2006,15.6032041493169,2.747476287351974,33768.4528234651,10.427282297212068,108.72821610575218,6342.02449567723,8.754953317543881,100.0,30.8942965496098,425.363399543019,0.5,9.5355418148688
SGP,2007,14.9552764832534,2.7050641795909494,39432.8860198877,10.582355417697793,111.98624618647781,6602.30071942446,8.795173461121987,100.0,28.2257709638809,394.288471919078,0.5,9.44913687162465
SGP,2008,14.3741516426824,2.665431568780668,40008.5720489092,10.596849011359577,112.29320896955244,6913.42285714286,8.841220142473638,100.0,26.4153381596662,437.326714891057,0.5,8.86794550394306
SGP,2009,13.9559537939949,2.6359062124846315,38926.8054365453,10.569438378068321,111.7130276277835,7125.10428571429,8.871379641621218,100.0,27.0163193688262,358.192811828842,0.5,8.77394676729544
SGP,2010,13.796807103582,2.6244371960875,47236.683084953,10.762926053725787,115.84057723796934,7231.81196581197,8.88624490143145,100.0,26.6358717243037,369.685555787646,0.5,9.62940332481604
SGP,2011,15.5030932335334,2.7410395674688317,53891.4570264372,10.894727247608573,118.69508179978467,7363.19318181818,8.904248973859819,100.0,25.2595925808817,379.098631377539,0.5,9.90350885315629
SGP,2012,16.9223599271481,2.8286358200520296,55547.5553077786,10.924994785238486,119.3555110574881,7524.69830028329,8.925945995827721,100.0,25.0222021555412,369.212965787665,0.5,9.44039430491129
SGP,2013,18.076662563077,2.894621745174526,56967.4257940383,10.950234906163724,119.90764450016646,7636.72135785007,8.940723648410279,100.0,23.4427286283197,367.041780049019,0.6,9.74704963473961
SGP,2014,17.2816885850335,2.8496474776430056,57564.8023114977,10.960666588923074,120.13621207353457,7714.7023977433,8.950883189554647,100.0,24.1685192477514,360.467319166237,0.6,9.84749870377372
SGP,2015,17.1833032960407,2.8439381737452636,55645.6068614606,10.92675841129577,119.39404937882287,7806.77291960508,8.962746958929628,100.0,24.2880229055028,329.471398940262,0.7,9.9683071478565
SGP,2016,15.900294890346,2.766337655616842,57005.5887176547,10.95090458968848,119.92231133246023,7908.72073342736,8.975721319923489,100.0,23.2029524941107,302.839656046574,0.7,9.44707088976961
SGP,2017,16.0768840541767,2.7773824672481613,61236.251270627,11.022494634159038,121.49538796006479,7882.37780898876,8.972384889743564,100.0,23.4966352857041,316.794409287568,0.7,10.1364104576184
SGP,2018,15.9768571619193,2.7711412477738437,66881.6067035265,11.11067927114715,123.44719386629897,7897.30532212885,8.974276881803098,100.0,25.3804206689349,326.59658728675,0.8,9.61426051080076
SGP,2019,17.0759063187283,2.8376684827438843,65952.0378959293,11.096683058288658,123.13637489611052,7965.87849162011,8.982922510250928,100.0,24.07072940872,324.394985115301,0.9,9.79870673958709
SLB,2000,12.7925434315937,2.5488624567739104,953.17190137706,6.8597952665872635,47.056791099493026,15.7366559485531,2.755992764798121,15.7523593692696,,58.5523280892414,55.3,0.528527546774007
SLB,2001,12.8153735261217,2.5506455069622005,911.791935385411,6.81541182302144,46.44983831738043,16.0459092533048,2.7754539419063238,16.0619258388978,,45.1100685673042,54.1,0.568883940996382
SLB,2002,12.788650887329,2.5485581281920457,756.890296490792,6.629218324165289,43.94653558944884,16.3512325830654,2.794303281845229,16.4026212138182,,45.1275100252581,52.8,0.585136484505245
SLB,2003,12.7455152801093,2.5451794669919234,895.984242546501,6.79792282637665,46.211754753372695,16.6543051089675,2.8126687481074106,16.7733115757749,9.50877599494871,55.9586091334969,51.5,0.596369440142099
SLB,2004,12.7191064693561,2.5431053093247984,986.070953503889,6.893728312970861,47.52349005305607,16.9564487316899,2.8306482176182675,17.172863006512,9.67379284707701,62.8118976683083,49.9,0.603652254161829
SLB,2005,12.7425642199631,2.5449479030438136,1144.49233397681,7.042716441228476,49.599854871549894,17.2590210789568,2.848334967879814,17.6001415877737,8.5987215506694,66.5710765635257,49.7,0.618738097209572
SLB,2006,12.8418501292278,2.5527093789430504,1255.62447417684,7.1353883167950665,50.913766431455535,17.5632011432655,2.8658058690452863,18.0540134013038,9.32536931430012,69.7893991429226,48.9,0.609852846047755
SLB,2007,12.9961903836137,2.564656267100422,1390.14870956707,7.237166005702269,52.376571794092534,17.8690961057521,2.8830727462329535,18.5333445288467,9.98457958747137,83.7476138715,47.4,0.647198074200849
SLB,2008,13.1686216317637,2.5778368505789455,1525.84666261203,7.330304723579394,53.73336734053037,18.1775634155055,2.9001880542173537,19.0370010521463,10.2651535362455,87.3526158028726,46.7,0.64545293736119
SLB,2009,13.3221805223207,2.5894303545913187,1554.70671006386,7.349042195932655,54.00842119759866,18.5116470167917,2.918400102464412,19.5633740998673,11.8218587913377,71.8849530192377,45.8,0.632839323659004
SLB,2010,13.4199037039275,2.5967389559535214,1685.14535823757,7.429607105082125,55.199061735886794,19.0413719185423,2.946614081312704,20.1194058206257,12.9725534512526,96.1485545423385,45.1,0.672648264060882
SLB,2011,13.3086086795295,2.588411094976945,1924.05795643133,7.562191753657274,57.18674411908207,19.7550911039657,2.983411235544226,20.7284892962955,18.6507336880232,107.247515572534,43.6,0.674208103880133
SLB,2012,13.3168981062044,2.5890337630830915,2066.25738638356,7.633494223906127,58.27023406640821,20.4932475884244,3.0200954459543845,21.3906964219987,18.2452798557842,104.823434628967,43.8,0.648354445385857
SLB,2013,13.5787313517494,2.608504697424139,2161.38627543917,7.6785050890012,58.95944040181732,21.2556270096463,3.0566216607709173,22.1027262484765,15.6478383600355,99.6074605551315,41.8,0.660733345099127
SLB,2014,13.6743436010117,2.6155213472299934,2164.95289873002,7.680153884417029,58.984763688325984,22.0403001071811,3.092872600670282,22.8612778264703,16.8607057072847,93.4534070100296,45.9,0.607059723654094
SLB,2015,13.388977783012,2.5944318149675367,2045.47721526649,7.623386398351897,58.11602017857671,22.8444087173991,3.1287063923164857,23.6630502067213,15.5522182353588,88.1884859107326,48.6,0.521726890986292
SLB,2016,13.4720259543338,2.600615384037144,2082.62383124213,7.641383835054492,58.39074691463209,23.6648445873526,3.1639905961425887,24.5047424399707,15.5564744358205,85.54984577725,48.7,0.48854205824762
SLB,2017,13.434058342961,2.5977931497681737,2143.57670489272,7.6702310702789065,58.8324446714719,24.497034655234,3.1985520757451726,25.3830535769599,17.6021668174714,82.1974922027324,49.0,0.425713752348061
SLB,2018,14.2731157049398,2.658377747175398,2278.19908624102,7.7311405353776,59.770533977758646,25.3340836012862,3.232150667019926,26.2946826684302,17.6013647441937,88.4949614655388,48.6,0.458608858258556
SLB,2019,14.3002352896823,2.660275990954436,2223.65890942466,7.7069092755439375,59.39645058146518,26.014540907467,3.258655647362528,27.275106750276,18.1213540227607,82.9985659020552,48.4,0.438510355738608
SLE,2000,41.6831849365454,3.7300978085503105,143.743743239644,4.968032153440774,24.681343477621372,61.2858270989194,4.115548610645918,35.5327867241975,26.7592113729712,57.5299628959222,93.3,0.0975673493894468
SLE,2001,41.76188178453,3.7319840044492127,358.315716051546,5.881414486177726,34.5910363582212,65.0140759213078,4.174603799087004,35.763651295501,8.02011314843721,35.9381586081315,91.2,0.117075058452291
SLE,2002,41.7816783655733,3.732457926828826,388.995111216836,5.9635667759735,35.564128691494965,68.8755195344971,4.2323008105952225,36.0082791496616,8.92815293953229,38.9169111968846,88.0,0.116626285971757
SLE,2003,41.7517372598839,3.7317410614463333,413.817607346927,6.025425314785434,36.30575022405715,71.7329869770019,4.272950711220343,36.2690511597053,10.4640211289669,46.4464363702625,86.5,0.119145865711852
SLE,2004,41.6812210476709,3.730050692785454,417.749983329227,6.034883127569403,36.41981436342186,74.199459684123,4.306756868261687,36.5491283814755,11.9277477569509,46.1719991766037,86.5,0.114363772394994
SLE,2005,41.5792923091429,3.727602262302892,462.633324427945,6.13693478444434,37.66196854852289,76.2221113881962,4.333651596297888,36.8485519672439,11.4194355058338,47.547983989225,88.1,0.103149710490117
SLE,2006,41.0215479649101,3.7140974887657165,580.26796974773,6.363490013649994,40.494005153823196,77.9227763923524,4.35571829001819,37.1703805343647,25.2475228320461,22.0888664739674,84.4,0.126518677506451
SLE,2007,39.8572436975635,3.6853041628092478,631.889926264998,6.448715211675753,41.585927881298254,79.65297866445,4.377679432573948,37.5122859420526,24.3286197684471,21.8067992689239,86.3,0.11604786069804
SLE,2008,38.5060302302833,3.6508148583866493,705.359014080005,6.558706913023464,43.016636370941775,81.6669714602383,4.402649654035836,37.8725951588418,22.4354575177107,21.2566155636984,86.0,0.109725276272571
SLE,2009,37.3875582862496,3.621337982931771,652.845806767943,6.481340970869406,42.00778078067037,83.8964533111665,4.429583339768752,38.2496351532666,19.4026088860298,23.0753395976546,86.1,0.107783711267138
SLE,2010,36.9214785886428,3.60879345727918,685.039673490948,6.529476754090105,42.63406668220305,86.2110556940981,4.456798425757553,38.6417328938613,20.2650996328359,27.9541259241389,84.9,0.114146335505697
SLE,2011,43.1349217295232,3.764332917980082,761.146365577281,6.634825672583899,44.020911705578385,88.4905929620393,4.482896252150009,39.0472153491602,19.6837646221541,43.7807969332619,81.0,0.135958333248529
SLE,2012,42.3969895780679,3.7470773591999897,937.504428180231,6.843221481225657,46.82968024110828,90.7603214186755,4.508222201318719,39.4644094876975,23.5297216066996,53.3813447139398,79.1,0.148738833902196
SLE,2013,34.4203331673694,3.538647470206896,1117.47183075115,7.018824118788491,49.26389201048704,93.0181629260183,4.5327947743644055,39.8916422780075,26.4303748873975,53.3627646114117,74.6,0.167216483759209
SLE,2014,36.2193735145078,3.589594155632785,1117.7586465721,7.019080750778287,49.26749458594629,95.2671792740371,4.556685357576342,40.3272406886245,20.452711739982,51.1187772788807,73.0,0.175528275394702
SLE,2015,51.8061671080408,3.9475091983186017,964.575980888989,6.87168860673288,47.22010430790247,97.5014546965918,4.579867297857544,40.7669565187099,16.6428629261418,36.4823958242319,74.0,0.145275663555545
SLE,2016,48.7036743850653,3.885754476627707,844.416411175476,6.738645751094961,45.40934655875017,99.8244389027431,4.603413032124504,41.229411538771,19.515679548632,43.0672126969961,73.6,0.146932936293809
SLE,2017,44.7073767568936,3.8001385161223062,779.186007841728,6.658249795085124,44.33229033375109,102.234677195899,4.627270927418511,41.7106682105058,19.5143905015015,41.5213782343591,74.6,0.14155816155437
SLE,2018,44.3351501101334,3.791777818641811,845.914540460932,6.740418338500136,45.43323937798894,104.662829038515,4.65074403133084,42.2011025267803,17.510686344572,37.3774604106006,75.9,0.160273995994209
SLE,2019,38.5920982937814,3.6530475481003726,843.712517809977,6.737811817863671,45.398108092943346,107.120961485176,4.67395867711911,42.7018444914441,17.9304532249609,37.5619530302056,75.4,0.156143482319108
SLV,2000,32.8863851082494,3.4930587456245323,1982.87093542615,7.5923010408878495,57.64303509546672,286.841988416988,5.658931501137147,56.5638569810457,26.8777211081236,68.7100889044911,33.5,0.975676073120854
SLV,2001,32.370418643123,3.4772450009136198,2058.04459070452,7.629511583168267,58.20944699769876,288.033783783784,5.663077778061081,57.4526760394716,27.0779450585016,65.8907385362251,33.1,1.01143420139878
SLV,2002,31.3515689349669,3.445264311599151,2115.41187355626,7.657004811791247,58.62972268779431,288.930067567568,5.666184678095312,58.3486233966841,27.2751357818747,65.9190907767708,34.0,1.01123653687692
SLV,2003,30.0717063191467,3.4035847402906296,2207.83089518069,7.6997658171364405,59.286393638742794,289.507673745174,5.668181803553541,59.2468576589718,26.9525306163395,68.23698247861,33.9,1.09683944534382
SLV,2004,28.772701131028,3.359427060227179,2285.68907438892,7.734422822150927,59.82129639180911,289.800723938224,5.669193527944966,60.1425374326239,25.6039214354494,69.7822641767691,33.3,1.13733125428521
SLV,2005,27.6964237059766,3.321303296770639,2447.39140845394,7.802778005066506,60.88334459634965,289.844498069498,5.669344565613165,61.0308213239291,24.4712886106953,69.7158116750578,34.1,1.17101134978182
SLV,2006,26.7283220814392,3.285723755320043,2665.61807194853,7.888191231642117,62.223560906955576,289.68721042471,5.668801756147023,61.9068679391763,24.4717932435785,73.4555675070266,34.8,1.23104086937065
SLV,2007,25.6985915806074,3.2464361880884764,2830.65693770733,7.948264097163967,63.17490215826572,290.049420849421,5.670051325183381,62.7676878093683,24.5219333695828,77.6210560347995,28.2,1.29431410969772
SLV,2008,24.7662234674635,3.209480767907472,2983.24829577976,8.000768017986637,64.01228887763781,290.989237451737,5.6732862817856065,63.6372503452723,25.8812946540508,80.6659739399085,31.5,1.17600775015727
SLV,2009,24.09020900599,3.181805492636881,2910.18651752011,7.975972453479253,63.616136578659855,291.905357142857,5.676429630356467,64.5299047495248,24.9700311675857,66.0711911744487,32.2,1.14057238430965
SLV,2010,23.8295394601694,3.17092596487142,3040.07300952878,8.019636810404243,64.31457457079075,292.86916023166,5.679725957172606,65.4327927543162,25.2759118643186,73.5372876725398,32.6,1.10817799335525
SLV,2011,27.5567469396669,3.3162474036078446,3330.60049486653,8.110907895505955,65.78682688938083,293.925048262548,5.683324796954006,66.334413642034,26.1954132809565,79.2766437025052,29.5,1.15322718229029
SLV,2012,24.2617826031933,3.188902379925816,3497.91256915509,8.15992166074219,66.5843215094496,295.076013513513,5.687232996075015,67.2232666950659,26.589358065851,77.6485716222883,30.3,1.14454180790729
SLV,2013,25.8009636408055,3.25041184164888,3582.26694005169,8.18375110247148,66.97378210720315,296.276013513514,5.691291497922645,68.0878511957995,26.1216427113687,80.4511944908271,27.5,1.080823263161
SLV,2014,23.5624481373706,3.1596542641393075,3666.01248913873,8.206859835142001,67.352548353667,297.439913127413,5.695212231905491,68.9166664266223,26.0135339989829,78.1044257477935,24.0,1.10571957770258
SLV,2015,23.9410831694199,3.175595944278388,3790.34089108162,8.240211238908092,67.90108126182723,298.439961389961,5.698568778230436,69.6982116699219,25.2889295441979,76.5602707370519,21.0,1.17485133438427
SLV,2016,22.7554051143461,3.124802704621317,3901.34014965811,8.269075401208582,68.37760799087287,299.266409266409,5.701334177576019,70.3990173339844,24.8348278708617,72.8190933731491,20.7,1.18183137659657
SLV,2017,22.1065954946575,3.09587600267203,4020.12671373919,8.29906870194694,68.87454131963527,299.880936293436,5.703385516856998,71.0856704711914,25.1714727339037,74.3046511916519,25.0,1.06736376872868
SLV,2018,21.0853412269847,3.0485780704673693,4183.54620971358,8.338914541381254,69.53749572845972,300.183735521236,5.70439473892163,71.7577209472656,25.0755067570813,75.6336168879956,23.2,1.14186822838715
SLV,2019,18.2675885826061,2.9051283738629987,4320.11671534627,8.371037698314458,70.07427214660181,300.304922779923,5.7047983677284595,72.4148941040039,25.3481437171191,76.0420130991468,19.4,1.30285851671355
SMR,2000,13.3149944407167,2.58889080174547,37600.7077379601,10.534778152018927,110.98155071225531,446.65,6.101775290147848,93.7709762556799,,,,
SMR,2001,13.0704604520235,2.5703547567036824,39035.1034290445,10.572216608199772,111.7717640106951,452.383333333333,6.114529903009252,93.9000015258789,,,,
SMR,2002,12.7846381589075,2.548244306340881,41790.8432718184,10.640432534032781,113.21880451130328,458.183333333333,6.127269395139882,93.9488167294543,,,,
SMR,2003,12.4695753636708,2.523291706479487,52529.9093701059,10.869137988648706,118.13816061628644,464.05,6.139992305041402,94.0,,,,
SMR,2004,12.1373198686156,2.4962849926105584,58232.0176184948,10.972190613354972,120.38896685579495,490.95,6.196342289615299,94.2143791763566,,,,
SMR,2005,11.799919476044,2.468092707384267,59877.8005839737,11.000061107464427,121.00134436795152,497.266666666667,6.209126434852954,94.6454896824635,,,,
SMR,2006,11.388301363001,2.432586632272619,63270.7780755157,11.055178859765894,122.21697962141472,503.066666666667,6.220722699422047,95.2084276028853,,,,
SMR,2007,10.8925958515834,2.388083278748883,70124.4634385624,11.158026991295722,124.50156633848387,520.183333333333,6.254181313541918,95.8182890221867,,,,
SMR,2008,10.4136554616715,2.3431179700443368,75902.1320521765,11.237200053268202,126.27466503717088,527.7,6.268527940411622,96.3901700249324,,,,
SMR,2009,10.0523327131455,2.307804718332296,62428.9943269418,11.041785099115243,121.92101817504341,551.1,6.311916280889189,96.8391666956869,,,,
SMR,2010,9.90948012588566,2.293491887418486,56543.1898204098,10.942760046713323,119.74399743994536,554.5,6.318066806790422,97.074615769187,,,,
SMR,2011,10.69772481397,2.370031084649591,55601.3929703047,10.925963533347588,119.3766791320413,543.666666666667,6.2983363139529045,97.0999984741211,,,,
SMR,2012,10.4579356879737,2.3473610861939322,47945.8991734281,10.77782855368094,116.16158833254019,557.816666666667,6.32403035403469,97.0999984741211,,,,
SMR,2013,10.2613730648622,2.328386657773211,50807.8289138024,10.83580573416889,117.4146859086474,550.683333333333,6.311159931298622,97.0999984741211,,,,
SMR,2014,10.724794196125,2.372558275457472,51260.4938347125,10.844675633791136,117.60698960214317,544.25,6.299408700114657,97.0999984741211,,,,
SMR,2015,11.0341756272191,2.400997331636662,43146.8240435428,10.672364091103871,113.89935529308336,548.283333333333,6.306792184963386,97.0999984741211,32.0241661542694,321.364013420909,,
SMR,2016,10.7965188044346,2.3792237492470294,44359.4797662688,10.700081713854255,114.4917486831582,551.683333333333,6.312974210167058,97.0999984741211,32.4071649556587,320.146089060708,,
SMR,2017,11.1378783583043,2.4103517637848277,45192.0279766943,10.718675978067889,114.89001472280962,563.75,6.334610890816888,97.0999984741211,32.4530315404968,313.85032377067,,
SMR,2018,11.7160220114158,2.4609573077120834,47950.6880557136,10.77792842965,116.16374123465772,575.366666666667,6.355007518724534,97.0999984741211,36.2169203250722,309.487956436918,,
SMR,2019,10.4938237574833,2.3507868705249853,46630.1443120725,10.750002484630786,115.56255341956806,577.716666666667,6.359083552408571,97.0999984741211,34.7786569469683,307.264778080283,,
SOM,2000,28.5093302780691,3.3502314118759253,386.119274401275,5.956146322773415,35.475679018287266,14.089190869385,2.645407898384087,33.0596136927225,,,93.3,0.0707455938438096
SOM,2001,27.8901493801609,3.328273557672415,244.914842538455,5.500910568648591,30.260017084269762,14.6626916823413,2.685306286858597,33.5128183866634,,,93.3,0.0720444098832276
SOM,2002,26.413641085149,3.2738805844755725,229.598918310039,5.436333953241104,29.55372685116205,15.2231054930341,2.7228143718983464,33.9872055053711,,,92.6,0.0773188616661482
SOM,2003,24.6513569911026,3.204831949322474,286.273025198975,5.656945989009869,32.001037922574845,15.7955128000765,2.759725899702127,34.4719665654476,,,92.8,0.075929768798698
SOM,2004,23.1748486960907,3.143067582675081,375.410326225387,5.928019631034045,35.14141674592502,16.3882392323142,2.7965639575957826,34.9620706047618,,,93.0,0.0721817084294735
SOM,2005,22.5556677981825,3.115986377967287,439.979907805478,6.086729061791212,37.04827067165373,16.9672394554787,2.831284393973456,35.4674928136211,,,93.3,0.0708740925128624
SOM,2006,22.5963627733032,3.1177889540917603,457.996662206659,6.126861896329243,37.538436696691164,17.4953007938279,2.8619323188029115,35.9982083823331,,,93.5,0.0710126971868804
SOM,2007,22.7310859240048,3.123733411646487,479.635628065289,6.1730267074361,38.106258730719375,18.0485574010903,2.8930657592076576,36.5641925012053,,,93.0,0.0697367437921845
SOM,2008,22.9787945882967,3.1345718162274316,507.03744334738,6.228584853620376,38.79526927874916,18.5913284662225,2.9226952605153738,37.1754203605454,,,93.4,0.065428663636479
SOM,2009,23.3584461041883,3.150958636235018,246.513251675105,5.507415751368819,30.33162825842537,19.0665364873912,2.947934782109957,37.8418671506609,,,93.6,0.064842986920795
SOM,2010,23.8889978096887,3.17341801025639,219.202453852397,5.389995749593305,29.05205418063389,19.5456307584404,2.972751770836766,38.5735080618592,,,93.6,0.0643056345273874
SOM,2011,27.743332063383,3.32299552531492,235.325945610434,5.460971555742151,29.822210332624845,19.6844294959671,2.9798279423128897,39.380318284448,,,93.7,0.0638360071358987
SOM,2012,29.2235174003913,3.3749737755457625,350.261946720512,5.858681293758931,34.32414650184082,19.8634871042816,2.9888832275081163,40.2722730087349,,88.5736460782288,93.9,0.062458069714216
SOM,2013,27.5479415389526,3.315927815528051,393.398703952979,5.974823611473119,35.698517188216684,20.5145439474607,3.0211340954477226,41.2593474250273,,83.3409991258378,94.4,0.060817769387286
SOM,2014,25.4404864168862,3.2363418584497543,429.431656725102,6.062462605887723,36.75345284778696,21.2635747760385,3.0569955044063093,42.3515167236328,,81.7010414559322,94.6,0.057963231130783
SOM,2015,24.732373356369,3.2081130476671667,445.583080073396,6.099383716782181,37.20248172454761,22.0087400771511,3.0914396506991477,43.8618107408479,,76.4793322385239,94.5,0.0595713916231977
SOM,2016,25.3011395270495,3.230849435314019,460.928490585175,6.133242912928105,37.61666862898282,22.8723499218924,3.1299287540413325,45.942842729174,,74.3615625516249,94.8,0.0583884020478453
SOM,2017,26.6404683683977,3.2824314269139476,510.939952317726,6.23625207315741,38.8908399199601,23.7775831287659,3.1687432514787286,48.3639630032265,,68.6756490932841,94.9,0.0560917617512643
SOM,2018,27.0888470741344,3.2991220960970025,509.497273804534,6.2334245019213474,38.8555810211534,24.6317578984283,3.2040365818319474,50.9506215336872,,73.8219230280706,94.9,0.0554085565643899
SOM,2019,22.8360439242082,3.128340161563475,539.954816211694,6.291485462375435,39.58278932328144,25.5538798737527,3.240789159279656,51.6421170703225,,70.2980591497227,95.0,0.0528040378839186
SRB,2000,31.2656899545238,3.442521328727912,974.725469278615,6.882155861378929,47.36406930031235,,,55.5923115701625,35.1538213869747,21.109043880746,22.1,
SRB,2001,31.5879271581157,3.452774995634059,1812.42088281393,7.502418734914823,56.28628687400093,,,56.0482321112049,32.5337516849194,53.8950786178485,19.6,
SRB,2002,32.1130882957481,3.469263682104649,2390.73459447107,7.779355959403001,60.51837914309899,,,56.462901503343,31.0933385156358,54.302882889577,18.0,
SRB,2003,32.683463379322,3.486869242935896,3153.9011312754,8.056395419940785,64.90550716244285,,,56.8784264526306,28.8089951022913,58.2946720222191,15.7,
SRB,2004,33.1413424207388,3.5007815187440547,3597.08798057009,8.187879902826603,67.04137730311179,,,57.3144555999278,29.8266761335649,72.2876162455649,14.6,
SRB,2005,33.3290154318997,3.506428351886325,3807.97417321786,8.244852613645048,67.97759462072958,,,57.7508909888183,28.929036607637,71.9925488520017,16.1,
SRB,2006,33.1184661635543,3.5000910169577617,4492.7136699046,8.410212178996842,70.73166889574681,84.742385090327,4.4396158907821075,58.1709152910668,29.108060215991,75.529235364472,15.3,
SRB,2007,32.6163871390382,3.484814835051556,6081.08765700202,8.712938849915414,75.91530340236534,84.3994854790761,4.435561305363852,58.5577111784378,28.2391713833774,72.7165875771534,14.0,
SRB,2008,32.0171315291319,3.466271119830907,7376.73517910716,8.906086432057375,79.31837553527646,84.0409558655385,4.4313042498476065,58.8944613226962,27.5052601244094,75.7432462868839,15.5,
SRB,2009,31.5150525046159,3.450465288983546,6414.0448463847,8.76624537218137,76.84705792529128,83.7046306883147,4.42729430079559,59.1643483956067,24.3265430810242,63.5017226157541,20.7,
SRB,2010,31.3045032362704,3.4437619605605994,5970.92660940072,8.694657405297567,75.59706739549583,83.3688085982163,4.423274241786842,59.3505550689338,25.0306267248726,73.7088615865295,20.5,
SRB,2011,33.95588567108,3.5250622018975,7082.2861666075,8.865352039453267,78.59446678343821,82.740898696547,4.4157140226681015,59.4349187787267,26.27931177307,75.7493613069523,17.4,
SRB,2012,30.384649168974,3.4139375193292505,6263.04086072815,8.74242110665041,76.42992680600658,82.3404642122113,4.410862654074364,59.3468437194824,26.5789003129754,82.0766814348254,19.5,
SRB,2013,28.4561350651549,3.3483637810909936,7040.41812068781,8.8594228395316,78.48937304961416,81.9409215641436,4.405998518871975,59.6111068725586,27.8782873721815,84.3322563766638,20.0,
SRB,2014,28.0367329195926,3.333515540384859,6886.67809068704,8.837344112864798,78.09865096918611,81.5434141321747,4.401135567156875,59.8779373168945,26.5460326998823,88.3815023270446,23.2,
SRB,2015,27.8632692496949,3.3273093071131026,5820.3215576888,8.669110789661225,75.15348188342067,81.1271781385776,4.396018023829647,60.1388092041016,26.6399519622231,93.5281477663237,21.2,
SRB,2016,25.5339499000416,3.2400089353081007,5982.37030126471,8.696572139859216,75.63036698377549,80.7034301394923,4.390781079199021,60.3853870034026,26.5319225334739,97.6906940431804,20.9,
SRB,2017,26.2823086047504,3.2688960362098256,6548.03653824187,8.78692051853683,77.20997219908355,80.275074319689,4.385459165788777,60.621208190918,26.6030717363846,102.740445166934,20.0,
SRB,2018,27.1283419584164,3.3005790101116435,7559.86165747394,8.930608169730212,79.755762281252,79.8376857992225,4.379995646102441,60.8433609008789,25.809720124861,105.563713028559,21.0,
SRB,2019,22.6362588980641,3.11955299666248,7755.632986437,8.956174695288947,80.21306517253407,79.4104161902584,4.3746295459242175,61.0492248535156,25.5321158663518,107.577309546092,21.4,
SSD,2008,36.2667194004734,3.5909004998098464,1654.21153546555,7.411079760674158,54.92410321907414,,,17.0301141193955,59.1868406244764,97.2662973183488,,
SSD,2009,36.1634762510183,3.5880496661637395,1323.22068747862,7.187823958577848,51.66481325950573,,,17.2937284639317,59.2778277419938,94.8357640879963,,
SSD,2010,36.1249406745004,3.5869835042028853,1498.27034985194,7.312066621660164,53.466318279596685,,,17.535620199576,61.1436996609911,90.9434483661131,,
SSD,2011,38.3770105110017,3.6474585957011603,1448.98435006408,7.2786181417544755,52.97828205347737,,,17.7817678106789,61.2256432446357,93.226859754919,,
SSD,2012,39.0581251798986,3.665050925830072,1109.26050083408,7.01144885682145,49.16041507182282,17.0212523539,2.8344627017484796,18.0321885447664,51.1502922242999,71.6198113947489,30.6,
SSD,2013,37.4737878139751,3.623641696940487,1650.18943353528,7.408645368507869,54.88802619631309,17.6701137784248,2.871874725384151,18.2868996493633,22.2248278451082,50.8112465907463,30.1,
SSD,2014,31.496531102241,3.4498774160291426,1242.73450181032,7.125069474014155,50.766615009528344,17.7789834317092,2.8780170536317113,18.5459183719929,46.6994007328919,64.6345178070809,29.4,
SSD,2015,38.2593644496253,3.6443883525209038,1080.14718624765,6.984852594395143,48.78816576542856,17.5772015887836,2.8666026980609147,18.8092619601773,33.0945353993221,65.5513491845003,27.5,
STP,2000,24.757084402543,3.2091116865428653,529.089383412262,6.271157384337884,39.32741493913557,150.01875,5.010760286284407,52.9663437052108,,,54.7,0.37981363440681
STP,2001,24.8336208318526,3.212198413771971,518.88050130005,6.251673608677971,39.08342290944065,152.473958333333,5.026993816438134,53.9612039920776,,,55.5,0.381212638770282
STP,2002,24.8917672167216,3.2145371149326314,568.10257252271,6.3423019878448725,40.22479450502102,156.16875,5.050937153369623,55.0882710997103,,,55.3,0.429556702818799
STP,2003,24.9318158878168,3.2161447343459706,663.696211810494,6.49782453245214,42.221723654536866,160.222916666667,5.07656607475726,56.4128470868097,,,51.8,0.474599191230967
STP,2004,24.9540591758053,3.217036501381598,726.560882130444,6.588322281468101,43.405990484489045,164.276041666667,5.101548193757083,57.8774845467458,,,48.9,0.523762721537047
STP,2005,24.958789411354,3.217226041177332,844.169181884274,6.738352926977564,45.4054001685071,168.373958333333,5.126187448123911,59.4188016908917,,,47.9,0.552465679693638
STP,2006,24.6427336465091,3.2044820759575363,861.970707697664,6.759221288297046,45.68707242416798,172.539583333333,5.150626678746554,60.9734167306206,,,47.3,0.574747340586097
STP,2007,23.8946748557463,3.1736556247287666,878.885791918745,6.778654959685859,45.9501630624737,176.770833333333,5.174854166760434,62.4779478773056,,,47.7,0.57631113730112
STP,2008,23.0029892533768,3.1356241750222225,1081.8684584729,6.986444879440004,48.810412053453454,181.034375,5.198686930360923,63.8690133423199,15.6164167398658,,46.0,0.602440834786211
STP,2009,22.256053053712,3.1026140189719196,1128.28046213305,7.028450037795811,49.39910993379194,185.263541666667,5.221779360919771,65.0832313370367,16.2938340677334,,45.4,0.644352358408348
STP,2010,21.9422424710632,3.0884136588794617,1045.20958234528,6.951972701558201,48.32992444321044,189.377083333333,5.24374017730323,66.0572200728291,14.6892729961318,,38.2,0.679860507585175
STP,2011,23.0857963329852,3.1392175510531906,1219.80189089671,7.106443740030617,50.50154263022034,193.384375,5.264679788648902,66.7275977610702,11.9865058848595,,42.4,0.685702589294852
STP,2012,20.531439331057,3.0219573372463593,1192.0202911189,7.083404870231165,50.17462455561459,197.332291666667,5.284889067485749,67.0335889448132,12.3018328482048,,40.1,0.701017213984449
STP,2013,21.9674166708436,3.0895602950880114,1382.5757842916,7.231703548741551,52.29753621688115,201.195833333333,5.304278728932286,67.1306686401367,13.3437075212036,,42.8,0.690662082962288
STP,2014,19.6630632891255,2.978741915863462,1489.67633417608,7.306314149957473,53.38222645786879,204.965625,5.322842282151225,67.2606735229492,12.8163490377908,,38.4,0.668811335234058
STP,2015,26.1500664634377,3.2638517321305587,1298.10946596396,7.1686642280408845,51.389746814393014,208.636458333333,5.340593303581429,67.3915710449219,11.6794591576073,,39.2,0.702477894663265
STP,2016,25.7342366868061,3.247822272156039,1434.87018050521,7.268829657554485,52.83588459054365,212.176041666667,5.357416315313075,67.5218887329102,10.3295203947605,,38.1,0.718742789252242
STP,2017,21.3075202387728,3.0590600732565396,1555.79477812888,7.349741805377325,54.018704605711136,215.59375,5.373395849746382,67.6520004272461,9.07470301028009,,39.2,0.720394260037687
STP,2018,20.0156978980911,2.9965168605896264,1825.59971753966,7.5096638243858775,56.39505075528992,218.944791666667,5.3888196051894885,67.7828826904297,8.38826200521501,,40.6,0.725544396180544
STP,2019,21.6556728259824,3.075267444420928,1935.2931816596,7.568014109056194,57.27483755487362,222.283333333333,5.403952844400292,67.9129943847656,7.52611285056454,,38.6,0.745576216540451
SUR,2000,32.1762435989463,3.471228403829158,1988.22172925433,7.59499591482723,57.68396294624231,2.96959751627976,1.0884264272273094,66.7015222141811,24.8905012043069,,23.6,3.10546887293005
SUR,2001,31.5360033702711,3.451129857280954,1714.64846637242,7.446963362713475,55.457263325596784,3.03138274876811,1.1090188681527893,66.718959290312,24.7682310008803,,24.1,3.12520552449852
SUR,2002,30.008871262422,3.4014930466963413,2202.340682196,7.697276020209244,59.24805813128825,3.09362901858672,1.1293448414669565,66.7320549534773,28.6630219074672,,27.8,2.25193383962574
SUR,2003,28.1427434567844,3.33728954006787,2516.10404020956,7.830466968400026,61.3162129432039,3.15507781842867,1.1490131608010958,66.7404073281911,26.7990256381011,,24.6,2.43832121544823
SUR,2004,26.4855161347438,3.276598022620228,2887.7721728844,7.968240609395532,63.49285840922008,3.20186064698116,1.1637320930094721,66.743604713168,31.0288898927889,,22.6,2.71227401770304
SUR,2005,25.5850854776858,3.2420095831811517,3453.42865937765,8.147122830831266,66.37561042065207,3.23544160927946,1.174165428459881,66.7321826490881,33.8436415595019,,18.9,3.25198868505121
SUR,2006,25.3403888798647,3.232399521257664,5002.65798695759,8.517724647559918,72.55163317164973,3.27085426043039,1.1850511925133171,66.6967982269052,36.9830696641688,98.1681931723564,22.1,2.91696904934695
SUR,2007,25.2240727430802,3.227798806122212,5530.17615638309,8.617974948689517,74.26949221624008,3.30835404003586,1.1964507968384621,66.6433180134835,37.0673613695571,101.377000372162,24.6,2.66432649863658
SUR,2008,25.1445967600364,3.2246430329089972,6576.08546307249,8.791194932860886,77.28510834755892,3.34716216882178,1.208112873048791,66.5776961831642,40.0701175500103,109.166838523407,26.2,2.7177544695623
SUR,2009,25.0104206234369,3.219292562958295,7129.5768626291,8.87200716559247,78.71251114632412,3.3865559396218,1.2198134579541702,66.5058869102882,34.2921601804851,87.9206617785298,26.5,2.6712389250287
SUR,2010,24.7300040259854,3.208017244330942,7943.60482816915,8.980122459796002,80.6425993929326,3.42614907791599,1.2314369126493359,66.4338443691967,35.1705161344117,90.9613941465855,22.1,3.18171816781622
SUR,2011,23.1342333121969,3.1413134820733655,7949.88867218383,8.980913204051438,80.65680197870547,3.46568614410245,1.2429106344242082,66.3675227342307,35.1093274287296,,21.2,3.51736300243228
SUR,2012,26.3564495295979,3.271713008969176,8851.24050668908,9.088312898426398,82.59743133970365,3.50533535450438,1.254286194798174,66.3132562693376,35.2622611658756,,15.8,4.34546142867553
SUR,2013,25.0473551418283,3.220768238796033,9043.19281529222,9.109767578562513,82.98786533542871,3.54512786029273,1.2655742271172268,66.2683575134509,32.2536953065191,,17.6,4.02147551931391
SUR,2014,25.5794924051723,3.24179095252818,9108.18905406764,9.11692918389263,83.11839774411314,3.58470853811854,1.2766771703611837,66.2249266178037,30.2474846767665,,12.8,4.55565346305788
SUR,2015,27.4211368815622,3.3113141350384097,8813.61705392067,9.084053196979129,82.52002248554673,3.62367242275927,1.2874879930243721,66.1828815074718,27.2599156580204,,11.6,4.68702450195744
SUR,2016,27.0335291242088,3.297077914999489,5644.2061057532,8.638384829980152,74.62169247083122,3.66186375836012,1.2979722413985995,66.1426466980469,26.7553600175618,,11.1,5.03728581709788
SUR,2017,26.7797937382992,3.287647638153425,6049.52128553675,8.707734421536669,75.82463875601455,3.69897103321145,1.3080546818414038,66.1046467051207,38.273693894809,,15.5,4.12724666631857
SUR,2018,29.6641934243254,3.3899407098693803,6665.74180472239,8.80473652495258,77.52338527383402,3.73510639152873,1.317776303193476,66.0693060442846,36.7622415479102,,18.3,3.58824579283518
SUR,2019,29.9904120028237,3.4008777306733444,6629.66775248603,8.799309969177017,77.42785593365804,3.77407650640365,1.3281557187079358,66.0370492311305,33.8807670142731,,14.9,4.39326606885805
SVK,2000,21.3868373355091,3.062775655009918,5421.6448441887,8.598154525181508,73.92826123889924,112.031600831601,4.718780981780341,56.1058893284907,29.5100486010771,108.939262958746,3.7,7.73551047373031
SVK,2001,21.6278516283468,3.073981911331016,5712.47802761654,8.650408188825967,74.82956183330735,111.826756756757,4.71695085907038,55.9968426739371,29.9245857999101,121.931131222912,6.0,7.80433872040338
SVK,2002,22.1249717498678,3.096706914051045,6554.62808369461,8.787926656784125,77.227654925017,111.786112266112,4.716587333560688,55.8776140379959,29.3177460076999,120.599168045888,5.5,7.8021734408151
SVK,2003,22.7003052930194,3.1223783734286115,8675.39633696465,9.068246291029602,82.23309079477214,111.689336936188,4.715721239890723,55.7386007222942,30.7779711731675,125.998506220804,5.3,7.89001472817638
SVK,2004,23.1759598507491,3.1431155281022893,10650.1290097126,9.27332728465224,85.99459892827568,111.689812889813,4.715725501287772,55.5843833415875,32.1708840398951,140.222460021585,6.2,7.78810858704312
SVK,2005,23.374043016004,3.151626133844858,11641.5410321763,9.362335103602941,87.6533185921559,111.700769230769,4.7158235926295,55.4189847597721,32.0563158138445,148.705461161746,6.3,7.86263120934737
SVK,2006,23.1757791292256,3.1431077302708603,13167.8954730379,9.485536984932573,89.97541189252372,111.705904365904,4.715869563817855,55.2464278407442,34.2253304669146,164.992205726236,6.6,7.86450312987735
SVK,2007,22.7029960146004,3.1224968988004083,16110.4817265237,9.687225378053173,93.84233552519743,111.738503118503,4.716161347829792,55.0707354484001,33.4007648001191,166.580025216882,8.2,7.69077341625141
SVK,2008,22.1387064906928,3.097327501485788,18744.3192278346,9.838646010977017,96.79895532931397,111.834365904366,4.71701890082499,54.895930446636,32.9163890677556,162.464472991641,7.6,7.65205745874923
SVK,2009,21.6659233760675,3.0757406749191114,16586.7527805228,9.71635963048325,94.4076444688846,112.006778956124,4.718559395857411,54.7260356993483,29.2871824292761,136.714352092364,10.0,6.91125028451253
SVK,2010,21.4676594892892,3.0665475928737727,16899.448680529,9.735036277925136,94.77093133251849,112.108876920838,4.719470514461574,54.5650740704331,29.956654996582,155.108497681586,10.3,7.40271408613822
SVK,2011,22.5558562408852,3.1159947324933963,18469.4354316836,9.823872505952078,96.50847101320116,112.260522375645,4.720822262769261,54.4167387988534,29.9295585244148,169.178076311066,10.4,7.01956363237591
SVK,2012,20.342178101972,3.0126964695466514,17516.9691054078,9.770925353258123,95.47098225894239,112.451734320413,4.722524101322523,54.2764528316182,30.0711048440783,176.968958181431,10.5,6.67699907851554
SVK,2013,19.5808878710842,2.9745539818906273,18312.7805149823,9.81535448386639,96.34118364395604,112.572637664282,4.723598681417441,54.1384024098892,27.9562731617683,180.903136491458,10.7,6.72042469482633
SVK,2014,19.2661010504213,2.9583471293347205,18770.9289896545,9.840064621677831,96.82687175879568,112.700686356073,4.724735511143185,54.0029125499893,29.8948137660441,176.756316098132,12.2,6.27281818770694
SVK,2015,19.1867476350431,2.9542198133756714,16442.0760860018,9.70759894324071,94.23747724280814,112.803148787488,4.725644253457043,53.8700628001622,29.9318952287768,179.42602289503,13.4,6.36564652722325
SVK,2016,17.8788004543361,2.8836156788111587,16636.0769133073,9.719328924157434,94.4653547359633,112.953369384359,4.726975073229235,53.7399327086517,28.6704533371343,182.757379596201,13.1,6.5265914880281
SVK,2017,18.1847497519631,2.9005833171104523,17645.5298716761,9.778237765223587,95.61393379324475,113.128785357737,4.7285268631861115,53.6126018237016,28.0768009837999,186.644687399549,12.4,6.93642043582623
SVK,2018,18.678784905987,2.9273883828256246,19573.3717031314,9.881925334928212,97.65244832509606,113.285586522463,4.729911944782229,53.4881496935559,28.5930165310765,188.732964699496,12.4,6.83757404157436
SVK,2019,15.8371166474072,2.7623563399814346,19406.0589683582,9.873340614246928,97.48285488493791,113.43899750416,4.731265225510636,53.3666558664583,29.1467840646082,183.722608631236,17.6,6.3818228588265
SVN,2000,20.7629407401817,3.03316970241702,10135.7219109212,9.223821285843352,85.0788791131769,98.7549652432969,4.592641683461966,50.6975029797519,30.4454054896668,104.620348581459,18.0,7.58902422162726
SVN,2001,20.9341970231562,3.041384043022883,10375.6255869861,9.247214640821904,85.51097861343096,98.9106256206554,4.594216670882442,50.7597503536323,30.5980485599949,105.583223530684,18.7,8.51691214120057
SVN,2002,21.268223162792,3.057214088477394,11639.1297780477,9.362127957154552,87.64943988613487,99.0332671300894,4.595455825305676,50.7744556266555,30.0414822046327,104.880458289416,16.3,8.66214095551333
SVN,2003,21.6496505670105,3.0749893142263525,14711.674874253,9.5963966666825,92.090828984315,99.0929990069513,4.596058793098248,50.7553842628349,30.2933302648589,103.280027127626,16.9,8.58065683134969
SVN,2004,21.9631106437327,3.0893642570530546,17103.8297783905,9.747057681063204,95.0051334379732,99.156504468719,4.5966994551208655,50.7124410611224,30.2634915340612,112.399933466762,17.8,8.71266672408578
SVN,2005,22.0932348008799,3.095271444052904,17969.7095907161,9.796442818863273,95.97029190325779,99.3284011916584,4.598431544171603,50.648781400021,29.8114014464119,121.127284217914,18.6,8.81606059363931
SVN,2006,21.7654811995932,3.080325283631593,19563.005059144,9.88139556466906,97.64197830546136,99.6458788480636,4.601622689537313,50.5672552816963,30.1134067265623,130.517913086158,17.4,8.94159456426631
SVN,2007,20.9839149196018,3.043756188019649,23725.1596001515,10.074291350543026,101.49134621562604,100.204667328699,4.607214767692681,50.4707127083144,30.5983193876711,137.66309435102,18.4,8.88722287354283
SVN,2008,20.0510777467089,2.9982829052610023,27461.9764165315,10.220557651113996,104.45979869974484,100.332370372576,4.608488378419187,50.3620036820409,29.7553678451099,135.387093664802,17.6,9.34821670634379
SVN,2009,19.2695114667176,2.958524130092328,24501.7897290425,10.106501444029785,102.14137143817614,101.245371243634,4.617546988829378,50.2439782050416,27.3824377206038,114.482301023638,19.6,8.28055924760341
SVN,2010,18.9417578654309,2.941368895775892,23329.8417691156,10.05748858269996,101.15307659114006,101.685826607499,4.621887928617658,50.1194862794826,26.3518668029855,128.606575425363,20.1,8.37691223640926
SVN,2011,20.6973508722527,3.0300057148956845,24940.6284841605,10.124253418762567,102.50050728732553,101.898292465005,4.623975183120713,49.9463818748723,26.5487234278155,140.332355750319,19.1,7.83269836027402
SVN,2012,18.3430191214734,2.9092490727714786,22442.1417859955,10.018695800090759,100.37426553475622,102.114049151928,4.626090317584154,49.7619476318359,27.0724390429475,143.656448572975,20.2,7.54292692008736
SVN,2013,18.16324478528,2.89940003481573,23236.9655321695,10.053499631535798,101.07285484129044,102.281678252234,4.627730558698948,50.0466580754027,27.136357331722,145.168789432403,22.5,7.52978344651553
SVN,2014,17.79704248843,2.879032291157818,24013.0682060959,10.086353469726403,101.73452631626184,102.382323733863,4.628714077918403,50.983470916748,27.773620382746,146.471705096746,22.9,6.85069690297675
SVN,2015,17.7209260643327,2.874746204778235,20697.2748530619,9.937757320976354,98.75902057061913,102.446109241111,4.629336896815013,53.6612160294144,27.6272123283146,147.218367714503,21.4,6.92739774687175
SVN,2016,16.4517774590328,2.8004335235949993,21447.8377796036,9.973379116459535,99.46829100063117,102.52417833383,4.630098656945399,53.647274017334,27.5997956172164,148.238448080388,21.0,7.27283028626052
SVN,2017,16.502696435309,2.8035237878766464,23303.077705959,10.056340721215133,101.1299887011697,102.610871929328,4.630943891346327,55.2451133728027,28.0311742193249,158.70213584467,19.7,7.42566255708028
SVN,2018,18.1801552844915,2.9003306302140373,25888.0481065655,10.161536678113812,103.25682766065229,102.992292564709,4.634654155960927,55.1913430955675,28.0718729650095,162.613493975851,20.6,7.44975394113682
SVN,2019,13.9082165762349,2.6324797860861273,25814.1687167572,10.158678795236376,103.1987548647852,103.711934605987,4.641617196424256,55.4523277282715,28.5562740977565,160.044275685249,20.9,7.0993135844205
SWE,2000,9.69526031154178,2.271637138415827,29632.5890811623,10.29663001714714,106.0205897100155,21.7806145583158,3.0810203337419853,84.0400009155273,25.9990659152474,81.4721590850121,39.8,6.53554865027019
SWE,2001,9.49612942440913,2.2508842865751797,27259.3174300217,10.213150665686182,104.30844652000611,21.8391676529442,3.0837050390215284,84.0827152824223,25.6798590217759,80.5691828117714,37.4,6.52637826608933
SWE,2002,9.22155824913309,2.22154403078651,29957.7776664916,10.307544258194069,106.24546863462952,21.9103563929565,3.086959419698564,84.1342508376823,25.4557550490181,77.0853186972402,35.9,6.65422739244263
SWE,2003,8.91945432965492,2.1882347709152223,37292.2419727801,10.52654059399309,110.8080568769844,21.9920351490414,3.0906803491265546,84.1954289653543,24.8945920833935,75.3282174864238,34.6,6.65964221276326
SWE,2004,8.6377252099159,2.156139262260786,42758.0048564929,10.663311704941265,113.70621651673738,22.0786999155742,3.0946133390401354,84.2670710494849,24.7464778664862,78.7358819187356,35.5,6.45636291240893
SWE,2005,8.4242784338573,2.13111782673765,43378.4077394363,10.677717078761079,114.01364201406602,22.1671788927031,3.0986127666682077,84.3499984741211,24.5818510778658,84.167923018031,39.3,6.03944461597958
SWE,2006,8.25715564450449,2.1110801752642314,46531.3762240485,10.747882121535374,115.51697009841973,22.2922170365422,3.104237605733024,84.4553200620359,24.8427345125051,88.3302608918239,40.1,6.06777926998554
SWE,2007,8.09484166609447,2.0912270274688187,53568.3057787832,10.888712862068802,118.56406779258256,22.4581399750626,3.1116531308792803,84.5906875454778,25.0247348009667,89.5469236610223,41.8,5.77642857111625
SWE,2008,7.955908814386,2.0739148996874834,55817.1759726485,10.929836914134562,119.46133496957852,22.6337796193202,3.1194434637869812,84.7517366727063,24.1454500212714,92.8083687095596,43.2,5.60895184918886
SWE,2009,7.85892940513784,2.061650389166233,46707.6425044751,10.751663081327038,115.59825901437083,22.8274214371936,3.1279625079163487,84.9341031919813,22.3348931376132,81.958313967393,45.7,5.04604229815191
SWE,2010,7.82247575410873,2.057001097049383,52542.5759090299,10.869379089617276,118.14340179380928,23.0228627359425,3.136487754204001,85.1334228515625,23.8590077358558,85.0914849272733,44.7,5.63902638970728
SWE,2011,7.91243933234096,2.0684361201222226,60379.4814599322,11.008404615279803,121.18497217371366,23.1973780115221,3.1440392555406538,85.3600748880524,23.7337228802394,86.3907448060188,45.4,5.12869166987769
SWE,2012,6.6090550437011,1.8884406850511668,57749.5615420853,10.963871036010374,120.2064680942672,23.3696200002111,3.151436888265,85.6250668883122,23.1051457982894,85.2980605424359,48.3,4.80375075083719
SWE,2013,6.56222856877152,1.8813302661132527,60843.9888799369,11.016068307668105,121.35376095920962,23.5684835040631,3.1599103747874655,85.9249771259894,21.9846853173318,81.6402521329964,47.3,4.579871273832
SWE,2014,6.77228861428546,1.9128390821290464,59583.4584491714,10.995133271732174,120.89295566315185,23.8034986523533,3.169832572073383,86.2563838747314,21.6084554046683,83.8229810483527,48.6,4.41199615103377
SWE,2015,6.30260504424704,1.840963047017131,51188.1652120493,10.843263636106574,117.57636628211115,24.0582617728817,3.180478462420561,86.6158654081858,22.2743619851494,84.1730765958171,51.9,4.37800649972355
SWE,2016,5.69783329212579,1.7400859783865334,51703.5088332851,10.853280927309282,117.79370688709542,24.362449750883,3.193043002271593,87.0,22.0060731182678,83.4519478574149,50.9,4.2819344992006
SWE,2017,6.06180356722068,1.8020073741549139,53210.2233318965,10.882005824760643,118.41805077012457,24.6929419766692,3.2065174528672196,87.237373786911,22.1839062370905,86.0693088740521,51.8,4.15961982553065
SWE,2018,6.29086232136503,1.8390981553325212,54018.4554391861,10.897081034549574,118.74637507354001,24.9814588688378,3.2181339044668236,87.4737430925296,22.2729867092578,90.4087142361701,51.6,3.89655686848453
SWE,2019,6.06869269595507,1.8031432105338354,51648.9892820514,10.85222590576099,117.77080710966995,25.2378879395011,3.228346355071131,87.7088420242759,22.3760709701034,92.7511390290561,52.9,3.8423518032643
SWZ,2000,23.5235005768566,3.1579999460057633,1629.67038842815,7.3961330576642075,54.7027842066733,60.5473255813953,4.103425300260549,22.8409330761997,40.5992598426629,,60.1,1.05395164651138
SWZ,2001,23.1092438852392,3.140232705673984,1429.85630359447,7.2653292312079225,52.7850088378443,61.1083720930233,4.112648879589855,22.7095619136459,40.5236959549355,,60.9,1.05797553716995
SWZ,2002,22.4544209466771,3.1114875189294082,1315.73634647994,7.182151747193492,51.58330371971453,61.5954069767442,4.1205873056937445,22.5690884303038,40.6081262544602,,63.6,1.02176525167518
SWZ,2003,21.7499989661246,3.079613710000191,2015.21743065251,7.608482374590369,57.8890040444523,62.0174418604651,4.12741566581203,22.4312316968119,39.4301244039439,,66.5,0.941876816349489
SWZ,2004,21.1869451485361,3.053385197118054,2525.5640452625,7.834219701025287,61.374998323932736,62.3929651162791,4.133452530498749,22.3077107838089,41.0771172653395,,66.6,0.926703312370301
SWZ,2005,20.9562266988659,3.042435819337523,2871.06877437449,7.9624396346842,63.40044493598986,62.7338372093023,4.138900970480174,22.2102447619336,41.0212746530708,,67.0,0.918331600282478
SWZ,2006,21.0436515370767,3.046598924953507,2964.95865200682,7.9946183659743255,63.913922817574,63.0486046511628,4.143905931335948,22.1505527018245,40.8003700979418,,66.8,0.921123975965387
SWZ,2007,21.2534157795857,3.056517625021462,3109.11097608864,8.042092104529013,64.6752454177279,63.4130813953488,4.149670171316756,22.139989967508,41.1762081293634,,66.9,0.946543749226418
SWZ,2008,21.5040689260291,3.0682421696010924,2946.8606613746,7.988495700104653,63.81606355059053,63.8425,4.156419112775807,22.1692008829856,40.0734428796074,,67.8,0.922510065194961
SWZ,2009,21.714160476043,3.0779646042236792,3189.79679956637,8.067712494554515,65.08798489479103,64.2530813953488,4.1628296820859925,22.2343865624794,40.6050176238161,,66.7,0.949461296309199
SWZ,2010,21.8022399292635,3.082012713565506,3922.74039390733,8.274545768620253,68.46810767699134,64.6308139534884,4.168691293246071,22.3330792067471,38.7137888432086,,68.5,0.769666711644852
SWZ,2011,20.6614067086956,3.0282675498873988,4225.06049411911,8.348788857823472,69.70227539251735,64.9902906976744,4.174237884856315,22.4634753665393,37.8793869465389,,69.3,0.733025416139978
SWZ,2012,21.1394588219266,3.051141380394763,4224.54789174487,8.348667526194486,69.70024946293437,65.3408720930233,4.179617753084516,22.6237715926065,37.7231797224699,,68.8,0.72161820435409
SWZ,2013,20.9735888523904,3.0432639724924337,3949.94310039907,8.281456452829154,68.58252098010564,65.6970930232558,4.185054678290299,22.8121644356992,36.5678764085872,85.2034551274939,66.1,0.851954442074709
SWZ,2014,20.7815505074161,3.0340655982588163,3771.07228381938,8.235114665417097,67.81711355256775,66.0638953488372,4.190622385054886,23.026850446568,36.1654875610372,91.6200186943398,68.3,0.865001201268328
SWZ,2015,21.048617578007,3.046834884717984,3419.82276559528,8.13734400578844,66.21636746854107,66.4426162790698,4.196338662041288,23.2660261759632,36.9658639938824,88.2620944023684,68.8,0.858320652635208
SWZ,2016,18.9203780644377,2.9402395456882386,3238.17611961364,8.08276552423885,65.33109851982412,66.8318023255814,4.202179049969463,23.5278881746356,37.821426598306,89.3584874439935,64.3,0.910738255617408
SWZ,2017,20.2613215828667,3.008713727831613,3853.09956569679,8.256633185376318,68.17199155785748,67.3369186046512,4.209708653919276,23.8052004963161,34.9112500521839,86.8801420302976,65.3,0.916771355428058
SWZ,2018,20.4243293115739,3.0167268035642834,3972.65450620357,8.287189791601298,68.67751464202077,67.960988372093,4.218933840136661,24.0579295404227,34.0032885839109,85.4927768173538,65.7,0.908609504939992
SWZ,2019,21.1666365348853,3.052426193680797,3913.14577547336,8.272096875662509,68.42758672034545,68.5973255813954,4.228253548277933,24.3459549517751,34.6470784405459,86.6407948477595,64.4,0.962899428244033
SYC,2000,10.4591837101084,2.347480416404984,8063.65500575169,8.995122207371132,80.91222352554131,176.371739130435,5.172593921726717,43.3974230710038,41.7175677617359,151.302447835167,1.5,9.29977443887047
SYC,2001,10.4372246646421,2.345378710393543,8153.2986369879,9.006177865084183,81.11123973753229,176.526086956522,5.173468666905175,43.2172985855685,40.3770010669744,179.884914877473,1.3,10.3224058520726
SYC,2002,10.3754079918718,2.3394383898613373,8864.16919495467,9.089772496683354,82.62396404146114,182.00652173913,5.204042520166266,43.0948464521927,43.5117612493021,156.9298895573,1.1,9.06083155166442
SYC,2003,10.2850679474579,2.3306931295447315,9070.28460757013,9.112758921621296,83.04237516358853,179.958695652174,5.19272735595923,43.0049328648162,39.3949624195466,168.844235034216,1.1,9.24366702504198
SYC,2004,10.1775387870608,2.320183212447504,10827.671636033,9.289860324824883,86.30150485475548,179.29347826087,5.189024006613644,42.9237756892027,21.2664381340441,149.54093675029,1.0,12.8705668384359
SYC,2005,10.0641547663409,2.3089800780533647,11802.1118276833,9.376033762888552,87.91000912282605,180.126086956522,5.193657088758228,42.8510349075107,23.5711088030511,171.101735954764,0.9,11.6379830553477
SYC,2006,9.88101029192026,2.2906147627991937,12782.9938926475,9.455870964396453,89.41349569531592,183.913043478261,5.214463056111175,42.7880431397027,23.3438748508432,177.56693551462,0.9,12.4054373522459
SYC,2007,9.60702172018116,2.2624942602953655,12669.3026687222,9.44693723381492,89.24462309963869,184.854347826087,5.219568205939609,42.7361330057413,23.0158256328238,174.928462798259,1.0,10.2019216069056
SYC,2008,9.31775623142405,2.231921852011838,11265.4376270005,9.329494700491749,87.03947136650362,189.034782608696,5.24193103309393,42.696637125589,22.4143519418529,208.842968505327,0.9,10.5938635631814
SYC,2009,9.08878100594942,2.2070407964409697,9747.09180546291,9.184724243135872,84.3591594224478,189.778260869565,5.24585634257468,42.6708881192085,20.1824627484302,221.933825358009,0.8,11.6864074778345
SYC,2010,8.99566322405777,2.1967425972088757,10934.79494629,9.29970518088109,86.4845164513066,195.152173913043,5.273779633267591,42.660307244583,19.6134912354854,198.162692424328,0.7,10.2149938732316
SYC,2011,10.4836323605632,2.3498152181316194,12110.0937461973,9.401794577739082,88.393741282004,190.089130434783,5.247493069715427,42.6739844860866,20.6952608634553,210.075382747992,0.8,8.9397422261868
SYC,2012,9.81980568508283,2.284401334500823,12337.1554669388,9.420370757673089,88.74338521202225,191.963043478261,5.257302871616709,42.7261758463169,19.7343819448264,222.178254853141,0.8,10.0404289774979
SYC,2013,9.6559410030708,2.26757337390403,14821.2921476077,9.603820084496512,92.23336021537858,195.541304347826,5.275771632546359,42.815069634181,16.5413009747671,196.517733268793,1.5,8.91949882711314
SYC,2014,9.06745868961229,2.2046920362905187,15188.1902175113,9.628273445470745,92.70364954075708,198.60652173913,5.291325589637507,42.9386256186342,15.7700469714181,213.354469426486,1.4,10.1369323219387
SYC,2015,9.00174536475684,2.1974184879517673,15333.1051727105,9.637769506651795,92.88660106334719,203.084782608696,5.313623540169703,43.094803568632,14.2030327151444,187.475012467679,1.4,10.5631616694677
SYC,2016,9.9122300080876,2.2937693490704825,16566.9946042294,9.715167718244599,94.38448379362197,205.819565217391,5.3269998879647025,43.2815632531296,13.6909528775658,180.866188390939,1.2,11.6216187669656
SYC,2017,9.84794743856559,2.287263051597965,17480.3651911372,9.76883354093278,95.43010875045329,208.354347826087,5.339240225546517,43.4968644410824,11.7738883980069,197.442236417869,1.2,12.0280041317571
SYC,2018,9.35591484940797,2.2360087475056525,18440.2340460932,9.822290189334442,96.47738456349563,210.352173913043,5.348783144725428,43.7386669014459,11.8099756005606,185.7075372109,1.2,10.3894090655423
SYC,2019,9.43411735985982,2.244332624880073,19141.5118743615,9.859614652188395,97.21200108964807,212.228260869565,5.357662397658846,44.0049304031754,12.2185624290623,173.407846880196,1.2,9.16568501920615
SYR,2000,22.9716712446942,3.1342617717684504,1138.1884854278,7.03719322964254,49.5220885513268,90.5315485907063,4.505698393170123,51.876811612138,33.3190732492983,65.2849861212903,2.0,2.75886578873472
SYR,2001,23.0397743914208,3.1372220437407203,1186.82913474027,7.07904043710445,50.11281351015997,92.7812493198389,4.53024456463323,52.2854637030759,30.1239825545581,67.3681324999384,2.1,2.69850964188265
SYR,2002,23.2266149127917,3.1452988156643427,1183.2473451033,7.076017925051155,50.07002967564525,95.0502339754054,4.554405530534832,52.6957745699164,29.1438723722823,71.6443076814108,1.6,2.62348460059037
SYR,2003,23.505989430593,3.157255258063365,1220.179077256,7.106752911591557,50.505936946415076,97.4415599978212,4.579252813663287,53.1024010548332,28.2611670668232,61.5469905405418,1.9,2.57035827457939
SYR,2004,23.8516945666111,3.171855265821294,1368.1148230028,7.221189029603723,52.145571001269154,99.8903687966443,4.604073272564916,53.5,30.0234984698763,78.1149285929097,2.6,2.61941034118409
SYR,2005,24.2375269426323,3.1879021321775305,1533.90166536568,7.335569876460286,53.81058541243158,102.490009260772,4.629765323201278,53.8227202374695,31.1872111563835,80.1330024866606,2.1,3.12583265383377
SYR,2006,25.0004851753207,3.218895231692715,1718.78347217338,7.449372035944309,55.493143729909065,106.937983989544,4.672249077552576,54.059770380523,34.9830051366887,74.2052265865927,1.8,3.13534302706388
SYR,2007,26.245550864447,3.267496483794221,1937.61138578027,7.569211249010026,57.29295893213992,113.723181224134,4.7337672605749095,54.2883969431774,34.0578017634269,76.3793535157197,1.5,3.11350367803296
SYR,2008,27.5984951064572,3.3177612461081933,2429.12477087189,7.795286294859495,60.766488418824274,117.820540187323,4.7691626209355436,54.5858464394493,34.2242837185363,74.2279600990172,1.2,3.08179246945125
SYR,2009,28.6850889977974,3.3563774406391347,2462.20193643202,7.808811324677351,60.97753430440925,119.674194075365,4.784773000978604,55.0293653833552,27.2972838947834,59.9438252393676,0.9,2.83975010384735
SYR,2010,29.1311036349137,3.3718064567937867,2730.61477118949,7.912282053739239,62.604207297924034,122.433267984534,4.807566130407307,55.6962002889119,30.4265241661983,64.0101646947258,1.4,2.78848083131261
SYR,2011,25.6858667253095,3.2459409077652994,2952.14349372257,7.9902867935235955,63.84468304275758,124.58801938681,4.825012449136576,58.4817704183521,33.7332140485501,50.6960943456553,1.6,2.56219288858715
SYR,2012,24.5499952322116,3.200711660033244,1897.66115018696,7.548377433298399,56.97800187552853,123.943598540543,4.819826611649687,65.0896662830335,25.0488124668991,35.3686903315942,2.0,2.0319939183901
SYR,2013,26.3151629967473,3.2701453128487783,985.892669227054,6.893547493938232,47.520997051182086,117.99225072156,4.770618950457988,73.0620491886137,23.1936090167555,44.7052547833532,3.1,1.43975259608924
SYR,2014,25.7324188924062,3.2477516324620392,1060.59105886854,6.96658163440966,48.53325966889396,110.404939280074,4.7041548726979405,76.0,19.4952280332547,54.2644225210945,2.7,1.52845127759128
SYR,2015,26.9795023656779,3.295077406046049,847.731631942565,6.742564113938303,45.46217083056861,105.781288460491,4.661373646131727,75.7529067188542,15.4913360290372,51.0862078228369,0.6,1.44845576885991
SYR,2016,25.5706170226563,3.24144391973766,656.3490586313,6.486692749000349,42.07718281993371,104.524500353973,4.649421497073089,75.15400963398,16.2367796314778,67.1119365330928,1.3,1.34820380336727
SYR,2017,24.5814440559142,3.2019918516357437,851.502005254153,6.74700185506668,45.52203403227322,104.692414093558,4.6510266615128915,74.5395596323392,17.2068649072566,61.0508521719631,1.1,1.61670932366686
SYR,2018,25.9590823017321,3.2565215407384773,1098.0668642357,7.001306516604893,49.018292939454135,106.615721831945,4.669230985209201,74.0612602381775,18.4959516128679,50.6590991144828,0.9,1.73689698738549
SYR,2019,26.4725611273339,3.2761087674078753,1109.53926036049,7.011700127380202,49.16393867630354,110.839917224854,4.7080869731959964,73.8248788261986,15.9160468546957,41.9994711236162,1.0,1.63691966220706
TCD,2000,56.9478334024862,4.042135645315005,163.121663683369,5.094496325352057,25.95389280902561,6.75992137865311,1.9110112596104805,21.6527690760484,10.9126742297265,51.5711720135652,88.7,0.0282421726360368
TCD,2001,56.7977695021505,4.039497055627709,194.32295331156,5.269521482764716,27.767856657318855,6.99183926302414,1.9447436493910697,21.6780982595188,13.0831347755703,64.3219080406854,88.6,0.0276234182980612
TCD,2002,56.4118948084852,4.03268003712722,219.061391951349,5.389352019076768,29.04511518552684,7.23966963151207,1.9795755743498789,21.7007762031515,14.2598695954881,126.350807849912,88.5,0.0289046128032407
TCD,2003,55.8923266132371,4.023427100850256,289.087621122168,5.666729829434396,32.111826959801576,7.53481019695044,2.0195336422390264,21.7207031172239,30.0655483375136,83.3789149599315,83.9,0.0418746830809522
TCD,2004,55.341182208153,4.013517336764375,445.850767157087,6.099984293241261,37.20980837779008,7.87804637865311,2.0640799516414523,21.7377792120134,39.0982018059117,101.768590921564,84.0,0.0459171720747788
TCD,2005,54.8605788849799,4.004795037494978,838.092107712557,6.7311280081801455,45.308084262507215,8.20210609911055,2.1043909626470585,21.7519046977973,39.9644961738127,77.577493649797,83.8,0.04656232729143
TCD,2006,54.3668277070918,3.9957541830714267,906.897260572747,6.810029169799216,46.376497293516195,8.50256035578145,2.140367336466368,21.7629797848529,39.4591190324475,77.0815766029615,83.7,0.0464674292742376
TCD,2007,53.7838487498235,3.984973212984875,980.483531485103,6.888045849457715,47.44517562423165,8.80055590851334,2.174814890910901,21.7709046834576,41.0245051426906,75.1059962731949,82.4,0.0512558587792804
TCD,2008,53.225172822863,3.974531457798471,1166.36883453841,7.0616506415373514,49.86690978312489,9.11395806861499,2.2098070920647026,21.7755796038887,42.2215131050333,69.0677746090641,79.8,0.0422348813589332
TCD,2009,52.804330735898,3.966593208861855,1035.63719694254,6.94277216548508,48.20208534183438,9.44548443456163,2.2455367896923524,21.7784396568755,34.9025737106603,64.8597511917067,79.4,0.0418370852465925
TCD,2010,52.6348532986167,3.9633785105542856,1141.80069268412,7.04036185018974,49.5666949816071,9.77809323379924,2.2801444991692117,21.8472378191095,37.9286133933223,63.7311691270791,79.2,0.042606847064891
TCD,2011,54.1504227714591,3.9917657808303555,1308.1421872538,7.17636323196062,51.500189237036274,10.1294448856417,2.315446517710866,21.9558736797638,41.0747792133064,57.5437561870898,80.7,0.05359468136292
TCD,2012,57.1204741865987,4.045162619582983,1354.34344701937,7.211072074940789,51.99956046999086,10.4915803684879,2.350573065826207,22.1061904148178,43.4028876654672,54.3851887421013,76.1,0.0915222301903308
TCD,2013,50.2256607102092,3.9165260656211256,1304.88742971475,7.17387205528114,51.464440265543644,10.8728391041931,2.386267854167975,22.2975929852391,38.4745522079809,51.5308164549816,72.6,0.096069856875415
TCD,2014,46.8052788415437,3.8459959923221185,1278.78981422494,7.153669452049914,51.17498662919211,11.2680098475222,2.4219677239507518,22.5294513486009,37.1094347348857,40.8116269859319,72.5,0.0989591842171624
TCD,2015,64.3827504839855,4.164845747604636,993.990730610869,6.901727881271915,47.63384774712612,11.6324817344346,2.4538013345170455,22.8011258828974,33.9182904673272,48.5114982079885,72.7,0.110147579596714
TCD,2016,58.3859502502274,4.06707528298361,861.831767630746,6.759060086454947,45.684893252308356,12.0033791296061,2.4851882042816555,23.1119734707179,25.3450186548517,43.9580149331537,72.7,0.111858325578718
TCD,2017,56.2506214671266,4.02981708932797,854.46120040098,6.750471095323443,45.56886000879728,12.4068924714104,2.5182521626552563,23.461349471105,26.4585882128612,43.2900613852468,72.8,0.141485892472642
TCD,2018,54.3808173498018,3.9960114694297633,948.656629871231,6.855046910028915,46.99166813869698,12.830790184244,2.5518477655263565,23.8486084924975,29.0064942875454,46.7384317860183,73.1,0.149407072594977
TCD,2019,51.8673577081314,3.9486896464089822,893.336441643325,6.794963264282223,46.171525762944924,13.2506535895807,2.584046878731194,24.2731047386633,28.75903709786,46.6777247152768,72.8,0.141712220447998
TGO,2000,63.6974345253496,4.154144287439763,409.889802792768,6.01588834989606,36.19091263841514,94.5033462033462,4.548635243432012,33.0994844063309,30.3028277716404,48.8080041114183,77.1,0.243402917138534
TGO,2001,61.8375994241789,4.124511584382393,396.692654520135,5.983161810888391,35.79822525527325,97.0285346571061,4.575005106966109,33.5503635916513,29.378615828701,51.3941520650307,82.0,0.213439163585278
TGO,2002,57.4025754585,4.050089170933937,445.238691488925,6.0986105237313994,37.19305032016737,99.5270086412944,4.600429050961489,34.0011370438307,30.2198722396307,51.609565282441,78.7,0.22149257547281
TGO,2003,52.1090846350623,3.9533393027538337,538.16537776929,6.28816590654926,39.541030468288476,102.08065820923,4.6257632675501235,34.4513989657696,31.0741865107219,55.389978417259,74.8,0.258889907310065
TGO,2004,47.6738489606156,3.864383007736516,560.266308533382,6.328412221643144,40.04880124704231,104.734473248759,4.65142832107342,34.9007435603688,28.0385993487176,57.8710938708872,76.1,0.241902583126364
TGO,2005,45.8135904419093,3.8245807816426574,551.259850017077,6.31220629511312,39.843948312065706,107.457823129252,4.677098427597369,35.3487650305291,24.4297143100711,61.4542800128481,77.2,0.22434264883446
TGO,2006,45.8783643857125,3.825993641793801,552.50227125256,6.31445754424782,39.87237407810821,110.510535024821,4.705110856004418,35.795057579151,25.0511547993418,61.6128604620733,79.7,0.203255278780994
TGO,2007,46.061091906575,3.8299686002899063,607.587886721352,6.409496834251248,41.081649668276775,113.777238462953,4.734242488180297,36.2392154091353,26.2884068802458,61.7740721086659,79.9,0.196805478169927
TGO,2008,46.3427937229179,3.8360658046906346,718.948386717473,6.5777895703286395,43.26731563152423,117.095274866703,4.762987918523124,36.6808327233827,23.8623598669256,62.3076674472105,76.5,0.249512781975665
TGO,2009,46.7044905531623,3.8438403175073153,720.693768151415,6.5802143149545,43.29922043073211,120.46083838941,4.791324707490159,37.1195037247939,20.6628801268805,62.210419994299,63.4,0.413729525867825
TGO,2010,47.1272031157292,3.852850395141808,704.986772286079,6.558179039921465,43.00971231966523,123.783599926457,4.8185348791526215,37.5545882975638,20.3367703008535,66.7974885937104,65.8,0.375041403085588
TGO,2011,48.2695276844169,3.8768004647564314,783.988944671672,6.664394919066893,44.41415963728463,127.164441993013,4.8454810677462055,37.9872305648732,21.7641490273027,77.732312664143,69.1,0.335011741531885
TGO,2012,53.6407922683827,3.982309828408478,762.39162379069,6.636460365646231,44.04260618479331,130.55223386652,4.8717734061938405,38.4194359598204,20.0154635557205,75.7132085684163,72.7,0.316333405438535
TGO,2013,43.0219165772312,3.761709673689419,826.542799987227,6.717251700538847,45.12147040839203,133.948189005332,4.89745307596889,38.8516767884103,22.1985252830239,82.1477877564195,76.2,0.265104025260238
TGO,2014,43.0636342660236,3.7626788884217284,855.584809246574,6.751785222546867,45.586603691402246,137.386468100754,4.922797889499768,39.2839506458368,23.8476899946971,70.9156517502517,81.4,0.232146083279246
TGO,2015,67.316079169015,4.209399125930339,751.051987587248,6.621474873851916,43.84392950505225,140.893454679169,4.948003964164657,39.7162551272934,22.8664405321196,69.1281378813376,81.0,0.201743528645689
TGO,2016,60.2898429310496,4.099163647273996,772.581357620609,6.649737320534654,44.2190064321114,144.480400808972,4.973143863813305,40.1485878279739,20.8834101208291,66.4450409805081,80.7,0.270784136343166
TGO,2017,58.2450494555721,4.064659100946961,792.765700965864,6.67552771891878,44.562670326052974,148.136422136422,4.998133620385975,40.5809463430719,20.4016230144725,58.2088602526732,78.4,0.205457519665787
TGO,2018,55.1042380453434,4.0092266287244955,851.120561233595,6.746553788613847,45.51598802265985,151.843684500827,5.022851600247051,41.013328267781,21.0297583235942,57.5737388499452,76.7,0.234453571702739
TGO,2019,47.6290664711767,3.8634432150233127,826.255209019798,6.716903695557277,45.116795255391004,155.599705828277,5.047286721178732,41.445731197295,19.3444197845633,56.3421740349757,78.6,0.24876321447494
THA,2000,40.3912275638682,3.698612621880695,2005.97694514234,7.603886475505856,57.81908953238087,123.329513202451,4.8148597424562745,31.4626212652205,36.6694083813627,121.297955351472,21.8,2.77493831519154
THA,2001,40.3506543167023,3.6976076106117977,1889.93432467144,7.544297358598842,56.91642263496147,124.58873925894,4.825018227140382,32.7428054763889,36.3210034946673,120.267966273533,19.9,2.88330259468562
THA,2002,40.4326952705377,3.699638746544132,2089.75183111554,7.644800596815532,58.442976165071116,125.793100275989,4.834638495989458,34.0732781018222,36.8944314471526,114.969743021067,19.9,3.03535576431598
THA,2003,40.5281267680848,3.7019962211680872,2347.54001286066,7.761123255819226,60.23503419201802,126.970905674411,4.843957971035791,35.4270354382579,37.9181748920386,116.692819704865,20.2,3.12835266531198
THA,2004,40.5277251520537,3.7019863115558485,2641.56268717857,7.8791259479822795,62.08062570416765,128.1137759596,4.852918743788833,36.785516284484,37.9023024950671,127.411873720393,19.9,3.37869799549585
THA,2005,40.3222667651549,3.696903841556745,2867.70383436062,7.961266930822618,63.38177114380979,129.220419268336,4.861519622733454,38.1301594392881,38.5052107116361,137.853866832247,20.1,3.47218658348054
THA,2006,39.7521062500821,3.682662827120006,3331.32043511773,8.111124031440792,65.79033305341632,130.297494568302,4.869820255767133,39.4424037014582,39.146855883906,134.086946191268,20.5,3.49792985897197
THA,2007,38.7509301612035,3.657154759671351,3918.52817434581,8.273471396551493,68.45032894955571,131.344113214195,4.877820697572549,40.7036878697821,39.4313718771557,129.873226989717,21.6,3.54477665878806
THA,2008,37.3495127087413,3.620319864873673,4309.13509292986,8.36849248846574,70.03166652950752,132.356926148486,4.885502259366443,41.8954507430475,39.4796129651304,140.437011540931,22.6,3.53401361701146
THA,2009,35.5786281029176,3.5717451233975557,4135.43986952819,8.327348978953273,69.34474101727412,133.338057116013,4.8928876861824,42.9991311200422,38.6085988884387,119.269418854589,22.8,3.40595891903064
THA,2010,33.4690505539545,3.5106211477445304,4973.86288823778,8.511952058289356,72.45332784261642,134.235250249564,4.899593859565834,44.0018736622496,39.9217256985357,127.250522638251,22.8,3.59232409675161
THA,2011,29.0591951880929,3.369334962923559,5373.6232832898,8.589257686846684,73.77534761105485,135.072536162383,4.905811939048374,44.8048723557374,37.9813982711097,139.675407224576,23.0,3.57565835731247
THA,2012,31.5886298984382,3.452797242503951,5725.52802835463,8.652690056196338,74.86904520859899,135.912031944254,4.912007852515889,45.373565813715,37.343694137461,137.67493851024,23.6,3.81363739650232
THA,2013,34.4883511418629,3.5406216189594275,6018.08244729255,8.702523957211225,75.73392322583533,136.712626984282,4.9178811095026935,45.8321343847773,36.8985884648101,132.462274174269,23.2,3.95099362283237
THA,2014,29.9705384622081,3.4002148478741496,5801.1978916205,8.665819708247517,75.09643121585107,137.439305917125,4.9231824081440685,46.3138799467897,36.7630403655124,130.905495444398,24.4,3.88118627669814
THA,2015,28.1544413826202,3.337705117721976,5688.85335397884,8.646263987300964,74.75788093809756,138.07433106931,4.9277921710846595,46.9521043776171,36.1791773262667,124.839662152526,22.6,3.99014074054595
THA,2016,30.3985996204755,3.4143965422352087,5833.57715617098,8.671385668570714,75.19292941309357,138.698821664155,4.932304831712636,47.8801095551247,35.586765405076,120.57522728913,22.4,3.91990436444812
THA,2017,27.1006744719071,3.2995586158382024,6413.09182530343,8.766096777665318,76.84445271539427,139.286709467791,4.936534466813971,49.2311973571777,35.018759526322,120.891427433638,22.2,3.94997556709625
THA,2018,30.0080973964844,3.401467258458283,7099.77650081458,8.86781858377543,78.63820643475286,139.709289670966,4.93956376133887,54.5843734741211,34.7424896675041,120.841864730984,23.7,3.87600024932723
THA,2019,30.382756547172,3.413875228639684,7605.69657797759,8.936652795236206,79.8637631826031,139.995441288731,4.941609859855793,55.9266166687012,33.5939105133265,109.689514715166,23.9,4.00533143026177
TJK,2000,37.0330479373257,3.611810701484927,136.925716400723,4.919438562722726,24.20087577240344,44.903793941126,3.8045222887536787,26.5355104669232,35.2773269155426,175.351206134214,62.4,0.443073574303451
TJK,2001,36.616910775924,3.6005101767563277,168.676285365186,5.1279814068501635,26.29619330900098,45.780058588168,3.823848594300098,26.5345041786379,36.1845697792339,146.657305562056,64.1,0.427928620401141
TJK,2002,35.660396847721,3.57404074102481,186.951638285222,5.230849964611375,27.36179135227482,46.6681123178051,3.8430611117000595,26.5336513960096,35.140580096584,138.6839688324,64.2,0.421852362696273
TJK,2003,34.5291662601766,3.541804365734683,233.58124845289,5.453529975698238,29.740989195839227,47.5748428122321,3.8623041091774297,26.5331204386766,33.1163103288949,137.669592976856,64.6,0.422958365716388
TJK,2004,33.5888791207511,3.5141950336345955,305.745158587502,5.722751939895723,32.74988976558026,48.517769362675,3.8819301094550385,26.5327772632159,30.916284273507,128.338170674363,61.4,0.493642117490682
TJK,2005,33.2051955369046,3.502706355754275,333.927150941684,5.810922858234005,33.76682446434646,49.4764218348099,3.9014962295256104,26.5324878262051,27.3665806344184,126.994699303416,63.7,0.460827296988181
TJK,2006,33.4371576833326,3.509667787096012,401.018403316427,5.994007319810667,35.92812374994385,50.425593026579,3.920498844337883,26.5321180842215,27.3641700231382,141.153912074728,61.6,0.494462255117416
TJK,2007,34.1448664488734,3.5306122511116094,516.997210618914,6.248037479172625,39.03797234114581,51.4038082309231,3.9397122598123637,26.5315339938424,26.4284152322639,145.528099715723,53.8,0.562973514266569
TJK,2008,35.3955700122009,3.5665866714106738,703.327375898643,6.55582246747984,42.978808225113454,52.4321448985424,3.959519855504334,26.5306015116451,24.5575196250071,114.480149093579,54.6,0.516570158384597
TJK,2009,37.256516551989,3.617826870518171,664.795655734657,6.499479708824726,42.24323648542435,53.5169334095456,3.979998116150456,26.529186594207,24.5088106260756,85.9781370434108,60.6,0.407197108767021
TJK,2010,39.7949542469115,3.683740126537627,737.338883219356,6.603047600915982,43.60023761996231,54.6737710774507,4.001384089446038,26.5274312963978,24.9766261519968,73.493044509473,61.8,0.401325589792452
TJK,2011,53.195882702872,3.9739810005494633,833.601978202852,6.725756044080322,45.235794364482985,55.9072949414118,4.0236948714930545,26.4792213439941,22.4687490647166,79.7842446734572,60.0,0.393927756481488
TJK,2012,51.3794263594159,3.939237826952536,952.452819695469,6.859040572645934,47.04643757720306,57.2598170905973,4.0475991052987705,26.4102249145508,22.0426346192666,83.1759445401528,55.8,0.436993173518022
TJK,2013,51.0460904062202,3.932728958058415,1028.19704279396,6.935562103517249,48.10202169174461,58.7076593312375,4.072570200966522,26.4883155822754,23.1151646451446,71.7437428882341,55.1,0.437388428770396
TJK,2014,46.6700130134501,3.843101838801413,1081.54402932039,6.986144955910143,48.80622134498874,60.7089475883735,4.106091093929884,26.5633735656738,22.6047415105536,54.6071596053705,45.9,0.565921378207624
TJK,2015,45.5749888542868,3.819359076007084,956.916310930656,6.863715938235779,47.110596480791855,62.2799913538439,4.131640208138618,26.478832244873,30.220213504702,49.9378160689555,48.1,0.589055327261958
TJK,2016,44.7655503683053,3.8014388786225215,788.710481734485,6.670399310203407,44.494226957562084,63.8780243533396,4.156975395400476,26.3718509674072,32.2133662345342,55.7246446907573,43.7,0.644680564756192
TJK,2017,42.5053360629934,3.7496296224724484,829.45714764957,6.720771447837426,45.16876885406677,65.4654225808776,4.181522103724607,26.2731513977051,31.8468579622965,53.7861046057767,44.2,0.763156637734805
TJK,2018,42.3335064710739,3.7455788876500056,834.288404578801,6.7265791514281315,45.2468670804276,67.060544707832,4.205595863698681,26.2338752746582,34.3983608033865,55.8461114113303,41.6,0.881498491565736
TJK,2019,40.2890496610835,3.6960797114612673,871.022372934846,6.769667663014971,45.82840026767058,68.6646444268319,4.229234429593128,26.1300735473633,33.0621490637064,56.0450159145896,40.1,0.948639271115973
TKM,2000,19.1607858195909,2.9528657852502675,633.835487638011,6.451789437544828,41.625586946415005,9.75182899580789,2.2774548567307105,46.0736689106993,41.0606930882634,103.580317825005,0.1,8.58454567057639
TKM,2001,18.6664785951208,2.926729326754898,756.034976276398,6.628087640025215,43.93154576385502,9.94916051326793,2.297488177085272,46.3715562022892,41.971987241714,81.9858549438358,0.1,8.61697874988049
TKM,2002,18.0118303249496,2.891028782283341,935.540801478466,6.841124759384611,46.80098797346515,10.1493094716234,2.3174056708211164,46.5924846062154,40.2984084880637,63.7046861184792,0.1,9.06185494599499
TKM,2003,17.352860883441,2.8537573852169564,1228.94870289404,7.113914369796684,50.607777660799755,10.3501904538974,2.3370049208848194,46.7000007629395,38.8856156889151,63.201750694386,0.1,9.90000750432012
TKM,2004,16.8455901449587,2.824088910080328,1379.23009682692,7.229280721616606,52.26249975193751,10.5507054242121,2.3561927225409485,46.7375427392139,37.8718504470333,59.3199674884855,0.1,10.3515202316697
TKM,2005,16.6460379838666,2.812172229182804,1604.01618452312,7.380265878477251,54.46832443701558,10.7510842040304,2.375006605676903,46.7728683922582,37.0639941772577,53.9723419741336,0.1,10.4702314233025
TKM,2006,16.8389623537349,2.823695388966483,1996.59310717308,7.599197560614026,57.74780356524216,10.9529185197795,2.3936059522360154,46.8060040482349,35.7901703447346,52.4473010022922,0.1,10.6776333492322
TKM,2007,17.4102821839348,2.857060961801234,2414.96071986964,7.7894383008900645,60.675349043373096,11.1592066903581,2.4122648693331397,46.8369760333063,37.7096296296296,56.2777777777778,0.1,11.591660332499
TKM,2008,18.3677588125312,2.9105968892000744,3605.50395120549,8.19021683223903,67.07965175909152,11.3740961419786,2.43133850163406,46.8658106736347,60.5457853244391,94.7240751970891,0.1,11.5880007386302
TKM,2009,19.719153577589,2.9815904262243573,3707.97850699617,8.218242130281721,67.53950371193744,11.6008597025089,2.4510792076513894,46.8925342953825,60.9102428355696,104.95217927132,0.1,10.0209076541311
TKM,2010,21.4722278171731,3.066760370698201,4058.53937000739,8.308578426784312,69.03247547402567,11.8408188453599,2.471552786300948,46.9171732247121,59.1311643516361,96.8630558404027,0.1,11.0800243550197
TKM,2011,27.2198985157372,3.303948268918692,5143.61929334647,8.545512253331482,73.0257796718385,12.0941778562765,2.492724167901023,46.9397537877858,65.8692912440737,111.062833823441,0.1,11.6373653384927
TKM,2012,27.0209714658228,3.2966132854691135,6053.8748468749,8.708453816568987,75.83716787531496,12.3604494286383,2.5145018129087955,46.9603023107661,66.5798559141072,109.333652637251,0.0,11.7581405053864
TKM,2013,26.4262903965402,3.274359362978047,6599.64529055481,8.794771182714932,77.348000156313,12.6387781158896,2.5367697159993456,46.9788451198152,63.4277120836429,98.5928226795449,0.1,10.99020918314
TKM,2014,25.0725134160111,3.2217721630687697,7164.14536184006,8.87684405357219,78.79836035143995,12.9280594982231,2.5594001040440695,46.9954085410955,60.6696011092838,91.0934829576602,0.1,10.4055728761936
TKM,2015,23.6762817457625,3.164473776815221,5759.497903834,8.658605580417193,74.97145059723175,13.2270125337816,2.582261142634117,47.0100189007695,54.2933303537937,81.2999305660859,0.1,10.9255651351321
TKM,2016,23.1774931174981,3.1431816835514037,5686.98040962764,8.645934702536955,74.75218688053279,13.5340178324431,2.6052063554124687,47.0227025249994,51.4325436635517,62.0460846966262,0.1,10.5800733045589
TKM,2017,21.6902944984074,3.0768649023587518,5828.4816623489,8.670511810150751,75.17777504996366,13.8468729385228,2.6280594265289956,47.0334857399476,47.0438896506004,53.5753567069955,0.1,11.091151596704
TKM,2018,22.4512669564059,3.111347047179674,6125.05169712085,8.72014247572357,76.04088479691839,14.1627987147022,2.650618718078891,47.0423948717765,44.9063982786535,50.9002726399821,0.1,11.1534118125034
TKM,2019,20.2530348899106,3.008304653429692,5998.0017434754,8.699181649985038,75.6757613794364,14.4786329878918,2.6726739755874074,47.0494562466485,42.4122793165524,44.2857594037204,0.1,10.7659028351791
TLS,2000,21.0626735881027,3.0475024496502603,492.457637913906,6.199408442524686,38.43266503724636,50.1067921990585,3.914156571737152,24.1139427164365,16.0859533086706,175.648459523834,,0.469206321937811
TLS,2001,21.0035646837644,3.044692170163981,587.700634429079,6.376217693129812,40.65615207018166,54.6233355749832,4.000461182928343,24.469641672156,13.180799429851,166.743432303288,,0.326993323475929
TLS,2002,20.9489115474432,3.0420866902424697,533.982465942154,6.280363003106785,39.44295945079248,59.122999327505,4.0796200082269785,24.8506108883184,11.9202405343952,180.403747192172,48.2,0.283452708781915
TLS,2003,20.882655018788,3.038918911003012,534.901171348385,6.282082003380357,39.46455429719536,61.6595830531271,4.12162866040347,25.2611540807581,10.1751433861072,122.311960519559,47.9,0.287824552448635
TLS,2004,20.7887359374482,3.0344112985518943,474.420726695663,6.162094537065679,37.971409083734684,62.4797579018157,4.1348426307130355,25.7040830077802,5.49680073339855,107.330836147183,44.0,0.555176444502806
TLS,2005,20.6510951430728,3.0277683515636595,487.464506929223,6.189217481488365,38.30641303316118,63.7734364492266,4.155336747055077,26.3097308948751,5.29247593737281,74.6712693208544,43.6,0.368655430549683
TLS,2006,20.3789917788963,3.014504555466638,464.667016791076,6.141321056147935,37.71582431468598,65.6756556825824,4.184728319268738,27.121697883382,5.03931378115436,98.8757187138751,41.9,0.349069268080897
TLS,2007,19.9129884497109,2.9913722047387514,540.154630518785,6.291855451379743,39.58744502105699,67.5782784129119,4.213286606160115,28.0011655196859,5.31519604811852,128.760893188042,41.9,0.311775728463542
TLS,2008,19.2839811875033,2.9592747609933925,628.153191495026,6.4427840722224055,41.509466601282725,69.4303295225286,4.240323796865522,28.8076745459306,7.70251167026116,135.250768661926,39.7,0.301134509007399
TLS,2009,18.5228660242599,2.919005970174834,686.579329690731,6.531721775255432,42.66338934934598,71.2025554808339,4.2655287093585885,29.4007657042596,10.0345846512573,157.686439820937,36.9,0.31847915812698
TLS,2010,17.660538991967,2.871332715206506,813.060220670369,6.700805178969879,44.90079004650955,72.9441156691325,4.28969360919494,29.6398840020416,9.13730561255393,134.400510427226,34.8,0.308293974530714
TLS,2011,16.2584979451999,2.7886157225586405,939.045238884406,6.844863655773426,46.852158466127946,74.660860793544,4.312956002934358,29.633352306451,12.9857431156539,140.766344089557,32.8,0.333991769102519
TLS,2012,17.654383714214,2.870984121618093,1022.61906675901,6.930122327845644,48.026595478904724,76.3204438466712,4.3349408427241585,29.6136082349605,12.7911410611587,128.500488863095,25.6,0.554064949312045
TLS,2013,17.5005688240194,2.862233384630897,1204.56843320518,7.093876635057209,50.32308571341059,77.9216543375925,4.355703890340837,29.5836906253246,20.1062137855102,79.634121567732,22.6,0.654615753067028
TLS,2014,16.8069047821014,2.821789800906893,1224.74956308733,7.110491663782414,50.55909170071919,79.4823806321453,4.375535369828722,29.5463092024041,16.979297360775,82.7357767711716,18.1,0.629577892602016
TLS,2015,15.7619976595415,2.7576018314440405,1319.59295003154,7.185078596836018,51.625354442711036,81.0444519166106,4.394997793236732,29.5043315008419,18.3707616020673,60.0769230184537,18.0,0.57686674726648
TLS,2016,16.2081039517126,2.785511361090931,1335.54391073349,7.197093911630226,51.79816077282487,82.6033624747814,4.414050387625523,29.4462907628171,19.2291160430386,60.3106239445445,12.7,0.538055477761351
TLS,2017,14.9818030205102,2.70683633269598,1266.17771143471,7.143757965234128,51.03327786584605,84.1763954270343,4.432914542599475,29.3600996787092,15.7805274141176,58.6347534789983,13.2,0.496763209802964
TLS,2018,16.8164967206441,2.822360352271372,1219.46599728983,7.106168334766086,50.49762840203221,85.8075991930061,4.452107571254997,29.248617510057,16.4990210288231,64.8191803659945,12.7,0.522430579665961
TLS,2019,17.627881197133,2.869481807515971,1562.36458068032,7.353955709490042,54.080664577141185,87.4878950907868,4.471500441973877,29.1148755245217,30.4131457216274,70.6142431890513,11.7,0.559823820376726
TON,2000,12.9276032773406,2.5593648142209844,1995.07667546271,7.598437762401298,57.73625642908605,142.606944444444,4.960092205563341,23.0251513819988,18.1054832340091,61.508239295468,2.5,0.971980092912726
TON,2001,12.9054119767903,2.557646756472747,1753.51667576626,7.469378579524326,55.79161636425684,143.455555555556,4.966025269844456,23.0488634076195,18.4174602892502,62.4065643935194,2.7,0.916853845558051
TON,2002,12.8214218478176,2.5511173539087393,1759.4805324576,7.472773892453542,55.84234964773527,144.269444444444,4.97168269314583,23.071428585567,17.687542530742,73.8374093817514,2.5,1.00698923696016
TON,2003,12.7078429737717,2.542219359844596,1936.04104012389,7.56840046602294,57.28068561409625,145.088888888889,4.977346581416314,23.0943621775072,17.0678003356506,73.2160568173731,2.0,1.20137080716802
TON,2004,12.5968854380018,2.533449595941402,2195.44890047673,7.694141815067615,59.19981827037198,145.931944444444,4.9831403790919735,23.1191794451059,16.5603761993835,73.9737151214869,2.1,1.06404240941839
TON,2005,12.5207593238571,2.5273880127032595,2477.72620144825,7.815096564336342,61.07573430990169,146.765277777778,4.988834560804066,23.1473956500293,16.6647322768346,76.2080494394572,2.1,1.1469561185188
TON,2006,12.4804500046147,2.524163420353281,2750.34778600857,7.919482650303739,62.71820544846194,147.573611111111,4.994327109672071,23.1801421282521,15.3239515886713,66.3549884749532,1.9,1.25267051283258
TON,2007,12.4498683029438,2.521710044777965,2797.06560109144,7.936326147017528,62.985272711834085,148.230555555556,4.998768869448017,23.2239976577967,15.7013029178113,68.2299182500325,2.2,1.07002979592602
TON,2008,12.4206124762814,2.519357388999709,3218.45303993196,8.076656100717269,65.23237376925348,148.638888888889,5.0015197998551955,23.2889000757567,15.5113181085154,72.6563791156237,2.0,1.15585871799664
TON,2009,12.3842807820647,2.5164279895606843,2914.23774004564,7.977363568892454,63.63832951029254,148.893055555556,5.003228300291792,23.3612068183251,16.7737154226022,74.3406648891028,1.8,1.22011510871897
TON,2010,12.3324714777308,2.5122357413503917,3416.08356601207,8.13625001772753,66.19856435097124,149.166666666667,5.005064249046803,23.4243619099178,18.0424982701103,70.7976681214649,1.0,1.17504655493482
TON,2011,12.1304389189741,2.495717906882854,3849.99375750134,8.255826805852292,68.15867624822927,149.402777777778,5.006645865415952,23.46075468367,19.0875708794809,78.8578648859134,1.1,1.11555266338198
TON,2012,12.3765932473645,2.5158070474293144,4384.17058724217,8.385755739194312,70.32089931743035,149.25,5.0056227522727115,23.4589062635692,18.8662320133186,77.9722872799652,1.1,1.0999441652708
TON,2013,12.1802014822162,2.4998118041988078,4219.24670113014,8.347411884254615,69.67928516539519,148.719444444444,5.002061607825549,23.4170795020344,15.8952134096482,82.731581196292,1.6,1.11507499206186
TON,2014,12.0913822122592,2.492492984995039,4136.59013792529,8.327627089260774,69.34937293778988,148.068055555556,4.997672002907314,23.3431040935971,16.128191902045,74.7304245935745,1.7,1.23629337110375
TON,2015,11.7395693014278,2.462965127306868,4123.90323993332,8.324555382187816,69.29822231111213,147.354166666667,4.992838986128101,23.2434422818439,15.5472098085233,81.3902410936397,1.9,1.26961685282059
TON,2016,12.0170183126119,2.4863238378201458,3987.98626206287,8.291041686257056,68.74137224325226,146.561111111111,4.987442482168309,23.1277038505921,15.9723714684611,87.7771675387955,2.0,1.35703726166559
TON,2017,12.0803698566865,2.491581809313342,4365.92932788383,8.381586350053508,70.2509897434033,146.327777777778,4.985849158614238,22.9711300654966,16.4212234408385,88.0434937486257,2.0,1.47025323664528
TON,2018,12.6468527417102,2.5374083890971653,4675.04791274385,8.449994690385532,71.40241026754369,146.620833333333,4.987849889405895,22.7017138925547,15.2201451230749,86.1039624323194,1.8,1.39626966760446
TON,2019,12.7574461149445,2.5461151101527912,4788.83342304684,8.47404211649415,71.80938979211666,146.7625,4.98881563395633,22.3288155626206,15.3617863881286,88.0453900968952,1.8,1.56621147167097
TTO,2000,24.1096411373475,3.1826118076919077,6178.58975559687,8.728845329524084,76.19274078675441,257.265886939571,5.550110129618057,55.9291468285602,47.5360468126773,,0.8,14.5243806894211
TTO,2001,23.8343891071875,3.1711294582543874,6657.41466937221,8.803486500388104,77.50137456251558,258.395126705653,5.554489912232357,55.9010190940268,45.2069910848034,,0.7,16.3937394337668
TTO,2002,23.2750590319697,3.1473823594421786,6762.93080808096,8.819211626571985,77.77849371426247,259.65126705653,5.559339450141814,55.8298121439974,42.9095754130396,,0.7,17.6399444148735
TTO,2003,22.6238239897069,3.119003509879572,8445.04653518298,9.041335339609546,81.74574472327247,260.956920077973,5.5643553365267415,55.7188050758235,51.4964380558951,,0.6,20.2752801392984
TTO,2004,22.0728570584119,3.094348666281263,9871.03419820086,9.19735990892418,84.59142929428582,262.25730994152,5.569326120830814,55.5711241312409,54.3682801507327,,0.6,21.4812172025747
TTO,2005,21.8143313160974,3.08256715362342,12346.4373094075,9.421122823467584,88.75755525486183,252.338011695906,5.530769505003964,55.3898955519853,59.6470153480265,,0.5,27.0529643242842
TTO,2006,21.8563557112264,3.0844917584767666,14152.6607422113,9.557657923713215,91.348824986718,253.010526315789,5.533431093853276,55.1782455797922,60.8194415532707,,0.6,29.7041320734947
TTO,2007,22.0321577228409,3.0925031007679054,16606.675360681,9.717560023673476,94.43097281369685,254.032748538012,5.537463189959633,54.9393004563973,59.6521421660795,,0.4,30.2514295711747
TTO,2008,22.2715882248224,3.1033117955122735,21298.9945258063,9.966415145222102,99.3294308469125,255.085185185185,5.541597548922703,54.6761864235364,63.9782596789726,,0.5,29.5374323602481
TTO,2009,22.5044980910521,3.1137152043878733,14634.0565003912,9.591106728335197,91.98932827431668,255.381286549708,5.5427576697695295,54.3920297229449,53.1358528774451,,0.5,28.5737184624756
TTO,2010,22.6607381954116,3.120633832095348,16815.424737361,9.730051883288064,94.67390965147762,256.86432748538,5.548548036885207,54.0899565963587,53.8139564515672,,0.4,31.1317933937106
TTO,2011,22.6890525618618,3.121882542162431,19151.0870229722,9.860114756599481,97.22186301331084,258.873099415205,5.55633797798027,53.9253615474727,57.0510122828478,,0.4,31.0660464948167
TTO,2012,22.6499751351859,3.1201587541441533,20332.1389531925,9.91995811275515,98.40556895881673,260.271734892788,5.561726219446045,53.9254053431618,46.824089797969,,0.4,28.5171293459977
TTO,2013,23.383945368371,3.1520496915237577,21304.9777496628,9.966696021561855,99.33502958621692,261.317153996101,5.565734819036544,53.9255789963372,44.9801407863582,,0.4,27.8473798577755
TTO,2014,24.08935817098,3.181770173307134,21908.3014555644,9.9946209058767,99.89244705218758,262.250097465887,5.56929861892891,53.9259699537793,43.6313576106985,,0.3,27.651535705021
TTO,2015,26.2592962743436,3.2680200701280424,19887.2327716498,9.897833235555126,97.96710275885965,263.09298245614,5.572507515155903,53.926665238022,35.9770489547931,,0.4,27.2353106358828
TTO,2016,25.2326491282107,3.2281387562773163,17449.1538801956,9.76704643821404,95.39519612622956,263.917153996101,5.57563524327663,53.9277523084951,34.414585903593,,0.4,24.9048855339594
TTO,2017,25.3988915846271,3.2347055346718006,17566.0999700656,9.773726185572425,95.5257235505441,264.450877192982,5.57765551455312,53.9293186833833,36.1358259277044,,0.4,23.9896125186399
TTO,2018,24.3138532652664,3.191046281125937,17571.498737278,9.774033478469692,95.53173043824634,264.949902534113,5.579540761073495,53.9314518934907,37.7745988816805,,0.5,24.00159506413
TTO,2019,25.0102271567294,3.2192848274844024,17212.6128892163,9.753397701575537,95.12876672509897,265.884015594542,5.5830601820928125,53.9342394732739,35.1969693154596,,0.4,24.3573792966931
TUN,2000,27.4662896589768,3.3129594221449876,2199.04465936314,7.695778299290393,59.22500363182893,62.8535980947477,4.140808182319599,63.6166653822584,26.8066210495559,82.639110670191,14.2,2.16396729727336
TUN,2001,27.1742936282429,3.302271439228514,2235.71981624751,7.712318520630857,59.47985696366574,63.5277870751802,4.1514774019184255,63.9541757453358,26.4366983342993,89.5522011944661,14.2,2.23029588506291
TUN,2002,26.477495003696,3.276295127035679,2320.7723805785,7.749655331917049,60.05715776351035,64.1832839855819,4.161742802736349,64.2822554892505,26.5762343014844,85.3421759692656,14.6,2.183950984379
TUN,2003,25.6457176022554,3.244376602600466,2725.8643148859,7.910540836581116,62.57665632721746,64.8277033985582,4.171733033579604,64.6055972687544,25.5614419956351,82.390340709916,14.1,2.14118228306991
TUN,2004,24.9487852408403,3.2168251332703695,3067.41936376975,8.028591888959925,64.45828771947309,65.4361676107106,4.181075127173576,64.9272741461338,25.5797726482743,86.9253446966283,13.9,2.24425872376825
TUN,2005,24.6565217363698,3.205041438978869,3146.8260743927,8.05414962842327,64.86932623703069,66.0110195674562,4.189821691232907,65.2340901739004,26.4335697738291,90.2512478803945,14.2,2.28632090263617
TUN,2006,24.9161206082962,3.215515007976435,3322.56933570096,8.108493658902676,65.7476694164649,66.5963568486097,4.198649874077309,65.5209809651521,27.1847312495356,93.9409304094309,14.3,2.34264831956205
TUN,2007,25.5351464343827,3.2400557947368824,3726.91672935667,8.223336556690532,67.62326412460288,67.209719361483,4.20781787042611,65.8000030517578,28.9083416057516,104.059400976647,14.3,2.39258887104803
TUN,2008,26.2739796190147,3.2685790813377475,4255.05008019523,8.35586181066682,69.82042659896018,67.8593910916581,4.2174377863075465,66.0676053984361,31.44941852471,114.343660218696,14.6,2.41189228309621
TUN,2009,26.8930005665779,3.2918660507634314,4080.09032448781,8.313874405508013,69.12050763056122,68.554846807415,4.227634108212219,66.3362197875977,28.0412153272481,93.0168787876722,16.1,2.38155663473538
TUN,2010,27.1525896814577,3.301472426046913,4291.86120891575,8.364475766069239,69.96445484115958,69.2969876416066,4.2384014368759955,66.6280059814453,29.5235517709565,100.151009836799,12.6,2.57579895188362
TUN,2011,23.7968442569893,3.169552977641888,4420.64772206537,8.394041507789005,70.45993283448472,70.069741246138,4.249491049584672,66.9191886197857,30.54812597421,100.106379304237,13.2,2.41262314515799
TUN,2012,22.6944628193599,3.1221209660693625,4297.26782454273,8.365734710094882,69.9855172396863,70.865390061792,4.260782162897687,67.2098922729492,30.1215368230456,101.550723929668,13.0,2.56515036313153
TUN,2013,22.1415749104783,3.0974570589185206,4369.79345826358,8.382471023417434,70.26582045843293,71.713188722966,4.272674673827711,67.4999542236328,29.1379467288349,98.9549566862038,13.2,2.53281443802063
TUN,2014,25.1638447684439,3.225408232893807,4458.97895464547,8.402675084868743,70.60494858187394,72.5687950566426,4.284535009275151,67.7524643379101,27.1288836396189,96.1071038558701,12.9,2.67906940110098
TUN,2015,23.6344412527314,3.162705023294352,4014.94773686432,8.29777960932586,68.85314644494402,73.3925334706488,4.295822206613127,67.8807907104492,24.8970515198959,87.2485306596052,12.5,2.69429825515354
TUN,2016,24.8089216632322,3.2112033329635734,3847.80354448809,8.255257756555089,68.14928062716297,74.2061920700309,4.306847597770071,68.0623356528248,24.0076023041992,87.0926643641466,12.4,2.59021982927091
TUN,2017,22.571757071458,3.1166994376645203,3619.03247319953,8.193961996499317,67.14101320007507,74.9903321318229,4.3173592003183305,68.2877807617188,23.624101204276,95.8091979825804,11.8,2.60042961253673
TUN,2018,25.5228520953696,3.239574211454939,3628.10366464236,8.196465384322503,67.18204479639704,75.7306513903193,4.327182984571893,68.5485240272509,23.6862252235906,103.871824260635,11.9,2.56581225435625
TUN,2019,23.7714034054098,3.1684833206645795,3528.87213306798,8.168733589827553,66.72820846157695,76.4358972708548,4.336452445389195,68.8206382576031,23.2353115777678,102.332614725789,12.2,2.54693841667269
TUR,2000,22.4972966388602,3.113395152607868,4199.3798635759,8.342692141840352,69.60051217352476,85.0096293023921,4.442764535984447,58.9706120006403,26.8038683547198,42.3746746988077,17.3,3.47043278431936
TUR,2001,22.393302857514,3.108761934582423,3052.2256706793,8.023626331570943,64.3785795086786,86.0739939971155,4.45520732164093,59.8722461417316,25.5218513969355,49.9447830679013,18.1,3.1206808144442
TUR,2002,22.1453932674278,3.09762949596337,3591.08628982587,8.18621002340713,67.01403454733136,87.1182191442641,4.467266037004666,60.7385342729423,24.6318670867085,48.1026101234402,17.5,3.24208511129842
TUR,2003,21.8495187095391,3.0841788942756185,4649.63668068586,8.44454436234301,71.31032948757911,88.1355066720372,4.47887547867297,61.5845060653258,24.8432929751477,46.3681553387846,16.3,3.38625448591684
TUR,2004,21.6016300247851,3.072768775953268,5979.6054216148,8.696109861760144,75.62232672780203,89.1241466678794,4.490030304134676,62.4388481173262,25.1592284848331,48.9934575435266,16.8,3.43889343076092
TUR,2005,21.4976780541033,3.0679449318179017,7331.85429430255,8.899983736190196,79.20971050445,90.0816717123813,4.500716722305119,63.3302470273874,25.2941440738888,46.3088308846211,15.3,3.5495611200862
TUR,2006,21.8239657844295,3.0830087138642535,7990.08251407245,8.985956365875012,80.74741180940966,91.0117186180372,4.510988274248317,64.2873893939536,26.0949736856779,48.9456766641314,14.2,3.91176721812036
TUR,2007,22.6020633334284,3.118041200050147,9766.91734545294,9.186756172777589,84.39648897806713,91.1582344763068,4.512596836883077,65.3389618154687,26.4310925169888,48.027468179713,12.5,4.28079364507414
TUR,2008,23.5308222381306,3.1583111463756794,10913.4079047769,9.297747395292031,86.44810662665975,92.3192677000637,4.5252528705366455,66.513650890377,26.2111946844741,50.7612500066681,12.5,4.21593984029483
TUR,2009,24.3090940355664,3.190850520482891,9076.92472236977,9.113490727264274,83.0557132359319,93.6023881605447,4.53905589769379,67.8401432171223,24.0534082630626,47.0391385732199,13.1,4.1835136272879
TUR,2010,24.6357302627663,3.2041978388594465,10698.9699409757,9.27790274861748,86.07947941280379,95.0354715902447,4.55425020707012,69.3471253941487,24.5086143505767,46.9433366709891,14.2,4.26801919276368
TUR,2011,23.7473685846179,3.1674717279051303,11373.6355760885,9.339053287269795,87.21791630246477,96.4406649948677,4.568927948715034,71.0028723528334,26.8475365830986,53.651583897618,12.7,4.48332295905392
TUR,2012,23.2440162263121,3.1460477322986637,11776.7593362033,9.373883320564676,87.86968850756064,97.6778802801346,4.581675128913164,73.7788680234324,26.6835564000517,53.3277612968607,13.0,4.57803809727294
TUR,2013,23.5023978223691,3.1571024509393273,12635.5570016068,9.444270102871739,89.19423777599697,98.9405610488157,4.594519276379964,78.5218368384696,27.7513691316392,53.0683530043043,13.8,4.38456228128668
TUR,2014,23.4874858374985,3.1564677617590293,12209.3862327674,9.409960298254676,88.54735281472922,100.284401595572,4.6080101653819865,83.6024850744433,28.1981753928692,54.30677404128,11.5,4.60446003106117
TUR,2015,24.5603763797256,3.2011344280689107,11064.6494504662,9.31151057104938,86.70422911476436,101.631276067721,4.621351323085028,87.2167107972537,27.9632974104138,51.8749252596832,13.3,4.70276339686943
TUR,2016,23.83379270795,3.171104435305543,10984.3643169061,9.304228114860809,86.56866081336632,103.007889505347,4.634805582435516,88.1020958581776,28.3385128402288,48.870183807987,13.2,4.93533246982308
TUR,2017,22.1031402126985,3.095719689502057,10756.3877677883,9.283255068039434,86.17882465827984,104.352348531112,4.647773139557556,88.0320472717286,29.0347245862534,56.1356585158689,11.4,5.39416444458135
TUR,2018,22.8252290987339,3.127866463615059,9684.11819884721,9.178242523564546,84.24013582136848,105.774468250978,4.661309169422405,88.1655749576173,29.1851848904908,62.8251323851165,11.8,5.27401972926131
TUR,2019,23.6946115800374,3.165247662798905,9395.23378001368,9.147957794988077,83.68513181888312,107.297584553617,4.675606138233385,88.6618152857124,27.0679926930773,62.5784589326239,14.1,5.01913672458907
TUV,2000,6.20401861395786,1.8251972456253718,1579.41906275542,7.364812376609119,54.240461342654854,318.133333333333,5.762470582115595,45.5119494377121,6.24423076923077,,0.0,0.0
TUV,2001,6.18582607254949,1.8222605575645825,1456.78409421177,7.2839866100477595,53.05646093535505,319.533333333333,5.76686159805742,46.0920220655498,7.41518518518519,,0.0,0.0
TUV,2002,6.1490719149286,1.816301162288956,1750.25175052348,7.467514914013059,55.763778991007456,320.766666666667,5.770713963694247,46.7435481854875,7.35032258064516,,0.0,0.0
TUV,2003,6.09997832526355,1.8082852179374693,2006.84249941442,7.604317870088873,57.82565026935297,323.166666666667,5.778168186014598,47.4986511586165,9.54133333333333,,0.0,0.0
TUV,2004,6.04476748772266,1.7991930197575614,2322.56265072892,7.7504264458802075,60.0691100929993,327.2,5.790571604728592,48.4012126478499,8.99612903225806,,0.0,0.0
TUV,2005,5.98966158647428,1.7900349141163971,2304.82694329052,7.742760873779446,59.950345948529844,331.333333333333,5.803124917988463,49.4209790930126,7.41766666666667,,0.0,0.0
TUV,2006,5.93022623240349,1.78006236277155,2396.26844307702,7.781667990971663,60.55435672171295,335.2,5.814727368607928,50.5229861226256,5.403125,,0.0,0.0
TUV,2007,5.85606431108743,1.76747775868331,2794.16310084119,7.935287913503678,62.96879427019755,339.4,5.827179352800126,51.6722693652096,7.44117647058824,,0.0,0.0
TUV,2008,5.76445391873256,1.7517104256841705,3088.30877413836,8.035378897770954,64.56731403074275,344.033333333333,5.840738551903777,52.8338644492855,12.2605263157895,,0.2,0.0
TUV,2009,5.65267315154535,1.7321285574377192,2683.96749549583,7.8950513875472375,62.33183641201156,348.7,5.854211953681605,53.9728070033742,11.0388888888889,,0.2,0.0
TUV,2010,5.51800010573225,1.70801549495643,3024.8170790571,8.014605898903383,64.2339077147369,353.8,5.8687317817256845,55.0541326559964,5.52571428571429,,0.4,0.0
TUV,2011,5.2805865444079,1.6640371795044016,3636.08139989792,8.19866184225743,67.21805600368799,359.333333333333,5.884250462800832,56.0428770356731,8.89210526315789,,0.2,0.0
TUV,2012,5.23945117034042,1.6562167543628399,3598.46163091053,8.188261708367888,67.0476298047238,364.466666666667,5.89843509779279,56.8964903305448,7.635,,0.3,0.0
TUV,2013,5.40574951715585,1.6874631125513897,3510.21640142483,8.163432967387042,66.6416378130216,366.7,5.90454407507728,57.6314336806359,7.49075,,0.7,0.0
TUV,2014,5.51778327103482,1.7079761982993544,3528.85858102782,8.168729749488298,66.72814572017515,366.133333333333,5.90299756578565,58.2999596618832,7.39348837209302,,0.7,0.0
TUV,2015,5.47628221924294,1.7004264435786414,3357.83417700071,8.119051454941323,65.9189965279848,365.433333333333,5.901083864012384,58.9148502652344,7.01551020408163,,3.0,0.0
TUV,2016,5.88435418632793,1.7722969957487538,3808.69755015909,8.24504255932465,67.98072680507478,364.333333333333,5.898069199508428,59.4744768348285,,,7.3,0.0
TUV,2017,6.20094627520115,1.824701905437474,4165.66338700106,8.334630818508664,69.46607088083441,362.3,5.8924725979010315,59.9531274910912,,,7.0,0.0
TUV,2018,6.14959791479092,1.8163866999722866,4466.12034928245,8.404275379928293,70.63184466166886,358.366666666667,5.881556670823073,60.5596409590777,,,6.4,0.0
TUV,2019,6.00962588602958,1.7933624980288243,5115.13075950206,8.539958241988996,72.93088677491579,352.7,5.865617837242007,61.2406529218636,,,6.3,0.0
TZA,2000,20.2177355377851,3.006560216113379,401.698150634766,5.995700937507903,35.94842973203314,38.6770591555656,3.655246637590357,22.1944164040635,19.21152665607,23.9891151549808,93.6,0.090834424226942
TZA,2001,20.5220781065911,3.0215012874259086,396.638732910156,5.983025873722873,35.79659860563735,39.7361695642357,3.682261845065818,22.5963228653037,19.3805148755861,28.0301432282533,93.1,0.093385194551589
TZA,2002,20.7504614747252,3.0325684861752005,402.649047851563,5.998065333533836,35.97678774534036,40.7781711447279,3.7081469172727792,23.0306918214565,21.4945294072568,27.4992172734904,92.4,0.103523394393514
TZA,2003,20.9420332235962,3.0417582983216667,422.18359375,6.045440275706088,36.547348127129304,41.8712519756153,3.7345994810794805,23.5202087261949,23.2451517323038,30.4488358249326,92.4,0.106641883408954
TZA,2004,21.1359409346129,3.050974953236554,450.385284423828,6.110103404053339,37.3333636082242,43.022881011515,3.761732090716616,24.0832469119457,23.1054997824457,33.609786736665,91.3,0.142837770195217
TZA,2005,21.371332189184,3.062050406610509,483.334869384766,6.180709724778907,38.20117270197655,44.2335470760894,3.7894834848231715,24.7061884538741,22.9395155844488,36.9592732894013,90.3,0.157543974954262
TZA,2006,21.6132578774357,3.073306917019723,475.746734619141,6.164885642504025,38.00581498515226,45.489841950779,3.817489047203026,25.3741033202009,22.84522243779,42.7681664691467,89.9,0.163876810024256
TZA,2007,21.8434497525189,3.083901094104431,543.198303222656,6.2974744525699755,39.65818448077151,46.7775028223075,3.8454023784209714,26.0720614791471,23.1971900747875,48.0583947796554,90.6,0.150653381572792
TZA,2008,22.1260766903794,3.0967568536818906,675.977233886719,6.51615939779349,42.460333297452415,48.0590742831339,3.872430968431884,26.7851328989335,23.7375391938967,49.0265445510865,90.3,0.147505111963319
TZA,2009,22.5253075669631,3.11463945787235,693.823547363281,6.542217673658876,42.80061208953456,49.2594061864981,3.897100337940442,27.498387547781,21.6769086388074,43.5326006456317,91.0,0.139276768276615
TZA,2010,23.1053112582158,3.140062515697225,736.530151367188,6.601950173784593,43.585746097134425,50.5288868819147,3.9225451902053443,28.1968953939105,23.5561736572068,47.6404394295683,89.4,0.163841548892358
TZA,2011,25.1532727025899,3.2249880154194788,775.392761230469,6.653369689663808,44.26732822733708,51.9636114247008,3.950543693326696,28.865726405543,26.3820840879185,56.1661241821809,87.6,0.193059357083924
TZA,2012,25.5667487604226,3.241292630668235,861.969909667969,6.759220362476647,45.68705990851893,53.4818920749605,3.9793431307208653,29.4878764597911,25.3994987211663,54.3689490815138,85.2,0.223794524706032
TZA,2013,24.5340682116755,3.200062690898352,963.05712890625,6.87011273392872,47.19844897688955,55.1186814179273,4.0094887043932745,30.0725108782502,25.4467450324696,48.6316275295495,84.5,0.23745636583617
TZA,2014,24.2244900980476,3.187364108971099,1022.74841308594,6.930248805193481,48.028348501885674,56.8429803567397,4.040292735998186,30.6443077170742,25.1415034758525,45.3560223433065,84.7,0.223568261465515
TZA,2015,25.1682619442571,3.2255837540914296,939.127319335938,6.844951060363835,46.853355018775986,58.7276608715286,4.0729108402299055,31.2061566592472,24.4873501095853,40.7576808778314,82.8,0.253809224058563
TZA,2016,25.3938175391915,3.2345057404280984,953.0107421875,6.859626175560768,47.05447126843845,60.7631666290359,4.106983793371436,31.7577303242916,24.8583993681558,35.4204704002636,81.7,0.262646711236488
TZA,2017,21.0006603142176,3.044553880763257,986.674011230469,6.894339702436956,47.5319199325985,62.8278279521337,4.140398095582271,32.2987013317296,25.0421511861537,33.1125919853124,82.0,0.255108045601944
TZA,2018,21.2944892567993,3.058448318903438,1023.10626220703,6.930598633682338,48.033197421199496,64.842114472793,4.171955306958725,32.8287423010834,27.0077655110967,32.6426099043737,81.3,0.259781366222155
TZA,2019,20.7785687915826,3.033922108976836,1063.32250976563,6.969153728155179,48.56910368665923,66.8038959132987,4.201761400897305,33.3475258518752,28.6718333565052,33.0185892502311,80.4,0.287346536895184
UGA,2000,33.2213088306491,3.503191502284684,258.050338731086,5.55315467725067,30.83752686947099,120.11485911616,4.788448444298507,11.6414758125187,21.4381815994678,32.7490333383822,95.3,0.0589121317991763
UGA,2001,32.9681223741883,3.4955411059377894,236.021188853993,5.463921584274964,29.854439079105838,123.846033732045,4.819039130651026,11.9013889740088,21.168654308304,35.3299767819725,95.5,0.0580990392018387
UGA,2002,32.364309878136,3.4770562686783983,241.984688408335,5.488874453115051,30.127742762059054,127.785746459136,4.850355005669787,12.202793574555,22.9201021171547,36.2777941561831,95.6,0.0641643497186176
UGA,2003,31.6434916524877,3.4545324924519214,250.71543664681,5.524318577448173,30.518095745139004,131.885911616035,4.881937242919505,12.5904136719317,22.6767077659616,36.5857264641268,95.6,0.0656873047500839
UGA,2004,31.0392880072388,3.435253757140819,292.38185796262,5.678060680679258,32.2403730934758,135.901681597518,4.9119316948665475,13.1221118400615,20.8640088141741,35.4600862456436,95.3,0.0667402824171229
UGA,2005,30.7853192523847,3.4270379286970805,330.405402707025,5.800320393531971,33.643716667622876,139.949396927081,4.94128090674947,13.7907239496723,23.5101064935397,38.9942854839061,94.5,0.0794505968164188
UGA,2006,30.8486426919378,3.429092752363655,346.518255310647,5.847935502121371,34.19834963697153,144.106916570742,4.970555500262625,14.5851520274647,22.7661611506903,43.6332857896204,94.2,0.0895533698457974
UGA,2007,31.0457522951455,3.4354619969325166,401.389130865581,5.994931357932793,35.93920198632592,148.408137730844,4.9999661656910295,15.494298100139,25.0773314305706,46.7774166522822,94.1,0.104854649192353
UGA,2008,31.3844233698563,3.4463116988065856,472.842681495852,6.158762735908842,37.93035843721936,152.842965817527,5.029411027111229,16.5070641943955,25.768110035453,56.2582682050634,94.1,0.11396368506114
UGA,2009,31.8724312239187,3.461741411177587,798.947089938247,6.683294723220978,44.666428357433375,157.405290025524,5.058823944221106,17.6123523369348,27.2861852856713,47.0638780748379,94.3,0.121798404134717
UGA,2010,32.517551165181,3.4817799794205313,823.488144282,6.7135491527708915,45.07174222667076,161.534021543986,5.084715780192153,18.7990645544572,27.5918336188994,38.2692490371291,93.6,0.117311081090243
UGA,2011,35.0271400705232,3.5561231915848235,835.620060555838,6.728174036761206,45.26832586894758,166.340230400958,5.114035271560167,20.0561028736631,27.5582956754514,39.7552255606122,93.3,0.127802680432468
UGA,2012,35.8905665839316,3.580474491714529,795.222867553127,6.678622411912198,44.60399732089591,171.241960901656,5.143077532400483,21.372369321253,27.1786073378959,43.5021371397314,93.4,0.126072306268161
UGA,2013,34.8200496489628,3.5501933602138913,818.285427416713,6.707211209011955,44.98668220229562,176.227019748654,5.171773048786792,22.7367659239271,25.4646646803777,43.1091548734687,93.1,0.124837840133874
UGA,2014,34.111616669843,3.5296379910811715,896.054795546394,6.798001566848738,46.212825302877896,181.505779972073,5.201287498774006,24.1938503391826,25.222682012996,36.0144010819085,92.4,0.133324031827087
UGA,2015,36.4158643204587,3.595004512674723,862.934610355811,6.760338918057234,45.70218228699925,187.170586475165,5.2320204281681955,24.9777856560427,27.1098848763257,37.6892983324358,91.7,0.149085649404502
UGA,2016,35.1867637433366,3.560669981868189,752.696571725656,6.623662187394344,43.87290077271763,193.49267903451,5.265239677307119,25.6953567134098,26.1664603884593,31.2093620232119,91.4,0.154688947840922
UGA,2017,32.2396992843572,3.4731985901866516,765.218332297361,6.640161194803116,44.09174069296914,200.365988430082,5.300145636394146,26.4139260579546,26.0309948147929,36.8370529334101,91.3,0.155657206984187
UGA,2018,33.1279166723642,3.500376330916636,792.16570022814,6.674770587391278,44.55256239430371,207.290200478755,5.334119746152421,27.1280475018884,26.2360116484378,36.6384055999567,90.5,0.164969635756831
UGA,2019,31.4850134786862,3.449511670039271,822.171150036357,6.71194858510619,45.05025380910898,214.440639337722,5.3680329603843,27.8369781799403,26.6204366953482,39.3610539647435,90.5,0.1642944102063
UKR,2000,27.5510971970295,3.3160423604694054,653.294311523438,6.482027734512665,42.016683550991395,85.5383792180892,4.448965154970074,67.403857296906,31.6502770712209,115.735714934593,1.2,7.28514189616492
UKR,2001,26.5659090480042,3.279628779080428,800.49072265625,6.6852249429333215,44.69223253761783,84.7619832570985,4.439847131629172,67.2749805493459,29.9078962945424,99.9261276192731,1.2,7.33438335645808
UKR,2002,25.3241057950972,3.23175674033455,903.011901855469,6.805735733679482,46.3180388766818,84.0219577450202,4.431078166410266,67.2672733350904,30.2155139276837,95.994669810112,1.0,7.40706121198512
UKR,2003,24.0171509271002,3.178768197089763,1076.48156738281,6.98145319392936,48.74068869902646,83.3968584941485,4.423610640719377,67.419679868405,30.4267094517856,102.590182257396,1.0,8.13374301585325
UKR,2004,22.8365079328052,3.1283604804893135,1401.01806640625,7.2449544416187805,52.4893648611317,82.81752856699,4.416639736655386,67.5970968423685,29.3717696283534,109.981708544962,1.2,7.68697352392554
UKR,2005,21.9736403010041,3.089843566844815,1875.33508300781,7.536542633375112,56.79947486468067,82.131858193241,4.408325982520401,67.8136046317755,30.1861914393484,94.6475701087848,1.3,7.50423510865356
UKR,2006,21.3769053568138,3.0623111503501956,2366.494140625,7.76916487337662,60.35992282970915,81.6050365921016,4.401890983007701,68.0293347798948,30.5434517130428,89.181052639031,1.8,7.53783934894648
UKR,2007,20.8611112156249,3.0378867183180067,3160.32763671875,8.058430983712231,64.93830991925329,81.236597448777,4.39736585312677,68.2102322372037,30.6585222325477,88.0465606718626,2.4,7.81301613219001
UKR,2008,20.4173975516395,3.0163873585636267,4017.806640625,8.298491420927967,68.86495986321506,80.8174670303114,4.3921931182820755,68.3752085755346,28.083434007624,94.1718921417534,2.7,7.52327011315342
UKR,2009,20.0369040390596,2.9975757752131162,2607.08764648438,7.865989033040172,61.87378346790826,80.480099081682,4.388009937484891,68.5251442249547,24.759831137373,87.4761626200316,3.0,6.26790678763997
UKR,2010,19.7107703520874,2.9811652047279695,3039.63232421875,8.019491841105038,64.31224938955027,80.190573430919,4.384405969696463,68.637397133357,25.6492814021248,95.72973045329,2.9,6.8001696142477
UKR,2011,19.4406675178444,2.967367135780455,3656.69799804688,8.204315832854398,67.31079828522536,79.9348425740523,4.381211834990412,68.7234299826222,24.8391242667758,104.805073904259,2.7,7.19759562163247
UKR,2012,18.6766503847272,2.927274101128971,3951.34228515625,8.281810619196659,68.58838713223854,79.7660291376096,4.379097713789827,68.8241983107739,24.2660524050508,102.622788356626,2.9,7.03131803172885
UKR,2013,18.8833614430176,2.9382811874023758,4129.89697265625,8.326007739555845,69.32240487914383,79.6222640336947,4.377293752657651,68.9326288082226,22.4302649907366,94.0016694501782,3.5,6.83496373147307
UKR,2014,18.4263235330655,2.9137802690404335,3054.908203125,8.02450482307732,64.39267765559117,79.3598715669181,4.373992844614901,69.0554339301313,22.8189915653958,100.691782483624,3.5,5.85851548255714
UKR,2015,17.7919818389331,2.8787478973242324,2094.47387695313,7.647057668097867,58.47749097921439,79.0362271055948,4.369906318312389,69.1587317201337,21.7279577419459,107.806616298156,4.2,4.93846267555134
UKR,2016,16.2426825956045,2.7876425055504868,2158.46118164063,7.677150830882293,58.938644880116684,78.7461064406429,4.366228834459863,69.2102241609089,23.1783620717483,105.521204913122,5.5,4.98162827265164
UKR,2017,15.6585428515819,2.7510166371644798,2604.28759765625,7.86491444179836,61.85687917680841,78.432661833247,4.362240445616493,69.2633108489282,23.2888002154817,104.034982911399,6.5,4.52463056805499
UKR,2018,17.1041368062157,2.8393203527432003,3059.0517578125,8.025860263854936,64.41443297492562,78.0271090783569,4.357056318593913,69.3157992777909,23.2933329813033,99.1998150718675,6.9,4.82875863377984
UKR,2019,15.5795007311465,2.745955994431477,3619.86157226563,8.194191064383034,67.14476719961476,77.5931273731446,4.351478858488017,69.3527648708735,22.5804196823995,90.5112342910763,7.4,4.62458753784522
URY,2000,12.9448464771497,2.5606977535078137,6987.70098766257,8.85190688093699,78.35625542877963,18.6619014969718,2.926484092530394,91.2769768173566,22.0452037217921,36.7137381507902,38.7,1.70552622829056
URY,2001,12.7668375831259,2.5468509951410874,6382.76104740859,8.76135604877412,76.76135981339085,18.707867672266,2.9289441665152327,91.3759250620534,21.9351337396218,36.3095126435057,41.6,1.53241153472962
URY,2002,12.4965101043769,2.5254494136771632,4149.76140312687,8.330806118349505,69.40233058152955,18.734241800937,2.9303529617676447,91.4886084712534,21.8623288483766,40.02906730756,43.2,1.40548549239722
URY,2003,12.1726329405196,2.4991902303968514,3671.12329256883,8.208252968486878,67.37541679467364,18.7474917152325,2.9310599682801213,91.6260094228609,23.0937944115791,51.7591995826472,43.8,1.40046922058061
URY,2004,11.8339749911707,2.4709746309491343,4168.66065438387,8.335350077202506,69.47806090951981,18.7587018626443,2.931657744096659,91.8009434091917,22.4348058065943,61.4766880860242,39.3,1.7528908230759
URY,2005,11.5193051559469,2.444024337124589,5284.25677987129,8.57248726019791,73.48753782625548,18.773688721289,2.932456353468887,92.0812710048572,23.7753368710773,58.8776963255774,41.3,1.69451857722282
URY,2006,11.1823625429671,2.4143377640934576,6001.33294783172,8.699736881508718,75.68542180748304,18.7950291395269,2.9335924274021115,92.4845482788191,22.8965222038345,61.9715745165876,37.6,1.97248462231107
URY,2007,10.7966309010516,2.379234131856193,7222.05403645877,8.884894684010847,78.9413535459642,18.8272940235402,2.9353076267417952,92.9603688038713,23.644048640083,59.2104478374095,43.2,1.85654505268799
URY,2008,10.4304960908687,2.3447338317232354,9423.96562595893,9.151011258384603,83.74100705108175,18.8674265798194,2.9374369738121877,93.45975578621,22.7673513144942,65.2080950071821,44.1,2.39732758116842
URY,2009,10.1523439730869,2.3177046121358584,9881.39573127081,9.198409049111728,84.61072903478052,18.9126442692264,2.9398307073326446,93.9337324320314,24.0794070442123,53.3944192683736,44.6,2.36627935606604
URY,2010,10.0305604083746,2.3056364736308006,12641.0576849008,9.444705341802985,89.20245899348184,18.9611472974517,2.942392006465102,94.3333219475319,24.5288557176886,51.6990372012256,53.3,1.94598292040572
URY,2011,10.0509517421341,2.307667330731116,15132.2675725587,9.624584668160601,92.63263003459211,19.0082561992915,2.94487342158748,94.6036824756941,22.7051202439987,53.2470340109018,49.7,2.34076033455321
URY,2012,9.71687395840984,2.273863957527918,16259.5940814256,9.696438418548222,94.02091800469795,19.0572563135642,2.947447937893866,94.7606597546186,22.8622289256151,55.0611541633768,47.9,2.66279826623545
URY,2013,10.8314475554018,2.3824537137062616,18335.2594772322,9.816581232422315,96.36526709274602,19.1140269683465,2.950422461764124,94.8844735142936,23.6692403427945,49.7178464746233,51.9,2.28942554965314
URY,2014,10.4423977068601,2.3458742214934856,18322.4276767157,9.81588114455334,96.35152264399777,19.1768597874529,2.9537043327692594,94.9897821210514,24.7006411459084,49.0876240632174,56.7,2.00617697761903
URY,2015,10.4692129562066,2.3484388507299676,17125.9016800298,9.748347314592769,95.03027536592805,19.2436121586104,2.9571791697477297,95.0800002298303,25.4417580545225,45.3282408087534,59.4,2.04722838394224
URY,2016,10.2628739093634,2.3285329086447546,17009.7584207276,9.74154248309785,94.89764995000023,19.3079819449206,2.960518582689077,95.1585424955685,18.8673144534742,48.4705583785623,60.3,2.0209020670953
URY,2017,10.0613622046924,2.308702563525868,19184.6502617082,9.861865772736843,97.25639651947846,19.3602902525426,2.963224074119445,95.2288235732042,18.0319037217202,46.3780042035515,60.8,1.89093027524777
URY,2018,10.1340724978496,2.315903260950529,19249.9404677501,9.865263247126737,97.32341893510957,19.3951205576506,2.965021516786538,95.2942581176758,18.3333886744675,47.7913104806475,60.8,2.0241364499516
URY,2019,10.298591147894,2.332007104122248,18315.7316980028,9.815515625165808,96.34434698787413,19.4103873842989,2.965808354956975,95.3479309082031,17.5601694192064,49.7448341159636,59.3,2.10646631378845
USA,2000,12.756295073002,2.546024880975126,36329.9560727102,10.500397916095611,110.25835639634506,30.7973013298523,3.427427066980106,79.0740897861327,22.451586084268,25.1029953595813,5.4,21.0118753202743
USA,2001,12.6049538802777,2.5340899017896907,37133.623113437,10.522278121549752,110.71833686724457,31.1036283879362,3.437324480802343,79.3086223667912,21.4690044492824,22.967181335596,4.7,20.6255077855762
USA,2002,12.4353763769804,2.5205453443470054,37997.7596573051,10.545282480583818,111.20298259530801,31.3935499327652,3.4466024556594452,79.5461039768657,20.65246551384,22.2863741094897,4.8,19.9103793387111
USA,2003,12.2408284111277,2.504776955441636,39490.2749557007,10.583809716922971,112.0170281240331,31.6645346171981,3.4551972727878533,79.7773350255284,20.7394766935216,22.6273130062789,5.3,19.9681657791826
USA,2004,12.0145758307373,2.4861205652558342,41724.6316287624,10.638846919941331,113.18506378594515,31.9589450682826,3.464452112477288,79.9960936968363,20.9500365551967,24.4480622643257,5.5,20.0815597947275
USA,2005,11.7498844838268,2.4638434093781654,44123.4070679055,10.694745693139893,114.3775854409343,32.2548765979183,3.4736692441489,80.1961581748464,21.206269818199,25.6385530316517,5.8,19.9249914215479
USA,2006,11.309448518998,2.425638528461568,46302.0008800056,10.742940454691437,115.41076961304587,32.5673998463204,3.4833117833202616,80.3713066436159,21.5869617861711,26.9752780973197,6.4,19.4048177077015
USA,2007,10.6730029423263,2.367717463611196,48050.2237771135,10.78000207155957,116.20844466282863,32.8786113609374,3.4928223357479853,80.5153172872016,21.423882162085,28.0120176822667,6.3,19.4956606869752
USA,2008,10.0093748880401,2.303522142629882,48570.0459804586,10.790762282023687,116.44055062714504,33.2436868537795,3.5038648800151884,80.6219682896606,20.793507368224,29.8677957945319,6.8,18.7089026291301
USA,2009,9.48739149036763,2.2499637055409427,47194.9433547336,10.762042033519604,115.82154873124277,33.5363992251367,3.5126313930032182,80.6850378350499,19.2684772980173,24.7595311689876,7.3,17.1890632001903
USA,2010,9.27587988353719,2.2274174701435525,48642.6100179312,10.792255175108533,116.47277176465691,33.8213646033526,3.5210926916615386,80.6997744673366,19.3102572393851,28.2198952346731,7.4,17.847084306938
USA,2011,9.36462744857706,2.2369395538529746,50024.868799398,10.820275536747806,117.07836269114301,34.0904277927547,3.5290166349931837,80.6957554256024,19.407502343174,30.8424862411943,8.4,17.0203888981196
USA,2012,9.01055428019472,2.1983965880626686,51708.4011556577,10.85337554547032,117.79576073101315,34.3636893244215,3.5370004640068986,80.6837493386238,19.1626113169507,30.6818353657295,8.5,16.1854221004814
USA,2013,8.74620817680451,2.168620255223405,53179.0127634561,10.881419100567834,118.4052816422025,34.6246572257533,3.544566064841268,80.660889281215,19.2416260217373,30.0079539684645,8.9,16.495975221911
USA,2014,8.5101265108009,2.1412568086088486,54973.4207515712,10.914605088344972,119.12860423452595,34.9013776562134,3.552526302819357,80.6242231779766,19.3315152083176,30.0044781614855,9.0,16.4248953102317
USA,2015,8.19074183499752,2.103004471906801,56572.9188996063,10.943285685019262,119.7555015839475,35.1809713558577,3.560505349953184,80.5707989535091,18.5871320435183,27.8235649187872,8.9,15.9501022949136
USA,2016,7.40835009300858,2.002607755002674,57638.1018367192,10.96193911821658,120.1641092314869,35.4584505795077,3.568361604810073,80.4976645324131,18.0422212818459,26.6079620604584,9.3,15.5045482189269
USA,2017,7.79040584360488,2.052892956549335,59635.0984397965,10.995999579716472,120.91200675712481,35.7049975840182,3.5752906673359877,80.4018678392891,18.4354240836094,27.3130208877206,9.7,15.1847127213968
USA,2018,7.8220065111125,2.0569411087431653,62499.8744390068,11.042919826746584,121.9460782999528,35.9149986553586,3.5811549980872153,80.2804567987377,18.6308982431189,27.6103792720958,9.9,15.5796456645972
USA,2019,7.17602147949022,1.9707451179920126,64746.4506778863,11.078234162273805,122.7272721541704,36.1004771837305,3.5863060836373597,80.1304793353594,18.2804280414808,26.4537594940475,10.2,15.0439662080505
UZB,2000,30.7136220978205,3.424706272721462,555.149231099186,6.319236962466777,39.932755787806336,56.8556053811659,4.040514814828739,47.6731005044,20.2297579555228,44.0540299791129,0.7,5.30608034339216
UZB,2001,30.1330949818927,3.4056240688057966,454.415812256778,6.119012664901805,37.44231599322869,57.5582699220712,4.0527978246194145,48.4901886313987,19.9520841370069,56.776277587152,0.8,5.28624567526799
UZB,2002,29.5059349848837,3.3845914290388603,381.409296889283,5.943873068562165,35.329627055178605,58.2687291671924,4.065065571533122,49.2574592650723,19.3887412418459,58.954524710746,1.0,5.38898455825556
UZB,2003,28.9396310320505,3.3652119717112305,394.164028897235,5.976767139660115,35.721745441720955,58.9874184689718,4.077324174876884,49.9566881481443,20.445956928078,70.4592746850874,1.4,5.01609431105649
UZB,2004,28.5416720486497,3.351365196480091,462.171492867885,6.135936018889027,37.649710827899725,59.7204791523748,4.089674995953853,50.5696510233382,22.3056846912976,76.5956691950086,1.0,5.07679600143684
UZB,2005,28.4195469599384,3.3470771816530305,542.835808692209,6.2968068961093975,39.649777086890865,60.4727210570633,4.102192371735815,51.0781236333777,26.0120326061017,69.5252584247083,1.6,4.76265580553155
UZB,2006,28.6354538088517,3.3546455937681445,649.118167003925,6.475614775637175,41.9335867224505,61.2574119536538,4.115084853591762,51.4638817209862,26.8384702412792,67.4712921717973,0.8,5.03472727468172
UZB,2007,29.2177411456159,3.3747760982561927,824.028192334768,6.714204743322691,45.08054533525692,62.1032147968733,4.128797755665106,51.7087010288873,26.8627172756297,74.4141929762327,0.9,4.85281286665302
UZB,2008,30.2231236564234,3.4086073153819165,1074.72928796701,6.979824083701519,48.71794423941975,63.0661816146635,4.144184676820675,51.7943572998047,29.0650709010567,79.7479920348578,0.8,4.99330891026782
UZB,2009,31.7083160274671,3.456578981730688,1205.7993547038,7.094897990894936,50.337577501205004,64.0891121586439,4.1602744923798305,51.6105041503906,30.3526438159739,68.673142199791,1.2,4.45651377155528
UZB,2010,33.7300329449397,3.5183886257982433,1753.20730243278,7.469202133738341,55.788980514641395,65.1205023262643,4.1762394355199435,51.3321647644043,21.2295148101409,49.2689977994484,1.3,4.78418105352781
UZB,2011,44.1982936152516,3.788686182348639,2087.86386135694,7.643896746377335,58.429157469278,66.1372206631804,4.191731684644395,51.3395500183105,19.7779804592697,49.6542884929351,0.9,4.81134014423661
UZB,2012,43.9047519110738,3.7820225582111817,2307.34649117185,7.743853438128018,59.96726607120713,67.1452569986232,4.206858287542728,51.3359680175781,20.427938155189,44.2393191333204,1.3,4.20977063590157
UZB,2013,42.947720361075,3.759983570445984,2461.97947403595,7.808720969599958,60.97612318107011,68.207469669955,4.222554084804306,51.1276969909668,21.2945196362137,42.3779149727359,1.2,4.0848046860347
UZB,2014,39.4888403264479,3.6760181086087615,2674.9628382103,7.891690766975777,62.27878316157072,69.3523563008704,4.239200123124811,50.8868713378906,22.0708925481202,36.3570546649043,1.4,3.74415254822206
UZB,2015,37.8356286365777,3.633251215221291,2803.19018021751,7.93851339767426,63.019994965053726,69.7897094870631,4.245486570347565,50.6597328186035,22.520460823215,30.7561914307089,1.7,3.49764512064744
UZB,2016,37.5481850195136,3.625625042009042,2753.37951427589,7.92058435044568,62.73565645252502,71.0059170523229,4.262763212333945,50.6572189331055,22.9212712989472,29.1922970388042,1.6,3.64421845300852
UZB,2017,35.2121570323591,3.561391393214954,2190.60411562888,7.691932636655744,59.16582768684978,72.2198017195203,4.279714270339039,50.6787376403809,24.7253778434458,42.5595081895217,1.7,3.71680877488413
UZB,2018,34.8354317604587,3.550635022849328,1813.08530813664,7.502785263225715,56.29178670607696,73.4780871882284,4.296987228274675,50.5814971923828,28.6428986359695,64.1381394985773,1.5,3.48417486035642
UZB,2019,34.1331992575325,3.5302704959276054,2041.38480729431,7.621383683644413,58.08548925332128,74.8253929702307,4.315157305582382,50.5920104980469,31.9991183695607,64.9639227632407,1.6,3.49213238730726
VCT,2000,23.3839016765713,3.152047823069148,3768.95536604022,8.234553150809171,67.80786559350125,291.141025641026,5.673807773975079,44.8903114926141,16.6518139228873,,8.5,0.369016689418292
VCT,2001,23.1584725364515,3.142360697872288,4071.08601098962,8.311665076009985,69.08377633576407,291.028205128205,5.673420187313776,45.0076571524878,16.2047821116351,,6.2,0.4273090104933
VCT,2002,22.657636174191,3.1204969330441976,4303.27976789727,8.367132747666124,70.00891041706687,290.633333333333,5.672062449765659,45.1214266763803,15.3325637846608,,6.1,0.490529083257607
VCT,2003,22.0531407072011,3.0934550274505836,4499.61454193342,8.411747014741483,70.75748784001225,290.105128205128,5.6702433683414295,45.236152710942,15.7103068403561,,5.6,0.531195587806365
VCT,2004,21.516734252893,3.06883096973005,4873.48947742443,8.491565484633542,72.10668437981968,289.320512820513,5.667535114482319,45.3517185236482,16.1819535599222,,5.9,0.569858643151504
VCT,2005,21.2201649286779,3.0549519054778713,5157.39373878102,8.548186641491474,73.07149485777329,288.333333333333,5.664117218263768,45.4681221654846,15.803460598478,,5.8,0.589595375722543
VCT,2006,21.1615312559148,3.052184969963272,5744.8278621257,8.656055226757488,74.92729208867563,287.215384615385,5.660232403341692,45.5853616874371,15.9185016274684,,5.3,0.652596996803971
VCT,2007,21.1886530363263,3.053465804253494,6398.19123532172,8.76377060992237,76.8036753033391,285.976923076923,5.65591111902213,45.7034351404912,17.5789207618579,,4.7,0.701150352816706
VCT,2008,21.2478603078695,3.056256198906331,6598.90531450859,8.794659052819895,77.34602785534693,284.687179487179,5.65139096161278,45.8223405756329,15.7098142403655,,5.3,0.73404906870339
VCT,2009,21.2854831085013,3.0580252961567327,6463.78777336717,8.773970767571472,76.98256303019872,283.353846153846,5.6466964563856745,45.9420760438477,15.8660687716811,,4.1,1.12299562022659
VCT,2010,21.2478514761788,3.0562557832554176,6551.96835992405,8.787520796449824,77.22052174803815,281.946153846154,5.641716108898059,46.0626395961215,15.903054750972,,5.1,0.882146982056949
VCT,2011,20.8130429273481,3.0355798539997214,6527.68996854448,8.783808402952483,77.15529005977864,280.382051282051,5.636153141991989,46.18402928344,15.1351236077184,,6.1,0.631007142269248
VCT,2012,21.1785226295306,3.052987584649305,6713.80768643865,8.811921533465556,77.64996111195396,278.810256410256,5.63053146590791,46.3063114823836,14.5760767657253,,5.0,0.80562095350206
VCT,2013,22.0288603357583,3.092353427100158,7072.46737188939,8.86396468978783,78.56987002180546,277.269230769231,5.624988986383097,46.4319347036311,14.7069261247007,,5.4,0.762935219864059
VCT,2014,22.4680502987672,3.112094313352352,7168.82875342911,8.877497566474407,78.80996304275902,275.730769230769,5.619424915831389,46.5579930468544,14.1124131006087,,3.3,0.857395266657367
VCT,2015,24.2045950887733,3.186542494839148,7353.73556054184,8.902963702626419,79.26276269028352,274.25641025641,5.6140634726521315,46.6845638727475,14.9489099213637,,4.3,0.889117427075542
VCT,2016,24.3309858655746,3.1917506765488723,7656.90042881178,8.943362537086006,79.98373346975345,272.689743589744,5.608334678545582,46.8116589511271,14.3822033821215,,4.1,0.951583935909129
VCT,2017,23.4527926838875,3.1549895787988533,7988.04445019298,8.985701259141278,80.74282711853314,270.930769230769,5.601863324150088,46.9392900518098,14.6706100723592,,5.3,1.03252794261
VCT,2018,23.3995682726088,3.1527175723049417,8428.12677153069,9.039329816520812,81.70948353184218,269.041025641026,5.594863879649792,47.0674689446123,14.5575849461195,,4.9,1.05026399557784
VCT,2019,23.4062454360865,3.1530028857305155,8740.59425232061,9.075733458594575,82.36893781145305,267.094871794872,5.587603920361672,47.1962073993512,13.69401619005,,5.4,1.11839642113145
VEN,2000,23.1690087764295,3.1428155570556955,4776.2816763938,8.471417630802724,71.76491667547525,27.8064826257015,3.3252691814873754,88.219476430842,46.4048482561673,47.8572215529808,15.3,5.61613486816086
VEN,2001,22.9677982597517,3.1340931592444723,4920.39313600453,8.501143711986042,72.26944441183983,28.3203015702058,3.3435789174342814,88.372774123042,42.9102931639246,42.141268017362,14.0,5.73575850236842
VEN,2002,22.6563107894885,3.1204384351736,3652.09896501865,8.203057340202744,67.2901497266541,28.8369945014455,3.3616590941375817,88.4553810951083,46.6549699116747,48.5757106494068,12.8,5.8223547552569
VEN,2003,22.2855786174018,3.103939770495005,3229.50557082079,8.080084330450383,65.2877627871898,29.3551419987529,3.379467726798025,88.522274342774,48.8417070697997,50.577007378194,13.4,5.52282625726638
VEN,2004,21.9066339952536,3.0867895131085006,4269.08970872392,8.359155900527314,69.87548736932061,29.8632027662831,3.3966270457792276,88.5835546444319,51.1134764353283,55.3674556023219,14.6,5.68334234468926
VEN,2005,21.5705091748058,3.071327065815816,5432.4854184654,8.600152027997282,73.96261490466577,30.3676707669633,3.413378580922598,88.638673298371,53.0883974696502,60.1273297561422,14.2,5.82165836799224
VEN,2006,21.2333827979616,3.0555746034816242,6739.38065342218,8.815723308500447,77.71697745203807,30.8652411994785,3.4296306704752473,88.6870816028803,51.9276623968995,58.6655915584603,15.6,5.83970371595838
VEN,2007,20.8599188179155,3.0378295578064485,8331.62096991844,9.027813310457791,81.50141316847886,31.346707102772,3.445109224968006,88.7282308562487,49.2828626757633,56.1990954818909,16.6,5.64100518337439
VEN,2008,20.5138774533666,3.0211016060624916,11262.4514256759,9.329229588981734,87.0345247239323,31.8051085539369,3.459626923234105,88.7615723567652,50.6124593374834,51.8290123789932,16.4,5.84962138322166
VEN,2009,20.2590189230141,3.008600073315075,11596.6021921731,9.358467419718798,87.58091244593821,32.2411405249136,3.4732432930956367,88.7865574027187,40.8120935299234,38.5209296583297,16.2,5.81077320450049
VEN,2010,20.159103445557,3.003655970267684,13646.3046622664,9.521224043248555,90.65370728173437,32.6660631483476,3.4863367147812125,88.8026372923982,48.4086022795909,46.1368935240203,13.8,6.13592407148401
VEN,2011,21.6871225595847,3.0767186539629976,10843.9229703167,9.291360107155176,86.32937264083465,33.0879337906014,3.4991686778745748,88.8079278904659,48.6321324133785,49.6381215967995,14.8,5.92634036716951
VEN,2012,19.3045309881121,2.9603398345809873,12607.2361246243,9.442026223700061,89.15185920903964,33.5058398049997,3.5117197461759173,88.8401868543141,,50.6485838828706,13.8,6.55732695996789
VEN,2013,19.9572583150196,2.9935929024817574,8656.35669723668,9.066049208328346,82.19324824783104,33.9121342327532,3.523772892309582,88.8786817039721,,62.4795214214587,15.4,6.45112739625486
VEN,2014,19.2869938244399,2.959430973634727,7096.22047105512,8.867317593272137,78.62932129995356,34.2997324414716,3.5351375536012832,88.9163913525251,,64.2074401112959,12.1,6.34368674716556
VEN,2015,19.2951554205004,2.959854049919587,4103.1384987005,8.319507447344211,69.2142041664158,34.662402358143,3.5456555940073264,88.9539804079292,,60.288846101805,15.4,5.75436845431794
VEN,2016,18.8450274280702,2.936249082174139,3670.15737848208,8.207989822549376,67.37109692707413,34.8797913950456,3.551907618376266,88.9914428378712,,41.307217198655,14.6,5.29608278304555
VEN,2017,19.0801947101269,2.9486508709013464,3791.33160682077,8.240472583814524,67.90538840459882,34.6525967915651,3.545372666307302,89.0287726100378,,42.5829358408751,14.3,4.97170927982669
VEN,2018,16.3445343718253,2.7938935522711805,3422.65467014854,8.1381717482959,66.22983940476153,33.7935400487501,3.5202696614046354,89.0659636921159,,54.6450667905599,14.6,4.62269142706999
VEN,2019,14.8507131552081,2.6980478880153345,2523.11275230667,7.833248637419222,61.35978421563009,32.8077750694405,3.4906655320994338,89.1030100517924,,58.1292903256504,15.8,4.15965140487118
VIR,2002,8.33036140927241,2.1199068417048617,30062.0225050457,10.311017943313932,106.31709102734186,310.025714285714,5.736655243347843,93.2191674762441,,283.169834457388,0.6,0.0018431650830806
VIR,2003,7.99167466399123,2.078400332808866,31731.2566241187,10.365057487452624,107.43441671819771,310.014285714286,5.736618379366715,93.4773224233974,,362.968341562591,0.6,0.0018432330307359
VIR,2004,7.71487550619846,2.043150349093672,35006.3614404514,10.463285079397501,109.48033465274237,309.902857142857,5.7362588843151165,93.7071483863705,,435.159336318146,0.6,0.0018438957830103
VIR,2005,7.59658884934965,2.027699310923544,40828.7460927775,10.617141673403092,112.7236973131126,309.865714285714,5.736139023906249,93.9100783822029,,503.206865401987,0.7,0.0018441168063585
VIR,2006,7.59691744994609,2.0277425663235835,41377.1466009652,10.630483992927886,113.00718992389601,309.625714285714,5.735364194744978,94.0875454279337,,552.118644067797,0.7,0.001845546235547
VIR,2007,7.60700426006155,2.0290694360336152,44158.5054044325,10.695540835369899,114.39459376106504,309.534285714286,5.735068863741384,94.2409825406024,,560.367892976589,0.7,0.0018460913630615
VIR,2008,7.62003448651036,2.0307808954770747,39152.3750657306,10.575216365370185,111.83520117439339,309.705714285714,5.7356225378445025,94.3718227372483,,863.195098963242,0.7,0.0018450695129939
VIR,2009,7.62919333610687,2.0319821170476815,38753.1825393897,10.564968161457772,111.61855225261641,309.725714285714,5.735687113192425,94.4814990349105,,508.402761247322,0.8,0.001844950370835
VIR,2010,7.62766601566543,2.0317819027819106,39905.1284180994,10.594260126400393,112.23834762583726,309.591428571429,5.735253455839521,94.5724392667003,,586.401480111008,0.7,0.0018457506206336
VIR,2011,6.78317862080694,1.914445815216945,38997.1373164651,10.571243520275793,111.75118956497295,309.4,5.734634938138965,94.6553578863453,,679.232772910253,1.2,0.0018468926031951
VIR,2012,7.6192928172212,2.0306835592528487,37795.3192590675,10.539940544815021,111.09034668823557,309.108571428571,5.733692579030433,94.7353591077883,,157.177794081683,2.0,0.0018486338595777
VIR,2013,7.33012403297425,1.991992437034285,34597.9766940328,10.45155048228489,109.23490748374952,308.688571428571,5.73233290921143,94.8105958193224,,142.241840556447,2.9,0.0018511491008043
VIR,2014,7.39182380336555,2.000374497930508,33045.3643795999,10.405636574613313,108.27727252293028,308.234285714286,5.730860161715898,94.8797070702488,,164.291725105189,4.2,0.0018538773845497
VIR,2015,8.01092064615819,2.0808056915739064,34007.3529411765,10.434332043192612,108.8752851875961,307.748571428571,5.729283123067017,94.9413319098685,,84.7665847665848,5.6,0.0018568033273915
VIR,2016,8.29655041406352,2.1158398156481986,35324.9748874586,10.472345496652506,109.67002020125803,307.188571428571,5.727461798200538,94.9941093874829,,113.296471827278,5.7,0.001860188251051
VIR,2017,8.54756993148376,2.145647024011014,35365.0693039774,10.473479869145178,109.6937805693893,306.517142857143,5.725273684830596,95.0366785523929,,157.696362677913,5.3,0.0018642630102254
VIR,2018,7.92997730802401,2.0706501741072287,36663.2087550584,10.509529044979063,110.45020074725853,305.717142857143,5.722660304711305,95.0676784538999,,159.240377262299,5.8,0.0018691414098933
VIR,2019,7.9242336096145,2.069925609675655,38633.5298915336,10.561875828434546,111.55322101526994,304.768571428571,5.719552706385085,95.0857481413049,,155.4234409124,6.2,0.0018749589852722
VNM,2000,27.2332642563715,3.304439176708884,404.029784055118,6.0014885981524575,36.01786539375395,248.035784093101,5.513573026454068,24.3672526919772,36.7307753268455,111.417094419512,57.7,0.732762940866418
VNM,2001,27.2724542389611,3.3058771905696247,419.205677580901,6.038361676762684,36.46181173939625,250.632810440708,5.52398896142845,24.9489362725143,38.1294216644677,111.955937998525,56.1,0.796360252330399
VNM,2002,27.3729160568005,3.3095540594599737,445.132861817313,6.098372803485919,37.19015085029671,253.6539172436,5.53597080739276,25.5540925665659,38.4866787864761,116.696868652499,52.2,0.927761034143203
VNM,2003,27.4669078615838,3.3129819295771026,497.117089249256,6.2088255903999965,38.549515212005865,256.599403360531,5.547516127005532,26.1745407830283,39.4700078083864,124.327954439125,50.8,0.975900126008347
VNM,2004,27.4866878050048,3.3137018076500575,565.452284586212,6.337625914606657,40.16550223349387,259.099464637017,5.557212021325162,26.8021001307977,40.2087495299221,133.016497868747,45.8,1.14424418007545
VNM,2005,27.3645140387577,3.3092470659422246,710.746759994861,6.566316191948593,43.11650833264627,259.203077001761,5.557611835556427,27.4285898187702,38.1311399002846,130.714846045026,44.1,1.23999989986226
VNM,2006,27.0007597054278,3.295865002846551,807.756645117054,6.694260831370928,44.81312807842699,262.689291708627,5.570971933426831,28.0458290558422,38.5847310338981,138.313621869598,44.2,1.25547815833719
VNM,2007,26.3605983485498,3.2718704084870724,925.640338348717,6.830485755686894,46.655535658641554,267.577137683246,5.58940788993783,28.6456370509099,38.5116248479069,154.605383996554,41.9,1.36684666856981
VNM,2008,25.4734887212418,3.237638253354617,1163.83195772873,7.059473251657147,49.836162590862735,272.308076932914,5.606934061130789,29.2198330128693,37.0776963788801,154.317479627758,39.3,1.47684691804671
VNM,2009,24.3688895766214,3.1933073014213704,1226.16976051536,7.1116505738887605,50.57557388509234,276.440290060813,5.621994848494865,29.7581347355675,37.3881863793419,134.706317721758,37.0,1.62877944346484
VNM,2010,23.0762596678067,3.138804369053064,1683.16182443979,7.428429341939105,55.18156248818185,279.147229120251,5.631739345575101,30.2504027258526,33.0228771360005,113.977687539714,34.6,1.79273486369334
VNM,2011,20.4905765848944,3.0199651016740416,1950.92504174913,7.576058919459159,57.396668751116685,282.390144405715,5.643289605596897,30.6996041680996,34.580408780539,125.260577940829,36.3,1.77200618969635
VNM,2012,21.5116439458873,3.0685943674111837,2185.11767654291,7.689424962620857,59.127256255776764,285.558644407367,5.654447417485322,31.1222779403029,35.8602323946766,123.224116745985,37.9,1.74532095481779
VNM,2013,23.2274925075316,3.1453365989644095,2359.51736472828,7.766212370634288,60.314054585793045,289.364162813695,5.667685973819373,31.5334201724543,35.575150437736,130.846354866743,37.4,1.80141667663283
VNM,2014,20.4035064934273,3.0157067730120155,2546.38464459903,7.8424298457105515,61.50370588489162,292.559228518274,5.6786671368342105,31.9480269945454,35.2985684880333,135.410521454361,36.7,1.95182181139621
VNM,2015,19.377014054477,2.964087521035672,2577.56885340113,7.854601928784033,61.69477145965786,296.1974772084,5.6910263846076905,32.3810945365679,34.2665466382117,144.914228195237,27.8,2.16344818077591
VNM,2016,20.3304456216218,3.01211954681084,2735.0604380416,7.913908812616166,62.62995269440381,299.948999160782,5.703612457406694,32.8476189285136,34.1152288612372,145.409507973118,26.8,2.38090235568537
VNM,2017,18.5797797556674,2.922073879476221,2956.10992127753,7.991629467194556,63.86614154093234,303.688787280275,5.716003450989079,33.3625963003742,35.3903640729728,160.98008365887,28.3,2.40871172027244
VNM,2018,20.1630176303186,3.0038501160452107,3222.31003125366,8.07785378233981,65.25172172886157,307.046632570694,5.726999633676331,33.9410227821412,36.5424334086447,164.663936775893,24.3,2.93126723532271
VNM,2019,20.8317868906878,3.0364800360721333,3440.90025375434,8.143488417802308,66.31640361088034,310.034412897339,5.736683300664366,34.6239134999511,36.8031368977554,164.704215031408,20.4,3.46316479458409
VUT,2000,15.0607600250161,2.7120926875668907,1460.23817692229,7.286354836275616,53.09096680011706,15.2814602132896,2.726640342869419,21.6572490599483,11.2229908389199,87.1557917790657,49.5,0.450931657012793
VUT,2001,14.9425065432613,2.704209939612198,1350.18338238522,7.207995701011087,51.95520202579431,15.6711238720263,2.7518197750485593,21.9341706883464,9.04749199573106,87.7721451440768,51.3,0.511435316781046
VUT,2002,14.665320193617,2.685485536055157,1340.71537528287,7.200958612642652,51.85380494099239,16.0675143560295,2.7767994917453693,22.2011458912344,8.95138565917982,91.6997236888901,53.3,0.490649076139955
VUT,2003,14.335593351469,2.6627454902798324,1566.51396790858,7.3566080269873995,54.11968166273544,16.4680885972108,2.801424483854979,22.4641372404641,8.18998048145738,91.5679895901106,52.7,0.558915246131928
VUT,2004,14.0597183922026,2.643313857177853,1774.31867585894,7.481171783635813,55.96793125626865,16.8753896636587,2.8258563276717714,22.7291073078871,7.59748057740852,98.7059775016543,55.4,0.42486789719558
VUT,2005,13.9440876912036,2.635055597010596,1873.99142640619,7.535825887764524,56.78867181070198,17.2895816242822,2.8501041018479047,23.0020186653551,7.84740891814221,100.173820339297,54.9,0.423230214461947
VUT,2006,13.9585415833197,2.636091620767836,2034.79289624351,7.618149321809977,58.03619908939381,17.7131255127153,2.874305919154873,23.2888338847199,8.09487564543005,89.5414618090556,55.3,0.371891831810414
VUT,2007,13.996197949145,2.6387857176710026,2333.70506748914,7.7552124413183146,60.143320009978375,18.1522559474979,2.898794847614906,23.5955155378332,7.94926084161972,90.1716511021211,51.6,0.592020824671451
VUT,2008,14.0483654826847,2.642506053260248,2603.60883136724,7.864653773675595,61.85277897978978,18.6132895816243,2.923875819225811,23.9280261965467,9.10913251925229,105.774852580058,52.1,0.567220224243706
VUT,2009,14.106352877944,2.646625254632453,2546.38324565986,7.842429296327897,61.50369726790208,19.0919606234619,2.9492673366788114,24.2861753285463,11.1955989060499,108.489179063187,38.7,0.620029132345927
VUT,2010,14.161468828928,2.6505248137423973,2815.18828985779,7.942784426385834,63.08782444403734,19.5445447087777,2.972696204462351,24.742504119873,12.8730998830697,103.823312203828,38.1,0.650162855511904
VUT,2011,14.2665581071884,2.657918204581466,3163.1861645138,8.059335078517623,64.95288190782466,19.9732567678425,2.9943942171477844,24.7861634049013,9.99492054277629,96.9987664175314,35.8,0.738066487592104
VUT,2012,14.0726802867412,2.6442353495542226,3004.78416664293,8.007961019645338,64.1274396921592,20.4169811320755,3.0163669630254826,24.8183551383933,7.87407257715292,104.451629665983,39.0,0.593451541487366
VUT,2013,14.2629547192965,2.6576655968392324,2979.79608084399,7.9996101479110795,63.99376251856192,20.8762920426579,3.03861416308061,24.8407362750263,8.21151592925291,106.410757127713,40.9,0.59336220243475
VUT,2014,13.9111416387808,2.632690075808419,2973.09026493408,7.997357184102643,63.95772193011816,21.3486464315012,3.0609883386719146,24.8549637694775,7.50006657257742,105.199318296807,31.5,0.673608976329542
VUT,2015,13.4680414200127,2.600319576733117,2854.89412272653,7.956790036543091,63.31050768563141,21.829450369155,3.0832599924691197,24.8626945764242,10.7490519094664,108.758665668253,35.6,0.598269078282306
VUT,2016,13.8697381004542,2.6297093517010386,2956.12644801489,7.991635057883536,63.866230898393184,22.3205086136177,3.1055059246019456,24.8654875642873,10.4769109101537,106.351935265734,33.1,0.609731446191843
VUT,2017,13.6713327898574,2.61530114341251,3159.86055790126,8.058283178360886,64.93592778265403,22.8471698113208,3.1288272502082006,24.7644441456437,10.1699916743073,105.526573713997,35.7,0.597471517771546
VUT,2018,14.6439252034392,2.6840255875857815,3206.65748718811,8.072984392364294,65.17307699935749,23.4010664479081,3.152781596022088,24.2729727045038,10.0951662680732,110.679659822766,29.7,0.802078111470628
VUT,2019,14.3364980888287,2.6628085995484314,3207.44650452083,8.07323041810311,65.17704938378532,23.9528301886792,3.1760864875926096,23.5024668917075,9.502093997208,99.3829688227082,31.6,0.750038529376509
WSM,2000,13.1629560185234,2.5774065221418896,1424.75240002471,7.261753323237087,52.73306132754488,64.1996466431095,4.161997706679359,21.9529698020724,27.7265036026668,,59.7,1.02374989679941
WSM,2001,13.2211101638012,2.5818148069795317,1453.87021324606,7.281984392242854,53.027296688868525,64.7229681978799,4.1701161338413675,21.9749895503804,29.4524257767869,,52.4,1.09681927868709
WSM,2002,13.2517072431501,2.5841263926716014,1527.55790455937,7.331425598385765,53.74980130466608,65.1840989399293,4.177215557899301,21.9431903680112,30.0120902795379,87.9199711386734,49.6,1.12538014105198
WSM,2003,13.2568830553227,2.5845168934247607,1798.12429714048,7.494499343421054,56.16752040853861,65.5229681978799,4.182400740684146,21.7806875309864,31.0083906253848,76.272148769255,52.4,1.15569217494472
WSM,2004,13.2387733990715,2.583149902642521,2189.26042607992,7.691319060789039,59.15638889485678,65.8123674911661,4.186807776462592,21.5282844040566,32.3616645013541,72.5293703149674,48.8,1.13074432614403
WSM,2005,13.1995140731491,2.5801800162745034,2550.04221437511,7.843865192672351,61.52622116081686,66.069964664311,4.190714251219659,21.2352904191687,31.5654807150702,76.2247442670718,48.9,1.16484292269679
WSM,2006,13.1242357637716,2.5744605792602355,2663.29135939532,7.887317990041359,62.20978507603006,66.3282685512367,4.194616179642361,20.9567957063672,31.3319535429466,82.4691938417408,46.0,1.16510130041714
WSM,2007,13.0054412390128,2.5653678267381927,3038.61904093377,8.019158428340909,64.30690189883103,66.6971731448763,4.2001625703874135,20.6944481303605,31.214843755466,83.2022041824641,43.2,1.2614369043141
WSM,2008,12.8563244204113,2.5538358630585782,3373.60639884263,8.123737599170719,65.99511258018003,67.1756183745583,4.207310359886179,20.4038457706991,30.6045956016331,73.8864270586579,45.0,1.28453975918825
WSM,2009,12.6900792295059,2.5408205251666875,3279.18269477295,8.095349491905207,65.53468339608989,67.6724381625442,4.214678979778958,20.1045321482817,22.4714571910199,75.9793921615973,43.2,1.29599557210215
WSM,2010,12.5198995878353,2.5273193454988405,3524.2479246203,8.167422337765368,66.70678764342871,68.2060070671378,4.222532641133897,19.8302101862085,14.7777818454724,78.5698016774915,41.9,1.36304999922289
WSM,2011,12.2498654594603,2.5055149540292234,3821.50678264479,8.248400069545891,68.03610370728465,68.8031802120141,4.231249967882834,19.6174273708146,15.766152527034,81.600955014363,40.6,1.37484400117095
WSM,2012,12.4658242930882,2.5229908433962773,3934.60320799981,8.27756531917244,68.51808761316634,69.4339222614841,4.240375541485324,19.478718368689,16.3070738394005,82.7339794775292,40.2,1.36439047725677
WSM,2013,12.5589378577712,2.530432592000116,4023.5254013825,8.29991376282151,68.88856847027391,70.0593639575972,4.249342939189695,19.3865949620667,15.1467287917872,77.877751737476,42.6,1.4061774971251
WSM,2014,12.5788519302582,2.5320169856020023,3982.68080202084,8.289710439880082,68.71929917705683,70.6844522968198,4.258225637782501,19.3126679480432,15.2095204342126,80.5007740440855,41.4,1.43223503651824
WSM,2015,12.4224418408037,2.5195046627207467,4084.36083819933,8.314920529495012,69.13790341181762,71.3010600706714,4.266911195061079,19.2340105383551,14.5012807041262,74.6343545643839,37.1,1.62948132142609
WSM,2016,12.5098893074638,2.5265194761154364,4147.07097674888,8.33015757530341,69.39152522938478,71.9077738515901,4.275384379210515,19.126462366749,14.408683481377,75.2118171706314,36.8,1.74054909360734
WSM,2017,12.0891380416294,2.492307366934494,4307.59381964907,8.368134748698628,70.02567917237745,73.8902877697842,4.302581395363066,18.9657191879831,13.1849554636851,74.011085031494,35.8,1.54078329235937
WSM,2018,12.8245995074982,2.551365163083725,4231.81409469194,8.350386044097812,69.7289470854635,74.6697841726619,4.313075514627763,18.7241267935467,11.7204111149327,78.9349676190658,36.6,1.66054860247998
WSM,2019,12.8726726678327,2.5551066665466,4351.94234943706,8.378377541535597,70.19721022850808,75.4604316546763,4.323608434830913,18.4147344481283,11.9596393238611,83.3310820410377,34.2,1.78043664791687
YEM,2000,44.9681620712379,3.8059547298392915,493.235182634814,6.200986104177435,38.45222866420164,37.1690455897115,3.615476307081777,26.6054859383233,48.7835790730058,75.4388386390908,0.9,0.802338303623073
YEM,2001,44.2982580672529,3.790945354997015,487.141257946318,6.1885541384087155,38.29820232401564,38.3092732541622,3.6456919883985113,27.1033603053549,44.9083545705105,70.8923979770182,0.9,0.829144572122412
YEM,2002,42.704211331557,3.7542975414031314,513.241486570603,6.240746468466008,38.94691648367095,39.4626323465348,3.675354207607591,27.5777619268614,45.1536229524171,74.7304558609206,0.9,0.807128897860081
YEM,2003,40.802103639537,3.7087336398735293,548.905883049973,6.307926993388684,39.78994295392161,40.6393904956721,3.704737805511897,28.0277061455611,45.9141110094936,74.3826165968098,0.8,0.910498458290656
YEM,2004,39.2080167665797,3.668881235238753,627.632023395762,6.441954044725656,41.49877191435724,41.8492849972536,3.734074711897149,28.4506523754813,47.8015521496085,71.8466740069203,0.8,0.925129916420184
YEM,2005,38.5380324880719,3.6516456105173125,734.159908450927,6.598726863811675,43.54319622318986,43.1654923575203,3.7650413880285565,28.8523786558834,51.5233832621526,76.773285677642,0.7,0.966350059686043
YEM,2006,38.5534753528139,3.6520462477698734,809.713127624703,6.696680021509514,44.845523310484666,44.5917059681421,3.7975478768925504,29.2379493450977,51.9588106170624,82.0761626564135,0.8,0.974638708108025
YEM,2007,38.6126208228261,3.6535791873515198,890.305768114988,6.791564963402834,46.12535465212094,46.0595905070364,3.8299360039282773,29.6091538946366,52.3036364513925,79.1234205876059,0.8,1.00023924584184
YEM,2008,38.7269770433258,3.6565364384103596,1071.63583282105,6.976941575727531,48.677713751115355,47.5631967725439,3.8620592851344453,29.9646637170333,52.5715277111729,81.244718850294,0.7,1.0053703136687
YEM,2009,38.9080521595302,3.661201225592555,969.243509864478,6.876515880489907,47.28647065462988,49.1083281247041,3.8940286359918015,30.3031502248211,52.7856660563457,68.0713910145084,0.7,1.0658436506035
YEM,2010,39.1673543166565,3.667843601782998,1155.20305261418,7.052031410633495,49.73114701656144,50.6740667083357,3.9254142749673937,30.6232848305331,52.9607477523107,64.3856367797178,0.8,0.984687109444892
YEM,2011,43.2315095806882,3.7665696178174475,1186.47500581215,7.078742010177453,50.108588446651126,52.2433035967953,3.9559117218047355,30.9237389467026,53.1065650909838,63.0594579549043,0.9,0.833886302805684
YEM,2012,53.6338333840879,3.982180088793686,1245.05068272078,7.126931517082894,50.793152849189475,53.8546640907627,3.986289012493572,31.2031839858628,39.7484554361741,61.3616371825683,1.1,0.773829681433409
YEM,2013,48.4247878548182,3.880011828381413,1378.75002954928,7.228932591999647,52.257466419674735,55.5201090971078,4.016745281202162,31.4427187944215,38.9944141504647,52.5118781367089,0.8,0.982094877377072
YEM,2014,38.0825068778276,3.6397550396320666,1430.16420964026,7.265544548577539,52.788137587364794,57.2500501922458,4.0474285191544155,31.8626162180918,39.8882580148089,48.2430405122774,0.8,0.938116526235472
YEM,2015,44.0661314855842,3.785691493870528,1362.1738120601,7.216837093883101,52.082737639647085,59.0173286360967,4.077831106479199,32.3883178702702,33.866159352981,30.3676590844637,2.0,0.457400001457025
YEM,2016,40.7241168220245,3.7068204678692727,975.359417003225,6.882806035893282,47.37301892772899,60.8159743924844,4.107852491181368,32.9512008005236,25.9022680665842,31.0815442908559,2.6,0.331047266795208
YEM,2017,42.1204805186376,3.7405340955254296,811.165970405745,6.698472682259946,44.86953627498276,62.6757599863629,4.137974769800324,33.5586912522175,25.9240409654207,42.9699046721967,3.0,0.296939453573988
YEM,2018,43.9103483345439,3.7821500174627687,633.887202451545,6.45187102449435,41.626639716709775,64.5589370608179,4.167578559464597,34.2106045810864,25.4429978433173,56.0778227215077,2.9,0.35186257770312
ZAF,2000,24.3617741485462,3.1930152705897816,3217.84693448467,8.076467761002995,65.22933149452074,38.8756967743531,3.6603692937948034,56.2589954883628,28.2297555130289,46.2207217354077,16.2,7.36397941641679
ZAF,2001,24.0639428788771,3.180714574047736,2847.15191945908,7.954074447097468,63.26730030996889,39.2112703921391,3.6689642154768847,57.0014339378269,28.531613122664,49.170945185829,15.0,7.51319828115408
ZAF,2002,23.5893636134975,3.1607959160950165,2688.23676032806,7.896640778243372,62.35693558061608,39.584379559637,3.678434584877652,57.6723587528482,28.5059160154765,53.4655016294369,13.3,7.72131022420827
ZAF,2003,23.0775934481989,3.1388621661946905,4062.21755993786,8.309484300513505,69.04752934048041,39.9808324196886,3.6884001497581687,58.3724341232066,26.8928680646111,45.723862568979,11.8,8.11491084558816
ZAF,2004,22.6681894787726,3.1209625971383543,5221.46333731721,8.56053297441017,73.28272480596384,40.3856440989539,3.698474377732135,59.0977390950102,26.3036366679746,45.6435752240041,11.0,8.69023374521021
ZAF,2005,22.5007088010102,3.1135468109813087,5836.87663325127,8.671951109679986,75.20273604867994,40.796670486114,3.7086004723476873,59.8241758378997,26.0150792659507,47.4277813970329,9.7,8.81501533854301
ZAF,2006,22.7170362946248,3.1231151405654525,6077.38293388876,8.712329443789828,75.90468433712718,41.2156369271859,3.7188177214171256,60.5276465215157,24.8591176319147,53.7681412741145,9.3,8.81243167639557
ZAF,2007,23.2441138514745,3.1460519323025027,6591.85535960564,8.793590129541185,77.32722736636416,41.6527908069476,3.7293683725372486,61.1840533154988,25.2946183090828,57.125139137747,8.7,9.10281000552084
ZAF,2008,23.8990840855684,3.1738401354235637,6184.75474328399,8.729842630569712,76.2101523545123,42.1358670832337,3.7408993277056766,61.7692983894896,26.9415561091344,65.9745237996233,9.7,9.54569945858325
ZAF,2009,24.4990896109155,3.1986359581221353,6374.70560042992,8.760093188635565,76.73923267357922,42.6419441261572,3.7528383727712464,62.2592839131287,25.7430761887593,49.5875353278801,9.2,8.83353970564321
ZAF,2010,24.861273041525,3.213311293199656,7973.47195771517,8.98387530524639,80.7100155002159,43.1493549530538,3.7646674684734083,62.6299120560569,25.3034630993363,50.4060871625999,9.4,8.87117430020844
ZAF,2011,24.9968845183073,3.218751197834867,8646.05571071635,9.064858508731724,82.17165978332594,43.6861279872062,3.777030614343937,62.850627754452,24.8394911507999,54.6363504358971,9.0,8.37758623633968
ZAF,2012,24.6444105011731,3.2045501202597024,8076.97678479741,8.996772921202362,80.94192299568009,44.3351828800831,3.7917785577830454,62.9616560303263,24.4686002355753,55.5826171933345,8.3,8.57667504044573
ZAF,2013,24.1607460915842,3.1847292538639778,7331.65467384919,8.89995650935741,79.20922586845332,45.0739771987239,3.8083050777331855,63.0524024097034,24.5517417673484,58.875027630051,7.8,8.68872722515024
ZAF,2014,24.5484834922425,3.2006500801224664,6856.73137092522,8.832986130627399,78.02164398385598,45.8291124318888,3.824919531802598,63.1352327065742,24.3052820058227,59.4995740550593,7.6,8.75262375978144
ZAF,2015,24.5964053006527,3.202600306271147,6112.27382485974,8.718054131030598,76.00446783157967,46.7595454582925,3.8450184158186507,63.2096349937231,23.7323079746326,56.7266761447156,7.6,8.14948651738695
ZAF,2016,24.1476891116721,3.1841886865624245,5651.20585165749,8.639624226440718,74.64310677410138,47.2014038529705,3.854423634796886,63.2750973439347,23.7825372977493,55.8612575048782,7.8,8.03701551903542
ZAF,2017,23.754937395964,3.1677903992308236,6618.33508255701,8.797599119196931,77.39775026209462,47.5110354549127,3.8609620094238197,63.3311078299936,23.6105564955695,53.5359318293741,7.9,8.14751418587147
ZAF,2018,23.8122504048776,3.1702001711470564,6914.1780318076,8.84132936961601,78.16910502203464,48.3171083761304,3.877785708626661,63.3771545246841,23.5370608392744,54.4855451276341,8.0,8.077016906198
ZAF,2019,23.1897720637682,3.143711322144887,6533.71121032856,8.784730393193524,77.17148808109805,49.1207453692636,3.8942814581794485,63.4127255007908,23.6220152843652,53.8979964081406,8.7,8.01412233375962
ZMB,2000,24.3880446265436,3.19409303790053,359.429500988221,5.8845180549769145,34.62755273934929,13.475606343911,2.6008811134755336,35.8735460960387,23.2438941549244,60.3874689884965,90.0,0.194876413395542
ZMB,2001,24.4325149072743,3.195914823371844,396.548952993504,5.982799496237113,35.79388981217505,13.8893245806373,2.6311205292799453,35.8846482932758,23.3606116903584,64.668282708979,89.8,0.19058254162032
ZMB,2002,24.4508143185225,3.1966635208273093,393.864625518616,5.9760072602030725,35.71266277399983,14.3235031410162,2.6619017643673146,36.0706035730014,23.8755524352252,64.9164969990648,89.6,0.194197023295284
ZMB,2003,24.458855544603,3.1969923403092424,446.290104839041,6.100969199843479,37.221825177438774,14.7750104252142,2.6929372688901667,36.3858560115875,24.1349730396824,62.3128446757629,89.3,0.203867677204048
ZMB,2004,24.4725512698311,3.197552133148949,548.685974566277,6.307526282532253,39.784887804835144,15.2520184559921,2.7247118520648774,36.8035881130253,25.6961251757115,70.8130749317722,89.4,0.203153975614114
ZMB,2005,24.5078141785218,3.198992012760313,710.982068171696,6.56664720891093,43.120855566297706,15.7640256123973,2.7577304840711796,37.2969823813059,26.8496240283076,62.200282191364,88.9,0.211070757215382
ZMB,2006,24.5785406011321,3.2018737289469055,1051.71714895686,6.958179487332816,48.41626177793918,16.3165404431052,2.792179344411595,37.8392213204204,30.3961173223662,57.8568188739027,89.7,0.198597590529511
ZMB,2007,24.6949009149885,3.2065967816333947,1118.73162626953,7.019950846007968,49.27970988036799,16.9024132689436,2.827456408713421,38.4034874343601,31.9096804308122,65.7714586909068,90.7,0.174189032545343
ZMB,2008,24.8672188747105,3.213550425052834,1375.50211006997,7.226574114401962,52.2233734309445,17.5161409219925,2.863122794236344,38.9629632271162,30.9906155705809,59.4548891205874,89.8,0.200263813418666
ZMB,2009,25.1058182349176,3.223099621463714,1136.24168316848,7.035481325921209,49.49799748738605,18.1471219682804,2.8985119788966793,39.4908312026796,30.2244688791227,56.1213809555165,89.2,0.213107272147601
ZMB,2010,25.4210227502292,3.235576499028619,1451.10616017155,7.2800814136617324,52.99958538954301,18.7863624746096,2.933131206319086,39.9558857709992,32.2389147610701,65.0147025206122,89.2,0.230036760341164
ZMB,2011,26.565488543498,3.2796129502287403,1624.86817763443,7.393181970017579,54.65913964179302,19.4215633785765,2.966383963154174,40.3684491825881,34.4442819243584,72.7954324384283,87.9,0.239454830917406
ZMB,2012,26.8710302496189,3.2910487638953003,1710.05061343728,7.444278247560012,55.417278627095165,20.0616486635548,2.998809965774541,40.7698556821596,32.0106503918136,75.367709855907,85.4,0.289620990303567
ZMB,2013,25.6500160427317,3.2445441970642124,1820.71854827391,7.506986508899073,56.354846444792685,20.7145603249976,3.0308368503462364,41.1682266235825,32.5564491082462,80.4562410213373,85.3,0.307539510527861
ZMB,2014,26.0707378042456,3.2608135284366084,1707.48573136694,7.442777234963143,55.394932969285605,21.3822018052435,3.0625588846369154,41.5634741658525,32.9441480248783,76.1934997276313,84.6,0.346397664972352
ZMB,2015,25.6767422937407,3.2455856130542613,1295.87788680068,7.166943649325317,51.36508127260449,22.0598730141648,3.0937602574246,41.9555104679652,33.65724911523,79.8652687573958,84.0,0.356605174836236
ZMB,2016,26.1659103128843,3.264457430462398,1239.08527877713,7.122128707974946,50.72471733296088,22.7530946071376,3.1247011628335355,42.3442476889162,34.8771666095938,73.958561254616,84.0,0.374035815469437
ZMB,2017,23.7582824070397,3.1679312026154434,1483.46577328065,7.302136367864217,53.32119553488522,23.4618706197285,3.155376576607856,42.7295979877011,37.3040449214626,71.5856946542566,83.5,0.46088254788055
ZMB,2018,23.3367199131656,3.1500280819852526,1463.89997855593,7.288859371528776,53.127470937922865,24.1778460834824,3.1854367627856104,43.1114735233156,34.4853215849232,74.8883695274665,83.8,0.506471474864007
ZMB,2019,23.2037475947695,3.144313799884317,1258.98619844462,7.138062071668629,50.951930138994236,24.9046113076582,3.215052979403183,43.4897864547552,34.9419812171167,68.791204936096,86.1,0.487959304388463
ZWE,2000,20.2651781223935,3.0089040496983666,562.833757496076,6.332984304777737,40.106690204561154,30.74073930464,3.4255887880697835,32.3991568853313,,74.0708923168864,69.5,1.23243627783423
ZWE,2001,20.306374682186,3.0109348605056074,566.388746448872,6.339280673624345,40.18647945898713,30.947139718237,3.4322805786479123,32.4999278382836,,67.8980938686723,72.3,1.21917145823374
ZWE,2002,20.3291456921534,3.012055604728451,524.936478570323,6.263277262071972,39.22864206158777,31.2463564689156,3.441902776390218,32.5631884166934,,66.8098183680706,74.7,1.1029519129975
ZWE,2003,20.3466312302663,3.0129153566748403,468.471932927213,6.1494761915108205,37.81605742995843,31.6203257076386,3.453800132412607,32.6003372313948,,70.4519675420993,78.0,0.893403485176119
ZWE,2004,20.3719713744954,3.014160003881738,469.719298949304,6.1521352800094,37.84876850353634,31.9656094093318,3.464660618930804,32.6278168233873,24.3823706636825,76.0394249806318,81.8,0.838216656520482
ZWE,2005,20.4183062028115,3.0164318613437238,461.271387547912,6.133986562947303,37.62579115441807,32.2694377665762,3.4741205831223865,32.6482709722903,26.4793991229974,76.043068640646,80.3,0.922182297304139
ZWE,2006,20.4938743609955,3.020126029832507,431.034994414964,6.06618928034593,36.798652384983875,32.6649735039421,3.4863033571471864,32.6640794641194,30.6513058245743,82.8200302932942,78.7,0.848775110404865
ZWE,2007,20.6142726487272,3.025983682913434,413.521244592925,6.024708890635926,36.29711721690757,33.0982499676877,3.499480409918456,32.67762208489,32.4614004438359,84.1682798999008,78.0,0.825339903958573
ZWE,2008,20.8036783748251,3.035129816015563,340.917447588572,5.831640358792127,34.008029274293165,33.4991572961096,3.511520283174608,32.6912786206175,30.4832503395201,109.523540063377,81.6,0.641176361194705
ZWE,2009,21.0862688481077,3.0486220631497214,735.821693871697,6.60098782561699,43.57304027394372,33.9738658394727,3.5255915772717,32.7074288573175,21.4538686244604,61.7764909650234,82.6,0.604392218090679
ZWE,2010,21.4862213773936,3.0674118635233762,902.010759067388,6.804626448004111,46.30294109687704,34.5264262634096,3.5417250094749417,32.7284525810054,20.6947355315308,83.1234047851259,81.2,0.753832502230367
ZWE,2011,23.6162829422719,3.1619364293029264,1037.77565157218,6.94483490507832,48.2307318587942,35.1439162466072,3.559451523521515,32.7567295776968,21.7201786093983,89.4659437238642,77.2,1.16578931263931
ZWE,2012,23.5395278505031,3.158681044303159,1239.22709745709,7.122243155759232,50.72634756975923,35.7189789324027,3.5756821702806567,32.7931752128328,25.3306858994948,74.1627003825153,77.0,0.922261124294909
ZWE,2013,22.5984006943159,3.1178791380359927,1362.99498323368,7.21743975101014,52.091436559461314,36.2254310456249,3.5897613872560323,32.9019343169941,23.8001125610251,58.6560737143829,79.3,0.907590570671441
ZWE,2014,23.4292525344579,3.15398534993903,1372.91526173161,7.224691686260747,52.19616996152516,36.7257567532635,3.6034783277908273,33.1628075970801,23.7189510650842,54.6717592473918,80.8,0.886871374194176
ZWE,2015,23.1038790684558,3.140000528471293,1387.12632595026,7.234989494718449,52.34507298868632,37.2211787514541,3.616877920552876,33.5612641766874,22.3586547006621,56.7496526604333,80.8,0.881442359972868
ZWE,2016,22.5706982027694,3.1166525253429653,1408.13945253431,7.250024574806672,52.56285633530067,37.7414863642239,3.6307599234845203,34.0799460726314,22.1153495385289,51.2190376594477,81.7,0.771813225130946
ZWE,2017,17.9977538099115,2.890246961771202,3445.44941020134,8.144809627828154,66.3379238735622,38.2899883675843,3.645188461691411,34.7014953017273,32.0157377663457,55.028317831061,82.0,0.714789054258429
ZWE,2018,19.1120993372982,2.9503216076501326,2270.89531874302,7.727929446258053,59.7208935263423,38.8637766576192,3.6600626254755806,35.4085538807905,31.0377751295783,54.55031658746,79.7,0.816285156253118
ZWE,2019,18.5286074615735,2.919315886991597,2184.32923855469,7.689064075757097,59.12170636109833,39.4762000775494,3.675697960630826,36.1837638266364,38.9749459493832,46.1065442675515,81.0,0.731473434469001
