Country Name,Country Code,Series Name,Series Code,2000 [YR2000],2001 [YR2001],2002 [YR2002],2003 [YR2003],2004 [YR2004],2005 [YR2005],2006 [YR2006],2007 [YR2007],2008 [YR2008],2009 [YR2009],2010 [YR2010],2011 [YR2011],2012 [YR2012],2013 [YR2013],2014 [YR2014],2015 [YR2015],2016 [YR2016],2017 [YR2017],2018 [YR2018],2019 [YR2019]
Afghanistan,AFG,"PM2.5 air pollution, mean annual exposure (micrograms per cubic meter)",EN.ATM.PM25.MC.M3,64.767279818427,64.5975727246894,64.4168880125936,64.1762314183241,63.8266086780653,63.3190255280017,61.5146494273075,58.0837850174423,54.1911438080183,51.0014373086482,49.6793770289443,61.8170559083924,70.9223165078033,73.1318159038053,77.1437275538632,73.4908176326415,72.7659101386992,65.8623470043896,67.2271774798558,58.3308722306744
Afghanistan,AFG,GDP per capita (current US$),NY.GDP.PCAP.CD,174.930991430166,138.706821676113,178.954088379235,198.871115728727,221.763653873013,254.184249149336,274.218553561575,376.223152003876,381.73323802844,452.053705477043,560.621505463146,606.694676337726,651.417134470046,637.087099117099,625.054941813938,565.569730408751,522.082215583898,525.469770891619,491.337221382603,496.6025042585
Afghanistan,AFG,Population density (people per sq. km of land area),EN.POP.DNST,30.8638471091486,31.099929472732,32.77696058139,34.8543443263879,36.1232295355933,37.4171181945019,38.9802584977692,39.7250233813225,40.6031951918802,42.1110666482682,43.3652070588596,44.9959492816951,46.8546892967205,48.4839765113534,50.2775447311531,51.8709105683578,53.2030296061205,54.7183278904681,56.3344817012404,58.0410606687825
Afghanistan,AFG,Urban population (% of total population),SP.URB.TOTL.IN.ZS,18.5581995230666,18.7412381251552,18.9412480133309,19.1600346409089,19.3993593959593,19.7059095753667,20.1104530189181,20.5906579215423,21.1241481349633,21.6885475109053,22.2614799010924,22.8205691572485,23.3434391310979,23.8077136743646,24.1910166387726,24.4649118421568,24.6588345720126,24.8352821238871,24.9991645191406,25.1437258839803
Afghanistan,AFG,"Industry (including construction), value added (% of GDP)",NV.IND.TOTL.ZS,..,..,23.8101270064854,22.7108641828326,26.2267897500666,26.8120992326398,28.2107680719994,26.8822416082148,26.9156280026285,21.8971222069406,21.1514206977128,22.7402524820273,21.1578071539751,20.4446053132561,21.2296632181805,22.1240424906926,10.4668076938201,10.0518739969063,13.3872469597976,14.0581123697768
Afghanistan,AFG,Trade (% of GDP),NE.TRD.GNFS.ZS,..,..,..,..,..,..,..,..,..,..,..,..,..,..,..,..,..,..,..,..
Afghanistan,AFG,Renewable energy consumption (% of total final energy consumption),EG.FEC.RNEW.ZS,45,45.6,37.8,36.7,44.2,33.9,31.9,28.8,21.2,16.5,15.2,12.6,15.4,16.9,19.1,17.7,20.2,19.5,18.3,18.9
Afghanistan,AFG,Carbon dioxide (CO2) emissions excluding LULUCF per capita (t CO2e/capita),EN.GHG.CO2.PC.CE.AR5,0.0501382814099344,0.0463511028500998,0.0439140640871224,0.0447454276810823,0.038301143932592,0.052297588398106,0.0557935319150409,0.0796685368947688,0.14737589049906,0.224491273806937,0.278191742360873,0.392640542832169,0.323442048526517,0.266539509081829,0.242701667084292,0.24909135686806,0.219353479990497,0.2913283907183,0.321418704642259,0.319752781855278
Africa Eastern and Southern,AFE,"PM2.5 air pollution, mean annual exposure (micrograms per cubic meter)",EN.ATM.PM25.MC.M3,26.783512771668,26.8099256476532,26.718090843669,26.5806027577654,26.4752075303282,26.481074204187,26.6344693132689,26.9060828802191,27.2748902256712,27.7160223399542,28.1950673870572,29.4494715393378,29.9084407978715,29.0705818904145,27.779344075003,29.5154675697179,28.8772739849101,27.3113771648908,27.4042948742715,26.2482004644559
Africa Eastern and Southern,AFE,GDP per capita (current US$),NY.GDP.PCAP.CD,706.727260967009,625.82781544115,630.512327648462,815.432296267735,989.015463629244,1126.2973233912,1235.26660811771,1381.5525968929,1447.54575437552,1408.75346659428,1628.90524793139,1761.98926096159,1732.03802145335,1706.02274412621,1690.16679245944,1498.8752400759,1334.47050032928,1528.10422421284,1552.07372194919,1507.08559963484
Africa Eastern and Southern,AFE,Population density (people per sq. km of land area),EN.POP.DNST,33.3035106646153,34.1768746149742,35.0798625833507,36.010765348288,36.5295746590212,37.5135919528181,38.5286306361067,39.5795390720338,40.6724831497104,41.8010527779488,42.9574912715677,44.1254633537399,37.6965165566856,38.7469753050245,39.809154639038,40.8971995109358,41.9915537679033,43.1158195866339,44.3109394118317,45.5334654681731
Africa Eastern and Southern,AFE,Urban population (% of total population),SP.URB.TOTL.IN.ZS,28.4686879776452,28.8315061435738,29.2210306166309,29.6390356014361,30.0878370669042,30.5372758629303,30.9876495544836,31.3629773942904,31.848999584948,32.2400677597918,32.5903609820214,32.9380985869792,33.2867060801392,33.6673142772775,34.0775774023013,34.4906809355644,34.8812106693274,35.2829868326458,35.714718464725,36.0973307017698
Africa Eastern and Southern,AFE,"Industry (including construction), value added (% of GDP)",NV.IND.TOTL.ZS,27.9171019877841,28.0543157452051,27.3349295547369,26.5921747721623,26.8893149488841,27.8152096872531,27.8943653138769,29.2235447877185,30.4645998089145,26.6977694815849,27.3212163743139,28.6052577416269,28.4590121987767,27.8033727389777,27.1637700860693,24.8785505777961,24.748444475518,25.3937369507361,26.172562623672,26.0330206191942
Africa Eastern and Southern,AFE,Trade (% of GDP),NE.TRD.GNFS.ZS,46.5571690776463,47.9559637004703,57.2943038862584,54.865818834396,55.9014690795976,58.6583006346614,59.2211968534177,64.926552245923,72.1139529810406,60.8267897293719,61.1440016011495,63.0683921534385,61.0262151920067,61.4749476479476,59.8998848247145,54.919335043677,52.9532018565789,51.8332071754235,55.0220378948386,53.528129184284
Africa Eastern and Southern,AFE,Renewable energy consumption (% of total final energy consumption),EG.FEC.RNEW.ZS,65.3858665294723,65.8173627780445,65.0992811815578,64.6151241962775,63.6780350675331,63.1090982683818,62.7381235737246,61.5051686589556,61.9080266133138,61.3046006287143,62.8763868126774,62.8052791594478,61.4099642987411,60.8017990466951,61.2358816947099,61.6702780479896,61.8228841937413,61.4269497576408,61.5875298317964,62.6907096127666
Africa Eastern and Southern,AFE,Carbon dioxide (CO2) emissions excluding LULUCF per capita (t CO2e/capita),EN.GHG.CO2.PC.CE.AR5,1.0622421586223,1.06415409635223,1.06934927513265,1.09630907924875,1.15053019878162,1.15252506257628,1.14239262022554,1.160496830435,1.19288937244139,1.10870336991863,1.10738321159763,1.06523535264226,1.0733508354952,1.08764447453486,1.09673469389234,1.04629121620399,1.02549175379521,1.0130084445419,0.998509432404654,0.984697077678186
Africa Western and Central,AFW,"PM2.5 air pollution, mean annual exposure (micrograms per cubic meter)",EN.ATM.PM25.MC.M3,62.5676107684837,61.7683094551825,59.7681749468297,57.2573418278099,54.9230242352674,53.4498164500101,52.6239038658247,51.8295023993579,51.1532336687913,50.6863069032939,50.5078925657566,54.1897202970347,58.2132168038412,46.9592693464717,47.135125448666,71.2950510903224,62.8941317032516,60.3446180405013,56.0999508285847,50.7719620968246
Africa Western and Central,AFW,GDP per capita (current US$),NY.GDP.PCAP.CD,518.969226054683,532.972787221754,619.337335030759,697.481256337088,838.213391665852,999.770023047319,1234.64185574403,1405.88018847409,1666.52048270501,1453.4952836253,1662.63365844147,1844.05436728177,1941.11824321812,2131.60609132899,2221.35033761012,1860.72768628324,1630.03943895258,1574.23056437855,1720.14009242722,2216.38505520833
Africa Western and Central,AFW,Population density (people per sq. km of land area),EN.POP.DNST,30.3974279719383,31.2610650491168,32.1522074381645,33.0698784405546,34.0186363143919,34.9984717735784,36.0016668545996,37.0320940814391,38.0935761205778,39.1722818817172,40.2793645213569,41.4325954201849,42.601118864266,43.780658715998,44.992476823447,46.2235257766605,47.4757006029331,48.7390701520488,49.9897095662287,51.2245254219844
Africa Western and Central,AFW,Urban population (% of total population),SP.URB.TOTL.IN.ZS,38.8524684384581,39.4529459668409,40.049367409183,40.6448482782766,41.2398201335762,41.836459455774,42.4399258811784,43.0123127292741,43.5798873927202,44.1512095621441,44.7260198444584,45.2987995750013,45.8732546944015,46.4463309133392,47.0221646001768,47.6023892615338,48.1739704033824,48.7474138775856,49.3179475986921,49.8900751494997
Africa Western and Central,AFW,"Industry (including construction), value added (% of GDP)",NV.IND.TOTL.ZS,31.6429492467533,27.6777124143976,25.027285981308,27.0744572920452,28.8135111338226,29.4197914902828,28.1434367027884,27.0768748584186,28.1358811661849,24.6156342319428,27.3403594105445,30.3228391802371,29.7369723233846,28.7586082396961,27.3416005895994,23.152227373643,21.5173149706202,24.42401180708,26.6968365569618,23.3347838450209
Africa Western and Central,AFW,Trade (% of GDP),NE.TRD.GNFS.ZS,..,..,..,..,..,..,..,..,..,..,..,..,..,..,..,..,..,..,..,..
Africa Western and Central,AFW,Renewable energy consumption (% of total final energy consumption),EG.FEC.RNEW.ZS,83.1015124875548,81.9392428609391,81.7355279822687,80.7104497731199,80.7905367283385,80.9340336358309,81.8733098332193,82.3300149481968,81.2111702741465,82.3902132632194,80.6878062215966,79.282287064176,78.4812300030604,76.7014987422216,75.7410088804396,76.181670524591,75.7968398295924,76.1016805879549,75.4765777368905,75.0787881678252
Africa Western and Central,AFW,Carbon dioxide (CO2) emissions excluding LULUCF per capita (t CO2e/capita),EN.GHG.CO2.PC.CE.AR5,0.532846230654408,0.549678923121197,0.500760903363287,0.528316162801754,0.509949952083857,0.49998850874155,0.463581453079197,0.436395837396212,0.449868685797778,0.415925385739169,0.455503589914399,0.472250947112022,0.468177383760881,0.498386225371945,0.511575107019229,0.501555690461132,0.513155585290625,0.490150552582322,0.506406830322649,0.516134318686947
Albania,ALB,"PM2.5 air pollution, mean annual exposure (micrograms per cubic meter)",EN.ATM.PM25.MC.M3,22.2651885663762,22.3660062096811,22.4827851202514,22.5934493496412,22.6759229494045,22.7081299710953,22.5109695957413,22.0412299650015,21.4806685713767,21.0110429073679,20.8141104654758,22.7999042481871,20.9627204112539,19.4075322522058,19.3679442180935,19.121557306579,17.602163992984,18.5552438171978,19.0461862321065,15.70470712234
Albania,ALB,GDP per capita (current US$),NY.GDP.PCAP.CD,1160.42047054038,1326.41652388077,1479.83884572006,1908.69900687608,2446.90949947798,2741.72136549578,3057.77257038113,3743.05529896187,4498.50486763601,4213.65007574693,4149.14469936847,4465.70914328865,4280.93316338873,4542.92903556739,4793.59751131525,4199.53912925398,4457.63412207495,5006.36012951959,5897.65452588774,6069.43903131027
Albania,ALB,Population density (people per sq. km of land area),EN.POP.DNST,112.738211678832,111.685145985401,111.350729927007,110.934890510949,110.472226277372,109.908284671533,109.21704379562,108.394781021898,107.566204379562,106.843759124088,106.314635036496,106.02901459854,104.405401459854,102.806642335766,101.232372262774,99.6822262773723,98.155802919708,96.6527372262774,95.1727372262774,93.7153649635036
Albania,ALB,Urban population (% of total population),SP.URB.TOTL.IN.ZS,41.6135829609314,42.354513990929,43.1520419609419,44.0295089223208,44.9784925669394,45.9937666920583,47.0701050949378,48.2022815728384,49.3850699230207,50.6132439427449,51.8815774292716,53.2917382892465,53.8637553661449,54.2979678058548,54.7325813178673,55.1579291374894,55.5738734464276,55.980276426546,56.377000259892,56.7639071287255
Albania,ALB,"Industry (including construction), value added (% of GDP)",NV.IND.TOTL.ZS,21.712185305831,24.386649861103,26.2383265737354,27.084687755804,27.7299752177294,28.1372131604488,28.4284255205783,28.5772545670045,28.5616497223775,27.5678722962167,27.4749142839601,26.9409865024688,25.4077242038709,25.506803612245,23.8286690584956,24.4814091473313,23.8670178864359,22.9533327106507,23.7535886253159,22.9655210859374
Albania,ALB,Trade (% of GDP),NE.TRD.GNFS.ZS,61.6092610436407,64.2474462587009,65.9914650336802,64.8232150960777,65.0379383187697,69.1162926602322,72.2019089483674,79.9119008919954,75.2485472798728,73.3213575646169,75.5325329687378,80.6989985298954,76.9683583166821,75.7506185619748,75.0212023084129,71.2794476606014,74.0144504546815,76.7873817898989,75.6940783717425,75.382128932689
Albania,ALB,Renewable energy consumption (% of total final energy consumption),EG.FEC.RNEW.ZS,41.4,39,35.8,33.7,35.8,36.8,31.6,32,35.8,37.1,37,35.8,39.9,41.1,38.6,38.5,39.4,36.9,37.8,40.1
Albania,ALB,Carbon dioxide (CO2) emissions excluding LULUCF per capita (t CO2e/capita),EN.GHG.CO2.PC.CE.AR5,1.04657550743325,1.12398874181296,1.31323725585954,1.38556975617973,1.45837098137756,1.3776914859669,1.3817995172674,1.42962144661125,1.42332985219763,1.46321851369709,1.56778821711206,1.72129581663193,1.58649537107597,1.69345614437421,1.83944794209463,1.78508860089342,1.68739628528903,2.0244422333699,2.04549315439886,1.94096037816015
Algeria,DZA,"PM2.5 air pollution, mean annual exposure (micrograms per cubic meter)",EN.ATM.PM25.MC.M3,28.2331081205494,28.1319306652494,27.867944303466,27.5018984382489,27.0945424726476,26.7066258097118,26.3355700886845,25.9305422423959,25.4799096142764,24.9720395477565,24.3952993862667,23.5721077905837,24.3968164333132,22.3802640164928,24.111122951181,25.6188658260447,25.5531525527547,24.7521457818965,24.9335900639775,24.3886086444981
Algeria,DZA,GDP per capita (current US$),NY.GDP.PCAP.CD,1772.92869122761,1896.30020878013,1937.46411413019,2283.77299346126,2816.99384960555,3233.13339634212,3660.66104745322,4167.45169937531,5180.91881514686,4235.42990456612,4912.78585503672,5916.31364364343,6033.64884689543,5979.60138960585,6094.69392314956,4685.05902729002,4424.98529027556,4554.66753957828,4577.21029180491,4468.45341883656
Algeria,DZA,Population density (people per sq. km of land area),EN.POP.DNST,12.9753428165963,13.1547612249868,13.3309408247752,13.5093746588628,13.6993483755574,13.9012860345798,14.1172025493967,14.3548061501255,14.6182878903659,14.901057630136,15.1940329339055,15.4942924080714,15.8061610419273,16.1286164736705,16.4606678310815,16.8026368106356,17.1516218598076,17.5037080018356,17.846203680417,18.1776961381175
Algeria,DZA,Urban population (% of total population),SP.URB.TOTL.IN.ZS,59.8521239445692,60.6177172788536,61.3812658601162,62.1427907986812,62.9023132048725,63.6598541890144,64.4154348614309,65.1690763324461,65.901485871159,66.5097384559521,67.1235057867459,67.7344007507578,68.3421258553675,68.9463836079277,69.5468765157615,70.1433070861612,70.7353778263851,71.3227912436551,71.905249845153,72.4824561380175
Algeria,DZA,"Industry (including construction), value added (% of GDP)",NV.IND.TOTL.ZS,53.3309696535528,40.8145902645976,39.7667145410183,42.0401015762179,44.9814633218361,48.5068360058496,50.8913842012469,50.3717168823853,51.6161712058703,42.0128802106709,45.2431946364671,44.9869856015855,43.1950549091774,39.7438543670176,38.5614138325673,32.7565009315894,32.205164049828,33.4766949498416,35.3432586054084,33.5743211841578
Algeria,DZA,Trade (% of GDP),NE.TRD.GNFS.ZS,62.8583436360347,54.5296491177208,56.5896052814114,57.7691353044878,61.3579975707176,66.8404602203906,65.9152919677621,67.5454733939763,71.0284922505261,64.2847547238993,63.4912159928425,62.2200899610479,60.7576393340605,59.151008157244,56.9235419669867,53.2046225904145,49.7609327925216,49.8208161712587,52.4361676779223,46.5068426081672
Algeria,DZA,Renewable energy consumption (% of total final energy consumption),EG.FEC.RNEW.ZS,0.4,0.4,0.5,0.5,0.4,0.6,0.4,0.4,0.3,0.3,0.3,0.2,0.2,0.1,0.1,0.1,0.1,0.1,0.2,0.2
Algeria,DZA,Carbon dioxide (CO2) emissions excluding LULUCF per capita (t CO2e/capita),EN.GHG.CO2.PC.CE.AR5,2.84556706172908,2.73923253741053,2.82473516050838,2.9993425497372,2.96141820014695,3.06259438261496,3.13780186991803,3.18566716670446,3.26590250079552,3.27099589762822,3.27777236779378,3.38189926038203,3.72600758334859,3.79361564251901,3.95441595238121,4.11245469680565,3.93495625205734,3.98952018838216,4.1125786627396,4.19651934911155
American Samoa,ASM,"PM2.5 air pollution, mean annual exposure (micrograms per cubic meter)",EN.ATM.PM25.MC.M3,6.78903031026655,6.77037814699815,6.74783746968913,6.72087595026364,6.6889612606458,6.65156107275977,6.59952143088147,6.52275564874038,6.41933230244101,6.28731996808785,6.1247872217854,5.78713264863392,5.89952284418671,6.0364805967779,6.38148164002644,6.34587688465646,6.92969282658657,6.92339918062073,6.98174556652016,6.72853173807719
American Samoa,ASM,GDP per capita (current US$),NY.GDP.PCAP.CD,..,..,8972.69636535698,9197.66196836987,8958.42866697173,8831.26975996609,8745.16621137404,9231.37240924563,10030.8089130902,12156.0293905777,10375.1720141957,10383.459331451,11745.4899153958,11813.5022034589,12026.3344929488,12727.4102651386,12843.3342903627,11863.6839452565,12552.0546868861,12886.1359517218
American Samoa,ASM,Population density (people per sq. km of land area),EN.POP.DNST,284.275,285.265,285.31,284.855,284.09,283.085,281.87,280.565,279.14,277.64,276.14,274.475,272.445,270.03,267.33,264.39,261.225,257.93,254.54,251.045
American Samoa,ASM,Urban population (% of total population),SP.URB.TOTL.IN.ZS,88.6075809307222,88.553433064242,88.4330093344384,88.2572251046343,88.0361455323111,87.7798357749499,87.4983609900321,87.2017863350389,86.9001769674517,86.6035980447517,86.3190673549669,86.0284991724475,85.7161174344451,85.3846465194761,85.0351448001542,84.668670649093,84.2862824389061,83.8890385422071,83.4779973316097,83.0542171797274
American Samoa,ASM,"Industry (including construction), value added (% of GDP)",NV.IND.TOTL.ZS,..,..,..,..,..,..,..,..,..,..,..,..,..,..,..,..,..,..,..,..
American Samoa,ASM,Trade (% of GDP),NE.TRD.GNFS.ZS,..,..,210.9375,207.442748091603,202.357563850688,223.2,229.817444219067,218.146718146718,249.821428571429,161.333333333333,157.940663176265,157.543859649123,176.40625,173.824451410658,174.805598755832,162.407132243685,159.165424739195,161.437908496732,171.830985915493,156.568778979907
American Samoa,ASM,Renewable energy consumption (% of total final energy consumption),EG.FEC.RNEW.ZS,0,0,0,0,0,0,0,0,0,0,0,0,0.1,0.2,0.2,0.2,0.2,0.3,0.3,0.4
American Samoa,ASM,Carbon dioxide (CO2) emissions excluding LULUCF per capita (t CO2e/capita),EN.GHG.CO2.PC.CE.AR5,0.00175886025855246,0.00175275620913887,0.00175247975885879,0.0017552790015973,0.00176000563201802,0.00176625395199322,0.00177386738567425,0.00178211822572309,0.00179121587733754,0.00180089324304855,0.00181067574418773,0.0018216595318335,0.00183523279928059,0.00185164611339481,0.00187034751056746,0.00189114565603843,0.00191405876160398,0.00193851044857132,0.00196432780702444,0.00199167479933876
Andorra,AND,"PM2.5 air pollution, mean annual exposure (micrograms per cubic meter)",EN.ATM.PM25.MC.M3,16.2215988704827,16.0398963763555,15.7322043920316,15.3456971177959,14.9275487539332,14.5249335007286,14.0587152187082,13.4952355101681,12.9498851880477,12.5380550652865,12.375135954824,13.4732948489243,12.2593146393596,11.2698563251216,10.4359992732348,11.1088936507291,10.1068248002358,10.0219190390452,9.89580638748632,9.01087465277866
Andorra,AND,GDP per capita (current US$),NY.GDP.PCAP.CD,21810.2503808666,23511.2969500881,26528.1300628236,34063.575598394,39021.1107100919,40829.8116399538,43467.1963063068,48336.2548304926,49132.4925840057,43975.0000888133,42746.830391567,46657.1495384811,41500.5499988288,42470.3230369366,44369.6712976777,38654.95287916,40129.8385811474,40672.9717424447,42819.7577456133,41257.816459345
Andorra,AND,Population density (people per sq. km of land area),EN.POP.DNST,139.755319148936,140.110638297872,141.502127659574,147.842553191489,158.13829787234,164.725531914894,169.329787234043,174.206382978723,177.648936170213,178.485106382979,171.714893617021,165.495744680851,163.476595744681,159.987234042553,156.887234042553,153.56170212766,153.576595744681,156.942553191489,159.91914893617,162.710638297872
Andorra,AND,Urban population (% of total population),SP.URB.TOTL.IN.ZS,92.2559356689453,91.8949711110146,91.4605308311615,90.9887515425879,90.5157699584961,89.9563631945418,89.3789218918348,89.0500030517578,88.9407363930477,88.84433315185,88.7604726056609,88.6888340319763,88.6290967082924,88.5809399121053,88.544042920911,88.5180850122057,88.5027454634853,88.4977035522461,88.5080998493791,88.5391793666245
Andorra,AND,"Industry (including construction), value added (% of GDP)",NV.IND.TOTL.ZS,14.8437550367806,14.9240176087095,15.0672890885022,15.4949366544165,15.7803540103879,16.0357828783728,16.1672951911525,15.4735314793076,15.4327671138582,14.7664887100921,13.1256460606154,11.908853107908,11.0715796683925,10.6182471491429,10.1535313011382,9.98126871637019,10.1407794073814,10.3955176672591,11.0763337210625,11.6998176283166
Andorra,AND,Trade (% of GDP),NE.TRD.GNFS.ZS,..,..,..,..,..,..,..,..,..,..,..,..,..,..,..,..,..,..,..,..
Andorra,AND,Renewable energy consumption (% of total final energy consumption),EG.FEC.RNEW.ZS,14.5,15.4,15.8,16.5,16.6,16.6,17.6,16.6,17,17.1,18.7,18.6,18.8,19.1,19.4,19,18.9,18,17.6,17.2
Andorra,AND,Carbon dioxide (CO2) emissions excluding LULUCF per capita (t CO2e/capita),EN.GHG.CO2.PC.CE.AR5,..,..,..,..,..,..,..,..,..,..,..,..,..,..,..,..,..,..,..,..
Angola,AGO,"PM2.5 air pollution, mean annual exposure (micrograms per cubic meter)",EN.ATM.PM25.MC.M3,23.5093420911103,23.6526821946051,23.8200090775863,23.9811124380809,24.1057819741159,24.1638073837181,24.1729316066879,24.1741901310537,24.1723114771848,24.1720241654505,24.17805671622,24.337940171596,24.4804929012722,24.5386584342125,23.9455836380328,25.0021502571501,25.1807008149163,23.9591508117097,24.2650153621146,24.5988113283925
Angola,AGO,GDP per capita (current US$),NY.GDP.PCAP.CD,563.733795571487,533.586202412447,999.065855913758,1133.66331960607,1451.47117872493,2145.88621096327,2930.4442860732,3515.05678986535,4578.15526451517,3645.14846562976,4101.63715566712,5184.15269149912,5702.45306277434,5688.57916215215,5649.68762469139,3641.72893919944,2051.81462126253,2790.71886869768,2860.0936483682,2493.67884440177
Angola,AGO,Population density (people per sq. km of land area),EN.POP.DNST,12.9901892997513,13.4332301275367,13.8988521697281,14.392967032967,14.9197264779017,15.4737795780861,16.0546073634395,16.6668492821048,17.3086187535093,17.9792837089917,18.6851888986925,19.4259661506377,20.1952306088073,20.9879040667362,21.7861305847437,22.5858650838213,23.4082537900056,24.2518962059838,25.1039985561883,25.969063928772
Angola,AGO,Urban population (% of total population),SP.URB.TOTL.IN.ZS,50.5070653484197,51.7224790407329,52.8926234794038,54.0043545370761,55.0445280863936,56,56.8939032662772,57.7564632930133,58.5851745819614,59.3775316348744,60.1310289535053,60.8431610396073,61.5114223949332,62.1333075212361,62.723115793241,63.51567832685,64.2992302517989,65.0850525086068,65.8732136723372,66.6637823180533
Angola,AGO,"Industry (including construction), value added (% of GDP)",NV.IND.TOTL.ZS,..,..,51.9196521931075,48.9228549611473,50.2978770697738,56.1242984191149,54.2214232962716,57.905278239704,56.2078263483829,40.9723218323879,48.5501387093455,52.1706630052286,53.3611036467722,50.3750405397121,43.9966362099567,36.7338841349078,37.3943513261608,37.0989345106935,41.1891594014386,42.2251045134162
Angola,AGO,Trade (% of GDP),NE.TRD.GNFS.ZS,..,..,90.5708209731095,90.6807161820483,90.3860384733605,95.3414592884703,84.6246041171541,97.2256306999958,108.680408741993,102.263183257986,90.9940631355109,89.0369443425845,81.9394785486361,77.3498013716078,69.5801424481147,54.9793808779835,47.0155661405313,45.6643423539921,58.916480075976,60.7148243336685
Angola,AGO,Renewable energy consumption (% of total final energy consumption),EG.FEC.RNEW.ZS,73.8,72.8,70.8,65.6,62.3,68.9,62.6,58.9,55.4,53,53.1,51.7,49,46.8,47.5,47.1,48.1,52.5,52.5,51
Angola,AGO,Carbon dioxide (CO2) emissions excluding LULUCF per capita (t CO2e/capita),EN.GHG.CO2.PC.CE.AR5,1.0195821898899,0.966865641126569,0.918500488726172,0.965781216283453,0.951069768682142,0.810676972733782,0.815392081219552,0.820841250748789,0.88603761448524,0.940848252177258,0.976178185498281,0.976536306021153,0.981682218580684,1.09052642360471,1.13720270585859,1.17503861630089,1.07167614647808,0.92592191412033,0.824809795011719,0.833846270553112
Antigua and Barbuda,ATG,"PM2.5 air pollution, mean annual exposure (micrograms per cubic meter)",EN.ATM.PM25.MC.M3,18.9169541844098,18.7372798054376,18.3821312892555,17.9670703135057,17.6076585558302,17.4194576938711,17.4090026809689,17.4721028250109,17.5582313354589,17.6168614217745,17.5974662934196,17.2285490405827,17.5622893176979,18.0647918322846,18.1521399923532,19.7963197860936,19.9208792974299,19.0159494088973,18.9233007168875,19.0584631585727
Antigua and Barbuda,ATG,GDP per capita (current US$),NY.GDP.PCAP.CD,12027.4949768222,11539.1825063308,11658.6949915956,12173.2319860305,13037.8895772257,14368.5708796058,16173.8136329968,18204.5124043068,18786.6743142216,16472.2478528568,15217.3950790922,14911.7275084471,15639.8078114787,15051.5113587425,15532.1062063584,16077.6340769406,16556.8551801588,16965.7288273816,18273.4270684912,18896.3721832248
Antigua and Barbuda,ATG,Population density (people per sq. km of land area),EN.POP.DNST,170.254545454545,172.884090909091,175.072727272727,177.009090909091,178.906818181818,180.934090909091,183.190909090909,185.690909090909,188.436363636364,191.302272727273,193.909090909091,196.209090909091,198.318181818182,200.145454545455,201.738636363636,203.202272727273,204.475,205.609090909091,206.65,207.645454545455
Antigua and Barbuda,ATG,Urban population (% of total population),SP.URB.TOTL.IN.ZS,32.2326072041227,31.7554348168059,31.2280374899146,30.6003743426951,29.905566716031,29.1737995723752,28.43525787418,27.7201265838981,27.0585906639822,26.4808350768849,26.0170447850587,25.694689859722,25.4555618588267,25.2475667667937,25.0899726107741,25,24.9239807471655,24.8500263836871,24.7781432093764,24.708337524045
Antigua and Barbuda,ATG,"Industry (including construction), value added (% of GDP)",NV.IND.TOTL.ZS,13.0989719284255,12.0578567842058,12.1912695630658,12.4830557801763,12.1583925458935,13.5142398300804,17.1234005318303,16.3197565694621,17.6099656888504,18.0457313815579,14.8379422285868,13.2274797388855,13.0746288099393,14.7598104413721,15.3667820905787,15.9280224466081,17.7641082763748,18.8045201502856,20.6520988023085,21.0807459545502
Antigua and Barbuda,ATG,Trade (% of GDP),NE.TRD.GNFS.ZS,..,..,..,..,..,..,..,..,..,..,..,..,..,..,141.546161057996,130.071549851721,132.025917905085,127.664323582144,130.655152659419,137.537783631991
Antigua and Barbuda,ATG,Renewable energy consumption (% of total final energy consumption),EG.FEC.RNEW.ZS,0,0,0,0,0,0,0,0,0,0,0,0.1,0.1,0.1,0.1,0.4,0.4,0.4,0.7,0.7
Antigua and Barbuda,ATG,Carbon dioxide (CO2) emissions excluding LULUCF per capita (t CO2e/capita),EN.GHG.CO2.PC.CE.AR5,1.81145877829987,1.74315424154386,1.94854086613356,2.10184376765446,2.11384799095517,2.16678599690997,2.43412237606074,2.62655439146186,2.78729255113856,3.16847445142742,3.26887013595874,2.46490293286383,2.59912903965162,2.95012718023256,3.15101672956683,3.25470590209039,3.50009447698652,3.06406685236769,3.15861249807536,3.74983582154897
Arab World,ARB,"PM2.5 air pollution, mean annual exposure (micrograms per cubic meter)",EN.ATM.PM25.MC.M3,43.5064056239944,43.6536472716321,43.7198230305847,43.7698409514128,43.8689514275119,44.0974956894118,44.796400588742,46.0038638098232,47.3740759399264,48.5297435133064,49.0223476394788,45.2814803173503,46.514486364313,47.4377022279819,42.8708744761544,47.8180208835518,44.5857989598965,44.2491913615177,46.3463472893316,44.547409419695
Arab World,ARB,GDP per capita (current US$),NY.GDP.PCAP.CD,2664.12520122649,2536.69232600737,2483.11187485029,2696.67212547749,3133.70187873975,3750.69825886818,4355.05756933724,4940.7022651172,6091.93206445673,5134.45006055159,5944.95217290432,6915.82768123695,7384.10682814613,7376.02829575498,7338.35092727915,6290.55879501691,6042.19675439672,6096.72395041636,6699.18058175457,6674.34224402621
Arab World,ARB,Population density (people per sq. km of land area),EN.POP.DNST,25.5039700746683,26.1298611508539,26.7627925444071,27.3972610847768,28.0421467594687,28.7157314954512,29.4185278894372,30.1680454274111,30.9456223002043,31.7272353692493,32.3666218189319,33.1221072734311,29.0844280794096,29.8423825738577,30.550772641086,31.3110035717644,32.0451442075354,32.6945464038478,33.2809532562352,33.9131958947659
Arab World,ARB,Urban population (% of total population),SP.URB.TOTL.IN.ZS,52.4414305753963,52.738168430817,53.0428526060555,53.3521913954159,53.6638769892058,53.9820002905638,54.3116023572253,54.6554574046587,55.0121306504489,55.3595981551546,55.5920977319461,56.052080900428,56.7609778940107,57.5747135596837,58.0278238886845,58.351712270484,58.5622937950483,58.6808941601595,58.7847025324078,58.8962879377102
Arab World,ARB,"Industry (including construction), value added (% of GDP)",NV.IND.TOTL.ZS,50.0059178235864,46.7505686437585,46.7965476859167,47.4038958095678,49.6159049316719,53.41734229403,54.6310822829143,53.4223220003271,56.1487627202994,47.7183147067532,50.0622317000738,53.4253059488925,54.1899500446277,52.0080037186228,49.4959119090372,40.4265373349112,38.1559948793309,40.7677492984881,44.5307863776535,42.4378832257503
Arab World,ARB,Trade (% of GDP),NE.TRD.GNFS.ZS,72.0132013903706,73.2257874878177,73.5196699691684,80.1785790851044,84.5068077172092,88.6457164514402,88.9408719600594,92.9395640965946,96.7573478237637,88.7840499830423,85.4722234406328,88.2778925699692,89.7697484348065,88.7552573164628,86.5625376235488,81.6833904367822,76.0430297374186,79.4530344876072,79.8820396126159,79.0696226380511
Arab World,ARB,Renewable energy consumption (% of total final energy consumption),EG.FEC.RNEW.ZS,6.68620917917034,6.51598735228951,6.35988226243436,6.46595494634639,6.74118351399042,6.40448670890967,6.19564709639159,5.60004577861799,5.13130870182265,5.05522238152558,4.83562159152557,4.65946283874801,4.44428218260031,4.48323739439238,4.35137245136187,4.21496941236506,4.29077756155343,4.3581617981618,4.50425823426351,4.70633158020559
Arab World,ARB,Carbon dioxide (CO2) emissions excluding LULUCF per capita (t CO2e/capita),EN.GHG.CO2.PC.CE.AR5,3.51215227162771,3.633115264201,3.66779172215313,3.68950797028463,3.80568021763045,3.97948589176681,4.0799244861769,4.13897390481685,4.33298977663114,4.37657957919495,4.54319728443172,4.56520875403576,4.77443109767095,4.75135321426347,4.81372596274567,4.80405395156763,4.75246713161632,4.73116992781887,4.61885878026092,4.57737026452394
Argentina,ARG,"PM2.5 air pollution, mean annual exposure (micrograms per cubic meter)",EN.ATM.PM25.MC.M3,17.42603648416,17.183873772998,16.9235142685328,16.6435724137411,16.3426626515998,16.0193994250859,15.5877675221277,15.0427292384364,14.5043652786628,14.0927563474575,13.9279831494715,14.2389306717038,13.3571618542264,14.7643699932772,13.9500593062949,14.6245514656634,14.2700594540808,13.9690174802422,14.1850800443346,14.3996238920365
Argentina,ARG,GDP per capita (current US$),NY.GDP.PCAP.CD,7637.01489203628,7141.47507662826,2569.69963519124,3320.47775133903,4242.02099089422,5067.65342293276,5869.38028970204,7185.25155147027,8944.1102657357,8150.23527028221,10260.1313108254,12704.2831819684,12949.717486654,12963.675773326,12233.1444119186,13679.6264980954,12699.9623137756,14532.5009308511,11752.7998922979,9955.97478680428
Argentina,ARG,Population density (people per sq. km of land area),EN.POP.DNST,13.5981729753827,13.7482962995443,13.8961113608045,14.0404218234436,14.1835268152403,14.3300077831249,14.4781158991336,14.6223222213696,14.7711827061158,14.9285563947689,15.0870920710786,15.2485886234831,15.4061004351973,15.5598387102668,15.7212073709481,15.8867142423877,16.0413905118958,16.1833799224611,16.3171137395905,16.4335255363231
Argentina,ARG,Urban population (% of total population),SP.URB.TOTL.IN.ZS,89.1760271133454,89.3682951289372,89.5616701920513,89.752468256564,89.9397208794212,90.1233737736072,90.3033726521064,90.4796632279031,90.6521912139817,90.8209023233265,90.9930051940977,91.1072286738406,91.2041217246797,91.3014507719473,91.3975345472954,91.4923019108628,91.5856817228217,91.6776028433824,91.7679941327998,91.8567844513802
Argentina,ARG,"Industry (including construction), value added (% of GDP)",NV.IND.TOTL.ZS,25.9908360111364,25.2434339827333,30.5577370913046,32.6450990996503,28.816922006834,28.6263140439084,29.2032796652469,27.4152361334783,26.2724599395946,25.2842047993735,25.2587762576722,25.2126976058843,24.4290570649122,24.0058814423072,24.2773944936602,23.153056135905,22.0541072112108,21.782123219335,23.7195923321304,23.1578477391434
Argentina,ARG,Trade (% of GDP),NE.TRD.GNFS.ZS,22.6224447777343,21.8522554515453,41.7527243585642,40.6447480311085,40.692646108947,40.5512709706238,40.4334798719151,40.945170618571,40.4026733790382,34.0571269054879,34.9710132635696,35.2061549999644,30.5265423717108,29.3339290021037,28.4067936452275,22.4862260889792,26.0938878488799,25.2896011376779,30.7625359549926,32.6306150458499
Argentina,ARG,Renewable energy consumption (% of total final energy consumption),EG.FEC.RNEW.ZS,9.8,11.5,11.6,10.8,9.3,9.6,9.2,7.7,7.7,8.6,8.8,8.8,8.6,8.9,9.8,9.4,9.4,10.4,10.5,10.7
Argentina,ARG,Carbon dioxide (CO2) emissions excluding LULUCF per capita (t CO2e/capita),EN.GHG.CO2.PC.CE.AR5,3.67485781688948,3.49042420795313,3.26103662726385,3.51848864736106,3.85579719412006,3.91742679391727,4.1027920897206,4.32534235715168,4.43359004127929,4.03429401041948,4.2945461050427,4.42921822947444,4.47886128746974,4.53658672333476,4.41674615124171,4.51258701954955,4.4223010437306,4.32102910494897,4.25075806940885,4.07504069344001
Armenia,ARM,"PM2.5 air pollution, mean annual exposure (micrograms per cubic meter)",EN.ATM.PM25.MC.M3,27.498645550379,27.4828126677005,27.4848026556976,27.5378873564374,27.6753386119868,27.9304282644128,28.4040594680882,29.2219860543866,30.454755880876,32.172916805124,34.4470166846987,41.8107255386856,43.2896148307344,41.050500477264,38.639237611456,38.1148586893988,35.8609078798257,34.0153569947094,34.201366074335,32.6618235324139
Armenia,ARM,GDP per capita (current US$),NY.GDP.PCAP.CD,593.450581742282,659.588988535629,742.651118319819,882.030167695474,1130.08791444158,1557.48458908655,2041.65267068997,2962.70234594569,3777.66859313767,2820.5926553347,3041.34450723339,3349.55309771906,3511.56399687426,3680.16692158886,3852.11800610384,3512.39350276709,3524.42476874707,3869.05373867752,4196.00562301769,4597.22887399548
Armenia,ARM,Population density (people per sq. km of land area),EN.POP.DNST,113.140147523709,112.813487881981,112.391991570074,111.784334387074,111.166139796277,110.516332982086,109.838426413769,109.146469968388,108.433438707411,107.692307692308,106.947664207938,106.354056902002,106.220583069898,106.146821215314,105.858798735511,105.535651563049,105.103617843344,104.650509308044,104.285212504391,104.056902002107
Armenia,ARM,Urban population (% of total population),SP.URB.TOTL.IN.ZS,64.959237917436,64.8228123790872,64.7396211980252,64.6663537455064,64.5972633621116,64.5334210637509,64.4758978663344,64.4257647857723,64.3840928379746,64.3519530388516,64.3304164043132,64.3207449145194,64.3268379506998,64.3584061131466,64.4142934233291,64.4929623431549,64.5928753345316,64.7124948593667,64.8502833795679,65.0047033570428
Armenia,ARM,"Industry (including construction), value added (% of GDP)",NV.IND.TOTL.ZS,..,..,..,..,..,..,..,..,..,..,..,..,27.8270946139077,26.7090481417071,25.2705329463993,25.7086994351611,25.5771330395605,25.8095323791656,24.7565578476257,24.9716084573435
Armenia,ARM,Trade (% of GDP),NE.TRD.GNFS.ZS,72.2333302273367,69.8642663925336,73.9845018432309,80.0513676022426,73.0706339919371,70.1397385835334,61.0301379818566,56.9750470853147,54.5423279613666,57.2742357441995,64.642975973633,69.4355736620453,75.9616759606704,77.5550481598824,75.778866962639,71.6820743427575,76.0779674593548,87.202376539837,92.473107021212,97.847004865327
Armenia,ARM,Renewable energy consumption (% of total final energy consumption),EG.FEC.RNEW.ZS,7.2,5.4,8.9,9.8,8.7,6.5,7.7,7,6.4,7.8,9.4,8,6.6,6.8,7.1,10.7,13.2,12.6,11.1,10.3
Armenia,ARM,Carbon dioxide (CO2) emissions excluding LULUCF per capita (t CO2e/capita),EN.GHG.CO2.PC.CE.AR5,1.10822389866816,1.13126595678436,0.969248078004875,1.09058915946583,1.18777844481658,1.41835113145182,1.42166863867481,1.65871789920834,1.82971073175472,1.46836268754077,1.41194823962165,1.61963737243634,1.87480572732383,1.81763732627399,1.91144070608534,1.86953338214737,1.79624369214317,1.90951198227831,2.00458066689121,2.16867510548523
Aruba,ABW,"PM2.5 air pollution, mean annual exposure (micrograms per cubic meter)",EN.ATM.PM25.MC.M3,..,..,..,..,..,..,..,..,..,..,..,..,..,..,..,..,..,..,..,..
Aruba,ABW,GDP per capita (current US$),NY.GDP.PCAP.CD,20681.0230269625,20740.1325828172,21307.2482505267,21949.4859960868,23700.6319899197,24171.8371325422,24845.65848362,26736.3089444046,28171.9094008501,25134.7712303589,24093.1401510626,25712.3843015186,25119.6655449838,25813.5714408438,26129.8390617693,27458.2201537506,27441.5502144601,28440.0416881491,30082.1584226798,30645.8906024548
Aruba,ABW,Population density (people per sq. km of land area),EN.POP.DNST,503.266666666667,507.994444444444,511.522222222222,517.377777777778,528.544444444444,542.416666666667,552.25,556.388888888889,560.65,564.466666666667,565.766666666667,569.95,578.388888888889,587.083333333333,593.372222222222,599.477777777778,604.038888888889,604.083333333333,605.044444444444,606.683333333333
Aruba,ABW,Urban population (% of total population),SP.URB.TOTL.IN.ZS,65.3545497799987,65.3351137913914,65.2820691308217,65.1982922587168,65.0886533661558,64.9580226442175,64.811270283981,64.6532664765254,64.4888814129295,64.3229852842726,64.1612965549477,63.9992605838571,63.8252085199599,63.6382914355326,63.4392531303795,63.2288374043053,63.0077880571142,62.7768488886109,62.5367636985996,62.288276286885
Aruba,ABW,"Industry (including construction), value added (% of GDP)",NV.IND.TOTL.ZS,13.1759545308158,13.0540690696972,13.2416208673862,14.8922098082515,15.5965082540353,16.2974611255338,17.6558632372378,17.4795502921148,16.1823488793703,13.0430359920285,11.5460620013165,12.3664483303712,10.0760634560669,10.7496646425755,10.799498200524,12.4688254381031,12.7138128237982,12.3948278061063,11.358156434717,11.6288104514912
Aruba,ABW,Trade (% of GDP),NE.TRD.GNFS.ZS,145.072879516204,140.391108618306,133.230771421249,132.794291274023,132.430929795173,145.050280144237,141.042626734626,139.972309491093,139.110149824701,137.556575933708,135.464654677581,154.437786862887,156.645197205944,155.731904417046,156.491052766236,140.493001133496,136.887263320827,138.716620095236,138.824972245657,137.9619293134
Aruba,ABW,Renewable energy consumption (% of total final energy consumption),EG.FEC.RNEW.ZS,0.2,0.2,0.2,0.2,0.2,0.2,0.2,0.2,0.2,0.3,5.5,5.7,6.9,6.9,6.9,6.7,7,6.8,8.6,8.3
Aruba,ABW,Carbon dioxide (CO2) emissions excluding LULUCF per capita (t CO2e/capita),EN.GHG.CO2.PC.CE.AR5,2.9683843334658,2.97356707750522,3.22566631187957,3.67666008074908,3.67255986041329,3.94633072156501,4.26739097630904,4.57413879181228,4.50370106126817,4.85512381402307,4.74086293917791,2.83358189314852,3.60580155604649,3.90631653655075,4.12987912777252,4.28613793486924,4.46439246921188,4.29576493309422,4.27241341315606,4.66562273930203
Australia,AUS,"PM2.5 air pollution, mean annual exposure (micrograms per cubic meter)",EN.ATM.PM25.MC.M3,7.45743282688833,7.38895346175728,7.26633772021658,7.13120227271499,7.02516378970128,6.98983894162423,7.04814950445881,7.16629810836131,7.30082270505242,7.40826124625286,7.44515168368333,7.32070663499973,7.53280029437137,7.4331406197536,7.38760302103561,7.18466162026884,7.20069562395068,7.4285359593217,7.74121920379958,9.33099031566264
Australia,AUS,GDP per capita (current US$),NY.GDP.PCAP.CD,21908.9968019784,19733.6510102645,20335.0960191023,23757.5898471684,30886.0500949401,34535.20727091,36658.8243476122,41128.2476618402,49811.2067218988,42954.8494884573,52313.8939041213,62799.3895017032,68301.4402512587,68476.6788496118,62817.2061751737,56970.3613028094,50084.4440606385,54117.547718609,57410.1737346009,55194.7585097428
Australia,AUS,Population density (people per sq. km of land area),EN.POP.DNST,2.47696679379873,2.50897530687424,2.53767882014501,2.5670355232157,2.5946294729443,2.62640667508428,2.66208895773401,2.71111802454994,2.76599442875181,2.8235883784804,2.86785858401781,2.90798641031983,2.95920036968095,3.01057352615753,3.05581479504836,3.10011259648803,3.14493553058884,3.19715601363491,3.24534491589985,3.29365056253104
Australia,AUS,Urban population (% of total population),SP.URB.TOTL.IN.ZS,85.1071608578257,85.1481094164726,85.2842102783464,85.4097077818668,85.518767609412,85.6190871221958,85.7492544263523,85.8968519574969,86.0253816967666,86.1278139101818,86.2198600512143,86.3268946146423,86.4451259136625,86.5740515760243,86.7221289343356,86.8778642539361,87.0166295249235,87.12809266445,87.2267680845925,87.3019647888406
Australia,AUS,"Industry (including construction), value added (% of GDP)",NV.IND.TOTL.ZS,24.5324572225662,23.5866945838107,23.5551713442922,23.9917259622795,23.8819093880673,24.5233189129708,25.4872372064967,25.5716480180669,25.5090768525458,26.9775545923991,25.108230070574,26.461435749675,26.3333149596521,25.1836151421438,25.5698594984676,23.6861098353126,22.3130168026382,23.4479311698975,24.1083351497002,25.2555129054284
Australia,AUS,Trade (% of GDP),NE.TRD.GNFS.ZS,40.8631257691954,44.1337313971929,41.3813128146921,40.1348011794482,36.9505159618289,39.0978822564811,41.4878923489153,41.9297451276561,42.7522207880308,45.5936120867789,40.3905070860606,41.7219860149689,43.0198495527558,41.100511881056,42.2993095385282,41.4947506939901,40.813402217321,42.0354135251854,43.5732253645218,46.0016827052171
Australia,AUS,Renewable energy consumption (% of total final energy consumption),EG.FEC.RNEW.ZS,8.4,8.4,8.7,7.2,6.7,6.7,6.8,7,6.8,7.1,8.2,8.3,8.3,9.2,9.3,9.4,9.6,9.9,9.8,10.3
Australia,AUS,Carbon dioxide (CO2) emissions excluding LULUCF per capita (t CO2e/capita),EN.GHG.CO2.PC.CE.AR5,18.5978917642845,18.6995326153179,18.9093269577501,18.6676694689453,19.1634087908315,19.0378039300894,19.0793285754815,19.2389222350972,19.02811960112,18.9151698120932,18.8509537372201,18.480821685778,18.1834489375025,17.5432435542019,16.8873574131124,16.8219551608068,16.8911897350521,16.7209445382487,16.3939979308791,16.1007065925773
Austria,AUT,"PM2.5 air pollution, mean annual exposure (micrograms per cubic meter)",EN.ATM.PM25.MC.M3,19.150573887216,18.9470662603211,18.7785099320798,18.6169292381771,18.4343485142981,18.2027920961277,17.8024706211736,17.2316229771279,16.6393158749523,16.1746160256084,15.9865901400578,16.3676317593698,14.7199011900978,14.6599487004805,12.9541454673827,13.5999635409,12.5143795701306,12.1557592255042,12.5861934480679,11.4645937760057
Austria,AUT,GDP per capita (current US$),NY.GDP.PCAP.CD,24487.2974685956,24430.495982841,26334.862215032,32110.1159661425,36614.2506533707,38157.37022862,40382.2078298575,46622.9622913635,51581.3982361071,47857.4446635266,46611.1393420232,51116.8953522042,48250.4059142637,50305.3545774973,51314.9722616322,43915.228020857,45061.4993920192,47163.7425775142,51194.0749841299,49885.9947355204
Austria,AUT,Population density (people per sq. km of land area),EN.POP.DNST,97.0863548230732,97.4587130392632,97.9393722733883,98.4176320891905,99.0301260300533,99.7070891904993,100.201660203587,100.526987396995,100.842171594765,101.106677169171,101.350024236549,101.692232186137,102.156943771207,102.760821619001,103.567086766844,104.734597673291,105.873339796413,106.61131846825,107.131858943286,107.609306834707
Austria,AUT,Urban population (% of total population),SP.URB.TOTL.IN.ZS,66.7690238969566,66.8408161285718,66.8887457136458,66.9263574955092,66.9558612872944,66.9797950654143,67.0006968062814,67.0211044863084,67.0435560819078,67.0705895694924,67.1047429254747,67.1484255415056,67.2085909812279,67.2981308784247,67.4154327591781,67.5576175537383,67.7218061923556,67.9051196052802,68.1046787227623,68.3176044750522
Austria,AUT,"Industry (including construction), value added (% of GDP)",NV.IND.TOTL.ZS,28.6115523176599,28.4398919244968,27.6683434292327,27.6979359307016,27.6147888470095,27.4182050564472,27.5909068762418,27.7667298480281,27.4122024469169,26.2777017438174,26.0396419655738,25.8570853999006,26.009804939464,25.9697730865151,25.7857017006482,25.5152402246539,25.9124691845374,25.8023213025638,25.7190926354333,25.5363771006496
Austria,AUT,Trade (% of GDP),NE.TRD.GNFS.ZS,85.8426077336549,87.9962567186047,87.5844937054619,86.8822263228608,91.4742201880009,94.6747547827805,98.7857253161241,101.36495843546,102.7437043613,87.6004931021953,99.6448825546716,105.775098372378,105.840791389706,104.985374015367,104.49673998926,103.11758174626,101.573494597172,105.556066755438,108.377969971828,108.207284904426
Austria,AUT,Renewable energy consumption (% of total final energy consumption),EG.FEC.RNEW.ZS,26.4,25.5,24.7,22.6,23.2,24.4,26.6,29,29.7,31.3,31.1,31.6,34.4,34.6,35.7,34.8,34.6,34,34.1,34
Austria,AUT,Carbon dioxide (CO2) emissions excluding LULUCF per capita (t CO2e/capita),EN.GHG.CO2.PC.CE.AR5,8.32478943567338,8.87460827403329,9.05961266559572,9.625074325029,9.7416827235943,9.77338007389313,9.4660900140664,9.09435455688135,9.04182372977167,8.15744518101481,8.82413428790478,8.6022725227944,8.18751763791919,8.2087562440867,7.71395434498633,7.79423187131705,7.75747687791272,7.96641934826064,7.60710822359904,7.74519365039325
Azerbaijan,AZE,"PM2.5 air pollution, mean annual exposure (micrograms per cubic meter)",EN.ATM.PM25.MC.M3,19.773338223415,19.5944802610536,19.4107005876363,19.2603464043066,19.1817649122083,19.2133033124848,19.4343550329971,19.9134764720137,20.6727592862898,21.7342951325807,23.1201756676417,27.4281061456644,29.1805878419231,28.2339828650537,26.4192082058383,25.1867220505416,24.3527968807853,23.2421881518978,23.2360923544978,22.023834941184
Azerbaijan,AZE,GDP per capita (current US$),NY.GDP.PCAP.CD,655.097249579917,703.670998584686,763.108895463487,883.692580745256,1045.0136328106,1578.36733030667,2472.95725732287,3851.33015175141,5574.46810432575,4950.39949009423,5843.5337683582,7189.81869211976,7495.86527658099,7875.34536661549,7890.84028062087,5500.50364628486,3880.6852276838,4147.1981423222,4739.7943123408,4805.75371765917
Azerbaijan,AZE,Population density (people per sq. km of land area),EN.POP.DNST,97.434779976999,98.1937920681807,98.9124645960929,99.6237235638581,100.475372556609,101.522501814662,102.672531674674,103.853368672016,106.059762547351,108.291290455327,109.542344173442,110.976336228798,112.460790244138,113.923480806688,115.348813858679,116.731076781631,118.033288980283,119.208741622511,120.25759188908,121.280071139933
Azerbaijan,AZE,Urban population (% of total population),SP.URB.TOTL.IN.ZS,51.1320838928223,51.1584815979004,51.2144165039062,51.7257995605469,52.2831993103027,52.5028533935547,52.6540145874023,52.8281555175781,53.063304901123,53.1358125434574,53.2848367714869,53.5085461893249,53.8076442276208,54.1821087431318,54.6319175926151,55.1570486328276,55.7574797205266,56.4331887124691,57.1841534654123,58.1308191977779
Azerbaijan,AZE,"Industry (including construction), value added (% of GDP)",NV.IND.TOTL.ZS,42.5383099128887,43.4626382722552,46.1542268041237,48.5398446792136,50.7690323790767,58.7877819924137,64.9582315349244,66.160328626082,65.5185214713533,56.2619552546943,59.9948192629224,61.7339963903076,59.5173508549842,57.0544154549517,53.5868546669355,44.8913203383597,47.5578070076723,49.7017251037138,52.2509114518304,48.8232665251868
Azerbaijan,AZE,Trade (% of GDP),NE.TRD.GNFS.ZS,78.5485682796041,78.8151854917601,92.8181443298969,107.551948506262,121.507115894117,115.841884607706,105.262399846369,96.6418081486575,89.2428968637573,74.7440416836369,74.9859884610856,80.5080450059522,78.263069540422,74.6758447629851,69.4832251953347,72.6015079073189,90.0773187345677,90.4023156823216,91.6725765369825,85.8181454084561
Azerbaijan,AZE,Renewable energy consumption (% of total final energy consumption),EG.FEC.RNEW.ZS,2.1,1.8,2.4,2.9,3.1,3.4,2.9,3.8,3.1,3.3,4.4,3.5,2.8,2.5,2.1,2.3,1.9,1.9,1.9,1.7
Azerbaijan,AZE,Carbon dioxide (CO2) emissions excluding LULUCF per capita (t CO2e/capita),EN.GHG.CO2.PC.CE.AR5,3.57759113386179,3.41713926422724,3.36350565042615,3.61612076608251,3.55156804911816,3.72019280611546,3.76443064157793,3.37022362579096,3.67789898897688,3.12751089916749,2.94181834728393,3.21257348402642,3.47266029417207,3.52686650169203,3.64178419497101,3.57774691556657,3.52696895574541,3.47329869912147,3.49731397232391,3.68923143929596
"Bahamas, The",BHS,"PM2.5 air pollution, mean annual exposure (micrograms per cubic meter)",EN.ATM.PM25.MC.M3,19.57806579485,19.416590811333,19.0753103174537,18.6554974383063,18.2584252989849,17.9853670245837,17.814365511527,17.6627411474599,17.540683294308,17.4583813139968,17.4260245684517,17.6418562262103,18.0358159965462,17.7211235938828,18.5387484151285,19.1256311837319,18.49778336767,18.3612464143857,18.5796799431178,18.5659528939643
"Bahamas, The",BHS,GDP per capita (current US$),NY.GDP.PCAP.CD,24940.0775086078,25371.9237667614,26781.6195938652,26429.1247787663,26650.2934234303,28602.4181869995,29184.7865087908,30051.8489587756,29392.3824416397,27512.9130950084,27473.100430502,27090.8376801379,28552.0242683151,27642.7419759179,29137.2175632622,30719.405417469,30616.5363157284,31875.4881749619,32642.3353203452,33640.3369861278
"Bahamas, The",BHS,Population density (people per sq. km of land area),EN.POP.DNST,32.3511488511488,32.7508491508491,33.1282717282717,33.5282717282717,33.9442557442557,34.355044955045,34.8026973026973,35.2981018981019,35.7762237762238,36.2447552447552,36.7110889110889,37.1357642357642,37.5093906093906,37.8574425574426,38.1916083916084,38.4961038961039,38.7667332667333,39.0094905094905,39.2324675324675,39.4280719280719
"Bahamas, The",BHS,Urban population (% of total population),SP.URB.TOTL.IN.ZS,81.0361161567684,81.152720524793,81.3054206830642,81.4819614595541,81.6708410883427,81.8605578035102,82.0396098391364,82.1964954293015,82.3197128080855,82.3977602095684,82.4198104431593,82.4130347470308,82.3947485339925,82.3635791100868,82.3180931037043,82.2568571432361,82.1784378570728,82.0814018736052,81.9643158212241,81.8257463283204
"Bahamas, The",BHS,"Industry (including construction), value added (% of GDP)",NV.IND.TOTL.ZS,12.1488719700562,9.53614103678483,10.6168563566021,10.870239197122,10.3431253996283,10.8090522762856,11.7337529813863,9.25945110064285,10.3895116853506,10.0100581448934,11.4998771761611,12.0451419747876,13.0340285810231,12.939963533264,13.1841890278389,11.1534432655268,13.1841863831865,12.9253067028738,12.2620756365452,12.9893801310537
"Bahamas, The",BHS,Trade (% of GDP),NE.TRD.GNFS.ZS,79.6449438925669,72.5008806383396,70.2779817050926,71.063540505226,76.0019833710461,81.3962709176308,87.5507143032777,88.0128155625079,87.4292228766863,76.5210439633098,78.6756024311196,88.3336891598687,84.2515204656543,84.5484138879077,80.5370272284116,69.6779752652565,67.212921580015,68.334284038596,72.1542685971043,68.7866234842208
"Bahamas, The",BHS,Renewable energy consumption (% of total final energy consumption),EG.FEC.RNEW.ZS,0,0.4,0.4,1.5,1.6,1.7,2,3.5,2,1.5,1.3,1.4,1.4,1.4,1.4,1.4,1.2,1.1,1.1,1.1
"Bahamas, The",BHS,Carbon dioxide (CO2) emissions excluding LULUCF per capita (t CO2e/capita),EN.GHG.CO2.PC.CE.AR5,3.07965476245619,3.02803840944863,3.27760589118674,2.4122663265975,2.57223749345168,2.50251530995016,3.1443128812343,3.71829487114175,3.80207751591645,3.12119291089,3.49136546949749,2.29791057463905,2.70887876229462,2.87924887782918,2.97228863347441,2.90751688093298,3.20959657780469,3.51818891890854,3.08262692982478,3.67517577753848
Bahrain,BHR,"PM2.5 air pollution, mean annual exposure (micrograms per cubic meter)",EN.ATM.PM25.MC.M3,68.651142599615,70.059687295923,71.9559586005481,73.8799083460396,75.3714883649469,75.9706504898194,74.6528084567212,71.5108350525909,67.7608706862893,64.6190557666771,63.301530702615,66.7273263961034,70.0606736033788,68.1447019157403,59.1499735070702,71.5594978371491,64.2193035294402,61.237494601176,71.8872328410934,59.9655174851019
Bahrain,BHR,GDP per capita (current US$),NY.GDP.PCAP.CD,14214.4836839343,13573.2339887597,13501.4708801425,14486.0269029822,15963.9493171617,17966.1657837625,19267.282615072,20908.4042548073,23299.4992780392,19465.3140745038,21819.3291098099,25032.7867743333,26438.6733230428,26989.7601148469,26451.7965647453,23734.0551143019,23800.001440631,24784.7693514607,26324.4066549559,27259.7438599327
Bahrain,BHR,Population density (people per sq. km of land area),EN.POP.DNST,898.002816901408,931.430985915493,1000.77887323944,1061.82916666667,1128.41232876712,1201.11081081081,1297.87027027027,1385.72666666667,1451.96842105263,1550.54605263158,1612.26115485564,1558.0443285528,1570.08311688312,1627.52077922078,1705.00907911803,1761.33933161954,1827.63286264442,1924.50769230769,1931.99357326478,1902.25128205128
Bahrain,BHR,Urban population (% of total population),SP.URB.TOTL.IN.ZS,87.8356209595597,87.8397146150894,88.1427867595875,88.8325339694118,89.8569005979296,91.168165501421,92.7186075361661,94.460505558445,96.3461384245376,98.3277849907243,100,100,100,100,100,100,100,100,100,100
Bahrain,BHR,"Industry (including construction), value added (% of GDP)",NV.IND.TOTL.ZS,..,..,..,..,..,..,45.2834880040933,45.9178652906561,50.4076629462208,43.0997000499723,43.9268581860394,48.2947958378082,46.3397302766462,46.6971284608616,45.3135767644884,39.0907990671172,38.2033398636175,39.9934662996166,41.4758871750475,40.6177669647554
Bahrain,BHR,Trade (% of GDP),NE.TRD.GNFS.ZS,135.809135327865,127.026266277537,131.133634216392,128.091582155216,140.737310039923,148.313525108923,147.104181068989,137.785050572304,145.882511145821,117.963725409489,115.561486449616,167.529641035854,178.824020821684,184.58950884485,168.57585814186,147.916060172904,132.822997902774,136.429239810394,144.075372574535,135.417543398211
Bahrain,BHR,Renewable energy consumption (% of total final energy consumption),EG.FEC.RNEW.ZS,0,0,0,0,0,0,0,0,0,0,0,0,0,0,0,0,0,0,0,0
Bahrain,BHR,Carbon dioxide (CO2) emissions excluding LULUCF per capita (t CO2e/capita),EN.GHG.CO2.PC.CE.AR5,27.8732774764658,27.8270902261551,27.0590652632527,26.0244049510998,24.1830866740881,26.2934535823821,26.4976718615945,24.8744581663532,25.0739468018008,23.4684724821052,23.4711361344292,24.2703050994962,24.9936309104324,25.6391882801584,25.3239482048013,24.4242594076429,23.4996762017411,22.4846714044751,22.5016316377385,24.8338675631303
Bangladesh,BGD,"PM2.5 air pollution, mean annual exposure (micrograms per cubic meter)",EN.ATM.PM25.MC.M3,53.2073315873939,53.5371557711762,53.9989891679289,54.4416560238779,54.7139805852488,54.6647870982674,53.1975459498402,50.0752382318021,46.4359542477712,43.417784301366,42.1588186962047,52.2951110557553,65.1638389348551,64.3758949024465,68.3283645116627,64.1084295201163,63.6784141329752,58.3439766448258,59.513577848333,50.3645265388691
Bangladesh,BGD,GDP per capita (current US$),NY.GDP.PCAP.CD,396.670730249751,394.65641001891,393.886422327628,426.74880754362,455.614016909798,480.08585075452,490.388026533289,537.955492792911,613.06204104124,679.211477428056,757.385280361508,837.336944695647,859.680536375497,958.262989798283,1094.46199702838,1224.38647668165,1649.28380858601,1811.08221668646,1965.24372731467,2129.79896954606
Bangladesh,BGD,Population density (people per sq. km of land area),EN.POP.DNST,1033.6045478989,1050.97802873166,1067.32471383575,1082.97112237843,1097.8171314435,1111.74453407083,1124.7289928555,1136.89235614965,1148.30040715987,1159.05134823692,1169.25544288238,1179.92683413997,1191.28909118845,1202.52086502266,1213.52791733886,1224.42328493508,1235.3993393255,1245.95641852962,1256.22726434662,1266.90523930245
Bangladesh,BGD,Urban population (% of total population),SP.URB.TOTL.IN.ZS,23.3145114975244,23.6999214768623,24.1132383547332,24.5525557512625,25.0094809886101,25.4769540701509,25.9479149992596,26.415303779311,26.87206041368,27.3111249057412,27.7254372588696,28.1100162712427,28.4787972894576,28.8407036106763,29.1944442321013,29.5395099477892,29.8753915517965,30.2015798381799,30.5175656009959,30.8228396343012
Bangladesh,BGD,"Industry (including construction), value added (% of GDP)",NV.IND.TOTL.ZS,22.2793826819325,22.5838118742213,22.8392543728467,22.4741487860882,22.7797200060528,23.2998442190711,24.0953205119221,24.5005410079343,24.7270013036793,25.2955721814431,24.9564767264585,25.0452996007551,25.3099593902625,26.3070701636507,26.3110467833576,26.8313948329541,31.0691513830358,31.2482919641603,31.9828135899766,32.8525491977868
Bangladesh,BGD,Trade (% of GDP),NE.TRD.GNFS.ZS,29.3217143619038,32.0980170730117,28.9673807211649,27.657884900158,26.8582341492431,34.396934864465,38.1119244325921,39.9423826531735,42.6209140325589,40.092796223023,37.8028426708321,47.4208498356898,48.1109227490467,46.2964027228174,44.5140801968096,42.0859963070382,31.3341501346142,29.9997306724343,32.5146317240884,31.5780544912404
Bangladesh,BGD,Renewable energy consumption (% of total final energy consumption),EG.FEC.RNEW.ZS,60.2,55.9,54.4,52.6,52,50.6,48.6,47.2,45.2,43.1,40.3,38.4,37.3,37,35.4,33.1,30.2,28.1,27,26.1
Bangladesh,BGD,Carbon dioxide (CO2) emissions excluding LULUCF per capita (t CO2e/capita),EN.GHG.CO2.PC.CE.AR5,0.200508674079581,0.238535190866528,0.247202877217844,0.255292689169796,0.265286510438952,0.279053178068632,0.297067114877888,0.312314517812567,0.343404266569929,0.365403611658953,0.399267470769648,0.425203089273234,0.450583313929743,0.460477953853579,0.485260877115325,0.536099232905876,0.584484613989962,0.622997104678737,0.643225929977613,0.662908100271382
Barbados,BRB,"PM2.5 air pollution, mean annual exposure (micrograms per cubic meter)",EN.ATM.PM25.MC.M3,23.2213661568837,22.9799910517907,22.4722090377571,21.8668760588038,21.3328480589514,21.0389809822209,20.9890500409602,21.0340484119677,21.1136589859394,21.1675646535713,21.1354483055595,20.745049418333,21.1846141376653,21.7944467458479,22.3938111163809,24.1787536225197,24.4150757393389,23.2878109296981,23.2651852221243,23.3255430894091
Barbados,BRB,GDP per capita (current US$),NY.GDP.PCAP.CD,11674.6736471764,11639.5160522054,11760.4524736133,12075.9587020649,12886.3665272467,14214.4202213572,15619.6005955511,17235.4396434785,17565.6929970592,16294.9099491834,20610.5150721363,20508.1498810382,20804.1150004694,20410.2065438568,20192.7084081797,20424.2087530019,20295.5672072046,20284.5762052461,21381.2426303209,21912.1501242857
Barbados,BRB,Population density (people per sq. km of land area),EN.POP.DNST,609.448837209302,610.290697674419,614.297674418605,618.083720930233,621.623255813954,624.897674418605,627.911627906977,630.902325581395,634.218604651163,637.495348837209,640.1,642.183720930233,644.041860465116,645.732558139535,647.320930232558,648.813953488372,650.227906976744,651.560465116279,652.816279069767,653.96976744186
Barbados,BRB,Urban population (% of total population),SP.URB.TOTL.IN.ZS,62.5379397803044,62.3048911059175,61.965577912278,61.5543861265895,61.101971231796,60.6389887108416,60.1960940466703,59.803942722226,59.4931902204528,59.2944920242948,59.2366008990356,59.236693205614,59.2372151062924,59.2385370835674,59.2410313429534,59.2450700899645,59.2510255301153,59.25926986892,59.270175311893,59.2841140645486
Barbados,BRB,"Industry (including construction), value added (% of GDP)",NV.IND.TOTL.ZS,15.3064226180748,14.6914388606973,14.4197650088524,15.7049384639352,15.0878211641748,14.9456735174761,16.2232839435553,14.723406023603,15.1245152189883,15.4080285848763,13.2789225969081,14.1706839010436,13.4540784004027,13.7863495200452,13.7076112870512,13.6105578126234,13.317238219434,13.6200874515014,12.7833454127409,12.5530481916957
Barbados,BRB,Trade (% of GDP),NE.TRD.GNFS.ZS,..,..,..,..,..,..,..,..,..,..,..,..,..,..,..,..,..,..,..,..
Barbados,BRB,Renewable energy consumption (% of total final energy consumption),EG.FEC.RNEW.ZS,11.9,10.8,9.8,8.6,8.7,8.7,8.8,8.6,7.6,8.5,8.2,4.1,3.8,3.1,3,3,2.8,4.3,4.9,3.4
Barbados,BRB,Carbon dioxide (CO2) emissions excluding LULUCF per capita (t CO2e/capita),EN.GHG.CO2.PC.CE.AR5,2.24373528502688,2.15261503286653,2.29454699638082,2.39750767563663,2.35953879191015,2.40299807224253,2.58479566818024,2.47559788859072,2.90450801939028,2.91365554878649,2.98063892633055,2.45854442871163,2.32398587409456,2.63158842490051,2.39628091453864,2.57894548191691,2.76396826872867,2.43387074322467,2.77224618914114,3.08882780300633
Belarus,BLR,"PM2.5 air pollution, mean annual exposure (micrograms per cubic meter)",EN.ATM.PM25.MC.M3,27.8003375928239,26.825169286119,25.3708864392258,23.8005944482748,22.4773987093966,21.764404618722,21.555661490259,21.449293067481,21.364516390716,21.220548500292,20.9366064365372,18.6953550823705,18.0675396231787,18.9735248940446,19.3974713758219,17.6059281150121,15.8319434819688,15.7775132293532,16.9825400264261,15.6177925850738
Belarus,BLR,GDP per capita (current US$),NY.GDP.PCAP.CD,1276.2880341,1244.37318523431,1479.38066337175,1819.52653114699,2378.33700470129,3126.07176665248,3848.22350300163,4735.48107556066,6376.17569162063,5352.48809190697,6034.67885177216,6527.6593428786,6953.21591683101,7998.0802045456,8341.31809294883,5967.05595058777,5039.77560949445,5785.54491935194,6360.037502312,6837.77339645635
Belarus,BLR,Population density (people per sq. km of land area),EN.POP.DNST,49.1974779144976,48.9467226045631,48.6397310049352,48.3012483606638,47.9754751867465,47.6446879945571,47.3372826558372,47.1212709646576,46.9585563473992,46.8441433626748,46.7409685463919,46.6297521068454,46.5593029044007,46.5393725235082,46.5506003261518,46.611337189252,46.6499448243246,46.5987595325832,46.5010592176569,46.4107506220284
Belarus,BLR,Urban population (% of total population),SP.URB.TOTL.IN.ZS,69.9172295434732,70.3147201538086,70.8804702758789,71.3092422485352,71.7658538818359,72.0310134887695,72.6113815307617,73.0913467407227,73.5531692504883,74.1909646620571,74.5501403808594,75.0597534179688,75.5281066894531,75.94970703125,76.3405227661133,76.6263885498047,76.8458709716797,77.0208206176758,77.2132720947266,77.4550771852757
Belarus,BLR,"Industry (including construction), value added (% of GDP)",NV.IND.TOTL.ZS,33.4789463312094,32.4639554654927,31.8153820256099,32.7410515030849,35.0189431066695,37.8387848851416,37.2070344531772,37.0472792241675,38.8242464026726,36.1139633461021,35.3917911979998,36.0880730361763,36.2806503161792,35.9037019421087,35.3790497233345,32.6923057673017,30.9584092512823,31.5544850881623,31.2656097096379,31.737128716913
Belarus,BLR,Trade (% of GDP),NE.TRD.GNFS.ZS,141.609165955024,137.044930473063,131.002058282291,134.141852273225,142.136510387704,118.88435169233,124.295103889386,128.153877979073,129.599478545475,108.63564482836,115.917972989303,157.974255073313,153.085269313372,119.815965235724,110.651424367582,115.914826201946,125.209322899662,133.367754723012,139.393736250171,130.850406102184
Belarus,BLR,Renewable energy consumption (% of total final energy consumption),EG.FEC.RNEW.ZS,5.7,6.3,6.5,6.2,6.3,6.8,7.2,7.3,7.1,7.4,7.3,7.5,7.2,7,6.7,6.8,6.7,7.3,7.2,7.8
Belarus,BLR,Carbon dioxide (CO2) emissions excluding LULUCF per capita (t CO2e/capita),EN.GHG.CO2.PC.CE.AR5,5.63748483157157,5.53944992364947,5.59425588928258,5.69894155704101,6.08289947550633,6.21065065245296,6.50329976582844,6.38627760224321,6.79739735106636,6.48177831683936,6.97190461749866,6.65434111179211,6.80323020321301,6.82283812148219,6.77047133861776,6.25386583936119,6.23725167194174,6.3666212107869,6.722115187495,6.50202478662403
Belgium,BEL,"PM2.5 air pollution, mean annual exposure (micrograms per cubic meter)",EN.ATM.PM25.MC.M3,19.4896989178456,19.0777373545756,18.5922693848995,18.1085002652024,17.70163525187,17.4468796012875,17.3306080027794,17.2634972753458,17.2072058698858,17.1233922372982,16.9737148284819,16.3662739599691,15.2150084633195,14.3697873081768,12.9003587052878,13.3390429399775,12.3939007132505,12.7691577876359,12.4925874999047,11.2143791835506
Belgium,BEL,GDP per capita (current US$),NY.GDP.PCAP.CD,23098.8865077401,23015.0712632462,25006.191397109,30655.2092679024,35429.4077933344,36809.7013403619,38705.1067959147,44319.165448813,48303.397956286,44923.3400135081,44197.393671162,47760.8298776546,44874.1709182123,46964.5946777056,47995.7786961339,40893.804537772,41854.5498296444,44035.3239358548,47487.2100392561,46716.6227467964
Belgium,BEL,Population density (people per sq. km of land area),EN.POP.DNST,337.957010516599,339.121418916691,340.64500708799,342.074077737118,343.557742392774,345.452708271519,347.738700425279,350.301651666502,353.079912966077,355.932252002769,359.199090099891,363.902812118814,366.166617215574,367.896581281113,369.533412455082,371.680875614018,373.567467774371,375.009329772855,374.74351490506,376.761985964452
Belgium,BEL,Urban population (% of total population),SP.URB.TOTL.IN.ZS,82.0152520403035,82.3356893921976,82.6509663267055,82.9609538786731,83.2655230829461,83.5645449743707,83.8578905877926,84.1454309580577,84.427037120012,84.7025801085014,84.9719309583717,85.2349607044689,85.4915403816388,85.7415410247275,85.9848336685807,86.2212893480444,86.4507790979645,86.6731739531869,86.8883449485575,87.0961631189222
Belgium,BEL,"Industry (including construction), value added (% of GDP)",NV.IND.TOTL.ZS,24.9438325836543,24.3121509872514,23.7873363393069,23.2266548885812,22.9599989488568,22.5737781481988,22.139925542401,22.2819524770029,21.59544849636,20.4890564622648,20.6595926026257,20.7514599517248,19.9956487544689,19.9151935690442,19.6190570732838,19.4767746872729,19.0981057822176,19.1545604130921,18.9641251486969,19.2417105698694
Belgium,BEL,Trade (% of GDP),NE.TRD.GNFS.ZS,142.230135067034,139.576839834619,136.085149488081,132.715552833888,136.918405348432,144.529050669983,149.567509299511,152.468446875303,161.088447790447,135.13840572229,150.162563621427,160.765516888126,160.383301425059,157.573622782434,158.571610953523,155.068682045926,159.057696611945,166.904078237791,168.277692877218,165.46547893199
Belgium,BEL,Renewable energy consumption (% of total final energy consumption),EG.FEC.RNEW.ZS,1.4,1.6,1.7,1.9,2,2.5,2.9,3.4,4,4.9,6.2,6.7,7.7,8.3,9.1,9.4,9.2,9.7,10.7,10.2
Belgium,BEL,Carbon dioxide (CO2) emissions excluding LULUCF per capita (t CO2e/capita),EN.GHG.CO2.PC.CE.AR5,12.1836556517498,12.225212096938,11.4676730426502,11.8899015654483,11.7049703885478,11.3572144110239,11.0047176903814,10.6264716677489,10.6675992553856,9.93765290266015,10.5458393885377,9.46659728377578,9.27476642514783,9.35170659157785,8.72331187181937,9.08415110044211,8.94429666461985,8.77081443615992,8.79128601300038,8.73127988733552
Belize,BLZ,"PM2.5 air pollution, mean annual exposure (micrograms per cubic meter)",EN.ATM.PM25.MC.M3,27.2006760965356,26.9932961587769,26.5202776749369,25.9062363191074,25.2757877653807,24.7535476878486,24.2589002528347,23.6963824128613,23.1683390213192,22.777114931599,22.6250549970911,25.0167214312121,23.7091047742089,26.8732782139428,26.766330789615,27.5566748212023,25.608806996967,26.1751165590281,26.7474102969967,26.1465334719171
Belize,BLZ,GDP per capita (current US$),NY.GDP.PCAP.CD,4726.50675459616,4718.77715104739,4858.86062599362,4959.74012434605,5153.71308265363,5270.41479135312,5524.78167834986,5762.21023302938,5711.81458859709,5399.67100001919,5461.40735999001,5596.05222152289,5732.66519942347,5957.34953619006,6128.12053089077,6154.62264230369,6140.86713919469,6071.85451846453,6011.99036888587,6171.61449761423
Belize,BLZ,Population density (people per sq. km of land area),EN.POP.DNST,10.5567295046032,10.889039894783,11.2235423060061,11.5642262165717,11.9109162647961,12.2635247698378,12.6206926786497,12.9811486190267,13.3433143358176,13.7051293292416,14.0396755808856,14.3488820692679,14.6608505041648,14.977071459886,15.2969311705392,15.6217886891714,15.9888206926786,16.3613327487944,16.6692678649715,16.9149057430951
Belize,BLZ,Urban population (% of total population),SP.URB.TOTL.IN.ZS,47.6836847507377,47.6257993221451,47.4865009861554,47.2806245981404,47.0226655922949,46.7271194028137,46.4084814638913,46.0812472097226,45.7599120745023,45.4589714924251,45.1914838193558,44.9417819131729,44.6903068035216,44.4380542363795,44.1850161758379,43.931184585988,43.6765514309211,43.4211086747287,43.164848281502,42.9077622153323
Belize,BLZ,"Industry (including construction), value added (% of GDP)",NV.IND.TOTL.ZS,22.744823557302,20.9114170811182,19.9175020724415,17.343341981465,17.5296122470878,17.1067830923414,19.0207043326734,20.1544257967177,20.2437331550786,19.3850622805813,18.2141330384501,18.8728848459132,16.1069146883141,15.8082252818975,15.8379694223947,14.5536010059023,15.4437196063941,14.0908583022047,13.6672354461825,14.0497462353602
Belize,BLZ,Trade (% of GDP),NE.TRD.GNFS.ZS,96.6018447146265,93.1624050489864,93.0794584713606,94.3631228859413,86.3853536846826,92.9971266332515,98.8810743235728,95.9555511519831,105.461874277231,89.5808843860925,94.8581591507411,106.914960208874,111.166652365429,108.672614067831,107.112517468788,104.070958799941,96.4998358304218,97.7072571800462,100.989214362975,102.441856907677
Belize,BLZ,Renewable energy consumption (% of total final energy consumption),EG.FEC.RNEW.ZS,34.5,23.9,25.7,24.4,26.3,25.6,32.7,28,29.8,25.1,29.4,42.2,47.9,38,37.4,30.3,33.3,37.2,35.5,30.4
Belize,BLZ,Carbon dioxide (CO2) emissions excluding LULUCF per capita (t CO2e/capita),EN.GHG.CO2.PC.CE.AR5,0.580151910929863,0.573720000483133,0.555449222488272,0.567518386534233,0.504991019110156,0.539446825700405,0.606159553699831,0.568726781492739,0.534891132569547,0.629210464022725,0.72850473855954,0.45829794254777,0.487120754513866,0.602118684998551,0.586089194464108,0.693733109198418,0.715098504270575,0.762857648136934,0.748502206582401,1.03206342706225
Benin,BEN,"PM2.5 air pollution, mean annual exposure (micrograms per cubic meter)",EN.ATM.PM25.MC.M3,60.5959598706697,58.959710775616,55.0537524641043,50.38184649863,46.4477544416886,44.7552378557758,44.7014244507525,44.6821454651912,44.6992177546544,44.7544581747048,44.8496835809048,47.392759069621,51.5628188212507,42.0881252510416,42.0112596872744,66.6561284323416,59.4793406242621,58.3879587239383,54.0562679352757,46.5625275293874
Benin,BEN,GDP per capita (current US$),NY.GDP.PCAP.CD,487.424141384242,492.401499509072,546.463829658159,676.002878084282,758.695803786371,779.437777753268,809.147072506221,912.338247188342,1060.60254502099,1024.10277858112,973.244254931526,1059.41358852588,1071.5258366283,1168.92699279226,1204.39918670094,1002.41886879614,1010.5338961993,1054.97408066814,1151.7409703472,1130.82135339795
Benin,BEN,Population density (people per sq. km of land area),EN.POP.DNST,64.0441557289819,66.0304717985101,68.0686945725434,70.1762149698475,72.3580525008868,74.7263568641362,77.0950869102519,79.4073164242639,81.8416637105357,84.3333008158922,86.8879389854558,89.5142160340546,92.2105090457609,94.9701489890032,97.8184107839659,100.750984391628,103.741060659808,106.773501241575,109.820388435615,112.865865555161
Benin,BEN,Urban population (% of total population),SP.URB.TOTL.IN.ZS,38.2759517258875,38.6186257669218,39.0035069872981,39.4169696013044,39.8525699078742,40.3097749006517,40.7877794072449,41.2857782552618,41.8029662723105,42.338538285999,42.8916891239353,43.4616136137276,44.0475065829838,44.6502883669319,45.2880529235999,45.9407403257663,46.6094559006664,47.2942774880391,47.9952829275963,48.7125500590248
Benin,BEN,"Industry (including construction), value added (% of GDP)",NV.IND.TOTL.ZS,18.7563482119071,21.6063061308323,21.2560648162627,21.7653358858628,20.4994246078487,21.6135923867357,21.1570137776206,19.5111771844474,17.6606220766815,17.9195079292369,18.0090531395068,18.1374491115974,16.9566846878966,17.2437092893088,16.4115774866134,16.3850954444902,15.7020683118185,15.1075858507501,14.6419567509163,16.3125612015902
Benin,BEN,Trade (% of GDP),NE.TRD.GNFS.ZS,47.3481515012844,48.2571706392197,43.7684225364311,41.6162305574334,39.9029743365096,39.0959311879142,39.7746987128551,49.1137841529705,47.7753592695169,44.7026290629806,51.4308599492924,47.2170288118403,50.7367367791134,59.2001918331875,65.2682749404551,56.7563131849476,58.9869283378276,61.4765969588474,61.7951944903448,63.68133231423
Benin,BEN,Renewable energy consumption (% of total final energy consumption),EG.FEC.RNEW.ZS,70.3,66.9,64,61.7,60.7,59.2,57.3,54.5,54.8,52.8,47.2,48.7,50.3,52,51,49.9,45.4,45.4,44,46.5
Benin,BEN,Carbon dioxide (CO2) emissions excluding LULUCF per capita (t CO2e/capita),EN.GHG.CO2.PC.CE.AR5,0.214093266343738,0.249449473218799,0.279189715333064,0.303295686756215,0.313564226616338,0.332477109339693,0.443919541179229,0.49124583746046,0.47312305208688,0.492616639306086,0.518653564527383,0.491508351362043,0.454419683203629,0.464168181148386,0.494995287399714,0.511448213359745,0.610993036151454,0.601713652575047,0.666298053345352,0.639872457668903
Bermuda,BMU,"PM2.5 air pollution, mean annual exposure (micrograms per cubic meter)",EN.ATM.PM25.MC.M3,9.29672881638995,9.16510328119272,8.96257811568564,8.71972287967927,8.46710713298417,8.23530043541092,8.02454638765531,7.81362766204442,7.60092242583573,7.38480884628674,7.16366509065494,6.91539194729686,6.97250277678657,6.61259153374615,7.0538148738716,6.97448269449194,7.54273526156963,7.67124972072296,7.39756678060384,7.20679905172813
Bermuda,BMU,GDP per capita (current US$),NY.GDP.PCAP.CD,56542.9569455727,59490.2452034202,63358.5658652763,67106.8028083224,71692.1589001679,77628.103522508,97781.4558996721,107395.651483891,110268.562401264,104711.712420357,104111.824244802,99049.0169927667,100213.493385287,101704.40746217,100961.576602811,104855.366822135,108747.356144305,112339.425587467,113204.82210838,115798.040775578
Bermuda,BMU,Population density (people per sq. km of land area),EN.POP.DNST,1139.81481481481,1145.68518518519,1150.77777777778,1155.2962962963,1158.42592592593,1161.31481481481,1163.59259259259,1166.85185185185,1172.22222222222,1177.12962962963,1180.09259259259,1180.24074074074,1178.62962962963,1177.2962962963,1176.46296296296,1175.25925925926,1174.98148148148,1177.37037037037,1182.05555555556,1187.16666666667
Bermuda,BMU,Urban population (% of total population),SP.URB.TOTL.IN.ZS,100,100,100,100,100,100,100,100,100,100,100,100,100,100,100,100,100,100,100,100
Bermuda,BMU,"Industry (including construction), value added (% of GDP)",NV.IND.TOTL.ZS,11.0730100605738,10.3085111383479,9.58402713787467,9.56824574079935,9.61836268756259,9.95111886767338,..,..,..,..,6.59753236327659,5.66742455792625,5.11874218822023,5.29900911819128,5.00463985900816,5.12438047943502,5.34979364226582,5.50930538497597,5.7012359712742,6.37065036340846
Bermuda,BMU,Trade (% of GDP),NE.TRD.GNFS.ZS,..,..,..,..,..,..,..,..,..,..,74.595080341836,76.2704368073774,73.7823030616219,76.2701066974999,76.5167474588353,73.2954985174785,72.7499093828891,72.3924284503794,77.5552703807388,77.5601016506443
Bermuda,BMU,Renewable energy consumption (% of total final energy consumption),EG.FEC.RNEW.ZS,0.5,0.5,0.5,0.5,0.5,0.5,0.4,0.5,0.5,0.4,0.4,0.4,0.4,1.5,0.4,0.6,1.1,0.6,0.7,0.8
Bermuda,BMU,Carbon dioxide (CO2) emissions excluding LULUCF per capita (t CO2e/capita),EN.GHG.CO2.PC.CE.AR5,2.44354183590577,2.40354308435838,2.66486434295645,2.74099958323983,2.76556630165454,2.9659868284671,3.68590253684311,4.3977146484685,4.40600315955766,3.84960276881932,4.84896037661828,2.40691635416503,2.79200578198159,3.1144807625759,4.28150923200428,3.63513172822387,4.91260697568126,4.48740130233729,4.71401043380176,4.71867346779603
Bhutan,BTN,"PM2.5 air pollution, mean annual exposure (micrograms per cubic meter)",EN.ATM.PM25.MC.M3,32.573840359233,32.9160069856681,33.3441824485286,33.751263035198,34.0301450330599,34.0737247294978,33.1496223788183,31.1047418968965,28.700905063469,26.6999336582723,25.8636494610431,30.4700767007183,38.1315714688966,37.4162437152675,40.2981530542455,37.4856911286561,36.9416122831151,33.8115150358203,34.0838819368766,30.051897764158
Bhutan,BTN,GDP per capita (current US$),NY.GDP.PCAP.CD,771.924911410619,812.238210772056,895.799489930972,1022.38240311018,1130.35934606796,1299.94938578359,1405.6071618158,1850.41570433398,1919.59774896395,1918.39599211093,2435.5798056672,2787.97967608562,2751.2128864294,2679.95217201538,2849.49998647303,2954.04081911097,3152.30905106786,3435.28804735662,3400.20417245342,3576.87987100503
Bhutan,BTN,Population density (people per sq. km of land area),EN.POP.DNST,14.9965577889447,15.3465829145729,15.6886683417085,16.0216834170854,17.0670304588504,17.3640370438387,17.5984206522024,17.8041556260986,18.0064275782459,18.2067843744261,18.407324815699,18.6105149933101,18.8178240680012,19.0275467639111,19.2339113781252,19.4301230422121,19.6063863255034,19.7759804949664,19.920267435763,20.0530676455165
Bhutan,BTN,Urban population (% of total population),SP.URB.TOTL.IN.ZS,27.5915239884015,28.282501830034,28.9630875013322,29.6328608739429,30.2914018195132,30.9379917831613,31.5664945864425,32.1738216649326,32.76371954591,33.3396804958817,33.9051967813552,34.4637606688377,35.0188644248365,35.5740003158589,36.1326606084122,36.6983375690037,37.2745234641407,37.8645544995016,38.4661892776975,39.0746823405146
Bhutan,BTN,"Industry (including construction), value added (% of GDP)",NV.IND.TOTL.ZS,33.3183174679356,35.4249844481953,35.7295816748361,36.1445809474928,34.5745128686706,34.0427943524964,35.6000595350092,41.6218746913227,40.8156244643724,39.4589101877082,39.32493053906,37.4178826768856,38.2126912443455,38.8444853647316,37.6449550742574,38.4680946453953,38.448996403302,39.0388793784971,35.2652134391702,33.0939030506784
Bhutan,BTN,Trade (% of GDP),NE.TRD.GNFS.ZS,74.0264971104432,71.0945747295588,70.2833172005966,72.8499006593611,89.0605518004294,97.7434135429344,108.157794891125,106.929022415,101.954235669521,101.559411565244,105.010666693593,102.795600221106,94.0450271469571,95.0525382780424,87.9342562013295,89.6391604595496,76.3847528498375,76.7884016850221,79.7397203296083,76.1235167041505
Bhutan,BTN,Renewable energy consumption (% of total final energy consumption),EG.FEC.RNEW.ZS,91.4,90.2,89.7,89.7,90.9,88.7,91.6,92,87.8,87.8,84.8,84.9,82.8,81.7,82.1,81.6,80.8,79.7,80,81
Bhutan,BTN,Carbon dioxide (CO2) emissions excluding LULUCF per capita (t CO2e/capita),EN.GHG.CO2.PC.CE.AR5,0.679217843960842,0.719064037957151,0.764562970745137,0.777840332589471,0.770124695639342,0.82025790757934,0.847645867092825,0.850670678606214,0.844611576292597,1.1543427263872,1.28984994983125,1.55939648452092,1.47097572910959,1.52604605438228,1.54036274158106,1.76825299952202,1.90461927671535,1.95350871960071,2.30402009058136,2.36171982050772
Bolivia,BOL,"PM2.5 air pollution, mean annual exposure (micrograms per cubic meter)",EN.ATM.PM25.MC.M3,63.0740137541425,61.9481447307606,61.185467407628,60.5276224516758,59.7162505298355,58.4929923090383,55.2406960376362,49.4380149483192,42.4702971845256,35.7228908896935,30.5811442072612,27.3182933267548,28.0697541353735,26.0957496962253,26.9415449050283,27.4574711709407,28.0546140290721,26.5418633872389,25.1667590386614,24.4849924422413
Bolivia,BOL,GDP per capita (current US$),NY.GDP.PCAP.CD,975.777060358751,930.168227214313,888.221328974352,893.013760211149,953.191893246277,1020.12326200737,1202.71150446327,1354.54905949929,1692.67248455876,1731.18172112209,1929.78373077158,2315.52121930607,2575.59857098084,2870.02377000756,3041.43503162408,2996.01289811344,3035.87347732132,4048.40119739839,4206.8552936661,4203.15492855788
Bolivia,BOL,Population density (people per sq. km of land area),EN.POP.DNST,7.94454537062679,8.07969722145297,8.21596510661866,8.35474937690391,8.49652635465707,8.64096187575002,8.78952183144097,8.94116126650051,9.09337948859965,9.24607680236315,9.39937690390474,9.55315148158405,9.7071974522293,9.86117234376442,10.0146662974245,10.1677328533186,10.3203360103388,10.4722486845749,10.6234357980246,10.7739185821102
Bolivia,BOL,Urban population (% of total population),SP.URB.TOTL.IN.ZS,61.8587201575591,62.3374810379005,62.8187632085055,63.2918711090474,63.7564671612252,64.2133062205259,64.6631431424362,65.1067327824433,65.5448299960338,65.9781896386949,66.4075665659133,66.833715633176,67.2581444827699,67.6697055519889,68.037425413,68.3958051297665,68.7446327876947,69.0838016274736,69.4133879813999,69.7334986708387
Bolivia,BOL,"Industry (including construction), value added (% of GDP)",NV.IND.TOTL.ZS,25.7390221812353,25.4206764753126,25.4735692447779,25.5964904919612,26.8396494762825,26.2692194219914,27.652247464959,28.2897904061027,29.7366397824222,29.2286844945559,30.1439417460822,30.3691066361261,29.3342196293346,28.5181929044884,27.6254998805738,25.2024162838659,25.3263589797711,30.1846229804293,30.385489117214,30.4627271604529
Bolivia,BOL,Trade (% of GDP),NE.TRD.GNFS.ZS,45.5977750218555,45.2278224315522,49.3502603725957,51.967836443987,57.4642660901316,67.6419413613743,74.537848431547,76.0619114476148,82.8670208961798,68.6270739127592,75.5116262512877,82.4803954243518,84.9487611684942,81.2309075267174,85.2644695625131,67.9328451905248,56.4010345026573,45.5761123650708,46.9261953417368,45.8209732749024
Bolivia,BOL,Renewable energy consumption (% of total final energy consumption),EG.FEC.RNEW.ZS,29.2,29,28.1,27,25.8,24.6,23.7,22.1,21.3,20.6,19.9,18.1,17.4,16,15,14.2,13.6,14.3,14.3,13.5
Bolivia,BOL,Carbon dioxide (CO2) emissions excluding LULUCF per capita (t CO2e/capita),EN.GHG.CO2.PC.CE.AR5,0.953345248599693,0.906722195208447,0.951411488642869,0.996508557349155,1.02693451431925,1.06158115040733,1.13232011673559,1.23849365473324,1.30378490888814,1.36372054481332,1.45277929592839,1.55521407094396,1.62055085263547,1.69450194184791,1.7940087500212,1.81142391012742,1.91061375561046,1.92014923064189,1.90865464156169,1.88492609189688
Bosnia and Herzegovina,BIH,"PM2.5 air pollution, mean annual exposure (micrograms per cubic meter)",EN.ATM.PM25.MC.M3,36.8983152634642,37.3614180862172,37.9191864208419,38.4581184427201,38.8647123272337,39.0254662497644,38.6329509376323,37.6969528856248,36.5797939203256,35.6437958683181,35.2512805561859,39.4031643248459,35.5046711262656,33.7419045514665,32.4817989014897,33.8055310132726,30.384676952561,30.9018207776211,32.4989922059154,26.7157922521039
Bosnia and Herzegovina,BIH,GDP per capita (current US$),NY.GDP.PCAP.CD,1338.48059636261,1387.89362942121,1606.5467454132,2033.94700935864,2452.6860917386,2739.61076866057,3166.12865344833,3931.48948737505,4841.69311934649,4539.91863774968,4506.47828548389,4982.69375768263,4693.78899115381,5034.56634817068,5206.06573475132,4662.25869219448,4928.5665903114,5345.01978766473,6047.84707207392,6122.37541352353
Bosnia and Herzegovina,BIH,Population density (people per sq. km of land area),EN.POP.DNST,81.24552734375,81.6296484375,81.7969140625,81.61177734375,80.87865234375,80.00962890625,79.36078125,78.3871875,77.10046875,75.7772265625,74.4428125,73.0819921875,71.68189453125,70.52458984375,69.62556640625,68.72150390625,67.83208984375,66.9664453125,66.15234375,65.34244140625
Bosnia and Herzegovina,BIH,Urban population (% of total population),SP.URB.TOTL.IN.ZS,42.5539898606589,42.8761478375679,43.1975585685863,43.5181993184523,43.8380473519042,44.1570799336802,44.4752743285185,44.7926078011574,45.1090576163352,45.4246010387901,45.7392153332604,46.0528777644843,46.3655655972,46.6954224739896,47.130783484831,47.5711645087011,48.0248845752382,48.4918401819106,48.971927825824,49.4650440037758
Bosnia and Herzegovina,BIH,"Industry (including construction), value added (% of GDP)",NV.IND.TOTL.ZS,21.5373916859689,20.9376145916292,19.8153934660799,19.8200761189261,20.2334932914418,21.4328425323645,21.0300824020691,21.7724374056523,23.2014104320358,22.9076469417103,22.4540096321725,22.1932597066813,21.6232008180939,22.3236748683798,22.1563691753674,21.7264522311122,22.3443510624615,23.1210747823113,23.7113564316664,23.2037923257609
Bosnia and Herzegovina,BIH,Trade (% of GDP),NE.TRD.GNFS.ZS,85.3577431341788,86.0357340130948,78.7274783626,80.5694572639365,81.8126861817184,84.3554628217984,79.8299477752016,83.551858889163,86.1628798430504,73.7474942255023,80.9682159626823,87.8363477136556,88.1451088628529,87.9312380280562,90.5522780395662,88.291992587588,88.2440340022738,96.6458803566861,98.4320694182631,94.516125154246
Bosnia and Herzegovina,BIH,Renewable energy consumption (% of total final energy consumption),EG.FEC.RNEW.ZS,19.4,20.3,21.2,20.1,20.1,19.7,18.1,14.8,14.3,17.4,19.6,14.2,15.3,19.5,23.6,25.2,23,18.5,35.4,36.8
Bosnia and Herzegovina,BIH,Carbon dioxide (CO2) emissions excluding LULUCF per capita (t CO2e/capita),EN.GHG.CO2.PC.CE.AR5,3.43316975862373,3.3728936761354,3.54063823274201,3.63494469217951,3.87204789582773,4.11237124047325,4.59986434577848,4.91480591136147,5.48500536029491,5.58279640620095,5.82913897832648,6.75293000851462,6.35152105670861,6.42871959276172,5.83357574795313,5.92032322488213,6.7682636611601,6.99679935322086,7.10487156775908,6.75452909895075
Botswana,BWA,"PM2.5 air pollution, mean annual exposure (micrograms per cubic meter)",EN.ATM.PM25.MC.M3,19.7205372229834,19.8390729796528,19.9863544347096,20.1595337663207,20.3557631526527,20.5721947718722,20.8504779384467,21.2070575460146,21.6012791414985,21.9924882718209,22.3400304839044,22.6768520526251,22.702553769979,21.2341334801046,21.1021511668115,22.0461450923733,21.2522533064009,19.9663232166838,19.9110410814922,19.2035484352255
Botswana,BWA,GDP per capita (current US$),NY.GDP.PCAP.CD,3450.81180622992,3206.07123689853,3117.25087183011,4230.12326909926,4956.69287735214,5391.07076619634,5291.58379144849,5529.12574632532,5503.07395314313,5082.93388332404,6215.73216077919,7287.38295334919,6595.53845015424,6666.91219583487,7122.36423421503,6141.20394726616,6749.05994339013,7104.96401088027,7407.95940141786,7172.08956480028
Botswana,BWA,Population density (people per sq. km of land area),EN.POP.DNST,2.95975508619625,3.02128703262577,3.07864944506202,3.13330157217723,3.18872478958234,3.24647892294391,3.30759973885272,3.37233073950558,3.44073897623207,3.51255977273128,3.58744199177739,3.65877049035696,3.72067298360771,3.77725195419335,3.83259047518219,3.88769431651757,3.94328163322923,3.99969473999965,4.05685423393856,4.11498067863004
Botswana,BWA,Urban population (% of total population),SP.URB.TOTL.IN.ZS,53.2047727398794,54.0489894446035,55.0142988603802,56.0979233496432,57.2582489329358,58.4535554684584,59.6421228144112,60.7822308289942,61.8321593704079,62.7501882968523,63.4945974665277,64.0187810722889,64.3993247826904,64.7579735458393,65.0965122400825,65.4103584313295,65.6949296854899,65.9456435684731,66.1579176461888,66.3271694845464
Botswana,BWA,"Industry (including construction), value added (% of GDP)",NV.IND.TOTL.ZS,46.3005302919992,44.7677938245925,43.9650990818224,39.6164131871252,38.8219550208892,42.8549522076655,46.6243434434334,45.484421235941,41.10966210137,32.9148698460083,37.2789379627304,41.4322152540452,37.5753342991212,39.106229887551,41.7777034040156,37.5439994873569,40.3451621913098,37.1010050249191,34.8003276690785,31.947105419301
Botswana,BWA,Trade (% of GDP),NE.TRD.GNFS.ZS,91.924729689918,87.5250655680957,91.8357740585774,85.8340425151264,90.9978228872631,88.5053520573505,86.612433913524,98.4965249407252,99.008222007989,88.4807886337378,94.6390020873926,98.9614677801469,111.875280620952,125.78303991122,119.497541791464,112.900891016005,100.464689766026,81.9239513763494,87.4551039946493,83.0929813601175
Botswana,BWA,Renewable energy consumption (% of total final energy consumption),EG.FEC.RNEW.ZS,38.5,37.5,36.1,36.2,34.3,33,31.8,29,27.8,28.9,29.9,28.9,27.8,26.7,25.8,26.1,26.7,26.7,25.6,26.2
Botswana,BWA,Carbon dioxide (CO2) emissions excluding LULUCF per capita (t CO2e/capita),EN.GHG.CO2.PC.CE.AR5,2.44404673473305,2.31028807641857,2.39310439297486,2.32883716948916,2.24298424145033,2.38640952628899,2.21315795650717,2.3141992914403,2.31254839818048,2.0736203284015,1.66355894980648,1.93548698237551,1.67156956431633,2.57945832216088,3.29095543184208,3.21839372606118,3.02151088073257,3.28258954351765,3.57037693642974,3.14825844534693
Brazil,BRA,"PM2.5 air pollution, mean annual exposure (micrograms per cubic meter)",EN.ATM.PM25.MC.M3,15.5723815602196,15.5528127146329,15.5176007943732,15.4707715670693,15.4163508003501,15.3583642618445,15.2503863469125,15.0873086360928,14.9351326747822,14.8598600083774,14.9274921822751,15.539471795948,14.6007414104339,13.8897320409453,13.7916487838641,12.4042007642389,12.1085038135727,12.2193388464901,12.2516401526844,12.3488400923542
Brazil,BRA,GDP per capita (current US$),NY.GDP.PCAP.CD,3766.54786339835,3176.28975052524,2855.94017137049,3090.6068907839,3663.82262497811,4827.78165890291,5934.14561857454,7409.69003822861,8908.33338467948,8678.6584730653,11403.2840038694,13396.6263158041,12521.7238454434,12458.8903396625,12274.9941630213,8936.1955889444,8836.28546025694,10080.5078722821,9300.66072904004,9029.83304401079
Brazil,BRA,Population density (people per sq. km of land area),EN.POP.DNST,20.8202162203552,21.0933536648106,21.3568430296693,21.610392742883,21.8559563491399,22.0967943824822,22.3318951345634,22.5591243984906,22.7762758221327,22.9811837322658,23.175243415401,23.3646162902273,23.555014752086,23.7467066835444,23.93895376244,24.1292359304821,24.3137963709629,24.4915070817191,24.659465024515,24.8207686159839
Brazil,BRA,Urban population (% of total population),SP.URB.TOTL.IN.ZS,81.1484365423806,81.5960450621957,81.9943491502673,82.3540335841671,82.6816824814559,82.9838799596945,83.2672101364439,83.5382571292649,83.8036050557184,84.0698380333651,84.343846036308,84.6225758599683,84.8973874181312,85.1676585442726,85.4331367898168,85.6935697061881,85.9487048448108,86.1982897571091,86.4420719945072,86.6797991084296
Brazil,BRA,"Industry (including construction), value added (% of GDP)",NV.IND.TOTL.ZS,23.0066186293679,22.6395279128549,22.4953278210778,23.0838178183236,24.3066232905778,24.1725782850314,23.5440216718081,23.125380408552,23.0852937521799,21.8785926263801,23.2679773548596,23.1020509677218,22.1336473645034,21.2248099504522,20.4724627475115,19.3600439809564,18.3547582770536,18.1885023085758,18.7490514527988,18.7546275724707
Brazil,BRA,Trade (% of GDP),NE.TRD.GNFS.ZS,22.6397613589755,26.936285024943,27.6183574077173,28.1403847215489,29.6782524803495,27.0867952052479,26.0416998879446,25.2926113757805,27.2575694165953,22.1059756060711,22.7721781132208,23.9344051765103,25.1142736103322,25.7859573281452,24.685405813292,26.9536259372369,24.5336820770756,24.3197343741684,28.876203376153,28.8902578697354
Brazil,BRA,Renewable energy consumption (% of total final energy consumption),EG.FEC.RNEW.ZS,42.7,41.3,42.9,45.1,45.2,46.1,46.7,47.2,47,48.9,46.8,45.2,43.5,42.3,41.7,43.7,45.4,45.3,46.9,47.5
Brazil,BRA,Carbon dioxide (CO2) emissions excluding LULUCF per capita (t CO2e/capita),EN.GHG.CO2.PC.CE.AR5,2.00787868943563,1.9928207750233,1.96879630651915,1.91839410561756,1.99978275095698,1.99935674253319,2.00204169117872,2.08496718576573,2.16839391882541,2.00746250710986,2.27112813109879,2.37418967936326,2.52901988702936,2.63744450973958,2.7310345760982,2.56818858918394,2.37533549789759,2.41694955353585,2.28562350357953,2.25869881785082
British Virgin Islands,VGB,"PM2.5 air pollution, mean annual exposure (micrograms per cubic meter)",EN.ATM.PM25.MC.M3,..,..,..,..,..,..,..,..,..,..,..,..,..,..,..,..,..,..,..,..
British Virgin Islands,VGB,GDP per capita (current US$),NY.GDP.PCAP.CD,..,..,..,..,..,..,..,..,..,..,..,..,..,..,..,..,..,..,..,..
British Virgin Islands,VGB,Population density (people per sq. km of land area),EN.POP.DNST,134.94,138.64,142.866666666667,147.56,152.54,157.766666666667,163.286666666667,169.106666666667,175.253333333333,181.453333333333,184.5,191.4,202.3,211.353333333333,219.746666666667,229.986666666667,225.853333333333,217.993333333333,231.046666666667,242.633333333333
British Virgin Islands,VGB,Urban population (% of total population),SP.URB.TOTL.IN.ZS,41.9814254086647,42.0235454180552,42.4409178875828,42.8526082333374,43.2860433292828,43.741214134139,44.2181116035727,44.7167266908574,45.2370503473687,45.7790735229619,46.3427871662626,46.9281822248936,47.5352496456526,48.1639803746541,48.8143653574427,49.4863955390847,50.1800618642422,50.8953552772346,51.6322667220883,52.3907871425786
British Virgin Islands,VGB,"Industry (including construction), value added (% of GDP)",NV.IND.TOTL.ZS,..,..,..,..,..,..,..,..,..,..,..,..,..,..,..,..,..,..,..,..
British Virgin Islands,VGB,Trade (% of GDP),NE.TRD.GNFS.ZS,..,..,..,..,..,..,..,..,..,..,..,..,..,..,..,..,..,..,..,..
British Virgin Islands,VGB,Renewable energy consumption (% of total final energy consumption),EG.FEC.RNEW.ZS,0.9,0.9,0.8,0.8,0.8,0.8,0.7,0.7,0.7,0.7,0.7,0.9,0.9,1,1,1,1,1.1,1.2,1.2
British Virgin Islands,VGB,Carbon dioxide (CO2) emissions excluding LULUCF per capita (t CO2e/capita),EN.GHG.CO2.PC.CE.AR5,1.37344992836322,1.33198692056165,1.44190387307513,1.55417005511882,1.55150561601329,1.57616733572787,1.82909402686482,1.91595048490105,2.08840535605599,2.32934087736057,2.54742547425474,1.9226750261233,1.88169385401219,2.06289625587484,2.12365754505188,2.0783813554409,2.27876498022315,2.05205052142267,1.91880428196324,2.40142876768787
Brunei Darussalam,BRN,"PM2.5 air pollution, mean annual exposure (micrograms per cubic meter)",EN.ATM.PM25.MC.M3,7.15237071655279,7.14419998443377,7.16359869799834,7.18894518991816,7.19861779286489,7.17099483951018,7.04449810766191,6.82039311579094,6.57132380756337,6.36993412664528,6.28886801670278,7.22534325195967,7.64174071359111,7.81045226819353,8.03840256929202,7.76801290951484,7.70809372713425,7.23064895379441,7.49485587718805,7.94585811311948
Brunei Darussalam,BRN,GDP per capita (current US$),NY.GDP.PCAP.CD,20130.2572346624,18287.8272281914,18621.2922577525,20677.9001143188,24423.0946995548,29386.2703822862,34674.7995236452,36217.3290706015,42156.5685838672,30946.4673773828,34937.5555357155,46382.8274255349,46968.5971164922,44003.0644273461,41026.5084247957,30625.1287744656,26663.2972950602,28024.3824580252,30988.1190267227,30426.5730656528
Brunei Darussalam,BRN,Population density (people per sq. km of land area),EN.POP.DNST,61.9400379506641,63.253320683112,64.5349146110057,65.7755218216319,66.9660341555977,68.1055028462998,69.1960151802657,70.3743833017078,71.6874762808349,73.0459203036053,74.4462998102467,75.7853889943074,76.9557874762808,78.026944971537,79.0796963946869,80.1161290322581,81.1316888045541,82.1199240986717,83.0759013282732,84
Brunei Darussalam,BRN,Urban population (% of total population),SP.URB.TOTL.IN.ZS,71.2246805488418,71.657883335906,72.1021556496525,72.577635652792,73.0675067339261,73.552870858133,74.0148299904911,74.4344860960786,74.7929411399737,75.0712970872547,75.2506559029998,75.312125504778,75.2714233503027,75.1756915148608,75.0572639801502,74.9484620568562,74.8816070556641,74.8476440654983,74.8172471714305,74.7923311783673
Brunei Darussalam,BRN,"Industry (including construction), value added (% of GDP)",NV.IND.TOTL.ZS,66.2665822504809,62.7475892350944,63.0811813132522,66.4844984729556,70.1910452305488,73.153005169136,74.9262615378504,73.3951062711011,76.4320816379343,67.2954813573315,68.6533507031802,73.6724144504971,72.655614353873,70.022444095261,67.8496307805484,61.3627773605269,57.2893638536308,59.7205889692852,63.2448184042319,62.5153210994416
Brunei Darussalam,BRN,Trade (% of GDP),NE.TRD.GNFS.ZS,87.0553329877697,91.0997876196857,93.2161814722477,89.085616098756,84.8821666638192,81.6201140155232,81.5709547429689,81.0114146368958,89.7454253523344,90.2870882587894,95.3715460226132,99.5379309038179,105.640902140819,110.939599584216,102.421000963035,89.8961882533585,87.319801332806,85.1768604269985,93.8980617666778,108.509658357959
Brunei Darussalam,BRN,Renewable energy consumption (% of total final energy consumption),EG.FEC.RNEW.ZS,0,0,0,0,0,0,0,0,0,0,0,0,0,0,0,0,0,0,0,0
Brunei Darussalam,BRN,Carbon dioxide (CO2) emissions excluding LULUCF per capita (t CO2e/capita),EN.GHG.CO2.PC.CE.AR5,18.6101512143715,17.5847845325414,16.3425943622298,18.6157276920813,17.7642521768945,16.7426361599929,23.6259231125724,22.0679316100121,23.5785205125558,20.8361042415678,18.8093247555642,19.6830658831365,18.7948919633985,18.9425148710366,19.4524295140972,17.4445539207791,18.4753627527107,18.188792250885,18.3419748292638,17.1760639739767
Bulgaria,BGR,"PM2.5 air pollution, mean annual exposure (micrograms per cubic meter)",EN.ATM.PM25.MC.M3,25.0224930451213,25.1478971593063,25.3023954576219,25.4532398256574,25.5676821490025,25.6129743132466,25.3339270509453,24.6687943735139,23.8749930848315,23.2099399887774,22.9310518892306,26.1914143794342,23.0863811610061,21.490052956786,21.9921500133613,20.7936901250081,19.979167405734,20.0337858184501,19.7159830127087,17.5380256575647
Bulgaria,BGR,GDP per capita (current US$),NY.GDP.PCAP.CD,1621.26210738992,1770.90704918691,2092.98288625558,2719.49436859287,3389.68743360274,3899.82596332878,4523.1465578805,5888.57081403932,7271.30338858025,6988.27316296465,6853.94805511171,7849.58061302818,7431.95789508871,7795.98092108928,8069.60005667684,7268.65445473873,7822.49923292968,8696.68930427924,9849.38397225174,10353.7204584127
Bulgaria,BGR,Population density (people per sq. km of land area),EN.POP.DNST,73.8513242339329,72.3957516044473,72.0327297794118,71.4841132665257,70.953107760206,70.4986377025037,69.9716652858326,69.4718534204953,68.98592210662,68.5744565217391,68.1245302137067,67.6890935887988,67.2981577008106,65.9543570375829,65.1581798084009,64.3351602800295,63.5053334561533,62.6701179071481,61.816488577745,60.9499447310243
Bulgaria,BGR,Urban population (% of total population),SP.URB.TOTL.IN.ZS,68.2631454467773,69.196711983564,69.4859161376953,69.7808456420898,69.9193344116211,70.0869598388672,70.5075225830078,70.6844177246094,70.902099609375,71.3017349243164,71.5149307250977,72.6101653885532,72.7684860229492,72.9632821572019,73.0844879150391,73.1030578613281,73.1750030517578,73.3904571533203,73.600212097168,73.7162322998047
Bulgaria,BGR,"Industry (including construction), value added (% of GDP)",NV.IND.TOTL.ZS,22.6775829799096,23.9808817257269,24.0045118230475,24.3194023807744,23.1334052420728,24.2323985840088,25.370402523961,26.2601834036365,24.9905785476636,26.5673405144322,23.7541772436849,25.0301012066171,25.3837646988557,23.5074812631202,23.4443018802846,24.0301394911987,24.4597736962039,23.9892951281784,22.2389603260891,21.5624567722623
Bulgaria,BGR,Trade (% of GDP),NE.TRD.GNFS.ZS,77.7457041594489,79.0813687477668,75.2696110143524,79.0138853713575,93.063897964183,99.7142112127381,111.04746275381,123.532557660753,124.688747515359,92.6926456036375,103.380522321192,117.41810388629,123.971322714174,129.688682986482,130.248377115245,126.73664221295,122.805514356513,129.634429048004,129.166502930632,125.260418346411
Bulgaria,BGR,Renewable energy consumption (% of total final energy consumption),EG.FEC.RNEW.ZS,8,7.2,8.7,9.2,9.6,9.8,10,8.8,9.9,11.6,14.3,13.2,15.6,18.2,17.1,17.9,17.7,17.1,19.6,19.3
Bulgaria,BGR,Carbon dioxide (CO2) emissions excluding LULUCF per capita (t CO2e/capita),EN.GHG.CO2.PC.CE.AR5,5.89680364134317,6.2958054683011,6.07329618467708,6.87596804610276,6.66896898479433,6.8534654520215,7.10899139615699,7.63903485834564,7.28226303396129,6.25111912335147,6.69444084245238,7.4553286135295,6.83236589446759,6.20837555281037,6.68898259606321,7.138544362474,6.83625613002581,7.2438350558862,6.90134019828938,6.74590424327681
Burkina Faso,BFA,"PM2.5 air pollution, mean annual exposure (micrograms per cubic meter)",EN.ATM.PM25.MC.M3,62.3750808075926,62.3379649328232,62.2240148148469,62.0579085352073,61.8643241754484,61.6679398171137,61.4372319070742,61.0944586765371,60.5949708835501,59.8941192861613,58.9472546424185,55.571613014377,61.7629044746867,48.6056903850732,49.9195641760489,71.873244459767,66.0917117316937,60.3100692778775,58.1036119011901,50.7057233570721
Burkina Faso,BFA,GDP per capita (current US$),NY.GDP.PCAP.CD,248.908526921752,259.485223380436,285.654087637533,362.373899996953,403.81283743461,441.164148016012,455.513655620024,514.684451177238,619.437533256264,601.569520671859,624.957252224766,725.024767725475,731.470138867833,759.762065168498,764.861675106225,630.124750752312,663.742364842886,709.091535894695,777.465618514048,764.853077774946
Burkina Faso,BFA,Population density (people per sq. km of land area),EN.POP.DNST,43.5875219298246,44.9378691520468,46.348307748538,47.8162719298246,49.3440533625731,50.9215021929825,52.5354788011696,54.1531688596491,55.7678837719298,57.419831871345,59.1246271929825,60.8987865497076,62.764206871345,64.6762024853801,66.6281469298246,68.6311659356725,70.6683333333333,72.713475877193,74.7013450292398,76.6153216374269
Burkina Faso,BFA,Urban population (% of total population),SP.URB.TOTL.IN.ZS,18.0003503329444,18.8591452143893,19.725053583448,20.563327262892,21.3392180754924,22.0179778440204,22.5528306908743,22.9741760828193,23.3633747838557,23.7452325601116,24.115092498158,24.4682976845657,24.8001912059054,25.106116148748,25.3814155996643,25.621432645225,25.821510372001,25.9769918665632,26.0832202154822,26.1187254401157
Burkina Faso,BFA,"Industry (including construction), value added (% of GDP)",NV.IND.TOTL.ZS,21.8707545475914,20.6389246484114,20.6338145094446,22.6250739908394,22.6591757180332,20.1658324331189,20.5038527918156,22.5483344043863,20.5479237002055,22.9558804915607,26.0555520336446,28.3722709055706,26.8675103794383,24.0957515828697,24.9295392471244,24.3613757844362,24.8815173666488,25.1402372200063,25.5894433780973,27.4259133812459
Burkina Faso,BFA,Trade (% of GDP),NE.TRD.GNFS.ZS,35.1229419704263,31.6581708148511,31.3125228527966,30.3682364077323,35.4809436017462,34.1721697681049,35.1065423554549,33.7797172895073,35.3853169801502,40.2959836735924,49.0732385398039,57.4972531038508,61.2386079818398,64.0358513024234,58.8235624937426,59.0891813101662,57.8931727994406,59.2687802020168,60.5956256236488,60.4086928753226
Burkina Faso,BFA,Renewable energy consumption (% of total final energy consumption),EG.FEC.RNEW.ZS,83.9,81.7,81.8,80.8,82,85.4,84.8,82.9,83.5,83.3,82.1,81.4,79.2,78.7,78.9,78.8,77.1,74.6,73.7,72.7
Burkina Faso,BFA,Carbon dioxide (CO2) emissions excluding LULUCF per capita (t CO2e/capita),EN.GHG.CO2.PC.CE.AR5,0.0731706539893436,0.0829849464835342,0.0853882812864106,0.0921992776321892,0.0791894660751542,0.0817032694873567,0.0799863250308358,0.110310889211461,0.124543742130815,0.117256031897002,0.121305612623944,0.133063992431119,0.15032942321544,0.171824228532949,0.15105767526533,0.209618038878152,0.203332261693596,0.228245053999348,0.264797129779167,0.271887847085997
Burundi,BDI,"PM2.5 air pollution, mean annual exposure (micrograms per cubic meter)",EN.ATM.PM25.MC.M3,30.3753381723827,30.2604722019372,29.9953531299826,29.6795256967738,29.4125346425656,29.2939247076132,29.2878299286332,29.2950472941046,29.3201159719253,29.3675751299931,29.441963936206,30.469165919309,30.6146104955934,29.7513341993496,31.2135166042476,30.120746318795,30.7630623664928,29.3039698472733,28.3384994863636,28.7747369895123
Burundi,BDI,GDP per capita (current US$),NY.GDP.PCAP.CD,134.537861752389,132.159554541932,120.952308575468,111.406682804391,125.194965184533,147.234619294225,161.892755640319,166.162744906755,189.502074570768,198.431524048225,216.727705301976,230.069761381132,231.098787811507,234.844770150871,250.544492155185,254.402585226788,232.937812100153,246.060725714184,245.661678332009,234.31061590725
Burundi,BDI,Population density (people per sq. km of land area),EN.POP.DNST,251.954595015576,258.347546728972,265.73722741433,274.266121495327,284.682866043614,295.455568535826,306.290771028037,317.829984423676,331.216394080997,348.428582554517,365.126323987539,378.425934579439,392.173987538941,406.516394080997,420.552375389408,430.201713395639,437.673325545171,448.082632398754,461.816433021807,477.232710280374
Burundi,BDI,Urban population (% of total population),SP.URB.TOTL.IN.ZS,8.04381449833197,8.24107308668089,8.45108277415092,8.67614339385788,8.9185547789176,9.1806167624459,9.4646291775586,9.77289185737152,10.1064353383035,10.4979900434482,10.9843097335487,11.5616652230006,12.2244596804615,12.9670962745892,13.7839781740413,14.6695085474754,15.6180905635494,16.6241273909209,17.6820221982475,18.786178154187
Burundi,BDI,"Industry (including construction), value added (% of GDP)",NV.IND.TOTL.ZS,15.5395706894248,15.5731910756723,15.8040004931229,15.7417123072253,16.3230191571129,16.9330035986109,15.3152912436064,17.1561942189062,15.415205278109,16.9763256366128,15.3861562777509,14.8097338415988,15.791005307553,15.5846860549996,15.4515364871187,15.4180338407269,16.9063592990669,16.9790944347346,17.9191253800086,17.5450876204546
Burundi,BDI,Trade (% of GDP),NE.TRD.GNFS.ZS,..,..,..,..,..,..,..,..,..,..,..,..,..,..,..,..,..,..,..,..
Burundi,BDI,Renewable energy consumption (% of total final energy consumption),EG.FEC.RNEW.ZS,93.2,94.7,94.6,95.8,96,96,95.3,95.3,95,94.6,93.2,92.1,91.7,90.8,91.3,91.2,89.6,88.2,85.7,84.8
Burundi,BDI,Carbon dioxide (CO2) emissions excluding LULUCF per capita (t CO2e/capita),EN.GHG.CO2.PC.CE.AR5,0.0452072998120304,0.0355422108973504,0.0326341870292075,0.026280839521612,0.0299699507130413,0.0242510542948156,0.0292923047818543,0.0456757847523743,0.0259474981121343,0.0248556994767115,0.034117411675471,0.0427455176375168,0.0396483854478411,0.0433169105214592,0.0375470437605934,0.0393751391707505,0.043231648947978,0.0474764316842566,0.0654752338347002,0.0624381085920451
Cabo Verde,CPV,"PM2.5 air pollution, mean annual exposure (micrograms per cubic meter)",EN.ATM.PM25.MC.M3,48.4324410047037,47.5268182563037,45.2233549764447,42.1421586131377,38.9033366143938,36.1269964282243,33.4651817989408,30.4994592050793,27.7442201959867,25.71385632101,24.9227591294962,42.201991220723,51.1112334865799,36.414675879692,31.3508458881205,51.4204136901671,43.0314900855625,53.8692623569653,31.7384229474609,39.3519135244555
Cabo Verde,CPV,GDP per capita (current US$),NY.GDP.PCAP.CD,1189.51479345891,1223.33055331575,1328.57874270666,1717.97565369655,1929.49081468781,2004.14680417563,2256.99666191075,3324.57675212498,3908.64885822576,3659.72046361628,3579.46006137809,4002.01386888785,3736.81517011087,3960.97596791345,3985.60706548134,3415.06266730931,3608.96605234906,3893.09571382506,4294.96510035729,4380.78117331128
Cabo Verde,CPV,Population density (people per sq. km of land area),EN.POP.DNST,112.485607940447,114.216625310174,115.892307692308,117.46476426799,118.950372208437,120.375930521092,121.768734491315,123.124069478908,124.40570719603,125.593300248139,126.497270471464,126.909925558313,127.035980148883,127.102977667494,127.128039702233,127.144913151365,127.184615384615,127.268734491315,127.398263027295,127.569230769231
Cabo Verde,CPV,Urban population (% of total population),SP.URB.TOTL.IN.ZS,53.9332149202283,54.7762172320995,55.5703407979481,56.3297071979641,57.0677167011018,57.7977695763157,58.5332660925599,59.287606518789,60.0741911239572,60.906420177019,61.7974262732302,62.7419929036884,63.7260454520996,64.7486207521826,65.8085112712742,66.9045094767116,68.0354078358316,69.1999988159713,70.3970748844677,71.6254285086577
Cabo Verde,CPV,"Industry (including construction), value added (% of GDP)",NV.IND.TOTL.ZS,21.7471907808972,19.1640713762081,19.0535136023722,18.5259962998519,18.2180833159781,19.2110778495222,19.0922781266815,14.0115441145192,15.4815103318879,15.9694598343425,14.9414577543955,14.5699784845003,14.00680796227,14.5782787253826,15.4556956659682,14.6158909934146,12.6668493291087,12.5188038438799,14.6286899740782,13.2851974278212
Cabo Verde,CPV,Trade (% of GDP),NE.TRD.GNFS.ZS,87.5206083614917,92.1637224974152,101.089702293616,98.7683808076547,101.567169989502,104.343839857053,117.816697232822,94.2062075477847,90.9663882396256,80.4609561325344,85.5484498816191,90.5564501122747,90.649916554117,86.1698600308418,91.3038524117221,94.0084870167993,95.3781398609533,100.052133904219,105.867524052105,103.602656463726
Cabo Verde,CPV,Renewable energy consumption (% of total final energy consumption),EG.FEC.RNEW.ZS,27.9,26,26,24.8,24.4,23.9,21.2,21,23.8,22.1,21.2,20.8,24.3,25.9,26.1,26.4,23.9,21.8,21.9,19.7
Cabo Verde,CPV,Carbon dioxide (CO2) emissions excluding LULUCF per capita (t CO2e/capita),EN.GHG.CO2.PC.CE.AR5,0.618110505452035,0.705637496116604,0.773585471238379,0.767243437132301,0.81252477209671,1.25186811374623,1.34616325133271,1.50950240835164,1.44687895802376,1.3990172698912,1.47081901354299,1.70437992597473,1.46106591399635,1.42808336180389,1.51095201102423,1.54334359887118,1.62012197739165,1.73155024537282,1.55059746988304,1.62982587180804
Cambodia,KHM,"PM2.5 air pollution, mean annual exposure (micrograms per cubic meter)",EN.ATM.PM25.MC.M3,29.7987214798005,29.9057244650667,30.0191592913356,30.098509540539,30.1032587946087,29.9928906354765,29.6130476724133,28.8642622907811,27.7883527366484,26.427137256084,24.8224340951565,21.6807107694691,22.9965791117395,25.7785023524529,22.1052880421246,21.599028896344,22.4071810127085,20.7075312769695,22.9919425508182,22.9738017157091
Cambodia,KHM,GDP per capita (current US$),NY.GDP.PCAP.CD,296.426687526334,327.500984314444,350.147276634294,386.691123931778,444.199067529081,525.797325120926,612.252648550727,731.692295125426,866.283999789749,875.748936193569,952.274616324008,1088.98152823081,1192.80263041673,1305.6600972686,1431.56396469993,1547.32010444393,1675.19555711109,1826.35391688754,2036.67377566578,2225.87705485686
Cambodia,KHM,Population density (people per sq. km of land area),EN.POP.DNST,70.6001359619307,71.7113301608883,72.8259743938364,73.934783593927,75.0324665760254,76.1341604350782,77.2661907999094,78.4147405393157,79.6140890550646,80.8792771357353,82.1477792884659,83.4046227056424,84.6651087695445,85.9404486743712,87.2239519601178,88.5069737140267,89.8074042601405,91.0569453886245,92.1964763199638,93.3679129843644
Cambodia,KHM,Urban population (% of total population),SP.URB.TOTL.IN.ZS,18.6242216655572,18.7186818716995,18.803641734126,18.8881765274479,18.9813615262763,19.0922720052225,19.2299832388976,19.4035705019128,19.6574509865325,20.1979728726519,21.1232251168762,22.3824788531276,23.9411047582349,25.7644735090271,27.8179557823331,30.0669222549819,32.4767436038024,35.0127905056235,37.6404336372742,39.5830241256026
Cambodia,KHM,"Industry (including construction), value added (% of GDP)",NV.IND.TOTL.ZS,21.6455986512559,23.2646257907737,25.3793058382166,26.3428745441044,27.6802685813967,27.4192470160455,29.0700225848228,28.1400350776131,26.0495966887473,25.5665162922046,26.0088985136981,26.6606926732023,27.6110297650086,28.9581198037895,29.9169916479613,31.4639051712341,33.0562094608004,34.2980809169165,36.8714237524226,39.0455946521572
Cambodia,KHM,Trade (% of GDP),NE.TRD.GNFS.ZS,110.397125303731,111.771741244001,118.269562072288,120.074969093599,131.351481056276,133.551965265648,140.348734318483,133.700023826819,130.393510678736,102.2879490147,109.998400607758,109.790505166814,116.740233418212,124.887552768657,124.454908526693,122.109596815379,122.704555602667,121.155451298689,118.43765541305,115.736679072448
Cambodia,KHM,Renewable energy consumption (% of total final energy consumption),EG.FEC.RNEW.ZS,81.6,80.5,81,79.9,80.7,79.2,78,74.8,74.1,68,64.8,64,64.4,65,63.7,60.6,58,56.3,58.1,53
Cambodia,KHM,Carbon dioxide (CO2) emissions excluding LULUCF per capita (t CO2e/capita),EN.GHG.CO2.PC.CE.AR5,0.160595894702245,0.172816902877153,0.17486253272109,0.18528127568775,0.182676416757728,0.201001517798453,0.220536243491838,0.267119017293309,0.291564814662618,0.341665960393113,0.355795978766856,0.364412931860331,0.376906521441665,0.375413441925121,0.456810037844296,0.54531544042914,0.668405454858677,0.735875459113371,0.756550637862052,0.953249815669925
Cameroon,CMR,"PM2.5 air pollution, mean annual exposure (micrograms per cubic meter)",EN.ATM.PM25.MC.M3,45.7765448305697,45.2627171572148,44.0134690694333,42.4671529656498,41.0621212442889,40.2367263037752,39.9040005509672,39.6581260562121,39.4591797131676,39.2672384154914,39.0423790568413,38.5923305752451,41.8537414482327,37.1006966036381,37.009069026736,51.9499452409616,44.7692534342126,43.2149077099804,40.8875596706757,40.7355761870464
Cameroon,CMR,GDP per capita (current US$),NY.GDP.PCAP.CD,708.565731625965,715.470296470585,789.623811072554,988.241276791846,1133.39326749673,1142.62466252106,1191.45458990968,1325.67248215933,1492.14269801453,1461.38999232337,1398.58702025047,1513.96056994878,1449.09874362279,1575.92882118897,1649.4433905949,1415.00009710569,1441.7201725688,1496.08951771242,1610.69641591017,1555.22660476477
Cameroon,CMR,Population density (people per sq. km of land area),EN.POP.DNST,31.5471028749127,32.3866429734933,33.2667555160669,34.1865837405598,35.1388525734594,36.1206532546381,37.1272175329483,38.1838674874659,39.2927080027924,40.4348839669142,41.607044488164,42.8006684859639,44.0217659876034,45.2759112352182,46.6668634046244,48.1551352837892,49.6163842525015,51.0431363838294,52.4769583888642,53.9571724736096
Cameroon,CMR,Urban population (% of total population),SP.URB.TOTL.IN.ZS,46.2449829402599,46.7627509050978,47.2589242513436,47.7325523560061,48.1826845960942,48.5837852394685,49.2044173412861,49.7027028593758,50.0858325268669,50.4714131335678,50.8505075371362,51.2229843034125,51.5887119982861,51.9475591877024,52.2993944376709,52.6440863142742,52.9815033836792,53.3115142121504,53.6339873660653,53.9487914119331
Cameroon,CMR,"Industry (including construction), value added (% of GDP)",NV.IND.TOTL.ZS,28.4827009917297,26.1843316001578,27.4755881959079,28.4233912786935,27.6768854698155,27.9657412557505,28.704565046287,27.1251768898711,27.6000470998579,26.5112531811637,25.8445117305141,25.7767597299444,26.624872181086,26.7419459294765,25.7078027839026,25.0914880063978,24.1821445706245,24.2621952863109,24.6822312095632,23.826878053897
Cameroon,CMR,Trade (% of GDP),NE.TRD.GNFS.ZS,47.9279442460149,51.5722691890366,48.4817227279603,40.2431925894529,41.8377424272557,44.9976813478478,47.1044341803567,53.2156908605178,56.9244171562734,42.1761073594765,47.2385853965951,51.521987603918,50.0360127271229,49.6745363462134,50.8323893087648,45.5401468279393,40.6386315268268,39.1990216052629,40.587602877028,43.3785132480415
Cameroon,CMR,Renewable energy consumption (% of total final energy consumption),EG.FEC.RNEW.ZS,84.6,85.3,85.2,85.3,85.5,86.3,85.5,80.8,80.8,79.2,78.7,78.6,78.6,77.7,76.9,78.1,78.8,79.2,78.7,78.9
Cameroon,CMR,Carbon dioxide (CO2) emissions excluding LULUCF per capita (t CO2e/capita),EN.GHG.CO2.PC.CE.AR5,0.383989921027349,0.372337680745734,0.357348891560271,0.354943027188784,0.33936994141111,0.320435144753662,0.317753314780677,0.373237607574027,0.3805792337441,0.403568614250496,0.398005579196246,0.367209784906356,0.360945218894671,0.382158504270741,0.402109837976095,0.403515922523748,0.413632361438979,0.408780434472765,0.425229264580814,0.402691984014017
Canada,CAN,"PM2.5 air pollution, mean annual exposure (micrograms per cubic meter)",EN.ATM.PM25.MC.M3,9.79565640755295,9.76086476457905,9.72810868247048,9.69060887185911,9.64158604337681,9.57426090765544,9.40182085213359,9.08026235211045,8.66701975000882,8.21952738825148,7.79521960926122,7.37287638245787,7.58558915249491,7.26096632331949,7.38092988336422,7.11576183142395,6.40675155079521,7.04492025305158,7.09175111254794,6.22680169266749
Canada,CAN,GDP per capita (current US$),NY.GDP.PCAP.CD,24271.0020563821,23822.096210932,24256.0192337185,28301.8645937428,32145.5412620217,36383.6600068095,40504.0370977806,44660.0838892281,46710.2526864484,40874.8831932903,47560.6666009406,52223.8588398531,52670.3447335415,52638.1187235237,50960.8431174661,43594.1941045394,42314.0615817218,45129.628116623,46539.1761570405,46352.8693445211
Canada,CAN,Population density (people per sq. km of land area),EN.POP.DNST,3.42261133957721,3.45999036315513,3.497728426127,3.529322777419,3.56237648609852,3.59627553791775,3.63291127522004,3.66834597611535,3.70832237476842,3.75101571675707,3.79293521117963,3.83011279793076,3.8718472515473,3.91284812265562,3.9522291338328,3.98239245827659,4.02771072511681,4.07614836279598,4.13498944297029,4.19587500655283
Canada,CAN,Urban population (% of total population),SP.URB.TOTL.IN.ZS,78.6292995508947,78.8414764949736,79.0990234802234,79.391380674239,79.6923063348315,79.9760615882965,80.219066099279,80.4425615136782,80.6628944916604,80.8591838893921,81.0120892252937,81.1031425434213,81.1513483248791,81.183439957458,81.211183161556,81.2465670276699,81.3023011093703,81.4018945832226,81.5500341646653,81.7363672047941
Canada,CAN,"Industry (including construction), value added (% of GDP)",NV.IND.TOTL.ZS,29.5000375204667,28.4475354619999,27.5731410327833,27.9074104477255,28.3911197223378,29.2129915241778,28.8475544811015,28.6859019053535,29.3420195046589,25.0760182112778,26.3511331619895,27.1393405983891,26.6346687974256,26.6132351758366,27.1379424601872,24.4156825468916,23.2953005455848,24.0278028870792,24.6223059554353,24.0774078769413
Canada,CAN,Trade (% of GDP),NE.TRD.GNFS.ZS,82.7653578503214,78.3442183943698,75.7070320779233,69.8400946170607,70.1924199909562,69.7591330167357,68.0521644769988,66.2834197482347,67.0236083618983,58.4743918224897,60.2081215044483,62.4987387708328,62.5955489395005,62.2310749013405,64.3786621564923,66.1649020669781,65.3636845215556,65.1010608504649,66.5998858508762,66.1714852804959
Canada,CAN,Renewable energy consumption (% of total final energy consumption),EG.FEC.RNEW.ZS,20.3,19.8,20.1,19.7,20.4,21.6,21.5,21.6,21.6,22.2,21.4,21.5,21.8,22.2,22.2,22.3,22.1,22.8,22.3,22.4
Canada,CAN,Carbon dioxide (CO2) emissions excluding LULUCF per capita (t CO2e/capita),EN.GHG.CO2.PC.CE.AR5,17.6990281801997,17.2263337035681,17.6683722055528,18.1301542885681,17.5256514747091,18.0601166179094,17.6443460330114,18.0804998989628,17.3072079421311,16.140062037934,16.5297747432196,16.7674945217889,16.3390529794046,16.396768369606,16.3774543965685,16.0870291468599,15.8982424179268,16.196245321702,16.5238820455635,16.190860373335
Caribbean small states,CSS,"PM2.5 air pollution, mean annual exposure (micrograms per cubic meter)",EN.ATM.PM25.MC.M3,25.1932823539276,24.8853855777501,24.1865437065094,23.3406616774481,22.5900842794445,22.1862871529158,22.0909626021008,22.0852206958766,22.1200142524248,22.1463764967471,22.118019802676,21.9080550625396,22.5058042275971,22.9032649328547,23.406021714094,25.0874236712079,24.4503971569706,24.2910078510874,24.5180353908421,24.7914879127927
Caribbean small states,CSS,GDP per capita (current US$),NY.GDP.PCAP.CD,6477.26482123395,6647.62547849072,6903.07418576198,7551.08983381761,8233.61082543875,9439.33720644986,10883.0475520742,12134.9066978741,13890.1303094208,11554.0589194758,12711.087492863,13526.9467562,14290.6349320103,14577.1689272446,14947.9426963116,14497.5393236017,13376.8057759012,13671.1377634132,13896.7409040963,13995.8548364074
Caribbean small states,CSS,Population density (people per sq. km of land area),EN.POP.DNST,9.92711395830266,10.004543976263,10.0841093544309,10.1648917122706,10.2391124168285,10.1610726544141,10.219941850453,10.2849963143081,10.3505149869039,10.4055500696677,10.4718842441054,10.5415707584225,10.610168264126,10.6835308098227,10.7559574103285,10.8253252516181,10.8934309469801,10.9556775752626,11.059856053637,11.1488737254616
Caribbean small states,CSS,Urban population (% of total population),SP.URB.TOTL.IN.ZS,51.4260417104618,51.4143461829153,51.3780185932835,51.3001335734813,51.1736246779686,50.9493887735074,50.7701857397449,50.5917218872534,50.4201440786193,50.264922890817,50.1513014486905,50.1249359664817,50.1446818440705,50.1507539138983,50.1596535005104,50.1679113039414,50.1731298812102,50.1782963503998,50.095481721741,50.0613448862219
Caribbean small states,CSS,"Industry (including construction), value added (% of GDP)",NV.IND.TOTL.ZS,25.3383761305364,24.1147739933137,23.5609431251789,28.0473584299401,30.1818106798697,33.7894934258021,35.476159469903,35.3463513086064,40.3637318877745,31.7624006992937,32.7784870940704,35.5628234850052,31.1426320241695,30.4030380275484,29.5321625482472,24.7502642396391,24.180767605956,25.2121785186899,25.4666364934236,24.3964525899627
Caribbean small states,CSS,Trade (% of GDP),NE.TRD.GNFS.ZS,..,..,..,..,..,..,..,..,..,..,..,..,..,..,..,..,..,..,..,..
Caribbean small states,CSS,Renewable energy consumption (% of total final energy consumption),EG.FEC.RNEW.ZS,11.3438453713123,10.4633576642336,10.9455765407555,10.0274405050996,10.0686854460094,8.82919141160347,9.42070063694267,8.52536082474227,8.71866048862679,8.57920034028073,7.763243873979,8.84632068164214,7.93956806787505,6.8601581027668,6.01613766730402,6.1973602484472,6.68268450932684,7.41293833131802,7.1973830973831,5.88822815533981
Caribbean small states,CSS,Carbon dioxide (CO2) emissions excluding LULUCF per capita (t CO2e/capita),EN.GHG.CO2.PC.CE.AR5,6.18566316560543,6.7832981823572,7.10349567382868,7.92816077057707,8.36697039064895,9.97526094785784,10.8026680553479,11.0452065271887,10.8484530539161,10.4818805570138,11.4353149219988,11.278360679697,10.6508420944342,10.4297831543079,10.4323620929298,10.3162562807256,9.75370928698628,9.31910108242063,9.21371394967577,9.57560586739
Cayman Islands,CYM,"PM2.5 air pollution, mean annual exposure (micrograms per cubic meter)",EN.ATM.PM25.MC.M3,..,..,..,..,..,..,..,..,..,..,..,..,..,..,..,..,..,..,..,..
Cayman Islands,CYM,GDP per capita (current US$),NY.GDP.PCAP.CD,..,..,..,..,..,..,87085.0945866141,89888.2611264853,89655.1185574521,81373.5721242232,76837.6710064442,75280.9617699986,75101.5906883232,75113.7342282813,75845.3055572577,76379.2098777987,77802.2535658023,80053.9442657031,83865.5540393356,88254.2902486867
Cayman Islands,CYM,Population density (people per sq. km of land area),EN.POP.DNST,165.308333333333,171.204166666667,177.141666666667,183.058333333333,188.966666666667,194.95,200.966666666667,207.029166666667,213.129166666667,219.241666666667,225.4125,231.691666666667,238.066666666667,244.395833333333,250.666666666667,256.841666666667,262.916666666667,268.895833333333,274.754166666667,280.529166666667
Cayman Islands,CYM,Urban population (% of total population),SP.URB.TOTL.IN.ZS,100,100,100,100,100,100,100,100,100,100,100,100,100,100,100,100,100,100,100,100
Cayman Islands,CYM,"Industry (including construction), value added (% of GDP)",NV.IND.TOTL.ZS,..,..,..,..,..,..,9.82859311015743,9.65080208027573,9.08453134393436,7.90355933394894,7.06530749303623,6.81332422400659,6.85794611515241,6.92395107976706,6.89618179181609,7.00603914795633,7.28391318982217,7.19381923258219,7.41439057356221,7.70795298167285
Cayman Islands,CYM,Trade (% of GDP),NE.TRD.GNFS.ZS,..,..,..,..,..,..,..,..,..,..,..,..,..,..,..,..,..,117.436583958714,117.117122140321,114.83853985004
Cayman Islands,CYM,Renewable energy consumption (% of total final energy consumption),EG.FEC.RNEW.ZS,0,0,0,0,0,0,0,0,0,0,0,0,0,0,0,0,0,0,0,0
Cayman Islands,CYM,Carbon dioxide (CO2) emissions excluding LULUCF per capita (t CO2e/capita),EN.GHG.CO2.PC.CE.AR5,3.32963653778293,3.1833337389569,3.36830220633203,3.43242135931169,3.08475921679308,3.14396853894161,3.4105987725991,4.13387807676052,4.35768606674356,4.32551598312365,4.56940054344812,3.58954069704708,3.34290114813778,3.69448469866167,3.85804521276596,4.07027675935239,4.17115689381933,4.35422638878128,4.68904020260536,5.84460914640486
Central African Republic,CAF,"PM2.5 air pollution, mean annual exposure (micrograms per cubic meter)",EN.ATM.PM25.MC.M3,34.1089018072999,33.9305726911431,33.5016255789717,32.9894439959945,32.5614114674204,32.3849115184584,32.4290832518178,32.5465341868411,32.7298504736865,32.9716182625124,33.2644237034772,34.7387675481675,36.1271180308768,33.6642337758094,31.9156244391296,38.5999376665904,34.4108147859314,33.885383156685,31.9740977574518,34.9143760112605
Central African Republic,CAF,GDP per capita (current US$),NY.GDP.PCAP.CD,239.154133726071,237.951702544735,248.639290978403,278.403992150941,303.461321152782,311.950023138687,333.942519903031,380.887048839475,437.24827472489,456.471673898404,476.873786950728,534.057281471636,544.395849142785,364.36696260838,409.8504859647,366.322853938121,387.176203444318,432.324025684263,455.243962859534,449.228467602439
Central African Republic,CAF,Population density (people per sq. km of land area),EN.POP.DNST,6.15335323766413,6.29151337121577,6.43050659732255,6.58622427686282,6.73027384506726,6.88434620694083,7.02683713762882,7.16358470576905,7.31802626087515,7.26997174869177,7.21210151208707,7.32771678063501,7.40127772962214,7.45195511894443,7.42107611801342,7.430928761758,7.56631513050178,7.6944861793316,7.83116151401329,7.93717775851552
Central African Republic,CAF,Urban population (% of total population),SP.URB.TOTL.IN.ZS,37.7014879765364,37.7560236207831,37.8169752995511,37.8863171931924,37.9626889392062,38.0448510426866,38.134433681123,38.2343339436079,38.3474489192338,38.476675697093,38.6244963104203,38.8030669465007,39.0301696038517,39.3042963482777,39.6226521868738,39.9824421267351,40.3808711749566,40.8151443386334,41.2824666248606,41.7800430407332
Central African Republic,CAF,"Industry (including construction), value added (% of GDP)",NV.IND.TOTL.ZS,..,..,..,..,..,..,..,..,..,24.5736807244034,24.5099241422375,26.6383554299084,27.5230753744847,24.1910676004515,19.4826086120024,22.1252513485047,21.6382374370791,20.7372245546503,20.5557559569889,20.5119712162628
Central African Republic,CAF,Trade (% of GDP),NE.TRD.GNFS.ZS,45.6597819937269,39.7304997372329,36.1085647794782,36.2312260023474,33.2439549188203,35.0709368656226,36.3958702287378,37.5808990187896,34.4375218095517,31.4942464896799,34.4304819543042,34.4756183327299,33.0594485943314,38.3992875721315,53.0950920179825,53.1451477769621,50.53064402191,57.1435457117119,49.6602000024318,50.0658000014868
Central African Republic,CAF,Renewable energy consumption (% of total final energy consumption),EG.FEC.RNEW.ZS,88.9,88.9,89.2,90.2,90.6,91,90.8,90.9,93.6,93.9,93.8,93.3,93.1,95.1,94.8,92.9,92.1,91.6,91.4,91.3
Central African Republic,CAF,Carbon dioxide (CO2) emissions excluding LULUCF per capita (t CO2e/capita),EN.GHG.CO2.PC.CE.AR5,0.0668855141210868,0.0697029993976253,0.069694117212425,0.0644393025152288,0.0611282223493176,0.0588974564039908,0.0611753665667713,0.0600972042027709,0.0439790970970725,0.0431878936120557,0.044491480627065,0.0476449067813708,0.047952133750668,0.0320522555159282,0.0349759105308854,0.0504177719405874,0.0533555326292949,0.0552204845258517,0.0601599989505309,0.0611563525655636
Central Europe and the Baltics,CEB,"PM2.5 air pollution, mean annual exposure (micrograms per cubic meter)",EN.ATM.PM25.MC.M3,22.6877032041261,22.8448183498865,23.1647439077109,23.5306091981064,23.8326051381659,23.9580618563879,23.8341082102173,23.5393042495011,23.1752506138517,22.8403886098592,22.6371750941826,23.1531410290036,20.9970967062055,20.0452406999586,20.1352043706811,19.4332167138755,18.3006726976986,18.8413210214867,19.2032082437593,16.2302813190693
Central Europe and the Baltics,CEB,GDP per capita (current US$),NY.GDP.PCAP.CD,3959.62494896645,4360.9626352209,4941.34251407648,5948.84961048537,7180.27037029658,8352.50713208299,9466.68526162197,11997.2743828359,14573.6892707792,12302.0391574104,12635.7541209869,13997.3000771488,13104.066588243,13712.6744030811,14208.4090786575,12596.8862547468,12874.699956166,14339.8243059389,16227.2484719489,16534.9264870407
Central Europe and the Baltics,CEB,Population density (people per sq. km of land area),EN.POP.DNST,98.1455805547486,97.4326347616992,96.9453892371877,96.6357946311316,96.3611331879134,96.1115677123883,95.8699753736775,95.5226277464895,95.1826331612885,94.9140560740283,94.5723770250091,94.3426815032299,94.1348819123649,93.7188941593356,93.3954139880869,93.1179707001656,92.8247588904212,92.6047341774741,92.3692084301826,92.1854556712536
Central Europe and the Baltics,CEB,Urban population (% of total population),SP.URB.TOTL.IN.ZS,61.4406529042584,61.5302776725809,61.5839935887768,61.5712683744702,61.5745184206623,61.6684376748335,61.7598296238782,61.7629328161568,61.8748408884735,61.9070756085004,61.9831332825539,62.0062995511589,61.9739324654094,61.9617031095155,61.9632949711014,61.9708877552037,61.902526100399,61.871575661727,61.8111043373163,61.7449526458334
Central Europe and the Baltics,CEB,"Industry (including construction), value added (% of GDP)",NV.IND.TOTL.ZS,28.8746540505292,28.6136572822252,28.2292798238016,28.4513975696766,29.4176847395586,29.5104721825402,30.038049615431,30.1613466826005,30.0921617074469,29.7823364097417,29.8123679649624,30.5763563689949,29.6263424045918,28.4226806345975,29.3029778023147,29.5197045389204,29.0047542211158,28.0127633407988,27.8141950960377,27.5220760553456
Central Europe and the Baltics,CEB,Trade (% of GDP),NE.TRD.GNFS.ZS,79.966182784819,80.5911753052678,79.5447219618856,83.8467467274666,90.7634620261512,93.7320808776105,101.888196946312,104.682037182865,104.185166871239,92.9319755129392,104.464984905731,112.883966693345,116.12084582553,117.682858283811,119.875144797024,119.413555662705,120.335512986639,123.351879836094,123.819500551781,121.363013902895
Central Europe and the Baltics,CEB,Renewable energy consumption (% of total final energy consumption),EG.FEC.RNEW.ZS,9.93462832051322,9.886920662836,10.1651233390795,10.2752610927543,10.7849700389784,11.281127395073,11.1059202329456,11.3862829485805,12.1782191475117,13.7392384371762,14.5716532675985,14.7499600707318,15.6926044784711,16.6612114024685,17.0702957655506,17.1594982078853,16.8577627377285,16.4703987047156,18.1476863313142,18.8601539560352
Central Europe and the Baltics,CEB,Carbon dioxide (CO2) emissions excluding LULUCF per capita (t CO2e/capita),EN.GHG.CO2.PC.CE.AR5,7.03890471790379,7.20435542096812,7.09742209478405,7.42976308551137,7.42881926216633,7.44169350173254,7.68161711173249,7.76060463348834,7.59072482538242,6.95809441703389,7.2660102095693,7.29945689539269,7.05399470144635,6.8403502548835,6.68351960958198,6.80725105793823,6.92630565139744,7.21192322255358,7.20834934578621,6.8563164746062
Chad,TCD,"PM2.5 air pollution, mean annual exposure (micrograms per cubic meter)",EN.ATM.PM25.MC.M3,56.9478334024862,56.7977695021505,56.4118948084852,55.8923266132371,55.341182208153,54.8605788849799,54.3668277070918,53.7838487498235,53.225172822863,52.804330735898,52.6348532986167,54.1504227714591,57.1204741865987,50.2256607102092,46.8052788415437,64.3827504839855,58.3859502502274,56.2506214671266,54.3808173498018,51.8673577081314
Chad,TCD,GDP per capita (current US$),NY.GDP.PCAP.CD,163.121663683369,194.32295331156,219.061391951349,289.087621122168,445.850767157087,838.092107712557,906.897260572747,980.483531485103,1166.36883453841,1035.63719694254,1141.80069268412,1308.1421872538,1354.34344701937,1304.88742971475,1278.78981422494,993.990730610869,861.831767630746,854.46120040098,948.656629871231,893.336441643325
Chad,TCD,Population density (people per sq. km of land area),EN.POP.DNST,6.75992137865311,6.99183926302414,7.23966963151207,7.53481019695044,7.87804637865311,8.20210609911055,8.50256035578145,8.80055590851334,9.11395806861499,9.44548443456163,9.77809323379924,10.1294448856417,10.4915803684879,10.8728391041931,11.2680098475222,11.6324817344346,12.0033791296061,12.4068924714104,12.830790184244,13.2506535895807
Chad,TCD,Urban population (% of total population),SP.URB.TOTL.IN.ZS,21.6527690760484,21.6780982595188,21.7007762031515,21.7207031172239,21.7377792120134,21.7519046977973,21.7629797848529,21.7709046834576,21.7755796038887,21.7784396568755,21.8472378191095,21.9558736797638,22.1061904148178,22.2975929852391,22.5294513486009,22.8011258828974,23.1119734707179,23.461349471105,23.8486084924975,24.2731047386633
Chad,TCD,"Industry (including construction), value added (% of GDP)",NV.IND.TOTL.ZS,10.9126742297265,13.0831347755703,14.2598695954881,30.0655483375136,39.0982018059117,39.9644961738127,39.4591190324475,41.0245051426906,42.2215131050333,34.9025737106603,37.9286133933223,41.0747792133064,43.4028876654672,38.4745522079809,37.1094347348857,33.9182904673272,25.3450186548517,26.4585882128612,29.0064942875454,28.75903709786
Chad,TCD,Trade (% of GDP),NE.TRD.GNFS.ZS,51.5711720135652,64.3219080406854,126.350807849912,83.3789149599315,101.768590921564,77.577493649797,77.0815766029615,75.1059962731949,69.0677746090641,64.8597511917067,63.7311691270791,57.5437561870898,54.3851887421013,51.5308164549816,40.8116269859319,48.5114982079885,43.9580149331537,43.2900613852468,46.7384317860183,46.6777247152768
Chad,TCD,Renewable energy consumption (% of total final energy consumption),EG.FEC.RNEW.ZS,88.7,88.6,88.5,83.9,84,83.8,83.7,82.4,79.8,79.4,79.2,80.7,76.1,72.6,72.5,72.7,72.7,72.8,73.1,72.8
Chad,TCD,Carbon dioxide (CO2) emissions excluding LULUCF per capita (t CO2e/capita),EN.GHG.CO2.PC.CE.AR5,0.0282421726360368,0.0276234182980612,0.0289046128032407,0.0418746830809522,0.0459171720747788,0.04656232729143,0.0464674292742376,0.0512558587792804,0.0422348813589332,0.0418370852465925,0.042606847064891,0.05359468136292,0.0915222301903308,0.096069856875415,0.0989591842171624,0.110147579596714,0.111858325578718,0.141485892472642,0.149407072594977,0.141712220447998
Channel Islands,CHI,"PM2.5 air pollution, mean annual exposure (micrograms per cubic meter)",EN.ATM.PM25.MC.M3,..,..,..,..,..,..,..,..,..,..,..,..,..,..,..,..,..,..,..,..
Channel Islands,CHI,GDP per capita (current US$),NY.GDP.PCAP.CD,43479.1940767689,41873.7406146127,44459.7318188977,48570.7796632166,56259.5344226334,57647.1188908006,62745.1006593557,74139.97799443,..,57778.5407063052,56123.4597963451,60415.2632075658,58809.5698945413,59308.4666588674,64697.5485024325,61847.8212238857,55947.579811974,55806.3554257428,60784.8125397162,60564.6293993681
Channel Islands,CHI,Population density (people per sq. km of land area),EN.POP.DNST,748.030303030303,751.767676767677,756.974747474747,762.424242424242,767.873737373737,773.363636363636,778.858585858586,784.388888888889,789.939393939394,795.510101010101,801.116161616162,806.59595959596,811.954545454545,817.055555555556,821.848484848485,825.525252525253,827.691919191919,829.893939393939,833.075757575758,836.560606060606
Channel Islands,CHI,Urban population (% of total population),SP.URB.TOTL.IN.ZS,30.4565425668312,30.4917013606365,30.5750453017198,30.7147995585339,30.8959988423466,31.106756489445,31.3350770753618,31.5692415250024,31.79721921014,32.0070188116634,32.1868229080383,32.326335016388,32.4414334604748,32.5432251775809,32.6275595274837,32.6907784276403,32.7426259745361,32.7853219355631,32.8125991997971,32.8235411026876
Channel Islands,CHI,"Industry (including construction), value added (% of GDP)",NV.IND.TOTL.ZS,..,..,..,..,..,..,..,..,..,..,..,..,..,..,..,..,7.67577166610065,8.01938108801916,7.92367533443251,7.93089515501041
Channel Islands,CHI,Trade (% of GDP),NE.TRD.GNFS.ZS,..,..,..,..,..,..,..,..,..,..,..,..,..,..,..,..,..,..,..,..
Channel Islands,CHI,Renewable energy consumption (% of total final energy consumption),EG.FEC.RNEW.ZS,..,..,..,..,..,..,..,..,..,..,..,..,..,..,..,..,..,..,..,..
Channel Islands,CHI,Carbon dioxide (CO2) emissions excluding LULUCF per capita (t CO2e/capita),EN.GHG.CO2.PC.CE.AR5,..,..,..,..,..,..,..,..,..,..,..,..,..,..,..,..,..,..,..,..
Chile,CHL,"PM2.5 air pollution, mean annual exposure (micrograms per cubic meter)",EN.ATM.PM25.MC.M3,28.0634138695562,27.8750247662775,27.5666336657884,27.1654672454526,26.6987521826339,26.193715154696,25.4313218784945,24.358253457235,23.2503096478062,22.3832902070972,22.0329948919966,22.8717891996678,21.9147180810935,23.7625028118101,23.0317537681692,24.2782298076617,24.2218424802596,23.4116041349236,23.0512130318909,22.7323927701622
Chile,CHL,GDP per capita (current US$),NY.GDP.PCAP.CD,5052.99245766325,4563.5952986689,4430.84741157984,4773.40177520754,6120.59152055344,7480.32330998636,9318.65655296121,10346.4138184533,10683.2188772511,10098.8017167286,12632.8704724192,14487.3927832032,15241.9069981119,15683.5486369155,14529.6767206336,13433.9202987032,13649.8520452803,14879.9086227187,15659.4808675628,14495.716721687
Chile,CHL,Population density (people per sq. km of land area),EN.POP.DNST,20.8513352485165,21.0937108288547,21.3278312164103,21.5522021917012,21.7708477913526,21.9879951367258,22.2037450977228,22.4221432298812,22.6472942657478,22.876931994857,23.107901206673,23.3370130673596,23.5620242302954,23.7878208335351,24.0860324163393,24.333348398175,24.6093854617587,25.002288872834,25.4526848895971,25.84400416762
Chile,CHL,Urban population (% of total population),SP.URB.TOTL.IN.ZS,86.2710912457813,86.4906345913002,86.6114115090282,86.6792973033246,86.7336754490112,86.7768244484887,86.8125123390851,86.8445071581285,86.8765769429469,86.9124897308683,86.9560135592209,87.0109164653326,87.0824943735696,87.1827777654221,87.3133701497978,87.4653320342387,87.6306290578181,87.8000295757281,87.9620493753008,88.1273685623538
Chile,CHL,"Industry (including construction), value added (% of GDP)",NV.IND.TOTL.ZS,27.8329007305146,28.4825729751045,28.5180345922146,29.7153366007983,32.7525021838824,34.0353024141328,38.684729192628,37.4665970166252,31.9839914243068,31.8892011542261,33.4669030156191,32.4417542348483,30.5583003272184,29.4304373078105,28.9028670653185,27.8806404106495,26.7795650481896,27.3811560671383,27.8615227739821,27.1184422429165
Chile,CHL,Trade (% of GDP),NE.TRD.GNFS.ZS,58.7119230876973,62.1447669687645,62.4838519016295,65.693419590905,69.8893600532458,72.0625342380294,73.7116350448521,76.9770247140928,80.6766262406468,66.6860309631418,69.7176801370338,72.4816428077334,68.156142891334,65.1432879523879,65.6346281218887,59.3491104775309,56.0578610877723,56.0261589675707,58.177050633437,57.6117545680829
Chile,CHL,Renewable energy consumption (% of total final energy consumption),EG.FEC.RNEW.ZS,31.4,32.1,33.1,31.6,31.4,32.3,32.9,30.5,30.8,31.5,27,28.8,30.3,30.2,27,25.1,24.6,24.1,25.5,25.3
Chile,CHL,Carbon dioxide (CO2) emissions excluding LULUCF per capita (t CO2e/capita),EN.GHG.CO2.PC.CE.AR5,3.47382404191017,3.29401921683893,3.29162863363271,3.37761857406592,3.61395788630139,3.6175914799259,3.65616252034094,4.06392771027535,4.23564646521513,4.01098641712794,4.2093619030369,4.55717718537356,4.64341271955513,4.82901967693119,4.4057176939683,4.67539634716479,4.86474105721938,4.83609776199712,4.75406192633103,4.96139546396702
China,CHN,"PM2.5 air pollution, mean annual exposure (micrograms per cubic meter)",EN.ATM.PM25.MC.M3,50.299193183916,50.6280489574036,50.9679256961335,51.2610436241453,51.4496229654785,51.4758839441727,50.9696705667541,49.8862602874654,48.6560235019206,47.7093306057335,47.4765519945183,51.34994369566,48.1207251131123,58.4662215596184,54.5688342973092,50.832537964484,46.8324682508133,45.8369336166997,40.2663875187565,37.5475753654351
China,CHN,GDP per capita (current US$),NY.GDP.PCAP.CD,969.199513696287,1065.40597574519,1163.55957673426,1306.97245408557,1530.92726215723,1777.64496828464,2129.25696999613,2734.72709877693,3523.44302065213,3898.24459158811,4629.24551710077,5703.76027973346,6405.0574241349,7147.03518622344,7781.06597484974,8175.33285077393,8254.86859320357,8979.67652709856,10085.6638148819,10342.9009524335
China,CHN,Population density (people per sq. km of land area),EN.POP.DNST,134.492481002789,135.473048750848,136.383779609948,137.235919250104,138.053436689892,138.867766063821,139.645342881819,140.376588050196,141.097705219827,141.801244134798,142.487743405,143.268509836432,144.243669001474,145.207643927049,146.125816729087,146.977949259981,147.822641376791,148.720043543977,149.417194545073,149.948179684945
China,CHN,Urban population (% of total population),SP.URB.TOTL.IN.ZS,36.4320234662299,37.6597442626953,39.0897827148438,40.5302314758301,41.7600135803223,42.9899978637695,44.3430099487305,45.8892440795898,46.9895057678223,48.3417053222656,49.2340270628041,51.8300285339355,53.1003112792969,54.4900016784668,55.7502555847168,57.3297843933105,58.8399238586426,60.2402687072754,61.5001983642578,62.7099151611328
China,CHN,"Industry (including construction), value added (% of GDP)",NV.IND.TOTL.ZS,45.0738315177586,44.276543602601,43.8758028122184,44.9827621327146,45.2328326582556,46.3816216984585,46.8865028592172,46.1852362301075,46.2364191302482,45.1788587231356,45.7066207106778,45.8002054108107,44.6820698165478,43.3938707801605,42.2827157791092,40.0475902161032,38.811156093921,39.129944350895,38.9777001747097,37.7642333162735
China,CHN,Trade (% of GDP),NE.TRD.GNFS.ZS,39.0109424774998,38.0826469518334,42.1944423387413,51.0774801301803,58.6403340408439,61.3600749408237,63.5695798621627,61.2664640006176,56.7111330003209,44.4197644331119,49.8540722338977,49.9458272253643,47.4802130784317,45.9160413795571,44.0684564812532,38.6971848362625,36.177170692978,36.95085261586,36.8943843914718,35.1994202738836
China,CHN,Renewable energy consumption (% of total final energy consumption),EG.FEC.RNEW.ZS,29.6,28.4,27,23.9,20.2,17.4,16.4,14.9,14.1,13.4,12.3,11.3,11.5,11.5,11.9,12.2,12.6,13.1,13.5,14.3
China,CHN,Carbon dioxide (CO2) emissions excluding LULUCF per capita (t CO2e/capita),EN.GHG.CO2.PC.CE.AR5,2.88907594771294,3.00747564571294,3.22795454545455,3.70467882645141,4.24069749050016,4.78299420120885,5.28052516361306,5.7076324565497,5.85225866357655,6.24909018523805,6.80718476794211,7.40185065816131,7.58441651466929,7.89327631231478,7.93164331637339,7.79057049265868,7.76322483949301,7.87802652170332,8.2177362485386,8.39147587098516
Colombia,COL,"PM2.5 air pollution, mean annual exposure (micrograms per cubic meter)",EN.ATM.PM25.MC.M3,25.3637180153758,24.8245779055363,23.929353614622,22.8825675533076,21.8887421322682,21.1523997621787,20.6003919283618,20.0641639163964,19.6051288373421,19.284699802258,19.1642899222037,20.5518377125816,18.1430860286647,18.9282488611578,18.33821147907,17.6079787372288,17.312215487627,17.2528522521135,16.0492875724803,14.5158658042874
Colombia,COL,GDP per capita (current US$),NY.GDP.PCAP.CD,2555.00751039968,2472.99084035833,2428.92969771584,2311.94218760291,2818.57195413044,3456.06610874512,3789.85361217027,4769.926147194,5541.83629665898,5250.97292433518,6398.2958447102,7400.9940695669,8108.59838244229,8279.10255642981,8187.20824890084,6248.51490534512,5959.84250367574,6479.53231292429,6816.96818309544,6472.54544924705
Colombia,COL,Population density (people per sq. km of land area),EN.POP.DNST,35.2320270392068,35.790231635872,36.3449121225777,36.8971870211807,37.4431464623704,37.9711374493015,38.477768364128,38.9683406940063,39.4401153672826,39.9022451554754,40.3581063542136,40.7928021631365,41.2039747634069,41.5967408742677,41.969742226228,42.3343307796305,42.7557566471383,43.3808724650744,44.1860883280757,44.9824109959441
Colombia,COL,Urban population (% of total population),SP.URB.TOTL.IN.ZS,74.3493570179247,74.7938371677676,75.192444355543,75.5341828570154,75.8080569479496,76.004938901378,76.1619191918164,76.3144038775849,76.4596761810047,76.5964145836792,76.7232975672119,76.839003613206,76.942211203265,77.0315988189922,77.1058449419909,77.1636280538646,77.2036266362166,77.2245191706503,77.2804816598084,77.4595528518377
Colombia,COL,"Industry (including construction), value added (% of GDP)",NV.IND.TOTL.ZS,27.3057722832576,27.2228150417753,27.5290127709183,28.9037801318181,29.7258920854426,30.3481497700898,30.9134600266245,30.5790350660201,32.1310911250351,31.2470343359106,31.3713561004301,33.3021551703249,33.4055006173979,32.7475552904174,30.9858527230854,28.5894478881361,27.689162311787,26.8148589146209,26.8954667535946,25.993426836769
Colombia,COL,Trade (% of GDP),NE.TRD.GNFS.ZS,32.6670854693067,33.9011117949445,32.9826392144234,36.51618351723,35.8634269337995,37.422697494955,39.6413559606293,37.0988970982903,39.1676494164355,35.1561285074585,34.2646031687681,39.4704235545367,38.835151018669,37.9866487978457,37.4874656411103,38.3607641184453,36.202652984202,35.2829149424588,36.5347527968973,37.558533980839
Colombia,COL,Renewable energy consumption (% of total final energy consumption),EG.FEC.RNEW.ZS,27.9,27.1,28.6,30.6,29,28.9,30.6,31,30.8,31.4,30.6,29.6,29.6,32,32.1,31.1,30.5,32.2,30.4,31.5
Colombia,COL,Carbon dioxide (CO2) emissions excluding LULUCF per capita (t CO2e/capita),EN.GHG.CO2.PC.CE.AR5,1.62232046746357,1.58737525769177,1.50246201581761,1.46690208610805,1.44656025415104,1.46901976755809,1.38318811487663,1.41654840316635,1.39852072752987,1.47547382640238,1.52200045741908,1.61663552853102,1.61000537888315,1.8121783209001,1.82364474726519,1.83556759919216,1.8654751539246,1.68289187289759,1.74191600051117,1.72438739011403
Comoros,COM,"PM2.5 air pollution, mean annual exposure (micrograms per cubic meter)",EN.ATM.PM25.MC.M3,12.1137641535542,12.1093637251828,12.0857902522832,12.0484914054266,12.0029148551845,11.9545082721283,11.8628600432285,11.7137381490151,11.5518596503979,11.4219416082868,11.3687010835918,12.3436803657737,11.639647170545,12.2675890585181,11.3961592947192,11.9089280291946,12.204174846154,10.8598778552179,11.6282907601438,10.4127200490569
Comoros,COM,GDP per capita (current US$),NY.GDP.PCAP.CD,633.309032776244,681.163857619963,764.61349832543,959.691049354812,1072.28409029621,1105.78796866788,1138.47908404345,1289.73631056361,1455.02768595586,1410.30516959473,1386.5742428453,1531.43789372951,1490.31511351281,1603.32797107303,1615.71723662012,1329.37048235986,1365.48403444497,1423.9248027797,1527.40527125285,1510.23218151592
Comoros,COM,Population density (people per sq. km of land area),EN.POP.DNST,288.060182697474,294.046211714132,300.334766254702,306.178398710371,312.038688876948,318.472326706072,324.961311123052,331.502955400322,338.155292853305,344.94734013971,351.873186458893,358.976894142934,366.270822138635,374.095647501343,382.322944653412,390.479312197743,398.571198280494,406.592692101021,414.610424502955,422.664159054272
Comoros,COM,Urban population (% of total population),SP.URB.TOTL.IN.ZS,28.0360512192055,27.9902886596605,27.9586267103537,27.9448864609618,27.9596300229124,28.016895208368,28.1143215973031,28.2493321448949,28.4193498063202,28.6217975367563,28.8540982913801,29.1136750253686,29.397950693899,29.7043482521482,30.0302906552932,30.3732008585112,30.7305018169792,31.0996559689293,31.4073645195839,31.7287584068243
Comoros,COM,"Industry (including construction), value added (% of GDP)",NV.IND.TOTL.ZS,12.2062715454078,12.2063718015717,12.2063143076875,12.2062786708097,12.2062936509226,12.2064983176676,12.206432106225,12.4102413287259,12.1356370474847,12.073328072351,11.775324962086,11.6973185544088,11.2226651481809,11.648240313246,11.6109251303108,10.4084081560234,9.85451807028183,9.13735009601101,8.87679585626469,8.5310006225517
Comoros,COM,Trade (% of GDP),NE.TRD.GNFS.ZS,35.7574785306267,35.7572288509346,35.7571190335913,35.7569591176854,35.7570631253248,35.7574093238258,35.7572745739842,33.1561792127495,36.2185263542809,37.8969223253542,39.5501058029898,40.00094857244,40.8104424089423,39.2433304149929,39.2358244169194,37.8049520714563,37.1328797158337,40.164358921352,42.9961533369453,42.2680785372908
Comoros,COM,Renewable energy consumption (% of total final energy consumption),EG.FEC.RNEW.ZS,69.9,69.5,70.3,64.4,63.5,65.7,61.8,74.4,73.4,68.5,66,69,68.3,63.6,68,67,64,59.5,57.7,55.3
Comoros,COM,Carbon dioxide (CO2) emissions excluding LULUCF per capita (t CO2e/capita),EN.GHG.CO2.PC.CE.AR5,0.168071929562752,0.177442344943533,0.179631183544066,0.228853032127175,0.241431090538381,0.228961137347999,0.26738188979633,0.17360238731649,0.16939268115562,0.206714884562121,0.238074876763037,0.210760774545846,0.213312207502604,0.250792884721456,0.217145957220138,0.235591359081414,0.270175168960594,0.344536382486926,0.268666001373787,0.287320520024715
"Congo, Dem. Rep.",COD,"PM2.5 air pollution, mean annual exposure (micrograms per cubic meter)",EN.ATM.PM25.MC.M3,25.8660806412287,26.0160760351503,26.2596339717677,26.5212539905026,26.7254356307766,26.7966784320115,26.7037628752257,26.5117141592672,26.2893989003023,26.1056837144972,26.029435218018,26.6005338893647,26.7077484248202,26.1166767334607,26.9058681895875,28.461870876218,26.7550295099953,26.8446579950641,26.7227743114458,26.3379328931586
"Congo, Dem. Rep.",COD,GDP per capita (current US$),NY.GDP.PCAP.CD,377.925421481395,142.678142604412,162.38052907429,161.491553524396,180.664764963633,214.539740473519,255.445229568751,294.101615124419,352.900363371995,280.178991035792,352.400398754692,372.514273875789,409.931424783784,460.370334930107,489.175952097319,495.826633014883,459.765036590388,431.052559128788,518.169626875371,504.00419142286
"Congo, Dem. Rep.",COD,Population density (people per sq. km of land area),EN.POP.DNST,22.2789272402461,22.995807767804,23.709456783044,24.4122833638429,25.1418102820846,25.9260819126177,26.7377905207208,27.5590533953817,28.4028424604662,29.2944769634547,30.2432844445425,31.2517637458371,32.3127491674202,33.430844048433,34.5838168545025,35.7449244613043,37.0333318629938,38.4126499194989,39.7201843805827,40.9992907081891
"Congo, Dem. Rep.",COD,Urban population (% of total population),SP.URB.TOTL.IN.ZS,34.9008752617485,35.4153526820763,35.937064393184,36.4654627231369,37,37.4018738621901,37.8024827128113,38.201781337298,38.5997245210844,38.9962670496049,39.391363708294,39.7849692825859,40.1770385579151,40.5675263197158,40.9563873534225,41.3435764444694,41.7290483782911,42.1127579403217,42.4946599159958,42.8747090907476
"Congo, Dem. Rep.",COD,"Industry (including construction), value added (% of GDP)",NV.IND.TOTL.ZS,22.4057063027137,30.0162665475473,32.6183368838049,28.8579384069788,31.7824234941503,31.706002446974,29.2943469787201,34.3633671355341,32.9518891770136,35.9314571550511,29.1029769216412,38.636424619178,39.1726260796598,39.9816041724909,41.6198309477347,40.537636098592,38.655052456977,39.2934247373311,38.2165467089592,34.4712510908167
"Congo, Dem. Rep.",COD,Trade (% of GDP),NE.TRD.GNFS.ZS,27.0144029227569,25.0419375138391,29.3168456429821,54.0313561776419,49.3364146254994,51.0276749145565,44.7667089929736,72.9983031777719,72.9527093196566,63.0860045505312,80.9975153909582,83.4133637998303,66.7056747465748,72.5557545139014,74.1131729382021,57.7539236163245,68.0083342860132,65.9184525277578,72.5591739081336,60.9143523742792
"Congo, Dem. Rep.",COD,Renewable energy consumption (% of total final energy consumption),EG.FEC.RNEW.ZS,97.9,98.3,98.3,98,97.9,97.4,97.3,97.2,97,97,96.8,96.2,95.5,93.9,92.9,95.8,97,96.7,96.4,96.3
"Congo, Dem. Rep.",COD,Carbon dioxide (CO2) emissions excluding LULUCF per capita (t CO2e/capita),EN.GHG.CO2.PC.CE.AR5,0.0371727398112935,0.0350106917650027,0.0356238387555068,0.0419088893806427,0.0388664526195872,0.0422504365918147,0.0421028090513797,0.0451232624374833,0.0449242144792916,0.0423191311503679,0.0429619235950426,0.0475516268605633,0.0411769262109865,0.0439415039531586,0.0473985501773001,0.0443348733039091,0.0356208635159088,0.0373745177008366,0.0462188660927098,0.0478324083410493
"Congo, Rep.",COG,"PM2.5 air pollution, mean annual exposure (micrograms per cubic meter)",EN.ATM.PM25.MC.M3,26.8744350810291,27.1884110859801,27.5563371013383,27.9068073673279,28.168416124173,28.2697576120977,28.1407949439766,27.8368508230904,27.474558875272,27.1705527263541,27.0414660021696,27.8579991372168,28.5447582283734,28.1202914351675,27.8059959217622,30.5591063026375,28.2160787153425,28.5831067984323,27.9644662335483,28.7484172141318
"Congo, Rep.",COG,GDP per capita (current US$),NY.GDP.PCAP.CD,1024.30159109181,854.598314408095,905.538135544704,1016.82363412143,1306.10136324599,1799.05158366154,2103.5821381211,2206.47101863414,2832.09177777643,2271.15219175966,2946.55798067708,3396.16505817952,3732.32737320389,3697.41705884249,3601.2365808718,2439.35189403696,2093.10728558843,2211.63309874797,2694.43413191427,2488.42466724916
"Congo, Rep.",COG,Population density (people per sq. km of land area),EN.POP.DNST,9.22795021961933,9.58283162518302,9.81192093704246,10.0900527086384,10.4408609077599,10.8239912152269,11.2369224011713,11.6557247437775,12.0454377745242,12.5365124450952,13.0667349926794,13.4984597364568,13.8812591508053,14.2228374816984,14.5706588579795,14.9270307467057,15.2929311859444,15.6691390922401,16.0559824304539,16.4470307467057
"Congo, Rep.",COG,Urban population (% of total population),SP.URB.TOTL.IN.ZS,58.8947380255871,59.4417859130405,59.9716066874511,60.4694583791889,60.9205990186239,61.310286636126,61.6237792620651,61.8502563370293,62.0354815675203,62.2172294650265,62.3922871058739,62.5597508130231,62.7187169094345,62.8682817180686,63.0075415618859,63.135592763847,63.2515316469123,63.3544545340423,63.4434577481975,63.5176376123385
"Congo, Rep.",COG,"Industry (including construction), value added (% of GDP)",NV.IND.TOTL.ZS,72.1526717557252,65.4884538397696,63.3189225141337,61.1723594842012,65.864484078508,61.7104106958137,62.6291888487541,57.0704175228573,63.9419789342891,55.6979481298564,66.1791697837805,65.8738951997526,65.3102191154701,61.989308125115,58.0014155398265,48.6789561936062,38.4474514101503,45.9671895089887,54.391991835456,50.1286715725578
"Congo, Rep.",COG,Trade (% of GDP),NE.TRD.GNFS.ZS,123.909884405671,130.732481081873,135.45607107226,156.861777335368,131.368198717322,119.552892262402,125.600762974491,148.586625395069,133.108486659608,135.552365681975,124.064754399607,124.591742710141,97.444435145443,93.0028633915235,104.197620103417,117.320721558581,122.259818284021,94.6170952583422,100.583216779714,91.5757547930374
"Congo, Rep.",COG,Renewable energy consumption (% of total final energy consumption),EG.FEC.RNEW.ZS,64.9,61.2,68.6,62.1,63.1,63.1,69.3,60.2,56.8,55.9,54.5,64.3,65.1,62.3,62.1,64.2,67.7,69.8,70.6,69.8
"Congo, Rep.",COG,Carbon dioxide (CO2) emissions excluding LULUCF per capita (t CO2e/capita),EN.GHG.CO2.PC.CE.AR5,1.43173787700172,1.34418648284191,0.853385683474042,1.03507128920732,1.01524195118066,1.17157455930687,1.25545648118301,1.07141690721857,1.07747214852886,1.14836451954455,1.18584852172315,1.05242743383335,0.944931388370302,1.11984540566293,1.0605360257884,1.12810370252086,1.07043781028987,1.03367382350737,1.17123140519682,1.28891524697681
Costa Rica,CRI,"PM2.5 air pollution, mean annual exposure (micrograms per cubic meter)",EN.ATM.PM25.MC.M3,21.3843731146703,21.2503622180599,21.0286242452936,20.7436900349618,20.4200904256551,20.0823562559639,19.6090845399907,18.967324345694,18.3142845924477,17.8071741996257,17.6032020866019,19.4251836697019,17.9369232929949,18.4901589297792,17.5539609994868,17.6636155108417,16.8973562895418,17.165875341513,15.1307436338713,13.3766440949763
Costa Rica,CRI,GDP per capita (current US$),NY.GDP.PCAP.CD,3812.75388284924,3985.12984506207,4067.71851429092,4173.14856415514,4431.0117207843,4703.00721784778,5256.59640859159,6137.71199925542,6937.24261596055,6832.69829924138,8265.78820275582,9276.39107511347,10126.9991024177,10803.2401962173,10911.497878334,11714.7105980732,12091.0301606154,12317.0902771304,12590.2493781614,12884.6859951989
Costa Rica,CRI,Population density (people per sq. km of land area),EN.POP.DNST,77.119839404622,78.5144339992166,79.8218762240501,81.0572659616138,82.257696827262,83.4555424990208,84.63258911085,85.7862906384645,86.9576184880533,88.1275166470819,89.2276145710928,90.2826674500588,91.3422248335292,92.3648061104583,93.3630826478653,94.360321190756,95.3191931061496,96.2235996866432,97.0978848413631,97.9152565609087
Costa Rica,CRI,Urban population (% of total population),SP.URB.TOTL.IN.ZS,59.0462378975394,60.1427600448608,61.2787633575946,62.4518059303802,63.6596013546005,64.8998632216384,66.1703051228767,67.4686406496983,68.7925833934861,70.1398469456228,71.5081448974915,72.8426586679914,73.3895020668217,73.9431776192863,74.4866963181212,75.0198195767549,75.5423088085047,76.0539254265608,76.5544308439668,77.0435864735963
Costa Rica,CRI,"Industry (including construction), value added (% of GDP)",NV.IND.TOTL.ZS,25.4449908253979,25.2166020654827,24.569597934029,24.1792374989641,24.6690619237543,24.2695341122995,23.7198679368366,23.8937947565006,23.5536024382425,23.5227381446589,23.3229652114345,22.5898706745828,22.2048773810709,21.3449724793135,20.6164054191975,19.9678784677773,19.6500112824728,19.3145397059632,19.5581432647296,19.2336569312753
Costa Rica,CRI,Trade (% of GDP),NE.TRD.GNFS.ZS,86.5249235130705,80.852758718109,80.4139443360039,83.3277075355642,85.2564771965872,89.2226638923224,89.8145546136931,86.4565958439349,86.4015127113254,69.7593177251535,67.512089684107,68.6391465074016,67.0485392950976,64.0664105879442,65.1912420532368,60.753561939521,62.1784781768295,65.0719537438815,66.945342016636,65.7605300176622
Costa Rica,CRI,Renewable energy consumption (% of total final energy consumption),EG.FEC.RNEW.ZS,33,32.1,32.5,33.3,39.2,41.7,42.4,41.2,40.7,40.7,40.4,38,38.1,37.8,37.6,38.3,34.1,33.3,33.1,33.4
Costa Rica,CRI,Carbon dioxide (CO2) emissions excluding LULUCF per capita (t CO2e/capita),EN.GHG.CO2.PC.CE.AR5,1.30313360027163,1.379963366939,1.38535541703828,1.46632440832863,1.47144886356872,1.49160807652233,1.59797655356903,1.76101901079574,1.71851436108013,1.62647554075289,1.58829243966477,1.66999542065841,1.63797343615926,1.68258114091864,1.68785381694898,1.61015749564449,1.69149442839303,1.70887391193112,1.70246265595066,1.63874650393745
Cote d'Ivoire,CIV,"PM2.5 air pollution, mean annual exposure (micrograms per cubic meter)",EN.ATM.PM25.MC.M3,52.7912923813154,52.4492016179034,51.5663707184153,50.3579617689732,49.0391368556992,47.8250580647154,46.4795844845881,44.8474289608794,43.2650342152048,42.0688429691795,41.595297944419,49.5497020681304,51.355889030092,40.0659563695022,38.9323349133904,61.954609777616,55.6539855341019,50.6654421695962,50.8958061004876,44.3324266688486
Cote d'Ivoire,CIV,GDP per capita (current US$),NY.GDP.PCAP.CD,936.636541348798,924.727294962066,967.815864415991,1111.17135087887,1199.82524528546,1197.74616979415,1230.43056838584,1367.53817722326,1583.97066701372,1540.45393569596,1553.54887048143,1596.62826565998,1546.9460184731,1786.15862031324,1991.36539423404,1814.71855088017,1862.59597081287,1964.29930338343,2130.86619381144,2141.76836170115
Cote d'Ivoire,CIV,Population density (people per sq. km of land area),EN.POP.DNST,55.6572452830189,57.166393081761,58.6628018867925,60.143213836478,61.6194968553459,63.108358490566,64.6125849056604,66.1338301886792,67.6554685534591,69.1759119496855,70.7171855345912,72.2704402515723,73.7958427672956,75.2823113207547,77.1301729559748,79.3910125786164,81.7276886792453,84.0672075471698,86.3653238993711,88.6572610062893
Cote d'Ivoire,CIV,Urban population (% of total population),SP.URB.TOTL.IN.ZS,43.0840065011913,43.4670149035012,43.859032147728,44.2593744150531,44.667357886658,45.082298743724,45.5035131674326,45.930317338965,46.3620274395029,46.7979596502274,47.2374301523201,47.6797551269623,48.1242507553354,48.5702332186208,49.0173144557368,49.4694894689553,49.929991034032,50.3977309654344,50.8718477756395,51.3514799771241
Cote d'Ivoire,CIV,"Industry (including construction), value added (% of GDP)",NV.IND.TOTL.ZS,13.9368025202647,14.1786160309594,14.5005281247497,15.2123312134125,15.5260750475447,16.2241764456125,16.5839543942617,16.483170824856,17.4088361491375,18.0163071461274,15.9765793754723,16.7624007263304,17.7324551897287,18.9795295741683,19.8455486242141,20.1215578301808,20.820713814142,19.8085626532407,19.1116818893978,21.6420400540965
Cote d'Ivoire,CIV,Trade (% of GDP),NE.TRD.GNFS.ZS,54.9639916295152,53.1141047180447,55.9019482275388,53.260060681877,58.1182963035946,62.8209360402806,63.690377061452,61.4309423484426,61.9406212969499,66.6729037469185,67.472940081257,64.7159030611345,70.3010893191249,58.3526792527234,53.6804175610344,52.7153604615931,47.5663138935656,48.6596050387177,46.040028237159,44.6604105830795
Cote d'Ivoire,CIV,Renewable energy consumption (% of total final energy consumption),EG.FEC.RNEW.ZS,63.7,64.7,65.3,70.3,75.4,77.9,74.8,76.3,74.2,73.7,75.4,79.1,74.9,72.2,71.9,64.5,64,62.5,60.5,61.1
Cote d'Ivoire,CIV,Carbon dioxide (CO2) emissions excluding LULUCF per capita (t CO2e/capita),EN.GHG.CO2.PC.CE.AR5,0.393649269755518,0.384346412791568,0.396005933281089,0.304012299363856,0.305981117632049,0.318684175934195,0.305580401271205,0.296468595840396,0.321574734065806,0.291450017592556,0.325279209216089,0.307997563310417,0.384376785213736,0.409402344006993,0.426425227791211,0.44620325590139,0.43877495464017,0.461221278034062,0.449429152663727,0.467605284700189
Croatia,HRV,"PM2.5 air pollution, mean annual exposure (micrograms per cubic meter)",EN.ATM.PM25.MC.M3,22.6073432457522,22.9227100117706,23.4705060596986,24.0769485978838,24.5682548346735,24.7706419784151,24.4359067796249,23.6376920748174,22.6849842013375,21.88676949653,21.5520342977398,23.6135683044921,20.9195365864097,20.2640413078795,19.8289409065182,20.1718710437292,18.1778313300349,18.7613905967833,20.0014497847215,15.914853988952
Croatia,HRV,GDP per capita (current US$),NY.GDP.PCAP.CD,4953.65158789022,5364.83824691607,6219.58164143945,8190.11135193887,9718.97322801967,10443.5278353294,11501.2099669894,13755.8321073292,15888.0606949392,14474.6519774194,13729.7654965022,14691.558296292,13507.7805260991,14134.9474982889,14186.7295493276,12283.7840620053,12820.1653893008,13901.7878144679,15460.3669595491,15563.5987295029
Croatia,HRV,Population density (people per sq. km of land area),EN.POP.DNST,79.9166905136643,76.9001645442839,76.9454499928459,76.8958437567007,76.9173039811307,77.0163855335573,77.0345043242084,77.0176720749053,77.0085233364306,76.927685655064,76.7533950396684,76.4888499749839,76.1269387463369,75.6543849617611,75.0767993710242,74.1856371953399,73.3840861982703,72.2144056893717,71.2739439639768,70.5701879779859
Croatia,HRV,Urban population (% of total population),SP.URB.TOTL.IN.ZS,55.6818319251231,55.6913829056559,55.6745468592554,55.6386960202113,55.5890878734365,55.5307217475444,55.4685969711483,55.4077128728613,55.3530687812969,55.3096640250682,55.2824979327886,55.2773793281248,55.3042888624873,55.3659479687433,55.4591834926844,55.5812594509004,55.7294398599808,55.9009887365155,56.093170097094,56.303247958306
Croatia,HRV,"Industry (including construction), value added (% of GDP)",NV.IND.TOTL.ZS,24.2022887541673,23.8042548140776,22.9131996881856,23.3409303583976,24.1488165361816,23.7734716436971,23.4058870686343,22.9415854297126,22.7583110451343,22.6914100390127,21.36803442175,21.5043974590517,21.0396616788925,20.5075395928616,20.6526480346575,20.3701373622843,20.2769414390036,19.7721853620712,19.289972926094,19.5762975915854
Croatia,HRV,Trade (% of GDP),NE.TRD.GNFS.ZS,74.6016854703406,79.4405856034588,81.1609977960211,81.4432514353208,81.6444126603338,81.4923355714118,83.5170835916925,83.262210381268,82.0790791060076,69.7015578897439,72.6467039932668,77.783952809242,79.0075493058138,80.9188132002026,85.2166241319216,90.6522705485118,92.1392009356077,97.2445256540374,99.0848546362534,101.394766564216
Croatia,HRV,Renewable energy consumption (% of total final energy consumption),EG.FEC.RNEW.ZS,26.8,26.9,24.6,24.8,26.6,26.8,25.5,22.7,24.1,27.2,29.8,27.2,29.4,32.8,33.6,33.1,31.8,29.8,32.8,31.6
Croatia,HRV,Carbon dioxide (CO2) emissions excluding LULUCF per capita (t CO2e/capita),EN.GHG.CO2.PC.CE.AR5,4.33677043315335,4.77793267439475,4.96469924275494,5.28621677887642,5.27995632579101,5.30160818255534,5.34348188039458,5.68549100892136,5.41153048758558,5.03419020013328,4.87506829937978,4.77830091047516,4.40975990806428,4.34143567122871,4.20723258150827,4.34144843408463,4.44976669563441,4.65112768894595,4.45402410514506,4.5506268056586
Cuba,CUB,"PM2.5 air pollution, mean annual exposure (micrograms per cubic meter)",EN.ATM.PM25.MC.M3,21.3974205669767,21.206308539373,20.7560611503545,20.1976249122847,19.681946337527,19.3599719384448,19.1954916262929,19.0582324966618,18.9580468384187,18.9047869404309,18.9083050915655,19.6720738913487,19.6276365485068,19.9113493948996,20.762060268269,21.4005165459257,19.7476038869862,20.1327865141339,20.9153664764928,20.3431122356184
Cuba,CUB,GDP per capita (current US$),NY.GDP.PCAP.CD,2751.3817714814,2842.96704310394,3005.21104247868,3202.78109865637,3399.21962893402,3786.33799225291,4329.98265964383,4807.43888960684,4986.12436479175,5089.23519757167,5272.26755824835,6104.46105236166,6470.83673392653,6828.36428245396,7146.70459051328,7727.91997207998,8110.55874283616,8610.60829605429,8911.46205998726,9232.26115935183
Cuba,CUB,Population density (people per sq. km of land area),EN.POP.DNST,103.436769087523,103.762867783985,105.060795187518,105.351343984962,105.617479560192,105.811292747088,105.971530583482,106.043517474634,106.085700864337,106.113481773769,106.138754227734,105.757568101214,105.984819360707,108.40689886778,108.496202653336,108.309942363112,108.2815455594,108.360587668593,108.16105973025,107.927225433526
Cuba,CUB,Urban population (% of total population),SP.URB.TOTL.IN.ZS,75.635383605957,75.887565612793,75.8514891112497,75.8636638735113,75.917681659226,76.0033319545493,76.1121531072403,76.2356834650585,76.365461375763,76.4930251871133,76.6099132468685,76.707663902788,76.7776920066844,76.81640625,76.8442459106445,76.8702850341797,76.9115829467773,76.9603271484375,77.0156326293945,77.0728225708008
Cuba,CUB,"Industry (including construction), value added (% of GDP)",NV.IND.TOTL.ZS,25.535082151714,24.8623841628159,23.7013441300368,22.5059329493165,22.0396303955187,21.5268299936084,22.2047369498775,22.5269990563768,22.3864961360912,22.6047036082474,22.8936077602288,22.258298304102,23.3671948701822,23.150308497952,22.1520752925073,22.3538093576701,22.9428012655288,24.3566251471414,24.8779064658428,24.5495399680549
Cuba,CUB,Trade (% of GDP),NE.TRD.GNFS.ZS,31.0759878817225,29.3610963815873,24.7293133475239,26.5871335777077,31.3114153338743,39.3613744331974,37.1880142882062,37.9676096642032,44.917220748508,32.9139819587629,40.2919413008332,46.9604290476881,45.8662036340766,44.3238969253902,39.2741528539069,31.6138124793419,27.2691132420785,26.2224363787618,27.0835484486147,22.8208911354416
Cuba,CUB,Renewable energy consumption (% of total final energy consumption),EG.FEC.RNEW.ZS,34.4,34,34.8,33.6,33.8,26.3,22,18.6,18.7,19,15.6,19.2,19.4,18.2,23.2,21.1,19.2,22,24,23.1
Cuba,CUB,Carbon dioxide (CO2) emissions excluding LULUCF per capita (t CO2e/capita),EN.GHG.CO2.PC.CE.AR5,2.6101013141558,2.49667717503705,2.3766937945776,2.30143800064642,2.25263365447208,2.32679017565643,2.3753319353995,2.44623324395833,2.36176603793102,2.38540684367623,2.49451002437816,2.45522503021925,2.55579516374824,2.56876181773557,2.38402768086374,2.61116898217438,2.42368545978683,2.35681925818751,2.38546526365894,1.98985150737589
Curacao,CUW,"PM2.5 air pollution, mean annual exposure (micrograms per cubic meter)",EN.ATM.PM25.MC.M3,..,..,..,..,..,..,..,..,..,..,..,..,..,..,..,..,..,..,..,..
Curacao,CUW,GDP per capita (current US$),NY.GDP.PCAP.CD,15841.2612359949,16609.8454536485,16723.6925253468,16695.7351137757,16671.3403391655,17032.3356620744,17400.1637780186,18005.7165850772,19423.3352430175,19540.2476579348,19847.2310127979,19426.3264002202,19809.8223170482,19721.292182955,19623.0300713664,19361.8129630226,18944.0962772875,18938.2440965187,19119.1244887029,19220.6865793075
Curacao,CUW,Population density (people per sq. km of land area),EN.POP.DNST,..,..,..,..,..,..,..,..,..,..,..,339.709459459459,342.540540540541,346.445945945946,351.146396396396,355.810810810811,359.603603603604,360.754504504504,358.864864864865,354.596846846847
Curacao,CUW,Urban population (% of total population),SP.URB.TOTL.IN.ZS,90.8692145662905,91.060147058155,91.0970316517813,91.1278267399674,91.1534053060108,91.1746923604573,91.1926129138527,91.2080919767428,91.2220545596735,91.2354256731905,91.2491303278397,91.2639416184104,91.2791300612311,91.2938785868797,91.3082030810948,91.3220471649755,91.3353544596205,91.3480685861287,91.3601331655991,91.3714918191305
Curacao,CUW,"Industry (including construction), value added (% of GDP)",NV.IND.TOTL.ZS,14.7899219306528,17.4657123656503,16.5039464506558,15.483181105965,15.02736671908,15.4098404091381,16.0921965506674,16.3959922621749,15.2140225018826,16.9450402530542,15.0197289233141,13.6386620146608,13.7863246725506,15.3389624484324,16.3585494364432,16.5035976098599,17.1537622222003,15.4098974290629,14.4127503636018,13.2746383749834
Curacao,CUW,Trade (% of GDP),NE.TRD.GNFS.ZS,..,..,..,..,..,134.911459782692,144.555511068893,146.049122473292,166.739541731544,144.702341659916,143.932211823816,172.923417836707,183.236460764441,166.406148932184,164.359817499142,148.31381621544,139.052978198311,139.812449178121,155.268858003963,..
Curacao,CUW,Renewable energy consumption (% of total final energy consumption),EG.FEC.RNEW.ZS,0.1,0.6,0.6,0.6,0.6,0.6,0.6,0.6,0.5,0.5,0.5,0.5,0.6,1.1,1.4,1.3,1.4,1.9,2.5,2.5
Curacao,CUW,Carbon dioxide (CO2) emissions excluding LULUCF per capita (t CO2e/capita),EN.GHG.CO2.PC.CE.AR5,..,..,..,..,..,..,..,..,..,..,..,..,..,..,..,..,..,..,..,..
Cyprus,CYP,"PM2.5 air pollution, mean annual exposure (micrograms per cubic meter)",EN.ATM.PM25.MC.M3,20.3070328790346,20.1814093119104,20.0359615757853,19.8757470128298,19.7058229652141,19.5312467751087,19.3234361835894,19.077613123502,18.8345412246726,18.6349841169269,18.5197054300908,18.4875017910321,16.876649443899,16.2406674925642,16.1114833623758,16.9122147785325,14.4813342529054,15.1071226081124,15.24949999422,15.0066614653737
Cyprus,CYP,GDP per capita (current US$),NY.GDP.PCAP.CD,14388.3525390625,14821.44921875,16093.2158203125,20252.24609375,23792.619140625,24959.26171875,26729.28125,31244.87890625,35397.296875,32236.44921875,31105.02734375,32485.798828125,28991.935546875,27764.73046875,26993.103515625,23088.44140625,24280.056640625,26247.44921875,29120.375,29227.173828125
Cyprus,CYP,Population density (people per sq. km of land area),EN.POP.DNST,102.561363636364,104.342748917749,106.21645021645,108.180735930736,110.159632034632,112.137554112554,114.114502164502,116.094588744589,118.076406926407,120.061796536797,122.058008658009,124.079329004329,126.125216450216,128.127164502165,130.065043290043,131.980735930736,133.88658008658,135.744047619048,137.525649350649,139.250108225108
Cyprus,CYP,Urban population (% of total population),SP.URB.TOTL.IN.ZS,68.7726966799379,68.8024068077544,68.7863589370716,68.7120973207373,68.5908141437316,68.4340674211981,68.2534151682801,68.0604154001212,67.8666261318649,67.6836053786548,67.5229111556342,67.3979892758544,67.3010289148738,67.2102333625375,67.1230558819804,67.0402477918073,66.9625604106231,66.8907450570326,66.8255530496405,66.7677357070518
Cyprus,CYP,"Industry (including construction), value added (% of GDP)",NV.IND.TOTL.ZS,17.6860389784449,17.3938040761177,17.9301859605063,18.0129342330248,18.067453251524,17.8911353003281,17.830157800694,18.1971192501955,17.8966297974596,15.9545009113836,14.4791152125979,12.7453636495298,11.7579854336711,10.7492783120679,9.97287676875997,10.1909463210663,10.836514879496,11.3472324007128,12.0224270287232,12.7890118881986
Cyprus,CYP,Trade (% of GDP),NE.TRD.GNFS.ZS,137.494903248556,131.849067868114,123.64133212338,114.004632981485,113.903613489207,111.917065271958,109.806498040343,111.275122844623,112.925930874708,102.7910918992,108.901699269523,110.617131287039,112.344273297273,120.926200639389,130.84436307939,137.276426477193,139.022098457248,148.013355558135,147.623567410054,150.506169561162
Cyprus,CYP,Renewable energy consumption (% of total final energy consumption),EG.FEC.RNEW.ZS,3.1,3,3.2,3.2,3.3,3.4,3.5,4.3,5.7,6.3,6.5,7.6,8.6,9.7,9.5,10.4,10.3,10.9,12,12
Cyprus,CYP,Carbon dioxide (CO2) emissions excluding LULUCF per capita (t CO2e/capita),EN.GHG.CO2.PC.CE.AR5,7.52680002574744,7.25889846462136,7.31170524942941,7.84731740013405,7.65231487166892,7.63016201306566,7.59803038263763,7.74568058214957,7.78551565223927,7.47035932974632,7.01719074742689,6.67871500305715,6.11139379970946,5.440262861149,5.67256975156453,5.62213100101517,5.83770911607033,5.87048294831676,5.67702050070156,5.60889302704421
Czechia,CZE,"PM2.5 air pollution, mean annual exposure (micrograms per cubic meter)",EN.ATM.PM25.MC.M3,20.464169154237,20.693902558972,21.1574850932414,21.6912502267081,22.1315314290352,22.3146621698858,22.1683099349838,21.819301739304,21.402710346385,21.0536085197657,20.907069022985,21.0141184753393,19.2882808825023,18.9336384922511,18.3617483140192,17.8128111083862,16.9928991704268,16.9432784272519,17.3467438168398,14.2336874017967
Czechia,CZE,GDP per capita (current US$),NY.GDP.PCAP.CD,6062.92152842793,6669.07494847497,8101.26018588111,9852.45677945801,11782.5546676117,13442.4916284309,15259.0788162004,18452.6532812196,22774.7045076205,19817.4215836554,20160.4355077059,22049.1080788682,20014.0354015165,20260.4954999375,20038.4163180257,17931.5987670768,18753.9686718096,20913.197632212,23705.9329811299,24062.7190013343
Czechia,CZE,Population density (people per sq. km of land area),EN.POP.DNST,132.717264138734,132.219554807817,131.96474699107,131.926983305293,131.984222107171,132.166916903961,132.542459546926,133.318161812298,134.445921802175,135.214085965821,135.626181535673,135.90687556649,136.097177262722,136.159958559959,136.30337995338,136.589288952208,136.851858567543,137.21587877218,137.675534257221,138.226810266108
Czechia,CZE,Urban population (% of total population),SP.URB.TOTL.IN.ZS,74.0038256456769,73.9131752504002,73.8360067578753,73.7649150201353,73.6991647167017,73.6375545423198,73.578883191735,73.5219493596925,73.4655517409377,73.4084890302159,73.3495599222723,73.2878338394746,73.2249239592898,73.1622186934979,73.0995921041469,73.0370442874355,72.9745753395623,72.9121853567256,72.8498744351241,72.7876426709563
Czechia,CZE,"Industry (including construction), value added (% of GDP)",NV.IND.TOTL.ZS,33.3054131766471,33.7406533635544,33.0610183304209,32.2100439891755,33.4524157670713,33.5317423512837,34.2768164992188,34.147619592136,33.6216094655094,32.9918730301951,32.7825374564339,33.3153047782183,32.6118775656289,32.3750644937133,33.5256056944841,33.515061761941,33.0261220764687,32.2345069182507,31.2449402120943,30.8172927602906
Czechia,CZE,Trade (% of GDP),NE.TRD.GNFS.ZS,97.4983956327874,98.5368737300189,90.8792715456582,94.6468600665608,113.173975970415,121.191287316105,127.051015055016,129.876739504889,123.904809929948,113.049254784875,126.756480116798,136.750855542438,145.480195396935,145.502230624961,156.415122826886,154.018400997633,148.547004664435,147.750834854762,145.141717890789,138.154609993871
Czechia,CZE,Renewable energy consumption (% of total final energy consumption),EG.FEC.RNEW.ZS,5.9,6.3,7.3,6.7,7.1,7.5,7.9,8.3,9,10.2,10.9,12.2,12.8,13.9,14.8,14.8,14.8,14.5,14.7,15.9
Czechia,CZE,Carbon dioxide (CO2) emissions excluding LULUCF per capita (t CO2e/capita),EN.GHG.CO2.PC.CE.AR5,12.902573099746,12.9423815445542,12.4942776816049,12.8180719674459,12.8990092380177,12.6378778002542,12.7739538554172,12.8496660008304,12.1449804099396,11.4624026803688,11.551447766509,11.253602294493,10.8487615339863,10.41753532722,10.1886522126064,10.2684424579836,10.3928969863904,10.4187499138699,10.2865042924091,9.72456561033821
Denmark,DNK,"PM2.5 air pollution, mean annual exposure (micrograms per cubic meter)",EN.ATM.PM25.MC.M3,15.647778890228,15.395412363636,15.0817525522341,14.742653395412,14.4139688325594,14.1315528030661,13.8645243458452,13.5854420597073,13.3353192238882,13.1551691176237,13.0860050201498,13.3556789508458,10.811456086122,10.3963287855885,10.8104890765495,10.2267270069046,9.23431703209402,10.0945595167367,10.3539340590391,9.61197285377196
Denmark,DNK,GDP per capita (current US$),NY.GDP.PCAP.CD,30722.0251837567,30768.4775471112,33257.1622586509,40519.0974905924,46625.050098011,48925.8076698784,52119.1787984282,58631.6566433635,64616.6657583663,58412.7472358513,58104.5445594981,61809.737898222,58443.7747103968,61377.5940590412,62520.4509747011,53094.0133607574,54500.9260410217,57521.5514992225,61324.7665045565,59404.2663247723
Denmark,DNK,Population density (people per sq. km of land area),EN.POP.DNST,133.4904,133.969575,134.398275,134.76435,135.113075,135.4858,135.9318,136.53595,137.340525,138.077375,138.692075,139.2643,139.7893,140.3733,141.086875,142.087075,143.20025,144.1245,144.8409,145.36055
Denmark,DNK,Urban population (% of total population),SP.URB.TOTL.IN.ZS,85.0999984741211,85.188307882087,85.3000030517578,85.4199981689453,85.7130276911593,86.0059706832865,86.2501288149818,86.4251464366349,86.583137512207,86.7617653139929,86.8652420043945,87.1567653955846,87.2336196899414,87.5436524760432,87.6823985731907,87.7254056577329,87.6999969482422,88.0161943799509,88.1059762310689,88.2096490810669
Denmark,DNK,"Industry (including construction), value added (% of GDP)",NV.IND.TOTL.ZS,23.6797577866217,22.8976347853224,22.6551034070512,22.1695327851468,22.1370994736383,22.1118631886264,22.6855310952049,22.0583080495124,22.6089943597854,19.8459601671915,19.3679354644121,19.8459237938884,19.8506421545794,19.734359858156,19.4044479337978,19.5644428511085,20.2319629319966,20.4236252284711,20.5755636281273,20.6402200527554
Denmark,DNK,Trade (% of GDP),NE.TRD.GNFS.ZS,83.0420859548864,83.922664599029,84.4845925538271,80.7613001763544,82.0077308240144,89.3987952460671,97.4298607727841,100.047674594039,104.470310168489,89.3948566562728,94.3877282319057,102.012930474308,104.362280505171,103.612813249189,103.210859225139,105.130362453899,101.452783808643,104.215676920442,108.813985501909,111.891475065653
Denmark,DNK,Renewable energy consumption (% of total final energy consumption),EG.FEC.RNEW.ZS,10.7,11.1,11.9,12.7,14.4,16.1,15.3,17.7,18.5,19.3,21.2,23.8,26.9,27,30.2,32.5,32,35,34.6,37.2
Denmark,DNK,Carbon dioxide (CO2) emissions excluding LULUCF per capita (t CO2e/capita),EN.GHG.CO2.PC.CE.AR5,9.95378693898587,10.2155097528674,10.0932099016896,11.0731621530472,10.0130575815849,9.34585026622716,10.777426621291,9.86357439194586,9.21101037002735,8.7648139313193,8.75320381499808,7.80618220175594,6.9026384708987,7.18355983652162,6.41399137942491,5.99477468305967,6.2287600754887,5.81887534735593,5.78874820578994,5.17323991963432
Djibouti,DJI,"PM2.5 air pollution, mean annual exposure (micrograms per cubic meter)",EN.ATM.PM25.MC.M3,42.9159218505288,42.4652585898573,41.3895884356727,40.1033908297196,39.0211452137423,38.5573310294856,38.6480584553947,38.9566227288879,39.4882808801691,40.2482899394421,41.241906936911,44.8504343538823,49.9458902567221,47.8759603560518,42.8427623405981,45.1648934739259,44.0959715411584,44.0854038430172,43.0573056895078,39.7218573893781
Djibouti,DJI,GDP per capita (current US$),NY.GDP.PCAP.CD,737.612183644052,742.133791107063,743.013270420348,764.634465224597,806.261652944964,844.4483573908,898.464628136774,969.573220191902,1119.15233346969,1150.9375857489,1213.23352553429,1306.34552844977,1400.19357858954,2075.94498424748,2214.62084142432,2376.12554719873,2510.4300076241,2618.95521147369,2718.08338799203,2837.16902340932
Djibouti,DJI,Population density (people per sq. km of land area),EN.POP.DNST,32.2397756686799,33.2749352890423,34.3215703192407,35.0957290767903,35.639516824849,36.2022001725626,36.9182053494392,37.7276962899051,38.5131147540984,39.3238567730802,40.1316220880069,40.9213977566868,41.7060828300259,42.4859361518551,43.2578515962036,44.0169542709232,44.7650129421915,45.5065142364107,46.2416738567731,46.9676013805004
Djibouti,DJI,Urban population (% of total population),SP.URB.TOTL.IN.ZS,73.3486361649708,72.8935327252495,72.4503357641707,72.0304414068997,71.6452457786012,71.3061450044404,71.0245352095823,70.8118125191918,70.6793730584341,70.6383251554484,70.6486554782903,70.6776532458676,70.7266311335377,70.7969331287484,70.8899032189478,71.0068853915837,71.1492236341041,71.318261933957,71.5153442785902,71.7418146554518
Djibouti,DJI,"Industry (including construction), value added (% of GDP)",NV.IND.TOTL.ZS,..,..,..,..,..,..,..,..,..,..,..,..,..,11.3865800627511,11.612957172612,11.3951494809576,11.3387071221455,12.4061244543166,13.991615352663,14.6103467336685
Djibouti,DJI,Trade (% of GDP),NE.TRD.GNFS.ZS,..,..,..,..,..,..,..,..,..,..,..,..,..,347.720317058403,298.564535821251,268.363456254629,213.071998607921,305.967966403468,300.398900523844,320.93923036418
Djibouti,DJI,Renewable energy consumption (% of total final energy consumption),EG.FEC.RNEW.ZS,31.4,31.7,32.4,32.9,33.6,33.1,33,32.5,33.1,34.4,32.5,32,32.3,29.9,29.4,24.8,23.6,23.3,24.7,23.4
Djibouti,DJI,Carbon dioxide (CO2) emissions excluding LULUCF per capita (t CO2e/capita),EN.GHG.CO2.PC.CE.AR5,0.981643691172968,0.978850349987618,0.984069363754974,1.01644829438526,0.958088616236788,0.898629235897026,0.845443369901048,0.857834168831644,0.903852659358779,0.798988949312527,0.872452703625151,0.661108756660109,0.82337985015728,0.888889791475431,0.881106034903168,0.800048612533605,0.718448267388038,0.641423683758974,0.686269570717672,0.765677513458601
Dominica,DMA,"PM2.5 air pollution, mean annual exposure (micrograms per cubic meter)",EN.ATM.PM25.MC.M3,20.0245327007011,19.8322284401784,19.4522425816776,19.005845655251,18.6143081909513,18.3989007188307,18.3605921501588,18.3896757586464,18.4414086180074,18.4710478019561,18.4338503842066,18.0656281510706,18.6039506649296,19.0541863206737,19.2837003253437,21.0213905070044,21.0269310891431,20.1703226562748,20.3127256712935,20.0434244381572
Dominica,DMA,GDP per capita (current US$),NY.GDP.PCAP.CD,4867.39896323759,5527.51527300496,5488.02784969357,5447.44011496284,5778.83306546506,5695.22442394675,6055.78109574854,6459.03503689609,6971.32633839289,7487.49010395154,7549.61964680375,7705.40717248319,7528.51001990155,7822.21797211398,8131.74876096735,8282.59874702141,8802.56172041363,8224.64896571414,9215.3085405645,9491.14995962374
Dominica,DMA,Population density (people per sq. km of land area),EN.POP.DNST,91.348,91.0506666666667,91.156,91.3746666666667,91.532,91.6453333333333,91.7413333333333,91.796,91.8053333333333,91.8186666666667,91.812,92.0706666666667,92.1573333333333,92.9533333333333,93.8306666666667,93.88,92.808,91.328,90.8986666666667,90.5066666666667
Dominica,DMA,Urban population (% of total population),SP.URB.TOTL.IN.ZS,65.2352744316641,65.3586067945228,65.5209250395792,65.7244163144059,65.9653093849432,66.2400724917823,66.5451738755145,66.877081776731,67.232264436023,67.6071900939817,67.9983269911984,68.3978165602727,68.754609337094,69.119704197722,69.4907847110252,69.8679153463528,70.2511605730541,70.6405848604787,71.0362526779762,71.4382284948964
Dominica,DMA,"Industry (including construction), value added (% of GDP)",NV.IND.TOTL.ZS,15.8601463842642,20.7378697934553,21.9320066334992,17.6366125639906,16.8272462469191,16.0776967254217,16.4681516773035,16.1554158164328,14.5994243871575,13.1643405618567,13.542839229991,14.7847029833916,15.0217799795012,13.4469362528695,13.5409587791002,11.9415971243125,12.5108806035108,11.6477982459601,16.4273165670357,16.4478298361598
Dominica,DMA,Trade (% of GDP),NE.TRD.GNFS.ZS,..,..,..,..,..,..,..,..,..,..,..,..,..,..,..,..,..,..,..,..
Dominica,DMA,Renewable energy consumption (% of total final energy consumption),EG.FEC.RNEW.ZS,11.1,9.4,13.6,10.6,11.4,10,9.8,7.8,8,7.5,10.3,13.8,11.3,11.4,9.9,8.7,10.7,9.7,7.9,7.6
Dominica,DMA,Carbon dioxide (CO2) emissions excluding LULUCF per capita (t CO2e/capita),EN.GHG.CO2.PC.CE.AR5,0.791113835734408,0.798090440487348,0.719645442976875,0.817148443769973,0.871097903829626,0.856926702941776,0.908351015899776,1.09808706261711,1.06892845731548,1.0891031598513,1.12258383072656,0.861656988110582,0.785613009635695,0.859212508068565,0.950648686285933,1.02826303081949,1.11628307904491,1.01027797243635,1.04878692756769,1.26988803771361
Dominican Republic,DOM,"PM2.5 air pollution, mean annual exposure (micrograms per cubic meter)",EN.ATM.PM25.MC.M3,19.0738112994015,19.0126188238523,18.832373469996,18.5910355134394,18.3465652297896,18.1569228946537,18.0088110623915,17.8592437232185,17.7216483065249,17.6094522417012,17.5360829581378,17.4713311482988,17.6468205135185,17.6634551412186,18.9396637119659,19.9571847572804,19.2491722418682,19.1203299259262,19.5892802619564,19.4968181870994
Dominican Republic,DOM,GDP per capita (current US$),NY.GDP.PCAP.CD,2831.45883638033,2935.89367312668,3065.60329524196,2383.26171780393,2451.69161616569,3878.31206735244,4055.14270347371,4649.64558875814,5023.58513403515,4973.95186999952,5478.62470398954,5826.51014109195,6013.81965002603,6136.59429329301,6496.45166971142,6800.95309395474,7160.44200982307,7412.71571571512,7882.98221584944,8183.01623600375
Dominican Republic,DOM,Population density (people per sq. km of land area),EN.POP.DNST,177.689712274891,180.506789484579,183.238149451459,185.895673773546,188.468060442972,190.954957565721,193.359200993583,195.728793210515,198.160422272821,200.688573794245,203.274166839164,205.870854895467,208.453963982612,211.008755951149,213.527799627406,215.997288346098,218.410888014904,220.799896501759,223.18470296005,226.026774543851
Dominican Republic,DOM,Urban population (% of total population),SP.URB.TOTL.IN.ZS,61.3128549215919,62.2979450293469,63.2914022524877,64.426197134766,65.8914085229291,67.5759180469321,69.333853706035,71.0193434994977,72.4865154265802,73.5894974865426,74.1642773174177,74.2440389501301,74.2398679969568,74.2251359951216,74.1931533822153,74.1372305958285,74.0506780735522,73.926806252977,73.7589255716938,73.5403464672933
Dominican Republic,DOM,"Industry (including construction), value added (% of GDP)",NV.IND.TOTL.ZS,31.6704245093107,29.7327726328976,31.088108747831,31.8823029095459,31.8129445090859,30.2693576810614,31.1098612659885,30.5469468544139,29.3755031583439,27.3561708818325,27.2729956898842,27.543253721519,27.3630347889582,28.042816852784,28.3860007406051,26.9345632876959,25.8795514870557,25.7840049829017,26.9196437003489,27.3564369481505
Dominican Republic,DOM,Trade (% of GDP),NE.TRD.GNFS.ZS,79.3003930961432,70.5105678080061,68.7232829028777,84.4495031861592,81.3514229381911,61.6535587358027,63.7664826351505,61.229259153164,61.4285058325394,50.6509376792025,56.0573964175321,59.0692578401698,58.5062536731089,56.8137658014945,55.6601041506633,52.3471238667007,51.7306571245477,50.7595355508472,52.3351709577013,50.912982200697
Dominican Republic,DOM,Renewable energy consumption (% of total final energy consumption),EG.FEC.RNEW.ZS,19.1,18.9,17.9,18.9,20.7,19.4,18,17.9,17.7,17.3,16.9,16.8,16.5,16.6,17.3,14.9,15.3,16.9,15.9,14.4
Dominican Republic,DOM,Carbon dioxide (CO2) emissions excluding LULUCF per capita (t CO2e/capita),EN.GHG.CO2.PC.CE.AR5,2.21497893219978,2.19583469940138,2.374394715007,2.09259494333353,1.91386125173149,2.03684886147845,2.20308284293328,2.19492921592553,2.16443315822516,2.04647320109352,2.13109236851685,2.12429168575798,2.17318836341436,2.10753894045547,2.10372169025182,2.28789566173054,2.35715917178999,2.23015375777069,2.37696846787898,2.61257459696093
Early-demographic dividend,EAR,"PM2.5 air pollution, mean annual exposure (micrograms per cubic meter)",EN.ATM.PM25.MC.M3,47.8429611200725,47.9505525006675,48.036346042697,48.0570166113203,47.9748105578092,47.7481282620615,46.7960042156593,44.9775026318985,42.8853793487958,41.1218655314197,40.2693870598455,45.8484359960338,52.7613468155734,54.0335499973896,54.7311554832405,52.634264149191,53.0250907734294,48.0782735412804,48.9706788507683,44.1495122168698
Early-demographic dividend,EAR,GDP per capita (current US$),NY.GDP.PCAP.CD,1346.2395395696,1311.18270829395,1251.30296598532,1368.47911219559,1563.10591131168,1788.28350980842,2011.10903452871,2342.68810678142,2594.55632797993,2457.28657966372,2938.79859415379,3262.90999134968,3359.13086538369,3328.41752232259,3347.32555792556,3174.36962020929,3223.9805446069,3457.64943157186,3463.50882263374,3483.31545469615
Early-demographic dividend,EAR,Population density (people per sq. km of land area),EN.POP.DNST,75.6044104013335,77.017662871189,78.3909683143576,79.7530261092754,80.8325051329444,82.2031159963338,83.5796772703463,84.9538936563716,86.317587643204,87.6854105545023,89.0525525332427,90.4444620157787,91.8072245321802,93.1523170525683,94.4506290925745,95.7429697331358,97.0256299345761,98.2755925064534,99.4817619661395,100.705896897962
Early-demographic dividend,EAR,Urban population (% of total population),SP.URB.TOTL.IN.ZS,38.0803817655307,38.4624516015098,38.8449997668426,39.2372244886496,39.640743488933,40.0491199566483,40.4596760928047,40.8566741985846,41.2894669444167,41.7208534147391,42.1325153327682,42.55386928757,43.0048413961797,43.5232298113552,44.0073800418903,44.4503233893376,44.8097968515725,45.1249360555588,45.4349772935468,45.7649596058874
Early-demographic dividend,EAR,"Industry (including construction), value added (% of GDP)",NV.IND.TOTL.ZS,33.7381883349497,33.176389461389,34.2466944969771,33.8438259726734,35.0450922566118,36.3205303112042,37.4544160282473,37.129067953699,38.460712106263,35.1421080590433,35.7815608143166,36.6961238836623,36.3771682038298,35.6358900069927,34.8260901559493,32.4358048630215,31.947989808737,32.5172839307576,33.5732212487744,32.5854853967625
Early-demographic dividend,EAR,Trade (% of GDP),NE.TRD.GNFS.ZS,48.7709965948359,47.5958307124912,49.1012054577805,49.9539547086674,54.1592974980815,56.5589782626148,57.9537592611841,58.2473815100009,61.2736289326359,53.2877790028952,54.8315323303574,58.0638147627474,57.7433661405682,56.6688112532542,55.0023236880475,51.0526136140885,48.6955201383382,50.6972262430871,54.6258922827951,52.213676612133
Early-demographic dividend,EAR,Renewable energy consumption (% of total final energy consumption),EG.FEC.RNEW.ZS,30.4115078474481,30.2824344933359,29.6019530457092,29.033800310868,28.3764922132302,27.8795150462726,27.1651772172781,26.2096590198511,25.9491221333158,25.4129390516275,24.8615971543891,24.0855008274837,23.7687952198121,24.0275019293983,23.4924369677916,23.2788830905664,23.2789953267586,22.9476250496601,23.0553629444334,23.4235915027361
Early-demographic dividend,EAR,Carbon dioxide (CO2) emissions excluding LULUCF per capita (t CO2e/capita),EN.GHG.CO2.PC.CE.AR5,1.65322501372533,1.65183810159944,1.67372641046833,1.71450590265813,1.77960530826857,1.82588565073927,1.89253355001028,1.97042433177719,2.01353644127267,2.02076563233461,2.09018483671092,2.13572777035487,2.21417129401198,2.20096155382828,2.27180089363971,2.27042313979255,2.27572767470134,2.34041885787167,2.34914194747078,2.34551136850619
East Asia & Pacific,EAS,"PM2.5 air pollution, mean annual exposure (micrograms per cubic meter)",EN.ATM.PM25.MC.M3,41.1191835082209,41.254464265853,41.401094794563,41.5101858029036,41.5354260714692,41.4250703683952,40.9081134932822,39.9439753857116,38.8224786898169,37.8309274930731,37.2454490969093,38.964834163824,37.501236895679,44.2717616988735,41.2176331651336,38.662681585848,36.369601113891,35.1596789432553,32.2676934652667,30.8216942002688
East Asia & Pacific,EAS,GDP per capita (current US$),NY.GDP.PCAP.CD,4103.33628080966,3783.30921974687,3813.81685560294,4162.83398166818,4634.6623943391,4910.91472643792,5170.318905428,5739.38750773872,6569.11576512158,6713.65045131004,7784.344658223,8955.74869819951,9507.12974075371,9553.8618750751,9793.53363771993,9691.70576095154,9965.00400107685,10566.2828244863,11438.8584591418,11622.8915284736
East Asia & Pacific,EAS,Population density (people per sq. km of land area),EN.POP.DNST,83.8610283923368,84.6180209072522,85.3339979051621,85.9898625903736,86.6447901055722,87.2821829617991,87.9299461993076,88.5992481515687,89.2704344580735,89.9112402589462,90.541816346644,91.2047609541949,91.9505053157009,92.6875501269335,93.3939861708619,94.0667650140412,94.6937276463779,95.3640917843833,95.9404015370252,96.4380766594786
East Asia & Pacific,EAS,Urban population (% of total population),SP.URB.TOTL.IN.ZS,41.6343413119014,42.615489470344,43.7684853220953,44.9513109057327,46.0139133803762,47.0408499812646,48.1178518187495,49.3049109425273,50.2178679776185,51.2691603606568,52.0187036677998,53.7652047882868,54.6999640125725,55.6959158950493,56.6126794721138,57.7233143419672,58.7921942331022,59.8037083838459,60.8515259788814,61.7435560127223
East Asia & Pacific,EAS,"Industry (including construction), value added (% of GDP)",NV.IND.TOTL.ZS,33.9745321012076,33.1573928219306,32.9947961087989,33.2549514287314,33.5666045524572,34.1271876721872,34.8386768802455,35.2488758702688,35.4218211158598,34.8812037407776,35.6584191427883,35.7021564366643,35.5253620649796,35.6725373092568,35.8037390534085,35.0997240379964,34.3088280843799,34.7819980816094,34.9284460779112,34.1907056654117
East Asia & Pacific,EAS,Trade (% of GDP),NE.TRD.GNFS.ZS,52.4929449790347,51.2044034205677,52.7260317632784,58.2127627171281,64.7135123281802,67.2266375708886,69.657975853854,68.8974872614115,69.3381079119863,57.2786608831391,62.4576577394419,64.6346274652362,63.2211856809911,62.45604909842,61.4953749356065,55.9752061347854,52.3453171319671,54.2944579632799,55.2969571267884,53.0312724740941
East Asia & Pacific,EAS,Renewable energy consumption (% of total final energy consumption),EG.FEC.RNEW.ZS,22.4699992122275,21.7860879921779,21.1665092061506,19.8363938905982,17.9775346321832,16.4297576010523,15.9686753943731,15.0789487832137,14.735235141223,14.2636176245449,13.434787598045,12.7263364615484,12.7952806131987,12.807588042962,13.1772220799983,12.9820393664344,13.3311956056945,13.5844394239657,13.7870493058758,14.2375892668268
East Asia & Pacific,EAS,Carbon dioxide (CO2) emissions excluding LULUCF per capita (t CO2e/capita),EN.GHG.CO2.PC.CE.AR5,3.29458155101208,3.37533083666071,3.54131258790211,3.85738325374365,4.21050109862321,4.55307793288689,4.85228375111041,5.14665987964942,5.19942886939859,5.3996691604112,5.81654975558353,6.21926979429324,6.34131468170175,6.51542193314512,6.52225101968073,6.42689753242251,6.41015459262032,6.50728334868125,6.7326608826646,6.8464646686446
East Asia & Pacific (excluding high income),EAP,"PM2.5 air pollution, mean annual exposure (micrograms per cubic meter)",EN.ATM.PM25.MC.M3,44.1662564434611,44.3132582798854,44.4806618446651,44.6108958482543,44.6478106653988,44.5335235491627,43.9806526450446,42.9469514014394,41.7402325787135,40.6630596862991,40.0103279040027,41.7255565766074,40.0312274341957,47.4474996906878,43.9852937358695,41.247982713486,38.7050639380817,37.3351290826327,34.1392898734206,32.5213604698266
East Asia & Pacific (excluding high income),EAP,GDP per capita (current US$),NY.GDP.PCAP.CD,961.301422369963,1014.52467003618,1113.99915249896,1251.27771535816,1439.93214543391,1653.67913605181,1976.63130651455,2481.38704492063,3117.83131105355,3359.51721584875,4057.86521472833,4913.89394942906,5434.82527120289,5952.7689297214,6373.64846984799,6589.77076427462,6683.18386700353,7241.92533864361,8045.94630458507,8286.3981179292
East Asia & Pacific (excluding high income),EAP,Population density (people per sq. km of land area),EN.POP.DNST,113.8692161427,114.948848125012,115.979292636256,116.915793940812,117.873684186311,118.803384208304,119.728065264991,120.679234154656,121.624879230522,122.545457709395,123.455331524104,124.425348644058,125.517256762924,126.602516818691,127.633880213556,128.613801730869,129.581742367703,130.567654797603,131.409868337961,132.134925461608
East Asia & Pacific (excluding high income),EAP,Urban population (% of total population),SP.URB.TOTL.IN.ZS,36.7098568881928,37.7841855057617,38.9962842264541,40.212083972774,41.2783334979221,42.3396914809038,43.4769730591545,44.7353095541115,45.6933496616839,46.8344355218795,47.6560812444264,49.6140488674567,50.6757055422017,51.8122190695644,52.8565756064242,54.1114656751357,55.3186115241997,56.4654638258327,57.6502705350874,58.6555692756585
East Asia & Pacific (excluding high income),EAP,"Industry (including construction), value added (% of GDP)",NV.IND.TOTL.ZS,43.3980504223689,43.4231966303359,43.1719041715477,43.7350988335656,44.1448119131641,45.1086466513726,45.5815165942985,45.0174495670723,45.2187045216171,44.2473368542596,44.2135666803346,44.407435293865,43.5394059061259,42.4277987793817,41.5242462880759,39.4966443487951,38.3761567102292,38.6886137427269,38.6296835864233,37.5151599065249
East Asia & Pacific (excluding high income),EAP,Trade (% of GDP),NE.TRD.GNFS.ZS,50.7391211816981,49.3996019754269,51.8954849418292,59.0380544033163,66.6157542747514,69.083574503904,70.324349676174,67.9425201146739,64.1679361949614,51.5537588488543,56.1481865080446,56.8065017577975,54.3674047518243,52.7617829667611,51.1435906351298,46.0352711694193,43.4661834303896,44.7719419402175,45.0725672746999,42.68001465761
East Asia & Pacific (excluding high income),EAP,Renewable energy consumption (% of total final energy consumption),EG.FEC.RNEW.ZS,31.6527774362387,30.4766600589993,29.2833650336476,26.642756693053,23.2719848484571,20.7412125979338,19.7794500219053,18.442744793017,17.7862359678226,16.97060416335,15.7296949227323,14.7055801193074,14.7136828117177,14.6049166091883,14.8403680079479,14.5349935193322,14.9330102136904,15.1598217902853,15.2617412584325,15.6869369882801
East Asia & Pacific (excluding high income),EAP,Carbon dioxide (CO2) emissions excluding LULUCF per capita (t CO2e/capita),EN.GHG.CO2.PC.CE.AR5,2.46536037993299,2.56176205126637,2.72437122952603,3.07461623107266,3.46303280644141,3.84561991877033,4.18936745129756,4.49082287984058,4.58671691508385,4.84328525865724,5.24990739192369,5.65774152841963,5.78131370124571,5.97762312203748,6.02446626280268,5.93749878650864,5.92120471537406,6.03063050404931,6.30349613208098,6.46382495043622
East Asia & Pacific (IDA & IBRD countries),TEA,"PM2.5 air pollution, mean annual exposure (micrograms per cubic meter)",EN.ATM.PM25.MC.M3,44.2131990295726,44.3597957285347,44.5269409741574,44.6571690245973,44.6943801440238,44.5806359496558,44.0296106706025,42.9990362185337,41.795148005774,40.7188857570673,40.0634265970976,41.7587992298908,40.0620882423378,47.464071431628,43.982061067001,41.2312562979365,38.7056534681092,37.3117392961056,34.1381780146109,32.5384445958213
East Asia & Pacific (IDA & IBRD countries),TEA,GDP per capita (current US$),NY.GDP.PCAP.CD,972.833173916046,1026.6492096959,1127.25093374819,1266.10778867241,1456.96694694124,1673.19096529507,1999.86070779606,2510.42261993326,3154.16872851062,3398.52989667846,4104.80262362259,4970.50535493565,5497.15517271917,6020.72398510662,6446.1361235924,6664.48834577557,6758.74365728701,7323.51364847919,8136.37041895137,8379.36503263574
East Asia & Pacific (IDA & IBRD countries),TEA,Population density (people per sq. km of land area),EN.POP.DNST,113.239732891779,114.318114989172,115.348226976538,116.282856429,117.237609924872,118.165527105702,119.089234291532,120.039884645085,120.985207739425,121.905557589463,122.815438556154,123.785798668121,124.878776695313,125.964807846466,126.996322772836,127.975847866414,128.943356299366,129.92920605548,130.770644859426,131.494477158156
East Asia & Pacific (IDA & IBRD countries),TEA,Urban population (% of total population),SP.URB.TOTL.IN.ZS,36.4112152794795,37.4998031396625,38.727969853251,39.9594527891421,41.0390521054045,42.1137697479925,43.2653326652269,44.5393583519821,45.5089965028552,46.6637045085209,47.4944410556877,49.4756973637545,50.5489604205707,51.6977521381035,52.7530227342422,54.0210877061728,55.240567924451,56.3988367330046,57.595296727158,58.6098141698239
East Asia & Pacific (IDA & IBRD countries),TEA,"Industry (including construction), value added (% of GDP)",NV.IND.TOTL.ZS,43.3882112604009,43.4137940235821,43.1630855292714,43.7261502511067,44.1357210013634,45.0993224171988,45.572385606038,45.008850583058,45.2102390125136,44.2391855711414,44.205670219351,44.3995550338523,43.5315808583562,42.4202748554134,41.5168791060311,39.4896311083617,38.369337572609,38.6817696353986,38.6229156454481,37.5086771406524
East Asia & Pacific (IDA & IBRD countries),TEA,Trade (% of GDP),NE.TRD.GNFS.ZS,50.7391211816981,49.399601975427,51.8954849418292,59.0380544033162,66.6157542747514,69.0846377922373,70.3255488932353,67.9435243092329,64.1703554981392,51.5560642674388,56.1500458431538,56.808989355152,54.3700360089716,52.765075443476,51.1472047708159,46.0386687646244,43.4691580089263,44.7746517907454,45.0751686963502,42.6828078908221
East Asia & Pacific (IDA & IBRD countries),TEA,Renewable energy consumption (% of total final energy consumption),EG.FEC.RNEW.ZS,32.0473838064782,30.8543840241225,29.6069654396592,26.9036923956426,23.4592336952789,20.8868291125453,19.9088668343395,18.5148999605136,17.8640720779668,17.0208227881363,15.7610889736946,14.7046669134649,14.7099408406947,14.5828878425143,14.8262934267536,14.5102816361425,14.9020380294471,15.1902273112057,15.2801719188239,15.7206717226655
East Asia & Pacific (IDA & IBRD countries),TEA,Carbon dioxide (CO2) emissions excluding LULUCF per capita (t CO2e/capita),EN.GHG.CO2.PC.CE.AR5,2.45789026810541,2.5543822832626,2.7206269512185,3.07500298096998,3.46781346061868,3.85399679542643,4.20157558284545,4.513898432829,4.60774995315397,4.86957891001162,5.28280186102213,5.70529464116961,5.83187286125212,6.03524365552768,6.08045545163767,5.99670790153029,5.97844881963991,6.07097834515506,6.35078087847344,6.50982542987854
Ecuador,ECU,"PM2.5 air pollution, mean annual exposure (micrograms per cubic meter)",EN.ATM.PM25.MC.M3,43.2126751514231,43.1110715739064,43.0813974104958,43.0473470554907,42.9326149031908,42.6608953478956,40.6649998941415,36.2866971643751,30.8131172297608,25.5313901614633,21.7286460306471,19.5919330091265,20.8650376880852,19.8592620729833,20.2791788990402,20.1729639726852,20.7399169622061,19.2459328647667,18.386683414634,17.769931645036
Ecuador,ECU,GDP per capita (current US$),NY.GDP.PCAP.CD,1382.23421759909,1791.30359685037,2059.1585535974,2315.62215223014,2586.20914663347,2909.02606014388,3243.67010359339,3478.92488770671,4194.75750661981,4053.36331139298,4520.30959039763,5153.6916424375,5634.08393191094,6109.29031510341,6405.79979300441,5976.1596805651,5917.63771271481,6233.32244797718,6303.91886658338,6205.05765246766
Ecuador,ECU,Population density (people per sq. km of land area),EN.POP.DNST,51.0919874375906,51.9839748751812,52.9009180222258,53.8424303430504,54.7942543082622,55.7503744564342,56.7165847962635,57.6935617651796,58.6857867611532,59.6954179416975,60.7050048316959,61.7097237880496,62.700088581092,63.6460299565147,64.5640360766629,65.4945442100177,66.4565107102593,67.4807497181511,68.6485223063295,69.8180906748269
Ecuador,ECU,Urban population (% of total population),SP.URB.TOTL.IN.ZS,60.6865005107058,61.0123544006659,61.2871268050958,61.5418469886978,61.7829573274038,62.0068704145716,62.2099988435587,62.3887552077227,62.5395521004212,62.6588021150118,62.7405258611644,62.7949053547691,62.8408732819135,62.8837286624122,62.9232432195799,62.959188676731,62.9913367571804,63.0194591842425,63.0433276812321,63.0627139714638
Ecuador,ECU,"Industry (including construction), value added (% of GDP)",NV.IND.TOTL.ZS,34.6929113152167,28.4638100268279,27.9809746339912,27.5468648555501,29.6637383769892,32.1244730702211,34.7933483797009,35.4352292862054,38.9201614839835,31.0916213331503,33.9061751825852,37.4057005178901,37.0917503800762,36.8322936524171,35.7119955282529,28.0900423392523,27.5339637947157,28.4680086969835,28.0147488586162,26.6504631266844
Ecuador,ECU,Trade (% of GDP),NE.TRD.GNFS.ZS,65.4042953826391,56.128486744205,54.7966439366136,52.3575426975979,56.0745467239942,61.9581507902572,65.8423556166562,68.8505854462677,74.5902963648439,57.3473460627608,65.7773849135062,70.0356837525249,67.0029290916898,63.4333003342414,61.4263766217565,47.8280397077826,40.5344917996647,43.6177233172817,48.0093476154836,48.0828494933307
Ecuador,ECU,Renewable energy consumption (% of total final energy consumption),EG.FEC.RNEW.ZS,19.4,17.1,17.1,16.6,16.7,16.2,14.2,15.9,15.3,12.9,11.8,13.2,13.2,11.8,12.2,13.1,14.8,17,16.3,17.7
Ecuador,ECU,Carbon dioxide (CO2) emissions excluding LULUCF per capita (t CO2e/capita),EN.GHG.CO2.PC.CE.AR5,1.73867458688905,1.88347840635006,1.84934747358749,1.86512333773995,1.96681520153907,2.08473639953538,2.19912763838417,2.20911448593679,2.24142348078606,2.38705043871039,2.53722052479008,2.50021091296638,2.48269447452299,2.60378102840693,2.71026279559796,2.66047592480738,2.548787986578,2.44983761168802,2.47598953802116,2.41784020907472
"Egypt, Arab Rep.",EGY,"PM2.5 air pollution, mean annual exposure (micrograms per cubic meter)",EN.ATM.PM25.MC.M3,59.9928979498542,60.0815905937601,60.3326484423888,60.7246100249955,61.2360138708351,61.8453985091626,63.7829449518881,67.4614819486479,71.6335196352872,75.0515681476511,76.4681376215846,62.0486163821917,61.7247558733889,70.1484599687517,66.1214960792046,67.6489631610219,61.4577552982506,58.9353384135579,65.4631301601869,67.7529020891301
"Egypt, Arab Rep.",EGY,GDP per capita (current US$),NY.GDP.PCAP.CD,1366.09274372613,1295.1374184163,1116.82884626213,1031.27556291284,991.255689145253,1105.53920713903,1298.97900203124,1547.74170735909,1896.21594269779,2161.63964573927,2455.08194645282,2590.64384891965,2996.0677072015,3025.52563552448,3133.39102265541,3306.98159414141,3270.6287768197,2395.10333299491,2484.70315630508,2962.98892023003
"Egypt, Arab Rep.",EGY,Population density (people per sq. km of land area),EN.POP.DNST,73.4173328645336,74.9932482796725,76.587610628359,78.2094007735195,79.8407182681199,81.4717002360741,83.0784097644281,84.6614345270983,86.2572595308654,87.9015882264303,89.6037691496308,91.5094268923602,93.5868210357125,95.7693033301522,97.9744376914963,100.052581244663,102.109185795369,104.170030639409,106.165145411623,108.044761665578
"Egypt, Arab Rep.",EGY,Urban population (% of total population),SP.URB.TOTL.IN.ZS,42.7339398932519,42.7835506765333,42.8347629483917,42.8834685533792,42.9255593360476,42.9569271409488,42.9729991680104,42.9729666344509,42.9608989120873,42.9383470624904,42.9057175520154,42.8634168470177,42.8118514138525,42.7514277188751,42.6825522284408,42.6056314089048,42.5210717266225,42.4486008687179,42.4577177449969,42.4812027332648
"Egypt, Arab Rep.",EGY,"Industry (including construction), value added (% of GDP)",NV.IND.TOTL.ZS,30.7518670979124,30.8988569835517,32.5835048825548,33.3705868263473,34.6679167525242,34.1486722376973,36.1547353084021,35.0653866809882,36.2125516471245,35.8164459796584,35.7845184816841,35.9517175990081,39.2513148623634,39.8869544184046,39.890323943662,36.6302017267482,32.4559533476046,34.3958677753768,35.3298750589345,35.8254244102931
"Egypt, Arab Rep.",EGY,Trade (% of GDP),NE.TRD.GNFS.ZS,39.0179359012055,39.8104265402844,40.9870678279229,46.1796407185629,57.8199052132701,62.9526462395543,61.5185365063947,65.077873254565,71.6806253489671,56.5534446363462,47.9363500745898,45.2556341623514,40.7117692721084,40.373038056332,36.9201877934272,34.8459429600229,30.2465490514505,42.8321343581608,45.9110196733959,41.1240171551108
"Egypt, Arab Rep.",EGY,Renewable energy consumption (% of total final energy consumption),EG.FEC.RNEW.ZS,8.3,7.8,7.3,7.4,7.6,6.5,6.2,6,5.9,5.7,5.4,5.4,5.3,5.3,5.4,5.3,5.1,4.9,5,6.2
"Egypt, Arab Rep.",EGY,Carbon dioxide (CO2) emissions excluding LULUCF per capita (t CO2e/capita),EN.GHG.CO2.PC.CE.AR5,1.75027301728806,1.89148509278964,1.90141842765088,1.89914658738482,2.0184066565906,2.1995658648073,2.28386190572735,2.39637572755543,2.35283522329508,2.40386934022582,2.37407988100642,2.40787061503775,2.50058176167515,2.39951090462348,2.39012321445552,2.40381816615146,2.46076060182603,2.52378641552398,2.42443152195678,2.20383858928624
El Salvador,SLV,"PM2.5 air pollution, mean annual exposure (micrograms per cubic meter)",EN.ATM.PM25.MC.M3,32.8863851082494,32.370418643123,31.3515689349669,30.0717063191467,28.772701131028,27.6964237059766,26.7283220814392,25.6985915806074,24.7662234674635,24.09020900599,23.8295394601694,27.5567469396669,24.2617826031933,25.8009636408055,23.5624481373706,23.9410831694199,22.7554051143461,22.1065954946575,21.0853412269847,18.2675885826061
El Salvador,SLV,GDP per capita (current US$),NY.GDP.PCAP.CD,1982.87093542615,2058.04459070452,2115.41187355626,2207.83089518069,2285.68907438892,2447.39140845394,2665.61807194853,2830.65693770733,2983.24829577976,2910.18651752011,3040.07300952878,3330.60049486653,3497.91256915509,3582.26694005169,3666.01248913873,3790.34089108162,3901.34014965811,4020.12671373919,4183.54620971358,4320.11671534627
El Salvador,SLV,Population density (people per sq. km of land area),EN.POP.DNST,286.841988416988,288.033783783784,288.930067567568,289.507673745174,289.800723938224,289.844498069498,289.68721042471,290.049420849421,290.989237451737,291.905357142857,292.86916023166,293.925048262548,295.076013513513,296.276013513514,297.439913127413,298.439961389961,299.266409266409,299.880936293436,300.183735521236,300.304922779923
El Salvador,SLV,Urban population (% of total population),SP.URB.TOTL.IN.ZS,56.5638569810457,57.4526760394716,58.3486233966841,59.2468576589718,60.1425374326239,61.0308213239291,61.9068679391763,62.7676878093683,63.6372503452723,64.5299047495248,65.4327927543162,66.334413642034,67.2232666950659,68.0878511957995,68.9166664266223,69.6982116699219,70.3990173339844,71.0856704711914,71.7577209472656,72.4148941040039
El Salvador,SLV,"Industry (including construction), value added (% of GDP)",NV.IND.TOTL.ZS,26.8777211081236,27.0779450585016,27.2751357818747,26.9525306163395,25.6039214354494,24.4712886106953,24.4717932435785,24.5219333695828,25.8812946540508,24.9700311675857,25.2759118643186,26.1954132809565,26.589358065851,26.1216427113687,26.0135339989829,25.2889295441979,24.8348278708617,25.1714727339037,25.0755067570813,25.3481437171191
El Salvador,SLV,Trade (% of GDP),NE.TRD.GNFS.ZS,68.7100889044911,65.8907385362251,65.9190907767708,68.23698247861,69.7822641767691,69.7158116750578,73.4555675070266,77.6210560347995,80.6659739399085,66.0711911744487,73.5372876725398,79.2766437025052,77.6485716222883,80.4511944908271,78.1044257477935,76.5602707370519,72.8190933731491,74.3046511916519,75.6336168879956,76.0420130991468
El Salvador,SLV,Renewable energy consumption (% of total final energy consumption),EG.FEC.RNEW.ZS,33.5,33.1,34,33.9,33.3,34.1,34.8,28.2,31.5,32.2,32.6,29.5,30.3,27.5,24,21,20.7,25,23.2,19.4
El Salvador,SLV,Carbon dioxide (CO2) emissions excluding LULUCF per capita (t CO2e/capita),EN.GHG.CO2.PC.CE.AR5,0.975676073120854,1.01143420139878,1.01123653687692,1.09683944534382,1.13733125428521,1.17101134978182,1.23104086937065,1.29431410969772,1.17600775015727,1.14057238430965,1.10817799335525,1.15322718229029,1.14454180790729,1.080823263161,1.10571957770258,1.17485133438427,1.18183137659657,1.06736376872868,1.14186822838715,1.30285851671355
Equatorial Guinea,GNQ,"PM2.5 air pollution, mean annual exposure (micrograms per cubic meter)",EN.ATM.PM25.MC.M3,36.2092084679716,35.6237081613021,34.2165652476179,32.5118032226669,31.0334455821968,30.3055158219553,30.1377642234973,29.9959831470343,29.8882592062992,29.8226790150251,29.8073291869447,30.9097483573422,30.2700780563152,29.5859759824635,29.8573749067307,38.4946753401213,36.5313373748734,32.7521931809298,31.3913053457764,31.5523784625482
Equatorial Guinea,GNQ,GDP per capita (current US$),NY.GDP.PCAP.CD,1487.3165506701,1948.61145907844,2264.21065580365,2930.60183743733,4901.30127408119,8673.9026086535,10184.8841248541,12616.9532942011,18210.5552970599,13232.5019378102,13720.1658723222,17198.2136668275,17308.5723924575,16304.0713196418,15548.6624656619,9068.91003238645,7453.19797948517,7809.10465655488,8102.47084834031,6804.14923073888
Equatorial Guinea,GNQ,Population density (people per sq. km of land area),EN.POP.DNST,25.0723351158645,26.7321212121212,28.4476648841355,30.2268092691622,32.0826024955437,33.7742245989305,35.3063458110517,36.935614973262,38.6641711229947,40.4874509803922,42.3916221033868,44.272192513369,46.1134759358289,47.9935115864528,49.9047415329768,51.8332620320856,53.7677718360071,55.7003921568627,57.6264527629233,59.5428520499109
Equatorial Guinea,GNQ,Urban population (% of total population),SP.URB.TOTL.IN.ZS,38.8154587133988,38.8638365386531,39.1969150391705,39.895902485648,40.9304009672368,42.2814597171299,43.9301279685204,45.8574549546013,48.0444899085658,50.4722820636069,53.1218806529176,55.9743349096911,59.0106940671203,62.2120073583984,65.5593240167184,68.951270615355,69.253269853051,69.5516019132985,69.8396623666175,70.1175419547293
Equatorial Guinea,GNQ,"Industry (including construction), value added (% of GDP)",NV.IND.TOTL.ZS,..,..,..,..,..,..,82.9149022419933,81.3016985801085,84.3491943279293,75.3247324271881,74.7445614275894,78.0648736933954,77.3115042713314,72.4492577432395,70.1909452181904,59.1005872679086,52.3302543282798,56.8622280929059,57.2950816179221,52.0754100364789
Equatorial Guinea,GNQ,Trade (% of GDP),NE.TRD.GNFS.ZS,..,..,..,..,..,131.02447181321,118.532782368937,134.083789857569,128.688006601458,122.212077110801,144.668225001248,114.37734663649,116.675422472364,106.893284926066,104.379198671388,98.8780591680756,92.6007307237942,102.428258251803,103.645681622953,94.8787924253545
Equatorial Guinea,GNQ,Renewable energy consumption (% of total final energy consumption),EG.FEC.RNEW.ZS,45.9,46.1,31.3,29.5,7.2,7.1,7,8.5,7.2,9.2,5.7,5.6,4.4,3.7,4.9,5.5,4.8,5,4.8,7.4
Equatorial Guinea,GNQ,Carbon dioxide (CO2) emissions excluding LULUCF per capita (t CO2e/capita),EN.GHG.CO2.PC.CE.AR5,3.90257636016432,4.80185000453432,4.02553019774249,4.23488728118491,6.97831022194269,6.75102679320686,6.44857387793926,6.88812444259124,6.0917632522844,4.82339546682892,4.8069734291493,4.80007408391614,4.3371269664928,4.25139167653382,4.08471612226645,3.71883517902943,3.57336561935995,3.12788819223808,3.28825022178614,3.0669803260373
Eritrea,ERI,"PM2.5 air pollution, mean annual exposure (micrograms per cubic meter)",EN.ATM.PM25.MC.M3,43.5875022656422,43.2294261758956,42.3748453519965,41.3525620117836,40.4913783730953,40.1200966537702,40.1585888331385,40.2784930377592,40.4362607063139,40.5883432774844,40.6911921899525,40.8624855844964,42.9058422883202,43.4740446424338,35.7775635476002,41.1496360897538,39.6073262193782,41.4045411789422,41.5613821480188,36.2661285542054
Eritrea,ERI,GDP per capita (current US$),NY.GDP.PCAP.CD,314.357396753501,325.409161513593,304.775756465092,348.950327077742,426.840947887032,412.753079199423,447.997404727201,480.44762365456,490.066956003333,642.92572288007,539.699512069686,688.68165957684,..,..,..,..,..,..,..,..
Eritrea,ERI,Population density (people per sq. km of land area),EN.POP.DNST,22.2478316831683,22.8918712871287,23.6928514851485,24.6921089108911,21.4765054072847,21.9889099906246,22.3422474247986,22.6651485964038,23.2643755206101,23.8530992984597,24.3272910774296,24.7626561652109,25.0820517513238,25.3975905581196,25.572294764578,25.6468528978016,25.8074296058691,26.0206072238481,26.3695100817645,26.7606490641362
Eritrea,ERI,Urban population (% of total population),SP.URB.TOTL.IN.ZS,34.0983619689941,34.3253211975098,34.5420799255371,34.7451286315918,34.9324645996094,35.1022033691406,35.2525177001953,35.3820953369141,35.4897117614746,35.5742034912109,35.6346549987793,35.6706275939941,35.6824264526367,35.6713333129883,35.639720916748,35.591007232666,35.5254287719727,35.4427146911621,35.3451042175293,35.2352333068848
Eritrea,ERI,"Industry (including construction), value added (% of GDP)",NV.IND.TOTL.ZS,19.160680418751,18.5335104260986,19.1738449069837,19.69660113404,19.6127388525368,20.4623875049573,18.1529072515031,19.1952082293037,25.9146824489119,21.8193391437224,..,..,..,..,..,..,..,..,..,..
Eritrea,ERI,Trade (% of GDP),NE.TRD.GNFS.ZS,67.8813619265146,72.0627109589752,76.5901636574451,74.0078242901552,65.570906849032,61.1060310218073,45.2608460537354,34.5595595326375,30.5609500494496,27.9721416148149,37.4714654565691,47.3937901188684,..,..,..,..,..,..,..,..
Eritrea,ERI,Renewable energy consumption (% of total final energy consumption),EG.FEC.RNEW.ZS,76.8,74.8,74.7,75,69.8,74.7,77.3,79.1,81.4,81.7,80.9,77.1,78.4,79.7,80.5,81.2,81.4,81.6,80.8,80.6
Eritrea,ERI,Carbon dioxide (CO2) emissions excluding LULUCF per capita (t CO2e/capita),EN.GHG.CO2.PC.CE.AR5,0.298304740789068,0.318025465392835,0.30322050599713,0.28084492460212,0.276105306425318,0.227039153168759,0.200998556686845,0.1932399200648,0.164434030565343,0.166523251445262,0.175472788475838,0.205637180109289,0.208858250345408,0.193080836336668,0.192428662307406,0.185989838823833,0.191122470075508,0.186042997803099,0.205182976484296,0.207888786905969
Estonia,EST,"PM2.5 air pollution, mean annual exposure (micrograms per cubic meter)",EN.ATM.PM25.MC.M3,11.8151297405178,11.3922862404784,10.8659889979478,10.3301268581838,9.87858866644381,9.60526326798543,9.49150211652796,9.42873775517208,9.37598066324752,9.29224132008397,9.13653020501115,8.27663619619013,7.99013886909247,8.08122179915709,8.70767888073313,7.18496063252666,6.87835279660374,6.15485238171865,7.7966811057876,6.84482514683862
Estonia,EST,GDP per capita (current US$),NY.GDP.PCAP.CD,4070.60902410208,4502.66614992392,5343.18310760735,7205.40703313243,8916.0728274602,10414.6381183565,12641.4800976473,16745.4308011148,18205.9064113446,14712.4494217916,14663.7041018705,17555.5455239426,17568.2137969714,19310.3874900757,20581.7898991695,17722.1557669523,18666.3736521706,20851.5223496861,23618.1361254581,24021.2501413306
Estonia,EST,Population density (people per sq. km of land area),EN.POP.DNST,32.9555319650861,32.7462845010616,32.5395140363293,32.3359282849729,32.1431941495636,31.9597782495872,31.7718801604152,31.6272705826846,31.5425807973579,31.4818353385232,31.4101203113942,31.3149091766926,31.2030195800896,30.3196917414309,30.2402806533241,30.26011042098,30.2689210950081,30.816,30.9234385964912,31.0385497076023
Estonia,EST,Urban population (% of total population),SP.URB.TOTL.IN.ZS,67.385529072627,67.3926456349791,67.4090870965661,67.4341760348669,67.467351453949,67.5080523578799,67.5557177507269,67.6097866365576,67.6696980194394,67.7348909034398,67.8048042926262,67.8775556334506,67.9629593320316,68.0923458296768,68.2668382808032,68.4796609690553,68.724038178078,68.9931941915158,69.2803532930133,69.5787397662154
Estonia,EST,"Industry (including construction), value added (% of GDP)",NV.IND.TOTL.ZS,24.8827014515579,25.378642214491,25.4828331665145,26.1058068328068,25.4261030005361,26.2552926540896,26.9431146026321,26.8422158711628,26.1319416506077,23.2761523015463,24.0345491849484,25.3466745057015,24.6316781428684,24.6780044555117,24.1060210413845,23.1154851402023,23.2340417592371,23.180862044638,23.288660554967,22.313384878363
Estonia,EST,Trade (% of GDP),NE.TRD.GNFS.ZS,126.495626368659,126.546640067292,123.28234538757,122.744772807796,129.949500077661,135.912792115107,136.620737662645,133.980829235754,136.681988157836,116.759079859802,143.671762256978,166.7460724339,169.156067773865,164.601632156916,157.953944842229,148.507157123558,147.7462327097,144.635650944133,143.485224864735,140.352147998549
Estonia,EST,Renewable energy consumption (% of total final energy consumption),EG.FEC.RNEW.ZS,19.8,18.9,19.3,19.9,20,18.9,17.2,18.6,20.5,24.2,25.3,25.2,25,24.5,25.3,28.2,27.2,27.5,28.6,31.3
Estonia,EST,Carbon dioxide (CO2) emissions excluding LULUCF per capita (t CO2e/capita),EN.GHG.CO2.PC.CE.AR5,12.7571162181412,13.1461730476221,12.7007648530105,14.2657873234504,14.7118270889142,14.813456108948,14.4285385466398,17.1806098397828,15.6166002288552,13.0675938449549,16.6849546555512,16.8260839104471,16.0506269014195,17.9337282254815,17.3074333704818,15.9815175075091,15.6467217413113,16.6729670316324,17.8889647853178,11.6534202327534
Eswatini,SWZ,"PM2.5 air pollution, mean annual exposure (micrograms per cubic meter)",EN.ATM.PM25.MC.M3,23.5235005768566,23.1092438852392,22.4544209466771,21.7499989661246,21.1869451485361,20.9562266988659,21.0436515370767,21.2534157795857,21.5040689260291,21.714160476043,21.8022399292635,20.6614067086956,21.1394588219266,20.9735888523904,20.7815505074161,21.048617578007,18.9203780644377,20.2613215828667,20.4243293115739,21.1666365348853
Eswatini,SWZ,GDP per capita (current US$),NY.GDP.PCAP.CD,1629.67038842815,1429.85630359447,1315.73634647994,2015.21743065251,2525.5640452625,2871.06877437449,2964.95865200682,3109.11097608864,2946.8606613746,3189.79679956637,3922.74039390733,4225.06049411911,4224.54789174487,3949.94310039907,3771.07228381938,3419.82276559528,3238.17611961364,3853.09956569679,3972.65450620357,3913.14577547336
Eswatini,SWZ,Population density (people per sq. km of land area),EN.POP.DNST,60.5473255813953,61.1083720930233,61.5954069767442,62.0174418604651,62.3929651162791,62.7338372093023,63.0486046511628,63.4130813953488,63.8425,64.2530813953488,64.6308139534884,64.9902906976744,65.3408720930233,65.6970930232558,66.0638953488372,66.4426162790698,66.8318023255814,67.3369186046512,67.960988372093,68.5973255813954
Eswatini,SWZ,Urban population (% of total population),SP.URB.TOTL.IN.ZS,22.8409330761997,22.7095619136459,22.5690884303038,22.4312316968119,22.3077107838089,22.2102447619336,22.1505527018245,22.139989967508,22.1692008829856,22.2343865624794,22.3330792067471,22.4634753665393,22.6237715926065,22.8121644356992,23.026850446568,23.2660261759632,23.5278881746356,23.8052004963161,24.0579295404227,24.3459549517751
Eswatini,SWZ,"Industry (including construction), value added (% of GDP)",NV.IND.TOTL.ZS,40.5992598426629,40.5236959549355,40.6081262544602,39.4301244039439,41.0771172653395,41.0212746530708,40.8003700979418,41.1762081293634,40.0734428796074,40.6050176238161,38.7137888432086,37.8793869465389,37.7231797224699,36.5678764085872,36.1654875610372,36.9658639938824,37.821426598306,34.9112500521839,34.0032885839109,34.6470784405459
Eswatini,SWZ,Trade (% of GDP),NE.TRD.GNFS.ZS,..,..,..,..,..,..,..,..,..,..,..,..,..,85.2034551274939,91.6200186943398,88.2620944023684,89.3584874439935,86.8801420302976,85.4927768173538,86.6407948477595
Eswatini,SWZ,Renewable energy consumption (% of total final energy consumption),EG.FEC.RNEW.ZS,60.1,60.9,63.6,66.5,66.6,67,66.8,66.9,67.8,66.7,68.5,69.3,68.8,66.1,68.3,68.8,64.3,65.3,65.7,64.4
Eswatini,SWZ,Carbon dioxide (CO2) emissions excluding LULUCF per capita (t CO2e/capita),EN.GHG.CO2.PC.CE.AR5,1.05395164651138,1.05797553716995,1.02176525167518,0.941876816349489,0.926703312370301,0.918331600282478,0.921123975965387,0.946543749226418,0.922510065194961,0.949461296309199,0.769666711644852,0.733025416139978,0.72161820435409,0.851954442074709,0.865001201268328,0.858320652635208,0.910738255617408,0.916771355428058,0.908609504939992,0.962899428244033
Ethiopia,ETH,"PM2.5 air pollution, mean annual exposure (micrograms per cubic meter)",EN.ATM.PM25.MC.M3,27.3299911491215,27.4569433824914,27.5334972430797,27.5918951202344,27.6643794033033,27.7831924816344,28.0862784176008,28.6266951557229,29.3093559085695,30.0391738887093,30.721062308711,31.4291559506252,32.643963058463,32.2039077009628,29.7131511992912,31.4436090208599,30.9271256840247,30.4120665058652,30.2623392192692,28.6876946331346
Ethiopia,ETH,GDP per capita (current US$),NY.GDP.PCAP.CD,122.269202606069,118.457204255261,109.593813612988,116.800491132777,133.169812538096,158.243458082465,189.345737521418,237.146255996319,316.410475118075,368.574712267445,330.619412798644,343.024942351887,452.101031885754,484.039833104062,549.986577082588,597.912113218663,641.651523286233,696.348429076216,739.702022272086,793.473247210264
Ethiopia,ETH,Population density (people per sq. km of land area),EN.POP.DNST,67.411494,69.487762,71.635517,73.832663,67.4086372526321,69.4377847665754,71.5067748631684,73.6318622061839,75.7983969601131,77.9802631357432,80.224030211657,82.537679592612,84.8841807786957,87.224157853982,89.598740246565,92.0367822337439,94.5614799764478,97.1744352590326,99.8298825389562,102.552159549746
Ethiopia,ETH,Urban population (% of total population),SP.URB.TOTL.IN.ZS,14.9193096160889,15.1177673339844,15.333233833313,15.5438537597656,15.7585906982422,15.982967376709,16.2148475646973,16.0948330261902,16.7936706542969,17.1511001586914,17.4937839508057,17.863790512085,18.2061367034912,18.615514755249,19.0262870788574,19.451566696167,19.8763618469238,20.3084850311279,20.7838096618652,21.2486705780029
Ethiopia,ETH,"Industry (including construction), value added (% of GDP)",NV.IND.TOTL.ZS,11.4104671171237,11.9279294612334,12.7402796419574,12.8995022232624,12.6855403366012,11.7888335264129,11.5923160493911,11.5894966658928,10.2068542889297,9.68348044252178,9.43512813822331,9.6646421928884,9.47613796506918,10.9445569914695,13.4713245062584,16.2977936386153,21.9325618536317,23.5819066692345,27.3057073050799,24.8223642571985
Ethiopia,ETH,Trade (% of GDP),NE.TRD.GNFS.ZS,..,..,..,..,..,..,..,..,..,..,..,48.232935411689,45.3979041835072,41.4717870807625,40.7410841498626,39.6561241449515,34.8990210816111,31.1036494929016,31.1993689777881,28.8152939288346
Ethiopia,ETH,Renewable energy consumption (% of total final energy consumption),EG.FEC.RNEW.ZS,95.5,94.6,94.5,94.2,94.1,94.7,94.5,94.1,94.1,94.2,94.1,93.6,93.3,92.4,91.4,91.5,90.4,90.8,90,89.3
Ethiopia,ETH,Carbon dioxide (CO2) emissions excluding LULUCF per capita (t CO2e/capita),EN.GHG.CO2.PC.CE.AR5,0.0575065136518114,0.0688999021151379,0.068704745999111,0.0712516626956825,0.0753366257956424,0.0698363747100678,0.071814738123469,0.0764266442296692,0.0802467343345623,0.0785136417026359,0.0760019100821557,0.0854374939680603,0.0938018335872736,0.106072048801188,0.122678387639653,0.130068091316854,0.15021997848876,0.144744318001779,0.155059082147088,0.159693432847017
Euro area,EMU,"PM2.5 air pollution, mean annual exposure (micrograms per cubic meter)",EN.ATM.PM25.MC.M3,19.0134499170823,18.7236473165565,18.3807665830138,18.0184036095544,17.6673344463056,17.3544278492166,17.021430482736,16.6356623907456,16.2633644894613,15.9694592949464,15.8190630365665,16.110144148645,14.3888792121442,13.9256922406905,12.7850821997854,13.3172582803667,12.1345572421332,12.2622909546395,12.2595766003562,11.2159499272294
Euro area,EMU,GDP per capita (current US$),NY.GDP.PCAP.CD,20039.4002655128,20289.6505275093,22047.2795660791,27010.5876151819,30803.286099919,31781.6618833533,33646.2303491169,38544.2258256115,42172.9388150163,38464.1586390033,37491.6114073082,40569.5862836129,37481.4502473034,39097.5925470426,39979.3009314013,34471.1747135027,35228.4854539428,37243.5651015997,40107.5362854643,39220.5136743355
Euro area,EMU,Population density (people per sq. km of land area),EN.POP.DNST,119.105131450003,119.520042014619,120.08712249395,120.730011724126,121.424491427549,122.073299268938,122.68723190759,123.336645733533,123.981075102388,124.408405913685,124.665342660934,124.440506773543,124.694484115971,124.827568074068,125.043363443323,125.417955535534,125.74801921269,126.028700924669,126.404243914838,126.636297354644
Euro area,EMU,Urban population (% of total population),SP.URB.TOTL.IN.ZS,73.6205869309853,73.8745634126226,74.0639844263158,74.225898135006,74.3766855702146,74.5352220090069,74.6858266193059,74.8135154665053,74.9146557887777,75.0384089140619,75.1951485291125,75.3067945322961,75.4687025194882,75.683369177995,75.8697574138535,76.0823620934604,76.3490742080358,76.4737406464159,76.6346252265652,76.8077280588719
Euro area,EMU,"Industry (including construction), value added (% of GDP)",NV.IND.TOTL.ZS,24.9427086497298,24.6382486733781,24.1765950240727,23.8219843522901,23.7264319939191,23.5323965838333,23.7022605655196,23.6840203194255,23.3008385914946,21.7648484797891,21.9790474581716,21.9633207561464,21.7759519767234,21.4496117312847,21.3131280332015,21.6592205403206,21.6571323953923,21.6335129665037,21.6475882452419,21.5959722618689
Euro area,EMU,Trade (% of GDP),NE.TRD.GNFS.ZS,70.5118517510278,69.6581865993615,67.2678383535692,65.7762309040936,68.55795577971,71.6139909282343,75.6559314327059,77.3196355529604,78.2346033058084,68.0015634015066,75.8746139929208,81.0277663717706,82.6466325925168,82.3346463167316,82.774155890855,84.1250239193896,83.1391434816182,86.1419515182982,87.7964429522812,87.9697040718615
Euro area,EMU,Renewable energy consumption (% of total final energy consumption),EG.FEC.RNEW.ZS,7.68788679257207,7.88714977861375,7.71666100470046,8.26622650651417,8.5257639408072,8.85240005083539,9.66259662253437,10.7826491973959,11.4584461004547,12.5390429242373,13.3653292881949,13.4342559883708,14.8828725196823,15.7039596875564,16.3222210722072,16.3384695385984,16.3515161082474,16.5781248896323,17.5470865076425,18.1354055105348
Euro area,EMU,Carbon dioxide (CO2) emissions excluding LULUCF per capita (t CO2e/capita),EN.GHG.CO2.PC.CE.AR5,8.58820948785813,8.6921679399722,8.6672231584189,8.81447806772754,8.81800285510226,8.73398153336474,8.64753107888006,8.51372653737632,8.27556115473114,7.6173882532996,7.83700036671839,7.58047142633389,7.45895568615715,7.27448342994735,6.90178072599978,7.03213884990114,7.00635992812743,7.00817593902876,6.81157336036356,6.4810670393849
Europe & Central Asia,ECS,"PM2.5 air pollution, mean annual exposure (micrograms per cubic meter)",EN.ATM.PM25.MC.M3,20.9673105841397,20.5949797591322,20.1265167406537,19.6423346906836,19.2174371757879,18.9257692039078,18.7337101234382,18.5672058255054,18.4548262844447,18.4174531915857,18.4718006111094,19.1296634098759,18.00145079333,17.6710168846611,16.9592532876335,16.7917782026538,15.8861861980422,15.5673478939838,15.8466866698466,14.88622168831
Europe & Central Asia,ECS,GDP per capita (current US$),NY.GDP.PCAP.CD,11652.9290294061,11757.603659314,12849.7232593553,15584.8646461506,18114.0702003259,19227.6221679028,20766.9170925859,24195.9334256766,26524.5115468839,23259.5334613272,23702.4750230082,26239.3600613076,25164.7626116947,26196.108944305,26473.6213384574,22702.8228380066,22519.6408855547,23814.1197034605,25408.6379771601,25020.8648271756
Europe & Central Asia,ECS,Population density (people per sq. km of land area),EN.POP.DNST,31.6482193568461,31.693766554777,31.7547133722856,31.8380446202087,31.930960143523,32.0222831747256,32.0043806024028,32.0952911630863,32.2270496345534,32.3541655949542,32.4711233879488,32.5449107135017,32.6724784754048,32.7945810832271,32.9282209173702,33.0676117815085,33.2148080937239,33.3427486883178,33.4737570087959,33.5921361078478
Europe & Central Asia,ECS,Urban population (% of total population),SP.URB.TOTL.IN.ZS,68.6569733328698,68.8662870889579,69.0578481309501,69.2484024834728,69.4043166751762,69.5656545250357,69.7661315979996,69.9675738648992,70.1642887567137,70.3523318050019,70.583139616066,70.8155293553171,71.1504937776611,71.6786457548467,72.2373894689144,72.6866697009849,72.9303205508812,73.0396143369844,73.1803655864529,73.3626712556912
Europe & Central Asia,ECS,"Industry (including construction), value added (% of GDP)",NV.IND.TOTL.ZS,25.2778319315229,24.8615817148082,24.3421801754801,24.0369441587838,24.0858766323004,24.2457855517087,24.5523807580814,24.5174934375735,24.6175377205364,22.9576663325552,23.3690559120446,23.6455019525291,23.5131279105113,23.1812919904945,22.8995799429898,22.9012908182227,22.717116670962,22.9716457473858,23.1689483763275,22.9839464670511
Europe & Central Asia,ECS,Trade (% of GDP),NE.TRD.GNFS.ZS,69.1462160399585,68.178773628587,66.0083362221832,65.0793759243657,67.4524103908411,69.8313492988083,73.3332347179198,74.027861966179,75.6990288433562,67.3167006791092,73.5375210068597,78.0895379365798,78.8759874168787,78.5348045121348,78.3407556009866,78.7659251133764,78.4536780102333,81.2214677871365,83.4200981988944,83.2547336320105
Europe & Central Asia,ECS,Renewable energy consumption (% of total final energy consumption),EG.FEC.RNEW.ZS,7.60963626922575,7.60911900870341,7.57546823402183,7.6788565938799,7.93527297018763,8.29181865284284,8.57521802832624,9.14113260306134,9.47387156015955,10.4249676128482,10.8681448886901,10.7258330443851,11.5800703095476,12.2761565609349,12.4321725847963,12.8744480605886,12.8866548739741,12.8819075023182,13.4797382823169,14.0059727126658
Europe & Central Asia,ECS,Carbon dioxide (CO2) emissions excluding LULUCF per capita (t CO2e/capita),EN.GHG.CO2.PC.CE.AR5,8.07673509027769,8.11616229728235,8.09738684259982,8.35827816230675,8.35307533496453,8.31420714903516,8.42774247217405,8.40985851496313,8.27516075856126,7.6228946698482,7.92280228685957,7.92228942818556,7.81794464786281,7.61127328943691,7.27216695620345,7.22572544584635,7.20080051889222,7.26693038972036,7.24714310074158,7.04136821125575
Europe & Central Asia (excluding high income),ECA,"PM2.5 air pollution, mean annual exposure (micrograms per cubic meter)",EN.ATM.PM25.MC.M3,25.4495225405796,25.0407461982974,24.4930421166867,23.9235771832304,23.4448376046739,23.1725913079229,23.187124866739,23.4529997951905,23.903157877176,24.4814549180697,25.1216894416598,27.7140237712932,27.3197277284285,27.038894759998,25.9783495943048,25.6953593237258,24.8068246830837,23.4907223556572,24.1154036682319,23.5029340389912
Europe & Central Asia (excluding high income),ECA,GDP per capita (current US$),NY.GDP.PCAP.CD,1790.77072090719,1529.60615620796,1771.9219856658,2249.74301490831,2883.55689723687,3576.72283332318,4142.44695498675,5206.48238815828,6191.07369718277,5125.12331489484,6019.29491137959,6785.87680428259,7093.45607745799,7667.03397664675,7290.90050313923,6291.45594655745,5986.89723080084,6138.12063922999,5996.28775888893,6069.27407282315
Europe & Central Asia (excluding high income),ECA,Population density (people per sq. km of land area),EN.POP.DNST,37.626910005721,37.790633725525,37.9569308172028,38.1291367114004,38.3037300850588,38.4664500289497,37.9881837868454,38.0901945237322,38.3457160529815,38.6382318064592,38.9526977500834,39.271769960237,39.5912341231034,39.9347430774236,40.2969932431231,40.616709392448,40.9788296619889,41.3314112003313,41.6847494495179,42.0532363737648
Europe & Central Asia (excluding high income),ECA,Urban population (% of total population),SP.URB.TOTL.IN.ZS,56.7337504152734,57.0403250825841,57.3793057352578,57.7592991522649,58.1443868660183,58.520684503589,58.9220241693206,59.3245654612929,59.762630366817,60.2228045773549,60.7251070375303,61.3214773416833,62.2669531526226,63.8500039555659,65.5655995922325,66.8135844921441,67.2028741800351,67.2908425220823,67.4464992918229,67.7517086172661
Europe & Central Asia (excluding high income),ECA,"Industry (including construction), value added (% of GDP)",NV.IND.TOTL.ZS,27.977805973183,27.3832630165293,26.7883146727049,26.8575073297743,27.1622388757394,27.8931248730015,29.142159925849,29.4605807067437,30.044621562689,28.0011670246245,28.5042890869153,29.9149818968078,29.7103938830857,29.7242220838463,29.9466013502127,28.6939288375661,28.8083479859015,29.4365610536586,29.8933105482595,28.5291922951444
Europe & Central Asia (excluding high income),ECA,Trade (% of GDP),NE.TRD.GNFS.ZS,64.2475380613865,66.4631964070799,65.3190217284669,65.9337968283356,70.0060845461264,66.1674012891554,66.4960483012222,66.4660759388013,69.5600290679185,61.9417335561053,61.7211555939382,68.7186207554278,68.1033556892089,64.5071648623161,64.6129020900958,62.0454498655401,61.7177030579138,66.5635351436658,72.4218659007976,71.3133005347067
Europe & Central Asia (excluding high income),ECA,Renewable energy consumption (% of total final energy consumption),EG.FEC.RNEW.ZS,7.62529126114546,7.46341990667124,7.52963978899774,7.30693300291376,7.38659560693208,7.2836157568398,7.07847885220545,6.63494298230947,6.45158501915867,7.42803913844124,7.81163686125183,7.06633152811845,7.4990959908438,8.04245729281583,7.75696722378988,8.89374944135576,9.05362050305208,8.68104031424437,9.10455322874983,10.0324286162535
Europe & Central Asia (excluding high income),ECA,Carbon dioxide (CO2) emissions excluding LULUCF per capita (t CO2e/capita),EN.GHG.CO2.PC.CE.AR5,4.91955639128355,4.77907593510346,4.92047412617728,5.20226980845506,5.20431719119578,5.23536657316969,5.51850740971202,5.7371560641892,5.82820400839687,5.2662310971512,5.55900732896062,5.8400494288861,5.75096653814929,5.66418623848333,5.27685510918522,4.94184733439809,5.09254482303989,5.23354010943634,5.25258078297865,5.06146841130229
Europe & Central Asia (IDA & IBRD countries),TEC,"PM2.5 air pollution, mean annual exposure (micrograms per cubic meter)",EN.ATM.PM25.MC.M3,23.6046562946673,23.1428472540427,22.5342199676553,21.9093685962536,21.3966386856869,21.1254417406542,21.086670298179,21.1631215281135,21.331302558319,21.5616751058005,21.8202474630161,22.8053037111626,22.2377369690599,21.9755874215749,21.5263068353384,20.8503082385147,20.0832449289886,19.2757501706551,19.8337542471302,18.865927743613
Europe & Central Asia (IDA & IBRD countries),TEC,GDP per capita (current US$),NY.GDP.PCAP.CD,2044.35074576548,2080.98419116363,2340.82503908743,2879.65363440365,3723.43803208933,4660.80836930066,5632.99003233827,7247.02729943285,8951.25356376805,7074.02354262313,8280.72343768265,10028.6545563598,10418.3484935481,10965.2487116486,10307.2242685414,8009.61874995558,7659.54924391363,8575.46129195764,8911.87742979014,9058.74177112172
Europe & Central Asia (IDA & IBRD countries),TEC,Population density (people per sq. km of land area),EN.POP.DNST,19.1530449259825,19.1397285952941,19.1278967075025,19.1321551772837,19.1418948279368,19.1504483871371,19.0859930493063,19.0846908058469,19.1312337095341,19.1995948770159,19.2706355617002,19.3537254278879,19.4450039136596,19.5401591479624,19.6413354713615,19.7342063886841,19.8321144333003,19.9233397185183,20.0075287890585,20.094026148344
Europe & Central Asia (IDA & IBRD countries),TEC,Urban population (% of total population),SP.URB.TOTL.IN.ZS,62.6684950236389,62.8394581402795,63.0133663929276,63.2222679423004,63.3623553468548,63.4858767579757,63.7021713607275,63.9485687111677,64.1945242729774,64.4354379403661,64.7258667419875,65.0953458128978,65.6154048918302,66.4664633633165,67.3911891022885,68.0719889181919,68.2998664724156,68.3671996828986,68.4656324149257,68.6393881359924
Europe & Central Asia (IDA & IBRD countries),TEC,"Industry (including construction), value added (% of GDP)",NV.IND.TOTL.ZS,29.7693762755682,28.9537835789228,27.6743114267687,27.6776536238456,29.1988605694805,29.9072240506451,30.2296033895677,30.254859403006,30.3615535761557,29.1368326459955,29.554687765427,30.0057852265683,29.5015122691888,28.8084874923875,28.9672508748594,29.3322955136092,29.0686581995453,29.6102230451374,30.4902282569314,29.747296156317
Europe & Central Asia (IDA & IBRD countries),TEC,Trade (% of GDP),NE.TRD.GNFS.ZS,64.9879687193964,62.8832764252981,62.2343824939558,63.4457849926342,64.6001468047648,63.0839202253977,63.5672790143565,62.9130305670834,64.8891175708098,58.2829722686652,60.5609124185625,63.473995022608,63.2106908816742,61.9394350892009,62.9537976964698,62.6394987137467,61.9722403200107,64.6955315296843,69.1948006888718,67.5632521563496
Europe & Central Asia (IDA & IBRD countries),TEC,Renewable energy consumption (% of total final energy consumption),EG.FEC.RNEW.ZS,5.77687830938613,5.70512702235186,5.76921609440525,5.64950276023539,5.88133511209109,5.99664955248276,5.81734150154749,5.75867132998041,5.64264695953204,6.30497199994692,6.4529448184641,6.04948456107391,6.28402287149414,6.84165697411543,6.52584380803076,6.91555148923036,7.04015093233689,6.75633843243037,7.25779989922942,7.59012527634488
Europe & Central Asia (IDA & IBRD countries),TEC,Carbon dioxide (CO2) emissions excluding LULUCF per capita (t CO2e/capita),EN.GHG.CO2.PC.CE.AR5,7.43355366049313,7.40512443322188,7.44560251029039,7.79648589030723,7.8043728768885,7.82783800502625,8.11195326205836,8.23847588392941,8.2227418312904,7.59583440313559,7.97558371931453,8.32514377671604,8.19895293752689,7.971160080974,7.69953642014405,7.54369514350509,7.5726728181622,7.74132779696737,7.8853669963775,7.78796203330391
European Union,EUU,"PM2.5 air pollution, mean annual exposure (micrograms per cubic meter)",EN.ATM.PM25.MC.M3,19.6436231432454,19.4539569632153,19.2546866313999,19.0493217263283,18.8353262670694,18.609475953979,18.3163425968412,17.9477670441368,17.577369233985,17.2771229776943,17.1114561943954,17.4414116579617,15.6055587512859,15.0248815225577,14.1701239884536,14.4154231988792,13.2567071042758,13.4914719266257,13.5239533882488,12.1227436851835
European Union,EUU,GDP per capita (current US$),NY.GDP.PCAP.CD,16976.0452668705,17230.6480095869,18797.8116316074,23020.9558032659,26368.6780464333,27431.4991030834,29200.5809467343,33704.6636441399,37169.0746850842,33632.0748456258,33119.5673211775,35963.3147849808,33324.7709896821,34804.7281200997,35590.1004559069,30771.6568591261,31456.8971280656,33394.5888043692,36054.953230113,35374.1403676934
European Union,EUU,Population density (people per sq. km of land area),EN.POP.DNST,107.43763087465,107.594573632833,107.880681159712,108.265369826613,108.693059634446,109.100484741679,109.487760037929,109.872787636933,110.257478075334,110.511696270864,110.651114403573,110.484964567195,110.644954271132,110.695507497063,110.798657268447,111.034208891564,111.244316879376,111.42564117038,111.672659926438,111.821235691404
European Union,EUU,Urban population (% of total population),SP.URB.TOTL.IN.ZS,71.5199736472839,71.7569992027077,71.9446161852977,72.0888509718286,72.230887310077,72.4002351707177,72.5614920699129,72.6886302974583,72.8213988183221,72.9468469621213,73.1092331195545,73.2162096061221,73.3526656193263,73.5376776618371,73.6983165180291,73.8743742665848,74.089077283109,74.1940799110393,74.3251511986635,74.4596491524844
European Union,EUU,"Industry (including construction), value added (% of GDP)",NV.IND.TOTL.ZS,25.1511102107088,24.8462534334334,24.4104835107174,24.05834550154,24.0303380212323,23.9004769401152,24.1207732230321,24.1517010318708,23.8480826111023,22.3582585009031,22.6177345030241,22.6877210607752,22.4190543502834,21.9960358930692,21.9306545008919,22.2992803606135,22.2621165717958,22.1882646077921,22.2099113749196,22.1561981200117
European Union,EUU,Trade (% of GDP),NE.TRD.GNFS.ZS,71.5705362040384,70.7299712766562,68.4361613375131,67.3582061795863,70.3968764065819,73.5521063042338,77.9839957210495,79.7970825624113,80.7845229076774,70.5061117229528,78.282201525606,83.4716468978193,85.0872994138992,84.7802544688451,85.494561926335,86.6784748227273,85.784351990334,88.7153567222581,90.4287944304584,90.5535185606555
European Union,EUU,Renewable energy consumption (% of total final energy consumption),EG.FEC.RNEW.ZS,8.97097778304585,8.95821365646506,8.85977327804269,9.24891789838676,9.54963915397878,10.0205156530631,10.6866219026938,11.7554752685425,12.456805484523,13.6219724174621,14.469048952148,14.6250037786311,16.0530317099573,16.7974520279699,17.4415753867716,17.6122764341327,17.523235814157,17.6857102209371,18.7249884796166,19.3440009483852
European Union,EUU,Carbon dioxide (CO2) emissions excluding LULUCF per capita (t CO2e/capita),EN.GHG.CO2.PC.CE.AR5,8.29081461709286,8.40120844371485,8.35754022508724,8.55607280870197,8.53969129432432,8.45772065007797,8.46638087717496,8.35184886586125,8.12232302916334,7.47936172783522,7.7121715794747,7.50585258859823,7.34621232551448,7.14912584618353,6.82268606570061,6.94479495177865,6.9487174244534,6.99426005138854,6.83042110399552,6.50775335523423
Faroe Islands,FRO,"PM2.5 air pollution, mean annual exposure (micrograms per cubic meter)",EN.ATM.PM25.MC.M3,..,..,..,..,..,..,..,..,..,..,..,..,..,..,..,..,..,..,..,..
Faroe Islands,FRO,GDP per capita (current US$),NY.GDP.PCAP.CD,23322.7593357515,24879.7729617864,26937.6505602847,31269.6031997217,35647.5440400531,36389.081644098,41743.6812847661,48348.7393711011,51287.8911081663,47059.1947296738,47923.1515374991,51618.9907766392,50261.9616267693,55758.2083680611,60172.0632541664,52637.1903526574,56875.2803813296,59387.353086482,62526.4908515743,63068.2872688483
Faroe Islands,FRO,Population density (people per sq. km of land area),EN.POP.DNST,32.7750716332378,33.4061604584527,33.9075931232092,34.4068767908309,34.6590257879656,34.64111747851,34.6239255014327,34.6547277936963,34.775787965616,34.9505730659026,34.8545845272206,34.7729226361032,34.5924068767908,34.5601719197708,34.6905444126075,35.0279369627507,35.432664756447,35.945558739255,36.5300859598854,37.1002865329513
Faroe Islands,FRO,Urban population (% of total population),SP.URB.TOTL.IN.ZS,35.6986770629883,35.9342155456543,35.9365425109863,36.1276473999023,36.317985534668,36.3320579528809,36.4584197998047,36.2929878234863,36.4679222106934,36.8888092041016,37.2536926269531,37.2975959777832,37.3244972229004,37.7414817810059,37.9093894958496,38.1431503295898,38.3200225830078,38.3324699401855,38.4058837890625,38.3945655822754
Faroe Islands,FRO,"Industry (including construction), value added (% of GDP)",NV.IND.TOTL.ZS,17.8387590428492,18.6171259332898,19.3701882481498,18.8179052585832,18.1192660550459,17.2377522979248,16.9418353654979,16.8681133127567,17.323554204054,15.9632461064758,14.2357139589148,14.3028113524523,14.1939613784274,13.813416288844,15.6681830410644,16.4855344459202,15.6007434708684,17.3064999745896,17.8879353159704,19.1133470734853
Faroe Islands,FRO,Trade (% of GDP),NE.TRD.GNFS.ZS,110.545353366722,104.904366916234,98.6231560125168,108.258290126639,93.415398908373,100.962759404909,97.3947177610908,99.5060041310306,103.496222535589,96.8608080332117,97.1824434582361,105.846453473678,117.157793662648,114.062282820929,106.142539193387,105.610671594387,104.552703002397,107.238908370178,106.874664759521,108.623245950251
Faroe Islands,FRO,Renewable energy consumption (% of total final energy consumption),EG.FEC.RNEW.ZS,2.8,2.6,3.4,3.1,3.4,3.8,4.3,4.5,4.5,5.1,3.4,5,4.7,4.5,6.5,7.5,6.3,6,5.9,5.4
Faroe Islands,FRO,Carbon dioxide (CO2) emissions excluding LULUCF per capita (t CO2e/capita),EN.GHG.CO2.PC.CE.AR5,0.0393408226603138,0.0385976198134448,0.0380268300411957,0.0395569620253165,0.0392691798941799,0.0392894807584938,0.0413778835212579,0.04134110546116,0.041197190351618,0.04099116640364,0.0411040549150174,0.0412005850483077,0.0414155846845168,0.0414542138208349,0.0412984224002643,0.0409006319147631,0.0404334465469837,0.0398565165404544,0.0411797003686564,0.0405468025949954
Fiji,FJI,"PM2.5 air pollution, mean annual exposure (micrograms per cubic meter)",EN.ATM.PM25.MC.M3,13.1254459525217,13.119078252,13.0520184992211,12.9523780036188,12.8482680746271,12.76780002168,12.6984896212967,12.6168885408432,12.5346619260234,12.4634749225413,12.4149926761009,12.4871607646576,12.692818373804,12.6556857350952,12.1427162201265,11.9373871022014,12.3284242671983,12.3080401904933,12.7353038744821,12.9123773053208
Fiji,FJI,GDP per capita (current US$),NY.GDP.PCAP.CD,1995.72071163264,1944.997414609,2136.56794118683,2655.58079586044,3097.19096651759,3377.69126953493,3455.10599907349,3762.74692789299,3899.92231512129,3164.13275408169,3449.14452883369,4139.60288609702,4341.40338748749,4572.44377544245,5293.35676680464,5097.53106864695,5363.79026679243,5826.84814459328,6085.41979485376,5842.07344577597
Fiji,FJI,Population density (people per sq. km of land area),EN.POP.DNST,46.0267651888342,46.5022441160372,46.9649151614669,47.415763546798,47.8580186097428,48.2966064586754,48.7337164750958,49.1424192665572,49.4471264367816,49.6573070607553,49.8313628899836,49.972030651341,50.0776135741653,50.1561029009305,50.2235905856596,50.2779419813903,50.3101258894362,50.2878489326765,50.2014230979748,50.0765736179529
Fiji,FJI,Urban population (% of total population),SP.URB.TOTL.IN.ZS,48.0649880871211,48.4287914591462,48.7795139144731,49.1260494882891,49.4772922157817,49.8421361321385,50.2294752725468,50.6494569776975,51.0979752573339,51.5628013169579,52.0415147785104,52.5335449475105,53.0383211294771,53.5552726299291,54.0838287543856,54.6234188083653,55.1734720973874,55.7408343449609,56.2328347385698,56.70989552257
Fiji,FJI,"Industry (including construction), value added (% of GDP)",NV.IND.TOTL.ZS,19.5873526859446,20.6243487506645,19.9006036116931,18.655828671008,19.7616287741578,16.4509285714286,16.1619035995268,15.4808293965184,16.0860936934707,16.677811857564,16.972580397166,17.4133402875203,16.7229680523622,16.3372143531674,15.0127657452154,15.1712702717256,16.2026860305427,15.6940487656539,15.5373182374238,17.0371781659464
Fiji,FJI,Trade (% of GDP),NE.TRD.GNFS.ZS,..,..,..,..,..,..,..,..,..,..,..,..,..,..,..,..,..,..,..,..
Fiji,FJI,Renewable energy consumption (% of total final energy consumption),EG.FEC.RNEW.ZS,50.1,40.4,49,40.8,35.7,40,39.1,36,42.1,41.6,28,33.4,33.3,32.8,33.2,32.7,27.7,28.6,25.8,26.5
Fiji,FJI,Carbon dioxide (CO2) emissions excluding LULUCF per capita (t CO2e/capita),EN.GHG.CO2.PC.CE.AR5,1.71635694230886,1.84040414502893,1.50783929589103,1.76073490740933,2.26335424753479,1.96151540324509,2.08992941097191,1.92029243778346,1.42982226015304,1.17223796596046,1.86342771844612,1.36409091456743,1.31727652095598,1.49844164687806,1.70000599399511,1.76054728068819,1.73254885406989,1.67682711135347,1.80433502693037,1.76959423936413
Finland,FIN,"PM2.5 air pollution, mean annual exposure (micrograms per cubic meter)",EN.ATM.PM25.MC.M3,8.00512199497353,7.91863988097532,7.82803108552653,7.73384704624823,7.63663920076146,7.53695898668728,7.43418344243749,7.3276683346314,7.21793319320128,7.1054975480794,6.99088092919804,6.87039455156535,6.23115629479583,5.85285267653954,6.11857316281583,5.62500854589343,5.27813456745499,5.12673961318144,5.49695736300986,5.37867032806067
Finland,FIN,GDP per capita (current US$),NY.GDP.PCAP.CD,24335.9225082659,24965.202996776,26989.389260959,32920.0857192568,37768.1334202029,39049.8703780223,41214.0187765069,48473.0240091455,53769.4726240385,47478.3495310999,46506.2919016566,51060.3242589767,47551.6740841369,49691.0145200739,50073.7760815871,42560.3456767103,43451.2562442158,46085.0174739036,49654.2497035329,48358.1807773701
Finland,FIN,Population density (people per sq. km of land area),EN.POP.DNST,16.9940214714863,17.0327587905053,17.0740930431071,17.1148560359828,17.1646212941988,17.2234676122,17.3169839860577,17.3919563287185,17.4840375123396,17.5678545574202,17.6484106614018,17.7309947678436,17.8155615518773,17.8978314521702,17.9720030274112,18.0301108880919,18.0820078312658,18.1238944459068,18.1479501184522,18.1673609054717
Finland,FIN,Urban population (% of total population),SP.URB.TOTL.IN.ZS,67.1227685349539,67.4982392821958,67.7951641569199,68.0425549126858,68.2766596767133,68.5140529517604,68.7588279849327,69.0200377316963,69.2943672196361,69.546259966947,69.7855798796947,70.0583261874252,70.3661363168712,70.6742118159277,70.9879168940753,71.3054930040604,71.6158383428171,71.9563038312956,72.3423467740343,72.7431214358314
Finland,FIN,"Industry (including construction), value added (% of GDP)",NV.IND.TOTL.ZS,31.6029504494596,30.9494996991972,30.1192400970089,29.5358371673016,29.3761536087085,29.2555840307046,30.2474242310296,30.6721408753388,29.5650517623923,25.6620904063609,26.1853763280839,25.0390832511194,23.3588517701544,23.2981321591964,23.0618639333511,23.3039316434498,23.4765920163918,24.4706416384075,24.1107349992454,24.1466052876512
Finland,FIN,Trade (% of GDP),NE.TRD.GNFS.ZS,74.9255788717317,70.2841376639721,69.3209377526273,68.0715029595159,70.967802899062,76.5889740444293,82.0005669294983,82.8631608209175,86.1896598765527,70.1279335295898,75.4612085231229,78.7159444486606,79.4303765882482,77.485171771574,74.6277719754196,71.9618253787014,71.7222101178859,75.9387822310041,79.1436148422846,80.5641502947367
Finland,FIN,Renewable energy consumption (% of total final energy consumption),EG.FEC.RNEW.ZS,31.7,29.2,29.5,28.4,31.1,31.5,31.2,31.8,34.6,32.5,33.4,35.1,38.7,38.5,41.2,43.2,42.4,44.4,44.2,45.4
Finland,FIN,Carbon dioxide (CO2) emissions excluding LULUCF per capita (t CO2e/capita),EN.GHG.CO2.PC.CE.AR5,11.1139059493154,12.2543758606386,12.6383158244494,14.2135432592354,13.4759720988521,11.1028086409399,13.2647256083435,12.8705811614152,11.2598169269803,10.6915488312042,12.2771915772077,10.8053750812877,9.66512380653683,9.80540072646081,9.05273118506377,8.39046261440988,8.88160307084068,8.36494370044446,8.6010307269027,7.99426833424913
Fragile and conflict affected situations,FCS,"PM2.5 air pollution, mean annual exposure (micrograms per cubic meter)",EN.ATM.PM25.MC.M3,42.7280542419973,42.4907623994586,41.8628351546667,41.0522446725809,40.2684963743701,39.7708122954184,39.4878911530506,39.1932499040383,38.9679748475561,38.8388676505409,38.8038096812586,40.2692363608902,42.6113531185417,38.9334119888681,37.4726023527366,47.3622831035329,43.6296031974678,41.9840749636173,40.8860514086013,37.8540098347409
Fragile and conflict affected situations,FCS,GDP per capita (current US$),NY.GDP.PCAP.CD,751.801263034453,719.215886038336,684.998396992158,703.739369790737,871.155012151521,1079.24067613473,1319.3385305318,1578.9042249996,1971.04693971359,1739.10283567866,2017.56741418682,2053.715805371,2233.12675819557,2144.21479332186,2051.54643733895,1663.16200127279,1491.08080315915,1549.60952933559,1634.92965875473,1861.6533045303
Fragile and conflict affected situations,FCS,Population density (people per sq. km of land area),EN.POP.DNST,34.8726391525287,35.6811961119982,36.5653107269578,37.4875270995904,38.0888367920759,39.0250244001052,39.9799961758585,40.933939358435,41.9339482487242,42.9968622820873,44.0750500796665,45.1665423094469,40.6290796216564,41.6240481507428,42.5990696716156,43.5534678248018,44.5302624176423,45.5270131066182,46.535393078334,47.5710181630295
Fragile and conflict affected situations,FCS,Urban population (% of total population),SP.URB.TOTL.IN.ZS,38.7760769779893,39.0589507776654,39.3224692611567,39.5900064591702,39.8696488972628,40.1414311757822,40.3974367573523,40.6084865963147,40.9286063763968,41.220435396797,41.5202413921498,41.8692557467305,42.3328926527057,42.8504276933508,43.2205442598504,43.5210484941133,43.8128075913534,44.1056109363171,44.390682523655,44.653472474234
Fragile and conflict affected situations,FCS,"Industry (including construction), value added (% of GDP)",NV.IND.TOTL.ZS,..,..,..,..,..,..,..,..,..,..,..,..,..,..,..,..,..,..,..,..
Fragile and conflict affected situations,FCS,Trade (% of GDP),NE.TRD.GNFS.ZS,..,..,..,..,..,..,..,..,..,..,..,..,..,..,..,..,..,..,..,..
Fragile and conflict affected situations,FCS,Renewable energy consumption (% of total final energy consumption),EG.FEC.RNEW.ZS,49.5188192560577,48.9788027200773,49.1277723116101,50.0190081643703,50.132593305144,50.1168009051894,51.0492547821467,50.8910276048412,51.0606926390178,53.3779535496623,51.7136616362192,52.1356585553803,51.8676545525319,52.4531809927011,53.73093929142,57.6932200867948,58.0264070642556,58.2811879395165,57.5039867109635,58.3619072174114
Fragile and conflict affected situations,FCS,Carbon dioxide (CO2) emissions excluding LULUCF per capita (t CO2e/capita),EN.GHG.CO2.PC.CE.AR5,1.42669092954729,1.4354753121665,1.3860533914138,1.40744077715003,1.35917915614576,1.34383066486185,1.30535365751335,1.27341053310431,1.2709295122544,1.16747176629296,1.23151275553964,1.21869046887716,1.23575832186166,1.21863114716486,1.14849049667801,1.03672192003412,1.02629946323434,0.998297443716717,1.00897442614816,0.979214232814166
France,FRA,"PM2.5 air pollution, mean annual exposure (micrograms per cubic meter)",EN.ATM.PM25.MC.M3,16.0892961813444,15.8802927901306,15.6420884990136,15.3886822893843,15.1340731426338,14.8922600401531,14.6287316954908,14.3339971201938,14.0595857426506,13.8570269912499,13.7778502943804,13.7974719352463,12.5585885208406,12.4582922718332,10.687674674804,11.3442976642006,10.508154814077,10.4583123660264,10.4599453286038,9.82524600527018
France,FRA,GDP per capita (current US$),NY.GDP.PCAP.CD,22340.5939516217,22331.7948343036,24144.5727019529,29479.5222101175,33644.9282220364,34696.3718316971,36431.5658906555,41486.1907828787,45464.8181385158,41728.0884164132,40694.8211697025,43929.7840873812,40863.5814412333,42669.1795111893,43148.0459288416,36702.4323733379,37024.2157133669,38687.1626407164,41418.1766484844,40408.2848574751
France,FRA,Population density (people per sq. km of land area),EN.POP.DNST,113.032119862696,113.859127933946,114.6899378421,115.50209666945,116.351401799796,117.229527785509,118.048690973189,118.780758883013,119.445432785973,120.060183690509,120.653513312923,121.237276185175,121.825139623342,122.456502458484,123.039367288246,123.477636144355,123.803885332591,124.163688653864,124.609607570276,125.024698023935
France,FRA,Urban population (% of total population),SP.URB.TOTL.IN.ZS,76.5143983146093,76.9074413607811,77.2543866607525,77.4691216035138,77.4900500011961,77.4363315105438,77.3467240068648,77.2457976606157,77.1561901569367,77.1005391809676,77.0962844808803,77.1182717387509,77.1669464919916,77.2440721470918,77.3524296788613,77.7610919150066,78.5999114705779,78.6467804026368,78.6714432536599,78.6890784549356
France,FRA,"Industry (including construction), value added (% of GDP)",NV.IND.TOTL.ZS,21.1286830497341,20.764024725913,20.3641075404744,19.9232786673445,19.6686920294036,19.3552308487449,19.0188918781413,18.8988946301681,18.6335203970131,18.0198241569733,17.5945885002022,17.6800048726048,17.4684347699959,17.5699939241217,17.3416195349368,17.236441547058,16.9433572396904,16.7483032647876,16.725283255726,16.907003960354
France,FRA,Trade (% of GDP),NE.TRD.GNFS.ZS,57.7860470318197,56.8932328560722,55.1325248503102,52.5988822870657,53.7497648292028,55.8228361241299,57.8692775292673,58.1525611309659,59.1797928411748,52.1991123027613,56.587555247796,60.6056354816406,61.6589570771102,61.8192338733962,62.1992669379507,63.5046871956484,63.3427564383351,65.3958481559711,66.8022607812266,66.4289771741449
France,FRA,Renewable energy consumption (% of total final energy consumption),EG.FEC.RNEW.ZS,9.3,9.4,8.7,8.8,8.9,8.6,8.5,9.4,10.5,11.2,11.9,10.6,12.3,13.4,13.2,13.3,14.2,14.1,15.2,15.5
France,FRA,Carbon dioxide (CO2) emissions excluding LULUCF per capita (t CO2e/capita),EN.GHG.CO2.PC.CE.AR5,6.58034817935345,6.59967427030181,6.46436747006761,6.49767617932604,6.46668310699496,6.45391402908229,6.24021668362979,6.09003030294036,5.94290191259616,5.71717317269645,5.80194807906,5.56604040689413,5.55949763606406,5.45712098979101,4.93048874498212,4.99116340691761,5.01727531627851,5.06155143263354,4.89217066506758,4.79214044818249
French Polynesia,PYF,"PM2.5 air pollution, mean annual exposure (micrograms per cubic meter)",EN.ATM.PM25.MC.M3,..,..,..,..,..,..,..,..,..,..,..,..,..,..,..,..,..,..,..,..
French Polynesia,PYF,GDP per capita (current US$),NY.GDP.PCAP.CD,14978.324104668,14640.9360062298,16004.0583292112,19582.8936395312,21764.2203208782,21984.1936230719,22330.8676659055,24888.1781337361,26592.0262835732,24434.2197555208,22494.806706186,22831.5185348524,20846.5457478364,21955.6329264095,22258.6321384251,19166.9594761931,19690.0775734589,20826.9312492172,21925.616043938,21582.5892046801
French Polynesia,PYF,Population density (people per sq. km of land area),EN.POP.DNST,69.241428983002,70.3246902909824,71.3843272832037,72.4969749351772,73.6542783059637,74.7643330452319,75.8349178910977,76.7611639297033,77.320368769807,77.637856525497,77.9544799769519,78.2849322961683,78.675885911841,79.1495246326707,79.6274848746759,80.0535868625756,80.431575914722,80.6934600979545,80.6150965139729,80.3900893114376
French Polynesia,PYF,Urban population (% of total population),SP.URB.TOTL.IN.ZS,55.954253994428,55.8931875849702,55.8631794440685,55.9283550220738,56.2729949941787,56.8472850820701,57.5825834325129,58.4102481922721,59.2616375081129,60.0681095268001,60.7610223950988,61.2717342597741,61.5286539604592,61.6130486661995,61.6824807401268,61.7374742154907,61.7744381369651,61.7896941062846,61.7888025236875,61.7824142427508
French Polynesia,PYF,"Industry (including construction), value added (% of GDP)",NV.IND.TOTL.ZS,..,..,..,..,..,11.3765528432702,10.4789642043309,10.9597415980395,11.4106060108903,11.773205502115,11.0986590055797,10.6655686354141,10.8171081124528,10.61847623722,10.7946268451445,10.8248430549639,10.6679176130323,10.3548389714295,10.2875467388464,10.6834624276376
French Polynesia,PYF,Trade (% of GDP),NE.TRD.GNFS.ZS,27.9447311178519,..,..,..,..,58.8757396449704,56.6132574828647,57.455468093766,58.0396477672874,51.6750777052154,54.0438821122259,56.2319854247632,57.8806819793666,56.0619675585513,56.2324578944225,55.6304686354336,53.6164949427793,54.5776905038178,65.0146628512067,63.3061124024003
French Polynesia,PYF,Renewable energy consumption (% of total final energy consumption),EG.FEC.RNEW.ZS,8.8,6.7,6.2,7.2,7.7,8,10.1,9.8,9.3,9.3,7.5,6.9,6.6,6.5,7.4,7.8,8.1,8.1,7.7,7.7
French Polynesia,PYF,Carbon dioxide (CO2) emissions excluding LULUCF per capita (t CO2e/capita),EN.GHG.CO2.PC.CE.AR5,2.95293691774467,3.39946824418162,3.54273029966704,3.71249061147605,3.45506035501107,3.62726246305495,3.36406772964369,3.55917699427259,3.61391912183889,3.4662926143216,3.65769827777367,3.52228523481288,3.38577141099442,3.61739611543053,3.55841627862381,3.61973037363333,3.61024149467365,3.14473717095045,2.79792005432161,2.81327723503229
Gabon,GAB,"PM2.5 air pollution, mean annual exposure (micrograms per cubic meter)",EN.ATM.PM25.MC.M3,28.0134232039907,27.9231955635788,27.7007178410938,27.4214539843078,27.1608679409928,26.9944236589209,26.8879760436354,26.7704091791001,26.6617307807183,26.5819485638929,26.5510702440269,27.1676800151218,26.8259890575401,27.7803827536179,26.2746903969533,30.7390246342706,29.7679660664056,27.1691084203468,27.0383051447292,27.5241895785238
Gabon,GAB,GDP per capita (current US$),NY.GDP.PCAP.CD,3982.906200928,3835.75718279727,3966.48001864663,4710.74862768151,5465.79193590708,6547.87613955186,6847.00985685394,8003.54289696049,9688.64519690633,7290.57526093114,8356.74662013345,10219.1139339454,9296.96587941088,9197.70106323947,9201.36276648105,7047.12654634355,6677.07003901644,6921.73373135624,7624.2775233771,7441.1786472281
Gabon,GAB,Population density (people per sq. km of land area),EN.POP.DNST,4.950409438429,5.08242713548337,5.22037877905849,5.36480769977103,5.5171692474871,5.67972600613187,5.85375480265456,6.03965149221873,6.23733845616486,6.44838747234835,6.67473512632437,6.91576434974968,7.16765242364264,7.42445375868359,7.67803391935421,7.92094151434005,8.15114681569449,8.37078433655451,8.58585788023441,8.80081499592502
Gabon,GAB,Urban population (% of total population),SP.URB.TOTL.IN.ZS,79.5660404650438,80.4090993437448,81.2205241874174,81.9970830091574,82.7355438220611,83.4326746392243,84.0852434737431,84.6900183387136,85.2437672472316,85.7432582123932,86.1852592472945,86.5665383650315,86.8838635787001,87.1482480671637,87.6236017962969,88.085308383892,88.5445883406178,89.0009733256896,89.4539949981866,89.9031850170394
Gabon,GAB,"Industry (including construction), value added (% of GDP)",NV.IND.TOTL.ZS,56.2551964968682,47.7100745088105,47.3156667989635,47.039168102841,51.5005373966573,59.9223608108533,59.4663196551434,57.2222057277107,61.7420000109434,50.4467532257807,55.1924628115731,60.8812104614947,58.8246016166913,56.6086168756874,52.7222416503812,48.1836272968661,45.0378509048684,45.4673089938161,47.1270856238547,47.6788640928906
Gabon,GAB,Trade (% of GDP),NE.TRD.GNFS.ZS,101.701928939637,83.6386132424108,84.7590815376223,80.3026082056312,81.7675371418698,83.9495998399241,88.6494092562519,85.1324791636578,88.9988725945748,83.5045774235636,89.1576627248353,90.4983773331323,92.3428089420545,90.6350361478645,73.5203290162438,73.9497814588281,70.1333810645308,75.0687404456638,77.0365976973024,73.4280894486644
Gabon,GAB,Renewable energy consumption (% of total final energy consumption),EG.FEC.RNEW.ZS,72.8,72.4,79.8,83.6,85.8,85.2,86.2,87.3,87.3,87.9,85.8,79.7,75.5,82.2,81.3,81.9,81.5,90.2,90.3,90.2
Gabon,GAB,Carbon dioxide (CO2) emissions excluding LULUCF per capita (t CO2e/capita),EN.GHG.CO2.PC.CE.AR5,5.17720677468618,5.14741647952144,4.81148732283377,5.31146236481354,4.66035316321154,4.36742182241825,3.78376980741041,3.3257145280571,3.43403798590695,3.27951630880933,3.46431347786676,3.26602075775049,3.1891467218658,3.17695376880692,3.16776342891399,3.15596997338055,3.12287828535461,2.66535305299272,2.44580571147547,2.49273935862938
"Gambia, The",GMB,"PM2.5 air pollution, mean annual exposure (micrograms per cubic meter)",EN.ATM.PM25.MC.M3,60.9950805242182,60.1217845161288,58.2026128263293,55.9281135930826,53.9888349546519,53.0753250493002,52.9303488554807,52.8383039464973,52.8021873528893,52.8249961051957,52.9097272339557,56.1934304763105,66.4198505891995,47.62546974836,50.9583278982684,63.7503934261079,58.7910560945535,64.5390631748347,59.2734928704383,54.8732916241171
"Gambia, The",GMB,GDP per capita (current US$),NY.GDP.PCAP.CD,538.054072348854,459.803068381399,376.531026962584,308.719123437587,593.285346326581,616.483657865348,614.544307904464,724.726407242432,859.127671411226,774.888030908091,801.033372714536,710.608411468152,692.579361628102,653.862713272743,568.00453558864,619.536364296461,650.056501323611,642.522641296331,696.219806960615,738.186751987483
"Gambia, The",GMB,Population density (people per sq. km of land area),EN.POP.DNST,143.783003952569,147.728359683794,151.748122529644,155.890415019763,160.208695652174,164.726976284585,169.493577075099,174.483596837945,179.629644268775,184.923122529644,190.378458498024,196.026086956522,201.886758893281,207.887351778656,213.886166007905,219.815118577075,225.668873517787,231.441600790514,237.117786561265,242.771146245059
"Gambia, The",GMB,Urban population (% of total population),SP.URB.TOTL.IN.ZS,46.9722332873784,48.3491979765917,49.5731153377033,50.6010077995371,51.5062022597801,52.3582132660613,53.1603285370566,53.9196109423854,54.6431233516671,55.3379286345209,56.0110896605662,56.6696692994225,57.3207304207091,57.970305611505,58.6141799655551,59.2458499408388,59.8652472486563,60.471712657237,61.0645869348107,61.643210849607
"Gambia, The",GMB,"Industry (including construction), value added (% of GDP)",NV.IND.TOTL.ZS,14.8226733584981,14.7668246416842,15.8069767662158,14.849025053224,11.4516644496493,11.4940795967501,12.1238923802598,11.8795399698303,11.16205074884,10.211007546291,9.82816623642272,11.5126603208193,11.9583688371148,11.8946963108623,13.214834279827,17.1434530643603,20.9355929614924,17.8927550195818,17.3104257988738,17.2826008332323
"Gambia, The",GMB,Trade (% of GDP),NE.TRD.GNFS.ZS,56.3598198850954,46.9292631865623,59.642950918834,68.8587930342232,49.9342995615683,50.0187233950976,50.374468581975,44.2938444656791,39.0890994561344,41.7773944257977,41.0125150279466,42.6397020468894,47.7006731141985,45.4619193623296,58.2579307752264,44.5223730803813,38.1140879565948,55.7335796090833,64.8124640003735,55.9979116186993
"Gambia, The",GMB,Renewable energy consumption (% of total final energy consumption),EG.FEC.RNEW.ZS,62.9,59.6,61,62.4,61.2,61.7,60.2,57.3,56.3,53.9,56.6,56.2,57,59.3,53.2,49,48.6,48,48.1,47.4
"Gambia, The",GMB,Carbon dioxide (CO2) emissions excluding LULUCF per capita (t CO2e/capita),EN.GHG.CO2.PC.CE.AR5,0.182944764700869,0.199463415319352,0.201668174131384,0.200049315071966,0.201565152173055,0.199035774250961,0.214426258180175,0.219337242478369,0.215089017147711,0.232016081888532,0.22879328153304,0.233694797417461,0.217513242170943,0.212137920544533,0.223512932149642,0.228812481203886,0.224978971165648,0.223551557965647,0.191821079232149,0.189267206220664
Georgia,GEO,"PM2.5 air pollution, mean annual exposure (micrograms per cubic meter)",EN.ATM.PM25.MC.M3,15.6475442783829,15.4858796277587,15.3404190761104,15.2342270045445,15.1903677941676,15.2319058260863,15.421065141324,15.8176451636329,16.4410733482129,17.3107771502641,18.4461840249862,22.1991814081631,23.0631259897014,22.2517576861155,20.9791754789627,20.3304736500391,19.3139668885259,18.5342689563052,18.4542384404894,17.6183021493385
Georgia,GEO,GDP per capita (current US$),NY.GDP.PCAP.CD,749.908534993961,801.98383707929,853.526171868939,1010.03151630868,1305.04748557208,1642.78359414797,1996.02013272284,2635.36650276116,3324.7537205015,2822.68939668797,3281.72930937343,4119.66818307193,4530.69533409431,4712.00229382665,4830.33486170249,4086.6223465965,4143.40125686315,4418.75206546679,4804.0546040444,4741.2832715876
Georgia,GEO,Population density (people per sq. km of land area),EN.POP.DNST,71.3308898141992,70.232915777319,69.6055670247384,69.13705867945,68.7102417859267,68.2751145946324,67.8880821582281,67.5348682599111,67.3300150460128,66.7346478183281,66.2496063543161,65.7203016200707,65.238006928164,65.0419538822212,65.0725007872914,65.1750586094685,65.2140557752196,65.2227859617201,65.197330207495,65.0855698239966
Georgia,GEO,Urban population (% of total population),SP.URB.TOTL.IN.ZS,52.4935999592259,52.4098165040349,52.4127676027039,52.5144705663341,52.7173199317225,53.0036280624359,53.3593916521584,53.7706073945741,54.2232719833673,54.7033821122222,55.1969344748228,55.6899257648533,56.1683526759979,56.6182119019407,57.0237612994258,57.3803800455672,57.6984032005062,57.9996827205757,58.3038181862576,58.6304091780343
Georgia,GEO,"Industry (including construction), value added (% of GDP)",NV.IND.TOTL.ZS,20.9975012824544,20.536409949056,22.7373927038627,24.0854263728821,24.1757682481195,23.7580566049101,21.7144431794284,20.9005637350092,18.9437428243398,18.9263871900367,16.8779105151474,17.6800367830185,18.8467444528085,18.03372091427,18.1712886955425,19.7698929026282,19.1221601510136,21.2674893565554,20.9042764578834,20.0073713952459
Georgia,GEO,Trade (% of GDP),NE.TRD.GNFS.ZS,62.6613956413099,63.3299250824094,71.6291255364807,77.6333765369391,79.0407459055607,84.5295975354749,89.125374368197,88.3934140686603,86.2982243681487,78.1930390303569,81.6733870603639,85.4659350932986,89.7348800946338,93.8139137895532,94.9506979383393,97.0163115086257,94.9262528383443,102.584277697146,109.847740556266,117.810080239714
Georgia,GEO,Renewable energy consumption (% of total final energy consumption),EG.FEC.RNEW.ZS,47.2,53.1,56.8,55.3,54.5,41.5,37.2,36.2,36.3,36.7,39.1,31.5,28.7,32.4,30.7,27.5,27.2,27.5,27.4,24.7
Georgia,GEO,Carbon dioxide (CO2) emissions excluding LULUCF per capita (t CO2e/capita),EN.GHG.CO2.PC.CE.AR5,1.27849706080084,0.966228100876525,0.903226455096939,1.00105371411451,1.09804600569342,1.27593582421795,1.46419894921769,1.70871244130422,1.47617910488095,1.69653622216123,1.66699456914275,2.01914524945287,2.21884676178385,2.46103202330063,2.64568558380433,2.8580432698141,2.95779616660474,2.99648283639181,2.98855589984192,3.20488817553864
Germany,DEU,"PM2.5 air pollution, mean annual exposure (micrograms per cubic meter)",EN.ATM.PM25.MC.M3,18.149579025919,17.8080564787948,17.4251209663774,17.0534186624295,16.7455957407135,16.5542983749923,16.4673340240739,16.4178840311706,16.3766553966518,16.3143551208868,16.201690204245,15.7161711583543,13.9078592571706,13.6633968189434,12.2822480920893,12.8253525089793,11.7806958987308,11.8978451129639,11.6526030992972,10.6378495266542
Germany,DEU,GDP per capita (current US$),NY.GDP.PCAP.CD,23925.8559901991,23878.3641471651,25486.5942008748,30711.1022511331,34566.7359143735,35084.4363546269,36980.3349948954,42350.9217211489,46379.1647953479,42471.8868625226,42396.9665976293,47630.9761883572,44718.0159214069,47206.8353514242,48959.5991203133,41929.7549110722,42948.9381932694,45553.9341495339,48916.1686612154,47656.199739747
Germany,DEU,Population density (people per sq. km of land area),EN.POP.DNST,235.596813297034,236.027300085985,236.451570830706,236.616427281328,236.592195429653,236.464680582636,236.225197866483,235.943361918146,235.522178240542,234.939637417171,234.606908225034,230.304633348634,230.750625466231,231.155712565925,232.108053883634,234.152986871524,235.712929356538,236.588722557747,237.294012250272,237.822954291766
Germany,DEU,Urban population (% of total population),SP.URB.TOTL.IN.ZS,80.0942160905637,80.1070808273695,80.1213973750556,80.1373116303862,80.1549694901257,80.1745168510383,80.1960996098884,80.2198636634402,80.2459549084581,80.2745192417062,80.305702559949,80.3405762928198,80.393447520218,80.4732318400362,80.57574023743,80.6974371632814,80.8347870684725,80.9842544038853,81.1423036204018,81.3053991689039
Germany,DEU,"Industry (including construction), value added (% of GDP)",NV.IND.TOTL.ZS,27.2536461219162,26.5785482320897,25.7983862262522,25.6207353590889,25.8386247078115,25.6870805044481,26.2600466577088,26.4597084438011,26.0432629920287,23.8380974911486,26.0371435344861,26.2795286339924,26.5450401531822,25.8779408891742,25.9859539549736,25.8737038512745,26.1732405694774,25.9754703565139,25.8506477811784,25.5415743169893
Germany,DEU,Trade (% of GDP),NE.TRD.GNFS.ZS,59.1955992975405,59.5592863682118,58.3325687248129,58.9145442942507,62.9064909465164,66.9531024934321,72.7591934646234,74.8838416816798,76.1131665945746,66.1391275757126,73.8852351200263,78.433002901442,79.3316495670315,77.5860288576931,76.8483516336234,77.7565815686922,76.0059902166055,77.4548394742448,79.1252260463654,79.0732427175683
Germany,DEU,Renewable energy consumption (% of total final energy consumption),EG.FEC.RNEW.ZS,3.7,3.9,4.4,5.4,6.3,7.3,8.6,10.5,10.2,10.7,11.6,12.5,13.6,13.6,14,14.6,14.2,15.2,16,17.1
Germany,DEU,Carbon dioxide (CO2) emissions excluding LULUCF per capita (t CO2e/capita),EN.GHG.CO2.PC.CE.AR5,10.5993032021746,10.7525841705381,10.546202837135,10.6369632865784,10.4632650583049,10.2067903422435,10.3846207212787,10.0478127320359,10.1072965484379,9.37864424258525,9.96567124737992,9.81776726131477,9.94745307113612,10.1408601249876,9.61630846170469,9.60884887243027,9.58423383867929,9.36976518940283,9.00657809367265,8.38218043063623
Ghana,GHA,"PM2.5 air pollution, mean annual exposure (micrograms per cubic meter)",EN.ATM.PM25.MC.M3,63.1064681783884,61.7577773171224,58.5079990125567,54.55157468354,51.0829457489213,49.2965536275491,48.7854118185382,48.3578583443151,48.0313214086965,47.8232292154989,47.7510099685389,52.8014316063294,56.9570423348518,44.7306236715724,43.9627293584075,68.0112284884927,62.8889642906448,60.3590341738153,56.0041825783104,49.6566317016668
Ghana,GHA,GDP per capita (current US$),NY.GDP.PCAP.CD,253.746936203344,263.542156494853,297.46164468774,358.39927142073,406.132105329565,478.611909191028,906.441027564887,1050.12461524926,1182.65761256016,1047.70430093586,1263.89251760539,1507.43573198753,1543.77524235764,2294.79584693743,1949.90832923846,1722.77282833606,1912.47991339951,2012.28662641265,2195.32166016377,2186.65822682613
Ghana,GHA,Population density (people per sq. km of land area),EN.POP.DNST,86.301692010196,88.6308736925376,91.1021710468489,93.5954337698866,96.1074887931792,98.6615012745012,101.260007031731,103.903836688055,106.574430869298,109.267223345346,111.958315021535,114.683519381208,117.492607893118,120.357708534763,123.238076821658,126.114388678914,129.017939702909,131.88166476224,134.647029093786,137.382028101418
Ghana,GHA,Urban population (% of total population),SP.URB.TOTL.IN.ZS,43.9373786640616,44.6410507317701,45.3484692124806,46.0547973581418,46.7572004525685,47.4528437795757,48.1388926229785,48.8125122665918,49.4708679942306,50.1111250897099,50.7296926788704,51.3304086646488,51.9197918381031,52.4985794475913,53.0663398797148,53.6226415210752,54.167052758274,54.6991419779128,55.218477566593,55.7246279109161
Ghana,GHA,"Industry (including construction), value added (% of GDP)",NV.IND.TOTL.ZS,25.4039222907651,25.2159797429519,25.2756743481642,25.2099150968066,24.716756265122,25.1254359413042,19.3820947702815,19.4928065701,19.3995645523361,18.5140921293401,18.0149428066597,23.8636600934779,27.1365335859295,34.0898222065997,33.8982030516643,31.1193795046839,27.6932546491989,29.9522176933621,31.1777436281076,31.1077243700312
Ghana,GHA,Trade (% of GDP),NE.TRD.GNFS.ZS,116.048430162968,110.045854160811,97.4892431746551,97.2871457139532,99.6703343472122,98.1715141146279,64.5190542439152,65.3543222852532,69.5142256111434,71.5947385281523,75.3778157916824,86.2954538549695,93.1680351286831,60.7593219028775,63.8365624430783,76.5212709243242,67.8769994445865,70.5483652904116,67.9585174644902,76.824802732152
Ghana,GHA,Renewable energy consumption (% of total final energy consumption),EG.FEC.RNEW.ZS,71.6,69.3,65.7,64.5,62.4,61.4,58.6,54.5,57.3,51.9,51.9,50.1,46.5,46.2,47.7,44,45.2,45.3,42.1,42.6
Ghana,GHA,Carbon dioxide (CO2) emissions excluding LULUCF per capita (t CO2e/capita),EN.GHG.CO2.PC.CE.AR5,0.306420193585739,0.322486128251954,0.370502978669703,0.338470199967554,0.307147817356431,0.316524627476198,0.375018955585641,0.385855356837638,0.356759557320251,0.398915417913382,0.436820497903925,0.459557752784739,0.541462365829504,0.562243171221352,0.529042716262329,0.543997874552012,0.546382156439567,0.578922122819532,0.621997458350585,0.648665525979844
Gibraltar,GIB,"PM2.5 air pollution, mean annual exposure (micrograms per cubic meter)",EN.ATM.PM25.MC.M3,..,..,..,..,..,..,..,..,..,..,..,..,..,..,..,..,..,..,..,..
Gibraltar,GIB,GDP per capita (current US$),NY.GDP.PCAP.CD,..,..,..,..,..,..,..,..,..,..,..,..,..,..,..,..,..,..,..,..
Gibraltar,GIB,Population density (people per sq. km of land area),EN.POP.DNST,2770.9,2765.7,2783.1,2827.4,2871.5,2916.3,2959.4,3000.6,3041.3,3082.3,3124.8,3166,3202.9,3240.7,3281.3,3319.3,3365.8,3424.5,3485.4,3549.4
Gibraltar,GIB,Urban population (% of total population),SP.URB.TOTL.IN.ZS,100,100,100,100,100,100,100,100,100,100,100,100,100,100,100,100,100,100,100,100
Gibraltar,GIB,"Industry (including construction), value added (% of GDP)",NV.IND.TOTL.ZS,..,..,..,..,..,..,..,..,..,..,..,..,..,..,..,..,..,..,..,..
Gibraltar,GIB,Trade (% of GDP),NE.TRD.GNFS.ZS,..,..,..,..,..,..,..,..,..,..,..,..,..,..,..,..,..,..,..,..
Gibraltar,GIB,Renewable energy consumption (% of total final energy consumption),EG.FEC.RNEW.ZS,0,0,0,0,0,0,0,0,0,0,0,0,0,0,0,0,0,0,0,0
Gibraltar,GIB,Carbon dioxide (CO2) emissions excluding LULUCF per capita (t CO2e/capita),EN.GHG.CO2.PC.CE.AR5,12.3136886932044,12.6550240445457,12.7986777334627,12.8209662587536,13.7140867142608,13.9320371703871,14.3610191254984,14.0571885622875,14.17485943511,15.3035071213055,15.194572452637,14.5041061276058,14.6304911174248,15.4225938840374,16.3746076250267,17.6904769077818,18.1918117535207,18.9750328515112,19.7882595971768,20.2118667943878
Greece,GRC,"PM2.5 air pollution, mean annual exposure (micrograms per cubic meter)",EN.ATM.PM25.MC.M3,24.3887788903302,24.1488338817268,23.8019671660229,23.3884257573202,22.9484566697207,22.5223069173261,22.0311629396323,21.4468579907,20.8856093064781,20.4636341229157,20.2971496759618,21.3833542936023,18.8095113490598,17.9600807887087,16.8699265288991,17.2372072771469,15.7750345686768,15.6724100278411,15.5840100248101,14.9419055519621
Greece,GRC,GDP per capita (current US$),NY.GDP.PCAP.CD,11638.2010697215,12156.9572824221,13782.195640943,18020.612039764,21449.2552764245,22054.1315756886,24416.0232970275,28440.7625328955,31695.8331092209,29425.4573200263,26653.0488008626,25504.7866510124,21624.346052551,21573.3449762805,21474.7257123892,17980.7298238137,17919.2426377048,18631.9930129293,19873.4015238771,19335.3602002969
Greece,GRC,Population density (people per sq. km of land area),EN.POP.DNST,83.83093871218,84.2678975950349,84.5773622963538,84.7794414274632,84.9894569433669,85.2390535298681,85.4954383242824,85.7135221101629,85.9413576415826,86.1677036462374,86.278828549263,86.1512723041117,85.6866640806827,85.067579519007,84.5028161365399,83.947889837083,83.5994647013189,83.4342823894492,83.2651823118697,83.1775174553918
Greece,GRC,Urban population (% of total population),SP.URB.TOTL.IN.ZS,72.665642910984,72.8460703788502,73.0977109642516,73.432268024093,73.8267602923728,74.2617376694311,74.717750055608,75.1753473512439,75.615079456679,76.0174962722535,76.3631476983077,76.6352609929407,76.8679797449322,77.0951999650171,77.3130486275866,77.5194426317545,77.7122988766348,77.8895342613411,78.0490656849874,78.1888100466875
Greece,GRC,"Industry (including construction), value added (% of GDP)",NV.IND.TOTL.ZS,18.7134135325555,19.1521007737425,19.0244609362316,20.5063379712513,20.4773277813422,18.4006884390429,20.5013778070463,18.74614719736,16.6711382140503,16.0934799769726,15.0655277858101,14.3792409788507,14.7998191105367,15.064315279116,14.144282569928,14.4406143927451,14.3053359941807,13.5438938901132,13.6804076386379,13.4139572418293
Greece,GRC,Trade (% of GDP),NE.TRD.GNFS.ZS,59.1126577488086,56.8576339551067,50.0533371904633,47.8943121550822,49.825317672568,50.3555334391407,51.1047465834807,54.5256818189044,57.1052836264926,46.3779593986083,50.9225181997227,56.2929957941907,62.3942117351318,62.9547272215374,66.4335364513677,65.2716454619318,63.6575490882866,70.8824967397253,79.2379908638706,80.5900949510457
Greece,GRC,Renewable energy consumption (% of total final energy consumption),EG.FEC.RNEW.ZS,7.8,7.1,7.3,7.6,7.8,8,8.5,8.1,8.3,9.2,11.4,11.4,14.2,16.6,16.4,17.5,16.4,16.4,17.9,18.5
Greece,GRC,Carbon dioxide (CO2) emissions excluding LULUCF per capita (t CO2e/capita),EN.GHG.CO2.PC.CE.AR5,8.89024680060945,9.03332789548129,8.99722088251152,9.31960538320124,9.27329917524567,9.43267845080244,9.29067484353055,9.59465620271688,9.19276599113492,8.6627939796977,8.01145293539691,7.75736006243731,7.38387675666416,6.73744445045335,6.51907892218189,6.41834866895798,6.32529541885367,6.35852543809071,6.19923893694163,5.7354129269356
Greenland,GRL,"PM2.5 air pollution, mean annual exposure (micrograms per cubic meter)",EN.ATM.PM25.MC.M3,6.91646236821714,6.85911246738856,6.81087892443937,6.76437405155547,6.71221016092278,6.6469995647272,6.56231852523121,6.45646002139346,6.32911144044417,6.17996016961358,6.00869359613188,5.74056233004073,6.18018581736795,6.23885062992403,6.55171305772451,6.14469039341254,6.46724827436704,7.4921548326333,6.75630549235812,6.48950745924949
Greenland,GRL,GDP per capita (current US$),NY.GDP.PCAP.CD,19009.0774407515,19265.5191468738,20657.9506323097,27466.6494525504,32030.9987915109,32489.7277309899,35457.6297578214,39780.9441368721,44366.7858688175,44918.8413832155,44277.1993400972,47186.8759969388,45936.9562817724,47535.4883792376,50485.2244135291,44536.3549705377,48181.7453541266,50765.7494665372,54545.135857765,53309.2035905065
Greenland,GRL,Population density (people per sq. km of land area),EN.POP.DNST,0.136886344256304,0.137358996223657,0.137885247898648,0.138265318552808,0.138623462053843,0.138713607016689,0.13832379096114,0.137787793884761,0.137234742355951,0.137222560604215,0.13773663052747,0.138603971251066,0.138409063223292,0.137612376659764,0.137154342794494,0.136713363381654,0.136888780606651,0.136854671701791,0.136491655500061,0.136983798270191
Greenland,GRL,Urban population (% of total population),SP.URB.TOTL.IN.ZS,81.4517822265625,81.7906112670898,82.0752868652344,82.3485946655273,82.5634307861328,82.6899108886719,82.8471984863281,83.2039566040039,83.621826171875,83.8556137084961,84.2784881591797,84.5286026000977,84.8864593505859,85.3725891113281,85.6772384643555,86.046257019043,86.2261047363281,86.3915557861328,86.72509765625,87.0217895507812
Greenland,GRL,"Industry (including construction), value added (% of GDP)",NV.IND.TOTL.ZS,..,..,..,14.6329587285511,15.7106615256395,16.2443320622729,16.7222152612455,16.7841075175753,18.2172094154952,17.9822750464506,18.0842449211536,18.0605185920164,18.911785135448,18.1332272290195,15.6961945959501,17.0467116297327,17.6874070578423,17.0105529266181,18.2130067733894,17.1422282695694
Greenland,GRL,Trade (% of GDP),NE.TRD.GNFS.ZS,..,..,..,87.2971972810315,88.1524357295282,99.7079265489358,89.6938562419079,94.9670539629143,107.37322125158,85.7573657356888,110.472368234124,130.547942353994,100.978401084907,95.9116681587586,87.0885837878503,83.1013810084573,85.8376729204278,84.2072558673104,89.7766906266033,92.1907515607492
Greenland,GRL,Renewable energy consumption (% of total final energy consumption),EG.FEC.RNEW.ZS,9.2,8.7,9.5,9.5,6.7,7,7.1,6.9,6.9,8.8,10.1,10.2,10.1,11.2,12.5,13.1,12.4,11.3,11.4,10.9
Greenland,GRL,Carbon dioxide (CO2) emissions excluding LULUCF per capita (t CO2e/capita),EN.GHG.CO2.PC.CE.AR5,0.0231378481801192,0.0248319409709289,0.0247371675943105,0.0246691688252189,10.6137298323315,10.728023184333,11.001321003963,10.8796746529927,11.2253231075131,9.77220673614687,11.3701489369229,12.0038671119705,9.48600598486182,9.51436715471912,8.54072297717382,9.24546458994191,9.18200263410814,8.95641956846828,9.0730592792246,9.31791907514451
Grenada,GRD,"PM2.5 air pollution, mean annual exposure (micrograms per cubic meter)",EN.ATM.PM25.MC.M3,24.0288265178508,23.7780655762104,23.2305265205835,22.577847847533,22.0116680536221,21.7236256354138,21.7000835092185,21.7656739128403,21.8694393250835,21.960422224752,21.9876650906501,21.6067771005585,22.0541028098674,22.8659000098273,23.3249292849377,25.177742151728,25.0768814910495,24.3014719560486,24.0969881609342,24.2647371353562
Grenada,GRD,GDP per capita (current US$),NY.GDP.PCAP.CD,4839.82811114248,4819.50776653843,4984.47405931447,5427.96377252312,5480.26117644588,6338.56011405358,6344.0383771432,6864.54816771858,7448.2040563865,6932.56472176781,6909.60169568597,6947.38136096464,7092.71985352677,7424.80212287327,7986.33421210788,8694.12438005692,9221.23461079424,9751.42661155932,10083.021279225,10462.7929159533
Grenada,GRD,Population density (people per sq. km of land area),EN.POP.DNST,316.032352941176,317.608823529412,318.835294117647,320.247058823529,321.538235294118,322.747058823529,323.926470588235,325.064705882353,326.164705882353,327.217647058824,328.194117647059,329.644117647059,331.691176470588,333.785294117647,335.682352941176,337.282352941176,338.617647058824,339.523529411765,340.267647058824,341.120588235294
Grenada,GRD,Urban population (% of total population),SP.URB.TOTL.IN.ZS,35.8702371019579,35.9199973947796,35.9199179937357,35.9194385233611,35.9181958391436,35.9158260786725,35.9119653795374,35.9062498793276,35.8983157156326,35.8877990260417,35.8743359481443,35.8601091092326,35.8652755773132,35.8792242623778,35.9014624346562,35.9319491111708,35.9706014181883,36.0173296416579,36.0720421424532,36.1346465679904
Grenada,GRD,"Industry (including construction), value added (% of GDP)",NV.IND.TOTL.ZS,17.9095188316552,16.5118570725163,16.6171559487198,17.0087138352588,16.7118338408484,22.8478487752929,19.4226500215903,18.8185412969453,17.5549887040486,14.7258701794622,14.709329695351,13.3430366681412,12.3180285968292,13.3978295173335,12.8104378636674,12.3242889833279,12.1551895563471,12.715876749963,13.4331770166911,13.6417603413492
Grenada,GRD,Trade (% of GDP),NE.TRD.GNFS.ZS,..,..,..,..,..,..,..,..,..,..,..,..,..,..,..,..,..,..,..,..
Grenada,GRD,Renewable energy consumption (% of total final energy consumption),EG.FEC.RNEW.ZS,10.5,10.4,10.5,10.4,10.6,10.6,10.4,9.9,10.8,10.5,10.8,11.4,11.5,10.8,11,10.5,10.4,10.2,10.7,10.4
Grenada,GRD,Carbon dioxide (CO2) emissions excluding LULUCF per capita (t CO2e/capita),EN.GHG.CO2.PC.CE.AR5,0.53419698281077,0.539879800346338,0.584849267554703,0.639212372800411,0.607374477465858,0.649753039167441,0.738184954828165,0.818841497620383,0.891826576251623,0.955471263954555,1.06464968723675,0.819957351510988,0.843272001773443,1.08029994624935,0.963796306031612,1.02113781436395,1.10831234256927,1.10882031913235,1.24037306272744,1.55542718203844
Guam,GUM,"PM2.5 air pollution, mean annual exposure (micrograms per cubic meter)",EN.ATM.PM25.MC.M3,9.206100072832,9.10327604492266,8.93951765792708,8.74529706603243,8.55108642342586,8.38735788429454,8.26878678535285,8.17327471448735,8.07613320264352,7.95267378076683,7.77820797980273,7.38091578853416,7.50094795897567,8.6039665673128,8.15054249728644,10.7767958943295,8.95124087366923,8.62061947259407,10.0065645243546,9.88784013723531
Guam,GUM,GDP per capita (current US$),NY.GDP.PCAP.CD,..,..,20909.9590302806,21877.3178371553,23618.8266894573,25631.9776108052,25709.9351488422,26605.4324214756,28112.2316573422,29054.0581201519,29719.7967836082,29926.2052442913,31653.7506538168,32530.7593121483,33900.1486530583,35165.7014644795,35930.6594898711,36779.0078903909,37195.9503070464,39274.9431424899
Guam,GUM,Population density (people per sq. km of land area),EN.POP.DNST,296.416666666667,298.757407407407,300.583333333333,302.105555555556,303.351851851852,304.37962962963,305.257407407407,306.05,306.838888888889,307.727777777778,308.374074074074,308.412962962963,308.02037037037,307.344444444444,306.455555555556,305.37962962963,304.135185185185,302.759259259259,301.257407407407,299.644444444444
Guam,GUM,Urban population (% of total population),SP.URB.TOTL.IN.ZS,93.1395316242857,93.2781071591292,93.4166219465011,93.5502870629964,93.6758326459328,93.7899888326279,93.8894857603993,93.9710535665648,94.0314223884421,94.0673223633488,94.0765173267308,94.0771054436498,94.0777276704115,94.0782751403862,94.0787476782557,94.079145108702,94.079467256407,94.0797139460527,94.079885002321,94.0799802498939
Guam,GUM,"Industry (including construction), value added (% of GDP)",NV.IND.TOTL.ZS,..,..,..,..,..,..,..,..,..,..,..,..,..,..,..,..,..,..,..,..
Guam,GUM,Trade (% of GDP),NE.TRD.GNFS.ZS,..,..,68.8862698880377,64.023536004483,68.0020677177565,66.4372181343461,72.7701746106654,79.4632704116443,78.2739373121511,72.0173985086993,72.0347544958577,77.7889245585875,76.7521367521368,79.5332468975736,78.3600713012478,71.3398861872737,70.4117946110829,69.2665890570431,72.9631465873409,78.0645161290323
Guam,GUM,Renewable energy consumption (% of total final energy consumption),EG.FEC.RNEW.ZS,0.4,0.4,0.4,0.5,0.5,0.4,0.4,0.4,0.4,0.5,0.5,0.5,0.5,0.6,0.7,2.3,4.4,3.9,4.5,4.5
Guam,GUM,Carbon dioxide (CO2) emissions excluding LULUCF per capita (t CO2e/capita),EN.GHG.CO2.PC.CE.AR5,0.00187423859057258,0.00185955407893187,0.00184825801681915,0.00183894518104415,0.001831390025029,0.00182520609618836,0.00121330510376792,0.00181524442266151,0.00181057739313067,0.00180534743911466,0.00180156375734137,0.00180133659175108,0.001803632515887,0.0018075991468132,0.00120856144930689,0.00121281950213759,0.00182667308031882,0.00183497461618448,0.00184412247432059,0.00247206565806388
Guatemala,GTM,"PM2.5 air pollution, mean annual exposure (micrograms per cubic meter)",EN.ATM.PM25.MC.M3,37.474592031175,36.5460733532087,35.1317690659313,33.5005185285342,31.9211611002083,30.6625361401451,29.5999508598572,28.5247503758314,27.5798309047198,26.9080886631746,26.652419867848,30.2785784962163,27.3005597247054,29.0925322950372,26.7327979035299,27.4004163899267,25.2167964925021,25.1845452119376,23.2233964899274,20.2102810509295
Guatemala,GTM,GDP per capita (current US$),NY.GDP.PCAP.CD,1648.96578971559,1537.68663578252,1669.33517469705,1722.54701910774,1840.91184884,2046.46611650758,2225.1234753878,2458.81573919384,2763.05988172926,2611.64632773352,2805.25960237322,3168.98370607705,3286.61959336267,3444.15802275864,3689.14510410202,3893.50533299068,4060.13784737643,4324.99768915601,4352.94593289707,4511.99839552697
Guatemala,GTM,Population density (people per sq. km of land area),EN.POP.DNST,109.160059723778,111.696733855916,114.286254199328,116.889156401642,119.516629339306,122.131662933931,124.742991787981,127.398656215006,130.040817469205,132.65781075028,135.312728630086,138.037756625607,140.814175065323,143.59217058604,146.339352370287,149.045754012691,151.817469204927,154.603928704741,157.201241134752,159.609957073535
Guatemala,GTM,Urban population (% of total population),SP.URB.TOTL.IN.ZS,43.2434755105047,44.678095600504,45.7754731938848,46.5865389722105,47.326819486636,48.0557951573834,48.7676356188334,49.4565105053665,50.1165894513633,50.7420420912045,51.3270380592706,51.8657469899423,52.3523385176,52.7809822766245,53.1458479013964,53.4411050262961,53.6609232857043,53.7994723140017,53.845962303542,54.1882267267974
Guatemala,GTM,"Industry (including construction), value added (% of GDP)",NV.IND.TOTL.ZS,19.7911162779183,27.3420734989877,27.1826895247297,27.4424966147734,27.8833550863791,27.5811372404814,28.269045356288,27.8843638206437,28.116816136255,27.5259745150329,27.4918265373292,27.9436212267543,28.1234371173336,22.9529599737565,23.1927143718844,22.7375104809835,22.6144392993251,21.9049014315292,21.4264352094944,21.9422533815816
Guatemala,GTM,Trade (% of GDP),NE.TRD.GNFS.ZS,49.1455879049537,70.6690331769476,67.1048115244645,67.0023391862425,70.2148723581872,67.1036996082037,67.9119237396616,69.0013643101763,65.1787305213103,58.0406869738673,63.1251925746222,65.0470510420457,61.9594193352042,56.6852490208198,55.0832735945126,49.8934517710689,46.3727344722496,46.0694033463258,47.0116852699223,45.5167341512863
Guatemala,GTM,Renewable energy consumption (% of total final energy consumption),EG.FEC.RNEW.ZS,62.7,61.3,63.8,64.3,66.1,65.2,64.7,63.3,66.5,65.3,67.1,67.1,67.4,67.2,66.2,63.3,63.2,65,64,62.8
Guatemala,GTM,Carbon dioxide (CO2) emissions excluding LULUCF per capita (t CO2e/capita),EN.GHG.CO2.PC.CE.AR5,0.827443802109015,0.849690152122634,0.868651411396258,0.848429989776336,0.846049807759606,0.898994004185174,0.892331145358291,0.930212627563353,0.829648772236357,0.858176268329233,0.812345449469632,0.820889438069957,0.833631164466604,0.87963888748261,0.926919710682339,1.06172507283645,1.10787792062825,1.02957279184604,1.11243324329049,1.14962736649855
Guinea,GIN,"PM2.5 air pollution, mean annual exposure (micrograms per cubic meter)",EN.ATM.PM25.MC.M3,46.528445919947,46.2915148965972,45.7195532636765,45.0214167699546,44.4059611642013,44.0820421951864,43.9817436076682,43.9049134748938,43.8620540383665,43.8636675395894,43.9202562200658,45.7355495093342,47.8451474722102,37.4448110683296,39.8496366263944,54.2776680884158,49.6336310986966,49.7395461030353,48.4123967434209,42.8781068854259
Guinea,GIN,GDP per capita (current US$),NY.GDP.PCAP.CD,518.157066924026,483.085120214741,495.916073559269,566.48540588068,584.897740538081,463.17768685098,446.980554135013,650.148575304743,703.532825784369,662.185914665575,659.235326211315,636.694958747648,699.353377212197,748.455020824734,765.146999389279,747.356966759448,711.996509782316,833.598621691121,933.273615633705,1031.34146480732
Guinea,GIN,Population density (people per sq. km of land area),EN.POP.DNST,34.3025883118997,34.75484291063,35.3006104509197,36.1011761354387,36.8823294807097,37.6275598241901,38.422476802865,39.3223221552987,40.2851619729774,41.2808643985024,42.3086684030604,43.3697297737262,44.4472611102067,45.5472611102067,46.6910467198437,47.8881246947745,49.1332817841446,50.4055795214065,51.7042731564382,53.0455233599219
Guinea,GIN,Urban population (% of total population),SP.URB.TOTL.IN.ZS,30.9231105645224,31.2176948406254,31.5131362085814,31.8086015036327,32.1032575610216,32.3962712159907,32.6868093037822,32.9740386596386,33.2571261188022,33.5352385165154,33.8075426880206,34.0732054685603,34.3313936933767,34.5812741977122,34.8177920826682,35.0373191833496,35.3100280761719,35.5827331542969,35.8554382324219,36.1281547546387
Guinea,GIN,"Industry (including construction), value added (% of GDP)",NV.IND.TOTL.ZS,21.5230896940631,21.8203987016552,21.4815029343945,21.7573715436192,20.9236440966749,21.9879538645841,34.2753959440443,30.7663957919196,32.9328375718068,32.2887263194246,32.3138372958105,32.6144005582332,31.5767582978151,29.6407139185782,29.6941648521559,26.3246416118291,30.1038432883843,31.653986926333,33.3410014345781,29.390798702636
Guinea,GIN,Trade (% of GDP),NE.TRD.GNFS.ZS,36.6796954912881,40.1878781394378,38.0284032674396,35.0751269891585,34.5950959210535,47.9377003917167,69.3862937148949,71.1210322265015,64.1842433909581,69.8153454158123,73.5465739340387,85.9546732708386,86.6743318322581,80.4264477180461,76.7719658952305,72.4427307469345,111.839467415368,101.251633768429,88.984111543709,78.4153132285974
Guinea,GIN,Renewable energy consumption (% of total final energy consumption),EG.FEC.RNEW.ZS,85.5,84.8,84.3,83.5,83.2,81.6,81.1,80.4,80.2,79.2,75.7,74.8,76.4,78.5,78.6,76.2,75.3,72,73.2,68.3
Guinea,GIN,Carbon dioxide (CO2) emissions excluding LULUCF per capita (t CO2e/capita),EN.GHG.CO2.PC.CE.AR5,0.173226848037783,0.184473931962211,0.195755946519199,0.202721722021996,0.201970135696478,0.189522990005023,0.196659927036593,0.200760048274315,0.208306604693263,0.215694056923356,0.241465874753248,0.248995712600675,0.229920924452238,0.20281681180621,0.206869669841795,0.243671534205201,0.267497057490953,0.264023093159597,0.294495596694597,0.369331917381969
Guinea-Bissau,GNB,"PM2.5 air pollution, mean annual exposure (micrograms per cubic meter)",EN.ATM.PM25.MC.M3,55.3089810391368,54.5855572569738,52.8942507824626,50.8821651561039,49.1964039183986,48.4840706098473,48.5140057166139,48.6224332133203,48.8075318731546,49.0674804693048,49.400457774959,51.054253759813,55.8088467950236,41.5410405341867,43.5593468461234,56.920191943344,52.6997265729536,56.7814512632763,54.1409784310321,48.5028970455265
Guinea-Bissau,GNB,GDP per capita (current US$),NY.GDP.PCAP.CD,316.945495037639,327.138431972397,362.034574570354,419.78486611807,431.376557669634,463.073962650452,448.513075469701,519.069789794741,640.210331101753,583.190020139094,600.194298540768,719.539573498937,635.461653303881,654.304534409417,652.022501029449,645.066837207039,679.665386626818,783.123186602022,808.531613218504,811.216425885129
Guinea-Bissau,GNB,Population density (people per sq. km of land area),EN.POP.DNST,43.9097083926031,44.8532361308677,45.8501778093883,46.8992176386913,47.9929943100996,49.1317567567568,50.3308321479374,51.599786628734,52.9179943100996,54.2808321479374,55.702240398293,57.1862019914651,58.7274893314367,60.3119843527738,61.9175675675676,63.5297652916074,65.1455547652916,66.7522048364154,68.3559032716927,69.9749644381223
Guinea-Bissau,GNB,Urban population (% of total population),SP.URB.TOTL.IN.ZS,36.8412054388232,37.1627839410066,37.4734924367695,37.7773055741583,38.0781980012196,38.3801443659997,38.6871193165452,39.0030975009025,39.3320535671181,39.6716434222135,40.0095596313477,40.4391136169434,40.8686027526855,41.2976379394531,41.7271995544434,42.1568145751953,42.586109161377,43.0155792236328,43.4449081420898,43.8745574951172
Guinea-Bissau,GNB,"Industry (including construction), value added (% of GDP)",NV.IND.TOTL.ZS,8.88112869526954,9.96976622237475,15.8232800934822,16.7545534859258,12.4404404161973,12.4400960708697,12.0924056056146,12.5990180965363,12.3813756165574,12.7564033361704,13.7495149088181,12.2556709039964,12.0457512726254,13.1545314595145,14.6822693955448,12.9268475259906,12.0226933283458,11.7058928971019,16.3705721944585,15.6395774663519
Guinea-Bissau,GNB,Trade (% of GDP),NE.TRD.GNFS.ZS,52.7373461180145,47.5832172774612,39.6760635550924,38.0334709318917,43.192131633446,45.7842315450716,48.7605033860226,46.2445284700147,45.1388893744724,43.5957474099206,43.5145876385454,48.6174602066373,44.1280665609795,39.9574617805787,46.8696583055238,54.3703755891285,54.3006730474711,56.9137475938811,55.0195890357005,49.9435101361017
Guinea-Bissau,GNB,Renewable energy consumption (% of total final energy consumption),EG.FEC.RNEW.ZS,91.2,91.2,91,89,88.6,88.5,88.3,87.9,88.4,87.9,87.8,87.9,87.8,87.7,87.3,87.2,86.8,86.8,86.6,86.2
Guinea-Bissau,GNB,Carbon dioxide (CO2) emissions excluding LULUCF per capita (t CO2e/capita),EN.GHG.CO2.PC.CE.AR5,0.16286816425469,0.167687725020674,0.17319381652314,0.200560203699407,0.199842467524673,0.199263888939153,0.204267213451819,0.211787019309628,0.195960630460991,0.202505671927709,0.200338749970473,0.19800059201182,0.193894092164487,0.194283753338054,0.195965590004606,0.202915603342258,0.206780636205281,0.163339498964344,0.183438700467389,0.181227181434531
Guyana,GUY,"PM2.5 air pollution, mean annual exposure (micrograms per cubic meter)",EN.ATM.PM25.MC.M3,28.0653087700277,27.6749218196649,26.7373174249219,25.5932264409115,24.5833797227468,24.0485081255405,23.9375255270104,23.9276414429482,23.9520301855779,23.9438660671232,23.836323399808,23.1327579636656,24.0202750476087,23.9124180658873,24.2311867349748,25.8352498994325,25.3854930398264,25.2164770735339,25.7636448984049,26.0920734823741
Guyana,GUY,GDP per capita (current US$),NY.GDP.PCAP.CD,931.796651718955,931.574723847673,950.866932470993,973.742598054188,1033.31030902188,1084.06541388904,3135.60553528326,3608.28685240188,4008.9628671603,4209.13230624565,4581.76179693492,4947.22170589917,5444.39751913913,5556.91231156932,5472.68820452237,5640.41560569466,5870.87823759835,6178.6650437298,6048.38697180418,6405.82443444562
Guyana,GUY,Population density (people per sq. km of land area),EN.POP.DNST,3.88535433070866,3.88355092710185,3.87935991871984,3.87656083312167,3.87309118618237,3.8654508509017,3.85555499110998,3.84486156972314,3.83340614681229,3.82064516129032,3.80622809245618,3.79046482092964,3.79115062230124,3.8101143002286,3.83149098298197,3.85461518923038,3.8788315976632,3.90388112776226,4.02111252222504,4.10294640589281
Guyana,GUY,Urban population (% of total population),SP.URB.TOTL.IN.ZS,28.7610390578913,28.6194627210441,28.4796776810692,28.3083472486662,28.0668850172523,27.7758550706193,27.4604582346121,27.1458953350755,26.8573671978542,26.620074648793,26.4592185137368,26.3999996185303,26.3999996185303,26.4003891353669,26.4018152016157,26.4043918297579,26.4080892882899,26.412905546573,26.4188378517884,26.4258834773058
Guyana,GUY,"Industry (including construction), value added (% of GDP)",NV.IND.TOTL.ZS,20.0012299787296,20.0826363267013,19.6492758825796,18.0496168369614,17.1139253470055,16.6691938643683,22.0717890267589,23.6589377907829,24.7390950750695,24.5699983117448,24.9027270750604,26.4538770719167,26.5877498717371,25.6280649781202,24.3921272261287,24.7187387911341,29.382927306177,26.2071926714792,26.2597639752552,28.6892259316288
Guyana,GUY,Trade (% of GDP),NE.TRD.GNFS.ZS,206.767370475214,199.577000730114,196.72507835983,189.162485631386,200.725286901642,194.350757310172,..,..,..,..,..,..,..,..,..,..,..,..,..,..
Guyana,GUY,Renewable energy consumption (% of total final energy consumption),EG.FEC.RNEW.ZS,30.4,31,34.2,34.6,35.5,34.7,36.8,33.1,32.6,31.3,30.6,32.8,28.7,26.9,24,25,21.3,22.1,16.8,11.3
Guyana,GUY,Carbon dioxide (CO2) emissions excluding LULUCF per capita (t CO2e/capita),EN.GHG.CO2.PC.CE.AR5,2.17315698087946,2.1525827461127,2.12623027242775,2.12252375504684,2.19499014976037,1.94949757791288,1.75844504233391,2.12324323752974,2.12760036363347,2.1659526601728,2.35059846033932,2.45713680706236,2.68341444589756,2.63645951246698,2.73802784035087,2.73412223026143,3.21708654858634,3.21257965409595,3.26041366624724,3.45861217212582
Haiti,HTI,"PM2.5 air pollution, mean annual exposure (micrograms per cubic meter)",EN.ATM.PM25.MC.M3,20.2385408971379,20.1626627783411,19.9490167998644,19.6705719275103,19.4002971270812,19.2111613643794,19.0965357905648,19.0011837390715,18.9251624491129,18.8685291599026,18.8313411106541,18.8857006660512,19.0640940806919,19.3952223914866,20.7584161756086,21.5058632915395,20.5277983755891,20.7108631691211,21.5479155500506,20.938501996786
Haiti,HTI,GDP per capita (current US$),NY.GDP.PCAP.CD,820.600046761464,748.821159844528,720.969568042522,578.995291079709,683.185298155273,775.845704056916,828.805700289589,984.566983448521,1094.66058421644,1196.8528706018,1209.72733503094,1312.03953552013,1361.39396587374,1457.83221179626,1460.18898613914,1411.12684746796,1318.40268167953,1395.23945184461,1496.38048970156,1352.17204191532
Haiti,HTI,Population density (people per sq. km of land area),EN.POP.DNST,301.275435413643,306.818505079826,312.323693759071,317.848766328012,323.304172714078,328.783490566038,334.418069666183,340.105079825835,345.81908563135,351.581313497823,355.70732946299,359.757039187228,365.376306240929,370.912989840348,376.387336719884,381.830261248186,387.208164005806,392.516473149492,397.763497822932,402.944956458636
Haiti,HTI,Urban population (% of total population),SP.URB.TOTL.IN.ZS,36.8408497942176,38.3871832598564,39.9708985140797,41.2007603284477,41.8705746346912,42.5791771857318,43.2846444920296,43.9866171992907,44.6847359532184,45.3786413995138,46.0679741838751,46.7523749519985,47.4314843495779,48.1049430223048,48.7723916158687,49.4334707759572,50.087821148256,50.735083378449,51.374898112219,52.0069059952475
Haiti,HTI,"Industry (including construction), value added (% of GDP)",NV.IND.TOTL.ZS,23.048486874758,23.5984895487098,23.2116928683578,25.3098723727845,25.6128699974092,25.0367007859813,26.494693007675,25.2963112825586,26.701201891474,26.2255411512356,23.5332687261618,24.5925802703743,25.3732825170097,25.6899193261312,26.5606297593527,26.0556909416746,24.4486778891376,23.7054083866046,24.1385210331551,23.3823262210182
Haiti,HTI,Trade (% of GDP),NE.TRD.GNFS.ZS,27.1535220636918,27.569933019116,24.9396784759828,37.1973434444641,33.7809703531059,34.9651045038228,37.0570704128996,34.2825489611293,36.1450381454244,33.0964998246108,44.7215241260457,44.1635704019387,40.2582414988129,40.3325097562551,42.3515259071619,41.9457381172044,41.4109022161974,42.0745477868911,45.1385763027223,44.5687187758294
Haiti,HTI,Renewable energy consumption (% of total final energy consumption),EG.FEC.RNEW.ZS,80.8,80.9,79.1,79,81.1,81.1,81.4,79.3,79.6,80.3,79,79,82.2,80.4,77.8,76.1,76.1,76.2,76.2,76.4
Haiti,HTI,Carbon dioxide (CO2) emissions excluding LULUCF per capita (t CO2e/capita),EN.GHG.CO2.PC.CE.AR5,0.20415141191579,0.204353921123644,0.226717169082679,0.221166605326629,0.200981721863878,0.201859054461774,0.200877507252704,0.232981013295643,0.226980515958095,0.219132282396937,0.26510476988653,0.296967070987273,0.273948632992746,0.291263408593826,0.311214389725095,0.332026955191185,0.335286924737644,0.331556809297013,0.32453772280098,0.323714293972993
Heavily indebted poor countries (HIPC),HPC,"PM2.5 air pollution, mean annual exposure (micrograms per cubic meter)",EN.ATM.PM25.MC.M3,39.4582693858888,39.3014988941556,38.879838992536,38.340141047906,37.8306254524871,37.5659269271096,37.4199790182715,37.170211322884,36.9445047377921,36.8440329190455,36.9357633989477,38.9537698516571,40.8718913728354,36.9671102520971,36.3048260984991,43.5867398626593,41.3867077775278,39.3143032713362,38.5048262502028,35.5686496689578
Heavily indebted poor countries (HIPC),HPC,GDP per capita (current US$),NY.GDP.PCAP.CD,377.459385908018,355.171230947667,374.531772057964,412.76823992883,462.336970473255,519.647933058567,593.211178044594,688.372468350697,797.380456091108,764.823758486232,812.08054988398,873.222093086024,881.192621901094,960.68552047794,986.983783219797,917.296109229181,894.708764701024,943.132832332498,985.478210719267,983.900062178744
Heavily indebted poor countries (HIPC),HPC,Population density (people per sq. km of land area),EN.POP.DNST,27.7366075449133,28.4969734176254,29.330401041227,30.1990112786353,30.8005566950545,31.6880495040748,32.6064614235137,33.5180446547401,34.4638831444811,35.4526417632089,36.4473822892634,37.4730548761782,34.8236049284709,35.8149382891725,36.8537865109223,37.9189176723804,39.025674597164,40.1855427979159,41.3523557492643,42.5190680719139
Heavily indebted poor countries (HIPC),HPC,Urban population (% of total population),SP.URB.TOTL.IN.ZS,28.2569513039077,28.5969142404534,28.9155252606177,29.2232168651352,29.5462529996983,29.8756911120483,30.225177366358,30.5407545700241,30.9764021760139,31.3678366610042,31.7683238189164,32.176358845272,32.5841925844927,33.0126257405067,33.4544444212925,33.8811007245147,34.3112319405726,34.7491017080037,35.1961108060605,35.6138460414847
Heavily indebted poor countries (HIPC),HPC,"Industry (including construction), value added (% of GDP)",NV.IND.TOTL.ZS,21.2720944834698,21.141004156627,21.7143843707386,21.9746742510936,22.73880945125,23.2740852296215,24.0539083710184,24.5050297543998,24.8563508989675,23.537218497459,23.6197757129994,25.2863491373825,25.2746827628039,25.9456604574455,25.3611959755801,24.2749557128457,24.0074912108206,24.8776660292473,26.2719653863246,25.9882737632491
Heavily indebted poor countries (HIPC),HPC,Trade (% of GDP),NE.TRD.GNFS.ZS,53.5615312286019,52.8976659047244,54.9451439312074,55.8141808305765,58.50017434195,60.1370743428907,57.1825101582769,61.1210381454367,62.8148583902903,57.262246771828,61.3643010284156,63.4586803006438,63.3430134027445,59.7603520454406,58.5808670081618,56.2244183648995,53.4924824357727,52.350299328205,53.9021196500937,53.2150962375475
Heavily indebted poor countries (HIPC),HPC,Renewable energy consumption (% of total final energy consumption),EG.FEC.RNEW.ZS,85.3583528760041,84.9516479758069,84.4545528836959,84.270327212806,83.9450364180269,83.9256979376258,83.1818878444874,81.7362408698414,81.2329236673649,80.4451955986762,79.6115171074584,78.8967629817918,77.8546208866133,77.654981472332,77.378161792632,76.5530574120486,76.0862841962469,75.9193473348398,75.2520183545811,74.8448133256749
Heavily indebted poor countries (HIPC),HPC,Carbon dioxide (CO2) emissions excluding LULUCF per capita (t CO2e/capita),EN.GHG.CO2.PC.CE.AR5,0.176444119105143,0.181075888229208,0.184319776138118,0.186054191744836,0.190633998870637,0.194797804358341,0.206130639356663,0.216040353675837,0.221109101022689,0.227432056173811,0.2388786168453,0.253348481318633,0.262552622765853,0.266164836993418,0.270645454189192,0.285864008153473,0.295907080431569,0.300292678646809,0.308247041522024,0.314489417112082
High income,HIC,"PM2.5 air pollution, mean annual exposure (micrograms per cubic meter)",EN.ATM.PM25.MC.M3,17.9442345255167,17.7467260486756,17.4920508051657,17.2166877257225,16.9512583797117,16.7281139258689,16.4588719511725,16.0907769265949,15.7092903144034,15.4056578720411,15.2301072852434,15.6657015631048,15.0976232351837,15.0563216568481,14.3857236162313,14.6228154837683,13.6798632007826,13.8840947254983,13.9927756761964,13.0657851467942
High income,HIC,GDP per capita (current US$),NY.GDP.PCAP.CD,22374.3254750161,22083.4201672758,22929.756695357,25606.6766440821,28451.5065479041,30051.3459550589,31710.7967236991,34666.0451564196,36900.1405697145,34111.8446047683,35778.2487328682,38785.8817355705,38693.845536167,39008.3249033591,39447.7093246608,36586.4346902662,37057.8096501124,38776.5615949516,41094.8560877186,41342.2066107349
High income,HIC,Population density (people per sq. km of land area),EN.POP.DNST,24.1535701358984,24.2771604071842,24.4018327088701,24.5293174733751,24.6633338332345,24.7972124711731,24.9486416694535,25.1157481975867,25.29838229325,25.4534352610134,25.5663327933253,25.6796475001584,25.83096050615,25.9788439668636,26.1199986091246,26.2841461617825,26.4381447156711,26.5546210258502,26.6462181721644,26.7360259861526
High income,HIC,Urban population (% of total population),SP.URB.TOTL.IN.ZS,76.1243587136707,76.3835804739705,76.70572876164,77.0606383849569,77.4095974944961,77.7101607010208,77.9906658084009,78.2586161871986,78.4997972665246,78.6868043291079,78.8495856198825,78.9755394009323,79.0761338947917,79.1842546952044,79.2816692842533,79.3873774562132,79.4995354743216,79.5646361553009,79.6245241556879,79.6868467579363
High income,HIC,"Industry (including construction), value added (% of GDP)",NV.IND.TOTL.ZS,26.5261099981349,25.4344481962175,24.7375761522605,24.7360234787281,24.9459959879935,25.1904064387561,25.4194788629492,25.2766612224168,25.1445441203725,23.3810214178472,23.9738302834942,24.2419232774699,24.1097131777947,23.8107616047997,23.696257807297,22.9012160834764,22.487996233694,22.8785699782576,23.2409573045494,22.8275002287415
High income,HIC,Trade (% of GDP),NE.TRD.GNFS.ZS,52.0185301567566,50.6409198386634,49.4773198779428,49.7635606437455,52.4724541228533,54.6697129845386,57.4327010180074,58.5317341571335,61.0841636075935,53.2477126867088,58.1761404718763,61.900071215778,62.2422859689237,61.9404059390321,61.8426544687614,60.0910197887119,58.4107360114514,60.2299036444844,61.4493252222777,60.5888526671574
High income,HIC,Renewable energy consumption (% of total final energy consumption),EG.FEC.RNEW.ZS,6.84678847436669,6.54177055385906,6.62132648676549,6.86995743794711,7.10768137806772,7.38790136062168,7.77042745709828,8.02429581434502,8.3984841545264,8.96094596937985,9.13757742354582,9.52836321852016,9.90988310752564,10.3849989396956,10.5213333961469,10.6050781624931,10.7845732962853,11.0890197580437,11.4686788378903,11.7839130112794
High income,HIC,Carbon dioxide (CO2) emissions excluding LULUCF per capita (t CO2e/capita),EN.GHG.CO2.PC.CE.AR5,12.3402043180872,12.3148114889138,12.1867138839707,12.3824031034398,12.4309628546727,12.4152445699697,12.3302072252981,12.3845900497784,12.0653101667983,11.2924397444462,11.7648180635382,11.6290748362743,11.421655702911,11.3783041822641,11.1698293613756,11.0721969761307,10.9111577833737,10.8502663525044,10.8835072079214,10.6106389694881
Honduras,HND,"PM2.5 air pollution, mean annual exposure (micrograms per cubic meter)",EN.ATM.PM25.MC.M3,31.2179492340652,30.8754580684972,30.2462334556727,29.4430738497488,28.5787777048828,27.7661434752318,26.8538605929398,25.7618807352975,24.7098957241816,23.9175973814691,23.6046775290367,27.5473866010646,24.209066840265,26.2100830737093,24.197048630279,24.6931989438968,22.8829846790784,22.0571250886782,20.5175969852982,18.1436603524166
Honduras,HND,GDP per capita (current US$),NY.GDP.PCAP.CD,1092.56400746252,1132.1648753329,1132.49965345317,1156.08162681357,1215.13995412761,1304.70039153826,1425.84780051892,1577.73789197407,1732.49062702803,1781.15703614674,1893.32722662035,2073.66121088074,2126.03474686503,2081.12843527945,2179.88171977271,2271.20265980349,2307.34468351082,2413.0076562942,2464.64241531918,2502.32744328073
Honduras,HND,Population density (people per sq. km of land area),EN.POP.DNST,58.7878541424613,60.3985432120833,62.015005809277,63.6268924836893,65.2336580570203,66.8366699436947,68.431781213692,70.0223254982572,71.6112878720172,73.1959871302172,74.7687729019573,76.3301724908392,77.8896773616945,79.4465814639378,81.0002859951738,82.5570202877826,84.121726695862,85.6925283760837,87.2750916078291,88.8697202609706
Honduras,HND,Urban population (% of total population),SP.URB.TOTL.IN.ZS,45.3233354392127,45.8623033555915,46.4194190064116,46.990184604045,47.5739776096056,48.1703884178554,48.7790074235564,49.3994250214704,50.0312316063593,50.6740175729851,51.3273733161098,51.9908892304951,52.6641557109031,53.356379133253,53.8768089124249,54.3828473751434,54.8868414578857,55.3877322339915,55.8852577716247,56.3791561389766
Honduras,HND,"Industry (including construction), value added (% of GDP)",NV.IND.TOTL.ZS,29.3809338966492,27.6950607056328,27.2623882644585,27.3716581546558,26.5378388000557,26.2400447570959,26.7848832699915,26.1566692583548,25.9497768626944,26.0219596984677,25.5871307044098,25.8142160143128,26.1135718011836,25.4093197152808,24.510778796214,25.6499709386427,25.8278974975697,26.5389223099615,26.5924587973715,26.7243168964313
Honduras,HND,Trade (% of GDP),NE.TRD.GNFS.ZS,120.392164584236,115.943071737954,117.997454450299,122.248277175534,135.461758741854,136.489768018486,133.13183510432,135.070634917917,135.748955193053,96.9050060188904,109.441838241682,122.216902597337,121.188215808285,116.306049247436,112.97509728471,107.26440535424,99.8157169505924,101.813111079622,103.551162215452,99.4599779937589
Honduras,HND,Renewable energy consumption (% of total final energy consumption),EG.FEC.RNEW.ZS,55.2,50.4,49.8,47.9,46.7,51.4,52.2,50.6,50,50.5,53.6,50.9,49.3,51.1,52.2,50.8,52.7,45.6,48.9,46.2
Honduras,HND,Carbon dioxide (CO2) emissions excluding LULUCF per capita (t CO2e/capita),EN.GHG.CO2.PC.CE.AR5,0.760181295401954,0.871087022434027,0.896055100701715,0.966806302887693,1.07270947201765,0.948804917659031,1.06403013674585,1.10621869255595,1.08143599564036,0.997594720032567,0.95425728178202,1.11128244992174,1.13935896829815,1.13847266335916,1.09616752372968,1.17120740302502,1.03396802934008,0.974871343619725,0.922263832523827,1.02100509944404
"Hong Kong SAR, China",HKG,"PM2.5 air pollution, mean annual exposure (micrograms per cubic meter)",EN.ATM.PM25.MC.M3,..,..,..,..,..,..,..,..,..,..,..,..,..,..,..,..,..,..,..,..
"Hong Kong SAR, China",HKG,GDP per capita (current US$),NY.GDP.PCAP.CD,25756.7728723704,25230.3780910304,24665.8362318216,23977.1734120477,24928.1003722551,26649.637724155,28224.0951563146,30593.9511738646,31515.5292103443,30697.5383861641,32550.136489179,35142.4879344543,36730.796195815,38403.7777145477,40315.3739510191,42432.1619740441,43734.1980702999,46160.429791493,48537.5668888343,48359.0011950597
"Hong Kong SAR, China",HKG,Population density (people per sq. km of land area),EN.POP.DNST,6347.61904761905,6394.57142857143,6422.95238095238,6410.28571428571,6460.47619047619,6488.7619047619,6530.57142857143,6586.95238095238,6626.47619047619,6640.7619047619,6689.71428571429,6734.85714285714,6809.61904761905,6837.04761904762,6885.2380952381,6944.09523809524,6987.2380952381,7041.14285714286,7097.71428571429,7150.38095238095
"Hong Kong SAR, China",HKG,Urban population (% of total population),SP.URB.TOTL.IN.ZS,100,100,100,100,100,100,100,100,100,100,100,100,100,100,100,100,100,100,100,100
"Hong Kong SAR, China",HKG,"Industry (including construction), value added (% of GDP)",NV.IND.TOTL.ZS,12.0823834898067,11.3479853036237,10.6365250153969,9.85860238455791,9.17294443444659,8.45767902983093,7.99587055850563,6.89108505436297,7.00210309068239,6.87119744221016,6.83582798711052,6.71717250042648,6.84452438540072,6.94769922906227,7.0675064878175,7.05801657854796,7.47571466772237,7.21876244307908,6.47887850480474,6.25471437479218
"Hong Kong SAR, China",HKG,Trade (% of GDP),NE.TRD.GNFS.ZS,247.654020445592,240.848977626932,255.996457369342,292.454655919737,326.841054589054,342.689209524653,359.208661184248,362.14946363969,376.656806171877,348.397554309339,404.770560908659,421.854706554386,430.568530415663,442.620019127299,425.975871734797,389.405949263639,371.727231773253,376.795666734722,376.892773545026,353.743521139731
"Hong Kong SAR, China",HKG,Renewable energy consumption (% of total final energy consumption),EG.FEC.RNEW.ZS,0,0.1,0.1,0.1,0.1,0.1,0.1,0.1,0.1,0.1,0.1,0.5,0.2,0.3,0.2,0.2,0.2,0.2,0.2,0.2
"Hong Kong SAR, China",HKG,Carbon dioxide (CO2) emissions excluding LULUCF per capita (t CO2e/capita),EN.GHG.CO2.PC.CE.AR5,6.28672168042011,6.23399311916358,6.07216678281757,6.61398347893267,6.00745927618486,6.3120706863148,6.18806784209068,6.42411404941949,6.19885596021731,6.47451525929325,6.01174510976339,6.38924712936252,6.24424833219116,6.43354831520149,6.57781312677225,6.06825943247432,6.14445383420113,5.96964778445058,5.91190993747149,5.79498927796055
Hungary,HUN,"PM2.5 air pollution, mean annual exposure (micrograms per cubic meter)",EN.ATM.PM25.MC.M3,20.6558178895561,20.8202477715374,21.1522211901366,21.5344986819374,21.8498407835233,21.9810080314777,21.8234247969572,21.4476493915619,20.9991432625418,20.6233678571466,20.465784622626,21.3088927870016,18.932021260415,17.8529756602872,17.9397743889142,17.9802501362595,16.2389389235353,17.0236884271225,17.5018535227019,14.6412354449754
Hungary,HUN,GDP per capita (current US$),NY.GDP.PCAP.CD,4629.91760812548,5280.94887987063,6658.04494326809,8410.09248198479,10291.2694721409,11212.2046968994,11478.4891640501,13934.605460375,15762.6322515113,13051.1831777184,13189.8433874768,14211.460557822,12950.1594488143,13739.4620151401,14352.501883174,12782.9412577973,13215.8605277789,14736.1668157258,16605.0570511887,17012.8598553199
Hungary,HUN,Population density (people per sq. km of land area),EN.POP.DNST,113.936297701406,113.675251060031,113.352019638474,113.027806293238,112.777795135015,112.566287244727,112.391139381765,112.217163263029,112.020845887736,110.710814094775,110.460874848117,110.148315475533,109.580934496852,109.05483265216,107.747512601359,107.360891957046,106.944499232961,106.582905982906,106.366031119877,106.233004602235
Hungary,HUN,Urban population (% of total population),SP.URB.TOTL.IN.ZS,64.2602344392211,64.646880283041,65.0400009155273,64.8452987670898,65.0225372314453,66.1261367797852,67.0155868530273,67.0041656494141,68.0976986078883,68.4592590332031,69.5305480957031,69.4779934082031,69.5772326660156,69.9277636266638,70.3071053512008,70.4847717285156,70.4733810424805,70.4542541503906,70.4711761474609,70.4565277099609
Hungary,HUN,"Industry (including construction), value added (% of GDP)",NV.IND.TOTL.ZS,27.0147480291097,27.1118163721943,26.7953724802925,26.4183352658643,26.8778725721925,27.2089503526625,27.2157712360963,26.7120407420711,25.7747485981168,25.1371137759844,25.2266979655838,25.1359185300274,25.0498656722544,25.0561210392632,25.6873886769853,26.3916783181703,25.4486066021034,25.1587549896178,24.9697501840475,24.6337376234071
Hungary,HUN,Trade (% of GDP),NE.TRD.GNFS.ZS,137.26231309347,130.903714236387,118.269335242555,116.787088540862,123.615686104174,128.004810647538,149.231531568461,155.60143236807,158.453224115619,145.30587733019,157.838960085896,166.754347209897,166.17569860957,164.476024791467,168.358355086413,167.290738494524,163.97194450015,165.032855840268,162.700858777925,159.925556464831
Hungary,HUN,Renewable energy consumption (% of total final energy consumption),EG.FEC.RNEW.ZS,5.2,5.1,5.2,5,4.6,7.3,7.9,9,9,12.3,13.5,14.7,16.5,17.2,15.7,15.6,15.3,14.6,13.6,13.6
Hungary,HUN,Carbon dioxide (CO2) emissions excluding LULUCF per capita (t CO2e/capita),EN.GHG.CO2.PC.CE.AR5,5.82337370265766,5.9881860022443,5.90458850267675,6.18793407645274,6.01747516064377,6.06869292504807,6.02496979060446,5.88170186698595,5.76183669801761,5.15845609694043,5.23461796037869,5.15825393134008,4.80352430687509,4.5374057479924,4.55934371452648,4.85223400666785,4.94531881179394,5.2571073027842,5.28069332491601,5.31240175169761
IBRD only,IBD,"PM2.5 air pollution, mean annual exposure (micrograms per cubic meter)",EN.ATM.PM25.MC.M3,44.0508525845991,44.184906961001,44.3050916785892,44.373673771986,44.3583849878247,44.2235820965836,43.5522086418227,42.2468005771632,40.7371522437548,39.4677329419737,38.8761439963702,42.7431000465677,45.1892946449022,49.2167520325158,48.3527611813968,45.7884899014967,44.9705331809838,41.8172103482547,40.8133761258392,37.5215266322461
IBRD only,IBD,GDP per capita (current US$),NY.GDP.PCAP.CD,1477.69257780304,1481.39193527337,1487.7220754011,1652.80701731862,1947.23386392599,2300.5592081511,2700.5582098436,3321.08117407742,3944.6530416302,3790.0835825848,4561.25191754242,5342.86138124845,5617.65268604461,5845.60507389183,5949.31912012409,5546.04775275527,5534.81953332907,6053.30921793356,6394.19484299789,6476.07259783679
IBRD only,IBD,Population density (people per sq. km of land area),EN.POP.DNST,56.3605166988903,57.0368803805904,57.6912523622848,58.3300459712697,58.9793316998993,59.6193390938655,60.1670471962571,60.7784374445819,61.4029739441699,62.0430885387988,62.6831543816806,63.3392420682377,64.0307817392054,64.7357474909755,65.4228881635228,66.0751142241427,66.7079526735412,67.3384457700949,67.9205648201147,68.4589690843195
IBRD only,IBD,Urban population (% of total population),SP.URB.TOTL.IN.ZS,43.6667023896647,44.2905845807242,44.9754758078454,45.6701134027848,46.2937905593518,46.9145693724127,47.5769747009825,48.2961047629039,48.8903466913443,49.5693483292079,50.1080208606821,51.1470854803375,51.7855203403866,52.4999014352869,53.1837216780098,53.9332868281978,54.6015207244718,55.2222227935355,55.8598392575292,56.4284852445038
IBRD only,IBD,"Industry (including construction), value added (% of GDP)",NV.IND.TOTL.ZS,34.9200821985071,34.5752244396091,35.063058300748,35.0635273280958,35.9596879752049,36.554156690847,37.1808167071903,36.8792931556086,37.4765344909571,36.222636962716,36.6886255205657,37.0270590807619,36.7310690326027,36.0705154934105,35.6303900866514,34.7286754421114,33.9146029534373,34.1870301720817,34.8489116617222,33.9496750930475
IBRD only,IBD,Trade (% of GDP),NE.TRD.GNFS.ZS,48.7527803172081,47.6852566983515,50.0023141130175,54.4023979565011,59.3046823102686,60.9185341914824,61.7955597716678,60.5530289970981,60.2573598266261,50.5106893302338,53.7907284823699,55.4665957907094,54.2579292543953,53.0441880540149,51.7753413234894,48.4463469736626,46.4759642047366,47.854645281693,50.1354302810354,48.1269430998085
IBRD only,IBD,Renewable energy consumption (% of total final energy consumption),EG.FEC.RNEW.ZS,23.4541240735978,22.9130162069356,22.5539877436238,21.5634346494163,20.2986644309744,19.3136973097539,18.7796426080362,18.0231697034131,17.6316680788104,17.4829469844672,16.7512897977865,15.9538657957954,15.8795392491567,16.0171385968997,16.003291533954,16.0209177851331,16.2845965537743,16.3923000534023,16.6268066421204,17.0666276982215
IBRD only,IBD,Carbon dioxide (CO2) emissions excluding LULUCF per capita (t CO2e/capita),EN.GHG.CO2.PC.CE.AR5,2.74091110535309,2.77646219148845,2.85139969841099,3.05252392878104,3.26330306885495,3.45631112271134,3.6577371350765,3.83957986977398,3.90809892331051,3.95829068741931,4.21123918567341,4.44440748797947,4.54474059723218,4.61934254688742,4.63888659864221,4.56688539173153,4.54358113250659,4.61557484280718,4.74748004665205,4.79938714812623
Iceland,ISL,"PM2.5 air pollution, mean annual exposure (micrograms per cubic meter)",EN.ATM.PM25.MC.M3,7.40415684416645,7.36401350857719,7.31543238709725,7.25851087930184,7.19334638476617,7.12003630306545,7.00714143681389,6.84979048517238,6.68793269253617,6.5615173033005,6.51049356186064,6.70874031735348,6.11017540376794,5.96459941016024,5.78710561432072,5.73328095255678,5.27717772615425,5.83996279608708,5.55924065638007,5.48155807169081
Iceland,ISL,GDP per capita (current US$),NY.GDP.PCAP.CD,32503.578963236,29208.1981853568,32749.379004627,39944.2104095591,47809.6073050042,57783.7745608117,58172.1426656622,70483.0117228535,57489.3399795216,41483.7843682814,43776.4677400475,48254.953927254,46594.9869146614,50173.3360061057,55140.364935793,53505.6964079339,62854.0906407932,72976.3729990975,75633.8651351915,69296.3144361601
Iceland,ISL,Population density (people per sq. km of land area),EN.POP.DNST,2.80503740648379,2.84257356608479,2.86805985037406,2.88799002493766,2.91345635910224,2.95994014962594,3.03024438902743,3.10789027431421,3.16622443890274,3.17704738154613,3.17247880299252,3.18218453865337,3.19916209476309,3.22956608478803,3.2656957605985,3.29990024937656,3.34602493765586,3.42543640897756,3.49817514628583,3.5759496181692
Iceland,ISL,Urban population (% of total population),SP.URB.TOTL.IN.ZS,91.9674192031642,92.0452304560359,92.1674022598912,92.3235559316863,92.4377293375354,92.377441015064,92.1949009038813,92.3614571703229,93.0646442174216,93.4441340553707,93.4588348107886,93.41106112427,93.514892578125,93.6166725158692,93.6196716315805,93.727919768566,93.7822647094726,93.7718982310092,93.8526667025487,93.9770847416131
Iceland,ISL,"Industry (including construction), value added (% of GDP)",NV.IND.TOTL.ZS,22.5372259365463,24.1593929160252,21.8878961443286,21.0064884754505,21.3111439861402,20.4017247228488,21.8846027987055,19.7564514418821,22.6306546995652,19.3938111719419,21.855496243023,22.2264364274742,20.9475410570084,20.8890786203018,20.6391066712987,19.94941842555,19.5126644938287,19.4710396712039,19.7316038131118,19.5699967953928
Iceland,ISL,Trade (% of GDP),NE.TRD.GNFS.ZS,70.2477741981669,73.9395325755249,68.7108314689249,67.4009987460124,69.7326204452496,71.2106793861355,76.6308537686708,73.6249668831341,81.9027481853952,89.00144405735,92.4901528110187,100.133252648313,102.433137099998,97.6980221861272,95.2879194201667,94.8888027460231,87.7600165983392,86.3585336945067,88.934996973139,83.7923659518443
Iceland,ISL,Renewable energy consumption (% of total final energy consumption),EG.FEC.RNEW.ZS,60.7,62.1,61.9,61.9,61.9,62.7,64.2,67.6,74,74.7,76,77.1,77.7,76.8,77.6,78,80.9,80.8,81.4,81.7
Iceland,ISL,Carbon dioxide (CO2) emissions excluding LULUCF per capita (t CO2e/capita),EN.GHG.CO2.PC.CE.AR5,10.1434896250067,10.3787091884001,10.8822598539943,10.7073407455763,10.8729294630813,10.5394056629844,10.6711391721695,11.1536560471939,11.9081073928686,12.0169922040572,11.7481708333202,11.2966829041986,11.3655071776899,11.4608171384095,10.5804768682839,10.9704819914454,9.4768348343514,9.69685497961561,9.34052693205111,8.81066554249882
IDA & IBRD total,IBT,"PM2.5 air pollution, mean annual exposure (micrograms per cubic meter)",EN.ATM.PM25.MC.M3,44.3569201287216,44.4331441370263,44.424749478703,44.3366090698802,44.1802171567821,43.9707734032314,43.3055037918991,42.0532514345685,40.6302067738016,39.4560235129367,38.9399498502276,42.9018059993491,45.9415576640781,48.2191244770075,47.5578249401332,47.1276568166284,45.8979624594539,42.7505543446415,41.8336248484011,38.2582686933112
IDA & IBRD total,IBT,GDP per capita (current US$),NY.GDP.PCAP.CD,1251.80798458527,1248.91735602024,1256.62539530548,1392.4121168826,1633.14212751517,1919.70312051472,2247.71696802584,2742.68959561751,3245.39485060629,3109.25120385232,3715.56679095123,4324.06826881192,4531.17008727409,4714.62155942195,4801.77950721902,4474.43525326247,4447.41739069513,4831.93005964107,5085.50217477104,5167.89523774326
IDA & IBRD total,IBT,Population density (people per sq. km of land area),EN.POP.DNST,54.8324038258068,55.6433851278034,56.4459826740064,57.2423697149221,57.9579182178703,58.7623435386983,59.5089024887134,60.3135483053692,61.1323623218924,61.9668463689047,62.8068156780173,63.6624484007281,62.8619301980065,63.7107627610086,64.5561787737467,65.3794503123962,66.2039448504935,67.0396174172364,67.8520171826622,68.6449514027532
IDA & IBRD total,IBT,Urban population (% of total population),SP.URB.TOTL.IN.ZS,40.6173905220433,41.1678618330616,41.7665815831091,42.3762640835833,42.9364845694025,43.4950447951068,44.0849273007181,44.7090025033096,45.243376680196,45.8291168552633,46.3031248309061,47.1590174633299,47.7241339152613,48.3516287082079,48.9336069658772,49.5541695951727,50.1161429968315,50.6435884708012,51.1819701268996,51.6640843924242
IDA & IBRD total,IBT,"Industry (including construction), value added (% of GDP)",NV.IND.TOTL.ZS,33.9946608341335,33.6373092199218,33.9902878815425,34.0388862673602,34.990977409966,35.6282120917841,36.2086152680657,35.9598968740669,36.5597115151257,35.2752218687862,35.8276195220939,36.2817276515888,35.956811945275,35.2942898261322,34.8434321245256,33.8531806510859,33.1094032691011,33.4984056501485,34.2047301205071,33.2693523307557
IDA & IBRD total,IBT,Trade (% of GDP),NE.TRD.GNFS.ZS,48.8226154754502,47.8300620256771,50.0405958474563,54.2678023202232,59.0352305707308,60.6114706257582,61.4398436775892,60.348928269262,60.1849238257291,50.60967005399,53.7546441417426,55.4895656665013,54.2840904270573,53.0190988325055,51.7399193626658,48.423697900668,46.4102561070108,47.7712303341788,50.093341224051,48.1615135685922
IDA & IBRD total,IBT,Renewable energy consumption (% of total final energy consumption),EG.FEC.RNEW.ZS,29.2034754750625,28.756966654433,28.4620294366149,27.4990846528317,26.1171565862039,25.0826783272947,24.4584394602454,23.5801717590485,23.1916933385608,23.1681701232033,22.2914952493169,21.5080308989151,21.3971364601676,21.5681055110978,21.5287778759064,21.6163623919511,21.8132582722264,21.8333716725747,21.9590062576992,22.4318628279228
IDA & IBRD total,IBT,Carbon dioxide (CO2) emissions excluding LULUCF per capita (t CO2e/capita),EN.GHG.CO2.PC.CE.AR5,2.24955887721375,2.273502403856,2.32343701357553,2.47403361318488,2.63264531123751,2.77547112711029,2.92432686595514,3.05672441025543,3.10080627235909,3.12615773418687,3.31337330586386,3.48328637512489,3.54624468576332,3.59473215579815,3.60407395361954,3.54191026153099,3.52284057394031,3.57143680422469,3.65766167839556,3.68479689250317
IDA blend,IDB,"PM2.5 air pollution, mean annual exposure (micrograms per cubic meter)",EN.ATM.PM25.MC.M3,53.9514279619724,53.5661621922128,52.5520707205705,51.2327043231854,49.9363707259522,48.982221782153,47.8713610961421,46.2249870916472,44.5201952017065,43.2363311232239,42.8652220304038,49.4263260453565,55.4157975039493,51.4745965915208,52.3446460621004,62.2537310344528,57.7976047233912,53.6160841411225,51.7473354401821,45.8883209384769
IDA blend,IDB,GDP per capita (current US$),NY.GDP.PCAP.CD,619.821306002406,602.892871654224,644.972024005814,712.27750643014,837.139763701924,957.94448356121,1148.89181904758,1296.21736128505,1479.93269649198,1350.16810903148,1535.29922315138,1705.64443688917,1844.1586935183,1968.08172455739,2095.07253994271,1947.85246838642,1790.53787826053,1804.50559433385,1869.38204447614,2205.87361894796
IDA blend,IDB,Population density (people per sq. km of land area),EN.POP.DNST,80.4600939070839,82.6111587109078,84.7083095999817,86.827203743006,89.0398379217651,91.2826088936342,93.581637179149,96.0455757341829,98.5976026018541,101.177378451267,103.794019345103,106.36032982086,108.809489445231,111.149837248575,113.482474604471,115.689153675963,117.979685012637,120.337543397582,122.770294331703,125.231895343451
IDA blend,IDB,Urban population (% of total population),SP.URB.TOTL.IN.ZS,37.1026016090268,37.6077426188299,38.1449950358966,38.7046042253944,39.2712038089643,39.8348778202094,40.3888250207305,40.8889051590091,41.3446440311986,41.7469202004975,42.1151997510905,42.5084884969366,42.9159323176066,43.3275756317313,43.7524751266553,44.1901706504123,44.6500251183283,45.1144259487283,45.5767065281075,46.0543233703288
IDA blend,IDB,"Industry (including construction), value added (% of GDP)",NV.IND.TOTL.ZS,23.5462323661453,21.943782288231,20.4986756615605,21.8657237196807,23.8652665558104,24.7825078438255,24.2015329395171,23.2880411916533,24.1906141495113,22.0630449728397,23.9136477661943,25.3739080142641,25.1103643278798,24.1787124245278,23.6898824631465,20.9220802134587,19.5534203037538,21.7137634316416,23.2372843656911,22.0743987543561
IDA blend,IDB,Trade (% of GDP),NE.TRD.GNFS.ZS,..,..,..,..,..,..,..,..,..,..,..,..,..,..,..,..,..,..,..,..
IDA blend,IDB,Renewable energy consumption (% of total final energy consumption),EG.FEC.RNEW.ZS,58.7954757830609,58.9012101457864,59.097088474877,59.3760404153803,59.3834807906034,60.1143669239581,59.7728436369701,59.7989247311828,59.8816457785291,61.5456166448889,60.5940711914845,60.1995707840284,62.2040325368952,61.9371685909771,61.535451528507,61.7521936459909,60.4836460271951,59.7969449026188,60.0455922831853,60.7067624481493
IDA blend,IDB,Carbon dioxide (CO2) emissions excluding LULUCF per capita (t CO2e/capita),EN.GHG.CO2.PC.CE.AR5,0.995435878526737,0.99249550955916,0.945245490531764,0.932798630401785,0.944022477315665,0.917434522745802,0.918608192669382,0.9067776529195,0.896566716962001,0.837729308315599,0.865763401647041,0.877700872154449,0.825252648140717,0.841567797238397,0.847091995315993,0.835069747645758,0.873396941246111,0.878420598139865,0.846151144302452,0.837924410402502
IDA only,IDX,"PM2.5 air pollution, mean annual exposure (micrograms per cubic meter)",EN.ATM.PM25.MC.M3,40.8824188299926,40.862429231824,40.6939987174877,40.4400389551298,40.1662366989998,39.9848189813457,39.6036309938722,38.8370633214954,37.9941716339602,37.3387975304516,37.0978796832654,40.0750298380774,44.2541799867538,41.8259922442119,41.2992981684449,44.8893258291093,43.5314466112027,40.9371989553367,40.8734211500277,37.2740818027124
IDA only,IDX,GDP per capita (current US$),NY.GDP.PCAP.CD,372.859415968736,356.727000119663,369.569993774013,405.748336914012,449.659876396916,507.001767833477,573.825446583336,666.895329303624,791.054232494495,784.340956107062,877.624039786351,961.368579226082,945.581958388053,1005.78892337076,1049.32649145285,1023.43894668408,1054.10011053311,1110.744251052,1159.06134313704,1186.40559680864
IDA only,IDX,Population density (people per sq. km of land area),EN.POP.DNST,41.6690060198843,42.6464099082309,43.6821768734784,44.7406982658032,45.4107123697434,46.470791167017,47.5743961978219,48.6892055075049,49.8020355083412,50.9277744726185,52.0727118581478,53.2498372182488,47.7655485211288,48.7554670907223,49.7921471241083,50.864452516561,52.0015998511586,53.1835769718324,54.4056735061853,55.681005468268
IDA only,IDX,Urban population (% of total population),SP.URB.TOTL.IN.ZS,26.060875303171,26.4345607330098,26.8234245279128,27.2352733087832,27.6750546607291,28.1286312175987,28.6001762405189,29.054252356712,29.5645339868637,30.0204192752168,30.4664366828355,30.9333638048884,31.4552181135266,31.9824200381304,32.3834467950314,32.7380976919446,33.1218316185591,33.5266826149303,33.950062765686,34.362549702073
IDA only,IDX,"Industry (including construction), value added (% of GDP)",NV.IND.TOTL.ZS,23.3857649461963,23.3450684464174,23.7993641623237,23.7409760176306,24.515516802123,25.2861342699797,26.2100324665186,26.6462417915435,26.7869247615205,25.5861187676023,25.9032430693982,27.3844098315072,26.1778596836148,26.4097934513495,26.6099618959345,25.874131738328,26.7985075560021,27.3681158495693,28.3128838068017,28.4659568039467
IDA only,IDX,Trade (% of GDP),NE.TRD.GNFS.ZS,54.8349856379954,53.4245750964309,53.4929716659376,53.4730032317296,55.8421917780795,57.9159289823862,56.9029494496944,59.4278805416553,60.9511239732124,54.5821280639105,57.2130400452252,60.8583944007916,60.991283613237,58.9182515275565,57.6195103933599,54.040709566092,51.1473537865157,51.7075841083153,54.0586875395731,53.2718483717597
IDA only,IDX,Renewable energy consumption (% of total final energy consumption),EG.FEC.RNEW.ZS,77.4297504047491,76.6386299861006,76.2397735224887,75.598263871884,75.0011327841767,73.8050436381383,73.3938956177054,71.8570857444585,71.6010224669511,71.6363429921907,70.5576135766612,69.9942562944391,69.2375680788855,70.0688971913976,69.5857709069388,69.2695625897768,68.2872983784982,67.1926478978048,66.0568216095439,66.1344154982874
IDA only,IDX,Carbon dioxide (CO2) emissions excluding LULUCF per capita (t CO2e/capita),EN.GHG.CO2.PC.CE.AR5,0.254920585179015,0.262731253147557,0.266856367927821,0.27690172978504,0.282902971745258,0.301998238397654,0.311268831161771,0.326439022249213,0.331489623743106,0.333305601979766,0.343665685710439,0.353221628114475,0.355573778567836,0.345425559552506,0.359567345749938,0.368017394726911,0.392533245080816,0.419683865147058,0.433057442694291,0.439836223152672
IDA total,IDA,"PM2.5 air pollution, mean annual exposure (micrograms per cubic meter)",EN.ATM.PM25.MC.M3,45.4343108125568,45.2961961506392,44.8353861793502,44.2110711720618,43.5844310116825,43.1362341204477,42.5019887105952,41.4316912345794,40.291431609613,39.4194202307637,39.1367930039454,43.3852381074996,48.2068178113055,45.244472972392,45.2120001540684,51.0361568100881,48.5732404663417,45.4101931621217,44.7028555449801,40.3011137881686
IDA total,IDA,GDP per capita (current US$),NY.GDP.PCAP.CD,458.298938832863,442.145183436089,465.333742769282,512.41649453404,584.965672067294,664.73305755977,775.4811759604,887.832604344602,1033.2321035618,983.707474856151,1109.84138279455,1224.50986155293,1263.41124156596,1346.32438528917,1419.34391837187,1350.30758062232,1314.0817741131,1355.23505457315,1408.95016839901,1544.27890067061
IDA total,IDA,Population density (people per sq. km of land area),EN.POP.DNST,50.0620177755881,51.2932854443478,52.5586961571558,53.8466694076021,54.7896163071281,56.1039371889656,57.4644522370557,58.8694513325759,60.2917525026172,61.7300210631151,63.1909274670047,64.6663688445888,59.5902347483495,60.8417716261234,62.1300849868292,63.4324586140116,64.7933355771926,66.2033317611789,67.6601823751493,69.1654337294484
IDA total,IDA,Urban population (% of total population),SP.URB.TOTL.IN.ZS,29.9005553322283,30.3280338912572,30.7713616580518,31.2367330787591,31.7261780702923,32.2230094118675,32.7271143799728,33.2049658362949,33.7058769385953,34.1521963638527,34.5794774018143,35.0257888421889,35.5089070615958,35.9972352750717,36.4061620765395,36.7875012930537,37.1915834095229,37.6103588043171,38.0402833464091,38.4668213219761
IDA total,IDA,"Industry (including construction), value added (% of GDP)",NV.IND.TOTL.ZS,23.4996285365797,22.6964329995154,22.1973317327655,22.8431903824635,24.2239180426322,25.0705794646508,25.1956769881104,24.9226740720854,25.4815037844504,23.8810146743206,24.9320176787621,26.395383215278,25.630803900269,25.2586833157273,25.087733888918,23.3485985534445,23.3103510301162,24.7121897208161,25.9414018337377,25.2601115149974
IDA total,IDA,Trade (% of GDP),NE.TRD.GNFS.ZS,..,..,..,..,..,..,..,..,..,..,..,..,..,..,..,48.0045817630678,45.1943421429191,46.219631006171,49.3104437400923,48.804557983678
IDA total,IDA,Renewable energy consumption (% of total final energy consumption),EG.FEC.RNEW.ZS,67.6196746762415,67.3222664226306,67.2435642247321,67.1356806109481,66.8527540120632,66.7599113045394,66.3967663862666,65.6601255015347,65.5967479591471,66.5353503378893,65.4798262712482,64.9875878296829,65.6347840271434,65.9170351063927,65.5180418773844,65.4970691927081,64.3516706620498,63.4625486644428,63.0596732632859,63.4454503938806
IDA total,IDA,Carbon dioxide (CO2) emissions excluding LULUCF per capita (t CO2e/capita),EN.GHG.CO2.PC.CE.AR5,0.51422185134764,0.518821757915876,0.50510410196238,0.507383757139277,0.515553127117494,0.518849241275735,0.525486108704745,0.531537420705722,0.531692034702934,0.512442673097687,0.529500875317176,0.540185765462539,0.523097322432122,0.522494406049151,0.533513406827025,0.534503449197551,0.563606902773194,0.582520847186094,0.579402142652935,0.580563345521785
India,IND,"PM2.5 air pollution, mean annual exposure (micrograms per cubic meter)",EN.ATM.PM25.MC.M3,61.511449777005,61.9068347721157,62.3725221530569,62.766353963477,62.9461722470244,62.7698190473475,61.1951099242157,58.0211349861865,54.3676481000901,51.3544031327568,50.1011539510167,61.708624213512,74.0031607462287,76.2501768290597,79.0373957134889,73.810991410386,75.7890035327013,67.3122713926644,68.1209525065052,59.8919808842351
India,IND,GDP per capita (current US$),NY.GDP.PCAP.CD,442.750218937263,450.357900514128,469.149928973927,544.143133545002,624.258826510066,710.488080408949,801.668353659022,1021.88707706826,992.519584923828,1094.94974598436,1347.51939071367,1445.46127486037,1429.32199520032,1432.84397512195,1553.88396075118,1583.99815907985,1707.50892912243,1950.10468280866,1966.25455171679,2041.42863698585
India,IND,Population density (people per sq. km of land area),EN.POP.DNST,355.82076254797,362.539418940599,369.165905979773,375.624499611528,382.078344471763,388.36277600826,394.485011048739,400.470881780175,406.274393496547,412.191872366045,418.231449722352,424.199245255096,430.068210238834,435.838110245225,441.370107863944,446.666542669658,452.020992940243,457.30592394028,462.351569862673,467.185182245332
India,IND,Urban population (% of total population),SP.URB.TOTL.IN.ZS,27.6470407512523,27.9028652096636,28.1756878910456,28.4660287698,28.7726067228528,29.0945497159107,29.4309857146804,29.7810426848684,30.1438485921815,30.5185314023263,30.9042190810094,31.2746502853309,31.5898935604399,31.9096789235237,32.2288233408821,32.5472990022299,32.8650780972823,33.1821328157539,33.4984353473598,33.8139578818147
India,IND,"Industry (including construction), value added (% of GDP)",NV.IND.TOTL.ZS,27.3258283775917,26.4877773440307,27.6606541607882,27.4741071211988,29.219106305293,29.5337641914637,30.9272399435883,30.9032382510869,31.1367192409548,31.1213721116744,30.7250782285817,30.1616797630407,29.3985276965289,28.4048995600246,27.6564012026443,27.34739147794,26.6189999399789,26.5000166464804,26.4120919013735,24.5914753075066
India,IND,Trade (% of GDP),NE.TRD.GNFS.ZS,26.9009229104474,25.9932547534365,29.5086629350614,30.592436132908,37.503814059447,42.0016696148691,45.7244804992652,45.686268679348,53.3682204392226,46.2728696428837,49.2552064974161,55.6238800135298,55.7937217287511,53.8441319466777,48.9221857470669,41.9229138658647,40.082485713276,40.7424969545225,43.6169693323889,39.9054035306442
India,IND,Renewable energy consumption (% of total final energy consumption),EG.FEC.RNEW.ZS,46.9,47.1,45.8,45.6,44.9,44.2,43.2,41.5,39.4,37.4,36.2,35,34.8,34.9,33.9,33.4,33,32.5,32.9,33.5
India,IND,Carbon dioxide (CO2) emissions excluding LULUCF per capita (t CO2e/capita),EN.GHG.CO2.PC.CE.AR5,0.942309744278839,0.939789720011458,0.957620477500199,0.969744882653011,1.02822643182898,1.05460489385527,1.10810989189174,1.18862350046436,1.25815998206335,1.32284533301467,1.39129863287623,1.46337391608571,1.57607553513255,1.59945855716817,1.70517686000076,1.71550269097521,1.7202923565219,1.79545339877531,1.85989309419052,1.83688223212799
Indonesia,IDN,"PM2.5 air pollution, mean annual exposure (micrograms per cubic meter)",EN.ATM.PM25.MC.M3,26.2052017856205,25.8543760470568,25.5291686460049,25.1975719602112,24.8275783674222,24.3871802453844,23.8860554289587,23.3156711321389,22.6167038013704,21.7298298830988,20.5957258237696,17.9185723142468,19.553351601333,20.1029935644832,18.5354648917633,18.6712786457665,19.1310042759597,16.9555634840925,18.4371895829409,19.4270918962783
Indonesia,IDN,GDP per capita (current US$),NY.GDP.PCAP.CD,763.711124950924,732.307093405708,881.002913569131,1043.2105838671,1126.84004447173,1238.21447629488,1558.31562847163,1823.21976255073,2124.55483920618,2218.48541852977,3065.68348377765,3579.46442466152,3632.27254030331,3566.60284506078,3441.06808464008,3288.22269725538,3521.46943457574,3798.88326174526,3860.95353090726,4106.94856160358
Indonesia,IDN,Population density (people per sq. km of land area),EN.POP.DNST,115.08687262286,116.695437968937,118.288280970792,119.864570212072,121.397785588322,122.966345480392,124.606809305259,126.263615441442,127.912368929422,129.543311146252,131.186593584406,132.872174396105,134.591727167608,136.271572751061,137.882705314833,139.438934572699,140.945267664402,142.393583234045,143.781152680745,145.132688936836
Indonesia,IDN,Urban population (% of total population),SP.URB.TOTL.IN.ZS,41.9861540600656,42.9018895186157,43.7824069030376,44.6301761521872,45.4476736441888,46.2373757571669,47.0017588692457,47.7432993585496,48.4644736032029,49.16775798133,49.8521375148888,50.4830017089844,51.1593933105469,51.8307495117188,52.5002136230469,53.1720771789551,53.812557220459,54.4541015625,55.0956840515137,55.7382049560547
Indonesia,IDN,"Industry (including construction), value added (% of GDP)",NV.IND.TOTL.ZS,41.9690746433564,47.8935007853871,47.7453311592597,43.7495660917608,44.6276159754602,46.5410588710711,46.9435587410796,46.7991415207073,48.0607447690172,47.6521225811621,42.7758663362749,43.9134234267133,43.5937444233376,42.6356774375889,41.9283421270033,40.0478624042506,39.3084439802081,39.3791548040237,39.7297374523848,38.9517679950779
Indonesia,IDN,Trade (% of GDP),NE.TRD.GNFS.ZS,71.4368759173731,69.7932075256238,59.0794617663723,53.6164937473016,59.761294836691,63.9879358688635,56.6571268148867,54.8292499782075,58.5613996312961,45.5121213687054,46.7012738758737,50.1800131841104,49.5828982992627,48.6373726752893,48.0801755855227,41.9376402415294,37.4213418023318,39.3554970704606,43.0743089552002,37.6277775357108
Indonesia,IDN,Renewable energy consumption (% of total final energy consumption),EG.FEC.RNEW.ZS,45.6,44.3,44.7,43,41.5,41.6,40.1,40,41.1,38.2,36,32.4,30.1,30.6,29.3,26.6,27.8,25.2,22,19.8
Indonesia,IDN,Carbon dioxide (CO2) emissions excluding LULUCF per capita (t CO2e/capita),EN.GHG.CO2.PC.CE.AR5,1.38408579613851,1.45853518944239,1.46310550665851,1.57132250644049,1.58011931285841,1.57055662745946,1.63888306289882,1.69488500402322,1.6541425247205,1.69126327047376,1.80134962735397,2.00399300866727,1.9954892890649,1.85640226795234,1.95102470107868,1.95721455259026,1.91626591013332,2.00394276108737,2.20953925241911,2.33979466524606
"Iran, Islamic Rep.",IRN,"PM2.5 air pollution, mean annual exposure (micrograms per cubic meter)",EN.ATM.PM25.MC.M3,36.4770997798349,36.3009676720771,35.8809603381931,35.3796612622671,34.9596539283831,34.7835218206253,34.9942072001245,35.5567159766256,36.3667271071338,37.3199195486544,38.3119722581928,39.6124799715142,38.0077616053954,38.7525647600714,36.3710361542807,38.6980329606897,37.4838145441593,35.0159582592188,37.6762291896797,34.0157895718045
"Iran, Islamic Rep.",IRN,GDP per capita (current US$),NY.GDP.PCAP.CD,1650.01385833785,1881.02266635283,1891.25756091033,2208.99636552406,2672.4226651404,3132.0508192007,3618.91601364428,4687.99166260718,5377.4115072957,5415.52280553446,6291.19443655454,8025.68743364356,8114.08099831877,6222.74194840326,5672.06372896319,4952.73355532178,5710.59947089104,6000.93346404409,4783.01067340237,3997.4935449585
"Iran, Islamic Rep.",IRN,Population density (people per sq. km of land area),EN.POP.DNST,40.778665365063,41.4131026056632,41.7565000368378,42.2218988678504,43.1348485964783,44.1000853409956,45.0605043100273,45.8033399641445,46.3630025295317,46.9423518504875,47.5336096171321,48.1247071391734,48.7306785530097,49.3717220462192,50.0393213241976,50.7253137356025,51.4576905130283,52.4047790446841,53.0773485362096,53.6527876733436
"Iran, Islamic Rep.",IRN,Urban population (% of total population),SP.URB.TOTL.IN.ZS,64.4780120849609,65.2168655395508,65.9271621704102,66.6049270629883,67.2567367553711,67.8708801269531,68.3101850492144,68.806189933608,69.3790072996746,69.99007683587,70.6092626774386,71.204050944517,71.7633634041294,72.3030873515412,72.8324070385223,73.3561403575949,73.8796100096595,74.4011840820312,74.8034286499023,75.2038879394531
"Iran, Islamic Rep.",IRN,"Industry (including construction), value added (% of GDP)",NV.IND.TOTL.ZS,40.3059101601225,39.9172619781884,45.5029348793712,45.0599495545921,47.4704724796045,49.6372490521282,48.2599008746838,48.235663136428,47.6687887779159,43.0965172977284,44.2093794197457,46.2322885720868,42.0941632127045,42.7788684660118,39.2282280462408,32.1747396532204,34.3222829592861,36.1413931191139,37.1484284566829,33.4149250633862
"Iran, Islamic Rep.",IRN,Trade (% of GDP),NE.TRD.GNFS.ZS,41.2572474638031,40.535566479523,48.1726865520657,50.6791057753261,51.3138573265888,54.4404952635536,53.1673587143845,49.8873069225934,48.2294027741438,43.6995802243585,43.7706437371399,41.2194147918578,44.0893466807452,47.0867179194755,45.3514201413161,39.42258866118,39.8772417738866,43.1556931383906,56.6153496142829,48.5917712137038
"Iran, Islamic Rep.",IRN,Renewable energy consumption (% of total final energy consumption),EG.FEC.RNEW.ZS,0.4,0.5,0.7,0.8,0.7,1.4,1.4,1.3,0.7,0.8,0.9,0.9,0.9,1,0.9,0.9,1,1,1,1
"Iran, Islamic Rep.",IRN,Carbon dioxide (CO2) emissions excluding LULUCF per capita (t CO2e/capita),EN.GHG.CO2.PC.CE.AR5,5.32891818848676,5.45816095459282,5.65089777632155,5.89791758943739,6.19124691935171,6.52930513401687,6.89507643037261,7.21864993317663,7.35172418688277,7.49713453135765,7.44954181717631,7.47503068180157,7.46470417628295,7.61840318570665,7.8101095500119,7.61916074830014,7.66363471449536,7.83730730212281,7.68073939665899,8.18571981543646
Iraq,IRQ,"PM2.5 air pollution, mean annual exposure (micrograms per cubic meter)",EN.ATM.PM25.MC.M3,42.0322556879507,42.1509534852763,42.2186306413067,42.2720869159646,42.3481220691727,42.4835358608539,43.2338400632279,44.766523137035,46.5363498749787,47.9980850697625,48.6064935140896,44.5902054159628,43.7633581476121,42.9162462504814,37.7947333258122,44.6439888371463,42.3367851899463,40.02670906993,41.7558636075287,37.7315693030309
Iraq,IRQ,GDP per capita (current US$),NY.GDP.PCAP.CD,1980.18916038782,1435.695683789,1266.15961275094,817.887862499622,1328.37157628292,1762.39360423421,2276.55435744086,3128.99010329066,4542.96609046032,3714.71205987194,4461.75196161555,5775.54229080293,6477.59618450955,6650.35282247395,6249.39226978969,4440.14189252367,4334.42096404188,4759.2846435467,5646.68932074742,5671.8568632942
Iraq,IRQ,Population density (people per sq. km of land area),EN.POP.DNST,55.8430070649564,57.6121819054805,59.4612319089101,61.281429910602,63.0538857260443,64.9506093239134,65.4286187895832,64.9143905617669,66.2391933603128,69.2075105912691,71.4803969423467,74.0500644685946,77.4885844538589,81.2709362215752,84.1918950171378,86.5194942505436,88.6135586739395,90.6123378358457,92.7505804739616,94.8844148066247
Iraq,IRQ,Urban population (% of total population),SP.URB.TOTL.IN.ZS,67.6331913847871,67.751941516652,67.8938101691696,68.0521271794625,68.2202223846538,68.391425621866,68.5590667282222,68.716475540845,68.8569818968574,68.9742328505284,69.0582953378474,69.1252233869916,69.2222213745117,69.444450378418,69.6666641235352,69.920524597168,69.9123778259643,69.8944511190753,69.8765148865842,69.8683395385742
Iraq,IRQ,"Industry (including construction), value added (% of GDP)",NV.IND.TOTL.ZS,84.7959791546848,77.4195775516813,74.1578564186036,70.8382337998589,61.8350607638528,63.6084344986755,61.4441919202983,60.1077106310903,62.788858419665,51.989792420915,55.7934951548678,62.5480287876873,60.576988513607,57.69152678908,55.3075963759279,45.340288824262,46.1825020614016,51.3296814634291,54.1699427538136,53.1094032824868
Iraq,IRQ,Trade (% of GDP),NE.TRD.GNFS.ZS,125.336595640904,126.780255976775,119.762047746987,154.234525288266,120.233977121676,115.742540308642,89.6505198581778,74.092853105498,81.0555432665835,78.6873788189898,73.4974796202443,72.1713282233655,73.6086845912812,67.4100184095672,68.9824868569036,69.5917685983115,54.588320188677,59.7809123923157,65.8017917701083,68.9899384202806
Iraq,IRQ,Renewable energy consumption (% of total final energy consumption),EG.FEC.RNEW.ZS,0.4,0.3,0.3,0.3,0.4,2.4,2.6,2,1.1,1.2,1.7,1.1,1.3,1.5,1,0.8,0.9,0.5,0.5,0.9
Iraq,IRQ,Carbon dioxide (CO2) emissions excluding LULUCF per capita (t CO2e/capita),EN.GHG.CO2.PC.CE.AR5,3.6362101364327,3.99450111596867,3.65491643857998,3.09254764611228,3.27515771880636,3.07089535110651,2.96556027175217,2.76243609599133,3.12972584066376,3.22209515764181,3.59130892513878,3.60389826022629,3.95321422100273,4.09302888224357,3.78352330429891,3.67151586099612,4.03030161950881,4.25410677734214,4.4937314270853,4.70108992313127
Ireland,IRL,"PM2.5 air pollution, mean annual exposure (micrograms per cubic meter)",EN.ATM.PM25.MC.M3,12.5487773722991,12.4264833741692,12.3040622950093,12.1728497272074,12.0241812631519,11.8493924952309,11.5711334006069,11.183427609397,10.7846711934217,10.4732602245015,10.3475907744569,10.5404229786943,9.58893302932057,9.19408716106259,8.84472665206141,8.81158216131006,8.11019374827621,8.38429636583274,8.2986369369357,7.8923946735653
Ireland,IRL,GDP per capita (current US$),NY.GDP.PCAP.CD,26334.5672050501,28282.409882073,32705.4345565698,41203.5295847568,47754.2023194244,50933.0216095589,54329.1618599624,61396.417461176,61353.1065629523,52133.0906162544,48623.9666422487,52613.8540355689,49335.8408099555,52537.6108648692,57214.5379785709,64250.1385181257,64129.5571542383,72161.4047531385,80804.1123164826,81827.6688873996
Ireland,IRL,Population density (people per sq. km of land area),EN.POP.DNST,55.2355058789374,56.1219770648861,57.075729423719,58.0130788213093,59.0834954274931,60.3848744375091,62.0349978226158,63.8545797648425,65.1697488750181,65.8350268544056,66.1947307301495,66.4840179997097,66.7663376397155,67.1188271156917,67.6112643344462,68.2531136594571,69.1351720133546,70.0746842792858,71.0991725939904,72.237712294963
Ireland,IRL,Urban population (% of total population),SP.URB.TOTL.IN.ZS,59.1247997891425,59.3763923617156,59.6367259990731,59.9120142632573,60.1994750854288,60.4882988006461,60.7703677431593,61.0601979374234,61.3581903884996,61.6421022728798,61.8910689348512,62.0872735820277,62.2529318511038,62.4047157756118,62.535401730577,62.6392123492764,62.7229399123734,62.9035196521232,63.0844503476779,63.2737009154127
Ireland,IRL,"Industry (including construction), value added (% of GDP)",NV.IND.TOTL.ZS,31.5013226058138,34.0831218990801,35.105250232772,32.2589942766588,30.7660924583293,30.0341921238419,30.0803731990164,28.5265724364426,25.9255497868699,25.6117523039931,23.3585048483704,24.3019357364641,24.0639568673216,23.8396733678378,24.4288440676474,38.4401729288171,36.5192338386058,36.2543208523413,36.848503844665,35.880910077936
Ireland,IRL,Trade (% of GDP),NE.TRD.GNFS.ZS,174.954518071287,174.840711101871,163.719329359615,146.531474021275,146.587496370071,148.175564253129,150.021785809265,153.396847068025,160.039420132474,173.591474874665,190.08027278672,186.304879179038,190.355682317985,199.742586224446,211.181602002085,223.702938290642,239.708527798768,233.304083346711,222.453716000399,257.652772910421
Ireland,IRL,Renewable energy consumption (% of total final energy consumption),EG.FEC.RNEW.ZS,2,2,2.2,2,2.3,2.9,3.2,3.5,4.2,5.3,5.3,7,6.9,7.7,8.8,9.5,8.6,10.1,10.8,12.3
Ireland,IRL,Carbon dioxide (CO2) emissions excluding LULUCF per capita (t CO2e/capita),EN.GHG.CO2.PC.CE.AR5,11.5177387420391,11.9109688656404,11.4404136169689,11.1268025365061,11.0536619018628,11.3160512452902,11.1588123430623,10.6718615521641,10.3087084122575,9.0783011327619,8.97445371922665,8.10989492769128,8.17522126702863,7.8579683966663,7.75893459059544,8.00687883789665,8.29636917712182,7.92618041220563,7.76337876800063,7.30821291296457
Isle of Man,IMN,"PM2.5 air pollution, mean annual exposure (micrograms per cubic meter)",EN.ATM.PM25.MC.M3,..,..,..,..,..,..,..,..,..,..,..,..,..,..,..,..,..,..,..,..
Isle of Man,IMN,GDP per capita (current US$),NY.GDP.PCAP.CD,21161.3963073772,21819.7123825606,24471.0798814847,28861.6178062918,35564.6023910146,38135.8597885858,42627.5089352891,55040.2437046236,72276.7741329461,66156.105656847,70587.3140283741,77808.8579649376,79329.2034347434,83207.6588430451,91885.4528718026,84753.5187422732,82025.9454509241,83481.3038489014,89393.8244248812,87127.5517977404
Isle of Man,IMN,Population density (people per sq. km of land area),EN.POP.DNST,132.735087719298,134.168421052632,135.570175438596,136.928070175439,138.231578947368,139.501754385965,140.866666666667,142.363157894737,143.910526315789,145.50701754386,147.145614035088,148.038596491228,147.956140350877,147.615789473684,147.178947368421,146.654385964912,146.431578947368,146.682456140351,147.026315789474,147.29298245614
Isle of Man,IMN,Urban population (% of total population),SP.URB.TOTL.IN.ZS,51.8280887588444,51.8267726358515,51.7294050812584,51.5389094585101,51.3260536002657,51.1608382095573,51.1148712415781,51.2353481079414,51.4683663096054,51.7305375428215,51.9396170300917,52.0246324097527,52.0555317322629,52.0804107092926,52.0997913403899,52.1164840474526,52.1331532169475,52.1498415744309,52.1651893864538,52.1789898247578
Isle of Man,IMN,"Industry (including construction), value added (% of GDP)",NV.IND.TOTL.ZS,..,..,..,..,..,..,..,..,..,..,..,..,9.23480170729847,9.01203314860131,8.25754873513739,8.70677272502809,7.90699830002406,7.43195587054351,8.02155779521804,7.59325582917094
Isle of Man,IMN,Trade (% of GDP),NE.TRD.GNFS.ZS,..,..,..,..,..,..,..,..,..,..,..,..,..,..,..,..,..,..,..,..
Isle of Man,IMN,Renewable energy consumption (% of total final energy consumption),EG.FEC.RNEW.ZS,..,..,1.5,1.1,6.3,2.7,3.3,1.9,1.3,1.9,1.9,2.9,3.5,2.1,1.9,2.2,1.9,1.9,2,1.9
Isle of Man,IMN,Carbon dioxide (CO2) emissions excluding LULUCF per capita (t CO2e/capita),EN.GHG.CO2.PC.CE.AR5,..,..,..,..,..,..,..,..,..,..,..,..,..,..,..,..,..,..,..,..
Israel,ISR,"PM2.5 air pollution, mean annual exposure (micrograms per cubic meter)",EN.ATM.PM25.MC.M3,25.3125485744393,25.2234272492841,25.1412265502932,25.0639764650502,24.9897069811385,24.9164480861416,24.8430702434375,24.7699951693732,24.6975797309857,24.6261807953123,24.5561552293902,24.4804002133439,22.1038555397058,22.578207348874,21.175469715827,22.1043027343095,18.8170113677762,20.0293441275017,20.5625974806507,19.5556432093837
Israel,ISR,GDP per capita (current US$),NY.GDP.PCAP.CD,21706.5194056329,20966.3052667971,19076.4584298321,19643.4690380742,20568.0694088834,21286.8388636595,22527.2619795719,25721.2594077311,30269.217773489,28508.4938886475,31439.0887027614,34522.5215979073,33321.4300881602,37034.3161080785,38343.3046626235,36213.1041481958,37671.5389138798,41138.470964272,42362.6652754196,44250.6313628073
Israel,ISR,Population density (people per sq. km of land area),EN.POP.DNST,290.619223659889,297.550831792976,303.604436229205,309.135859519408,314.648798521257,320.244916820702,325.956561922366,331.797597042514,337.744916820702,345.914972273567,352.292051756007,358.863216266174,365.549907578558,372.435304990758,379.653419593346,387.250462107209,394.916820702403,402.647874306839,410.480591497227,418.391866913124
Israel,ISR,Urban population (% of total population),SP.URB.TOTL.IN.ZS,91.2809653237465,91.365021842149,91.4444967249569,91.5176897789793,91.5829008110251,91.6384296279033,91.6825760364229,91.713639843393,91.7292868898136,91.7319738585748,91.7316426703946,91.7304024673781,91.7276502819515,91.7227831465406,91.7151980935716,91.7042921554705,91.6894623646632,91.6701057535759,91.6456193546346,91.6154002002652
Israel,ISR,"Industry (including construction), value added (% of GDP)",NV.IND.TOTL.ZS,23.0248113388922,21.6994586043176,21.4703406244911,21.282371238445,20.5600049745173,21.2815520903908,21.583247837902,21.8363414090712,21.3620647541489,20.6116501009124,20.8142494931167,20.1347126935193,20.4568472081077,20.5672452681451,19.9174851566845,19.9747306038652,19.1238077128283,18.564684688678,18.8202979612975,18.9233446958735
Israel,ISR,Trade (% of GDP),NE.TRD.GNFS.ZS,68.3468590369834,62.139584755155,65.4711054145982,66.8817503698504,74.9731995265147,78.3242613769325,78.4352889718463,78.8371062996628,75.380922305658,61.67564796397,65.6330798689153,68.9094378497374,69.9650250827043,64.1340511293501,61.7133541160002,58.897971915566,57.7990316850783,56.2801142540924,58.7437542387448,56.325348642584
Israel,ISR,Renewable energy consumption (% of total final energy consumption),EG.FEC.RNEW.ZS,6,6.3,6.5,6.5,6.7,7,6.9,6.7,8.9,8.5,8.6,9.1,2.9,3.3,3.7,3.7,4,3.9,3.8,4.5
Israel,ISR,Carbon dioxide (CO2) emissions excluding LULUCF per capita (t CO2e/capita),EN.GHG.CO2.PC.CE.AR5,9.42660200349817,9.19913029973598,9.51086757990868,9.6043768778869,9.4006168306653,8.92812513527943,9.22039497001574,9.38933998133731,9.27417633537653,8.95687720423213,9.43716879164699,9.16057585825028,9.80845711396245,8.47298219492524,8.02420974475699,8.11347119962769,7.90452843435525,7.78383620442312,7.14844418426622,7.21388336646786
Italy,ITA,"PM2.5 air pollution, mean annual exposure (micrograms per cubic meter)",EN.ATM.PM25.MC.M3,26.2472831488489,25.8127411843815,25.2571678268558,24.6281664348107,23.9733403667848,23.3402929813168,22.622685769712,21.788257561314,20.9957277217196,20.4038156165254,20.1712406113281,21.3353676583094,18.765688121919,18.0540998276206,16.8936828833708,17.7600165229672,15.7011486972657,15.9660261772019,16.3354361294692,14.8936858575121
Italy,ITA,GDP per capita (current US$),NY.GDP.PCAP.CD,20190.0035636084,20570.4385917862,22451.3964379368,27577.5700319855,31348.1901841445,32062.723833669,33537.1286994269,37826.1754554823,40828.5795580937,37099.6133958219,35856.8625485539,38432.3742820019,34854.3949441965,35701.6746002376,36028.3494022349,30639.8829751432,31391.5692898108,32844.115660604,34904.1081923834,33812.788724868
Italy,ITA,Population density (people per sq. km of land area),EN.POP.DNST,192.555434569421,192.673361107542,193.054951000615,194.101082788332,195.55177229658,196.6964540542,197.484972169432,198.690127080529,200.22853191216,201.392725501999,202.285308976795,202.986767799052,203.542723134878,203.949752805037,203.980505075782,203.672434549131,203.285640373599,202.903617635721,203.398704170865,201.980545589195
Italy,ITA,Urban population (% of total population),SP.URB.TOTL.IN.ZS,67.1932283786243,67.27519882288,67.3538786566538,67.4299414611787,67.5072499739908,67.5897169318419,67.6812550714834,67.7857771296669,67.9071958431441,68.0494239486665,68.2163741829857,68.4015073889511,68.7608794235259,69.3073989916076,69.5807638614879,69.6100006103516,69.5969232525286,69.5180784259382,69.4800033569336,69.5050010681153
Italy,ITA,"Industry (including construction), value added (% of GDP)",NV.IND.TOTL.ZS,24.1021086902835,23.8448641171014,23.7128374796933,23.1424281792157,23.0557086867301,22.8922792357491,23.0039063656952,23.4052972949308,23.2117440039014,21.3840948097691,21.369080166955,21.2407342221272,20.7948320119101,20.6001539419293,20.1870844682284,20.2895283210976,20.6626457226581,20.7926142437946,20.9865490224579,21.0122984359559
Italy,ITA,Trade (% of GDP),NE.TRD.GNFS.ZS,50.2747311455639,49.8632723203495,47.8713186791542,45.9940859777074,47.2663923891771,49.1221742288618,52.9235429597012,54.8280415572531,54.2142548956671,45.1414765721604,51.6621118138339,54.4722149449288,54.8844952702204,54.0341846317499,54.4545299332032,55.4356858148221,54.4321467018313,57.5829940274911,59.2749835128154,58.6941902594738
Italy,ITA,Renewable energy consumption (% of total final energy consumption),EG.FEC.RNEW.ZS,5.1,5.4,5.6,6.2,5.9,6.7,7.5,8.7,10.8,12.5,12.8,11.9,14.4,16.3,17.1,16.6,16.1,16.4,17.1,17.3
Italy,ITA,Carbon dioxide (CO2) emissions excluding LULUCF per capita (t CO2e/capita),EN.GHG.CO2.PC.CE.AR5,7.97861399862471,7.96252086434695,8.07424104162591,8.37573927880229,8.51073142040319,8.4768648141216,8.34804384209065,8.17482777618523,7.85286143845028,6.94826035580217,7.08186391750757,6.9053125750862,6.55333989010063,5.99742374656768,5.68586837020992,5.87319309166979,5.80834075921169,5.7611454316748,5.65886939655412,5.56784056329278
Jamaica,JAM,"PM2.5 air pollution, mean annual exposure (micrograms per cubic meter)",EN.ATM.PM25.MC.M3,15.7509748541016,15.8452577509452,15.9120130856462,15.9514800367871,15.9638977829502,15.9495055027176,15.9267243980102,15.8986673973267,15.8426112691161,15.7358327818276,15.5556087039102,14.9471227221815,15.4247314936508,15.7749158665666,16.4597152483621,16.8646376023948,15.9558447798912,16.6566414571584,16.8426821458431,17.0706325020849
Jamaica,JAM,GDP per capita (current US$),NY.GDP.PCAP.CD,3453.09252800226,3503.55026688858,3680.64551727724,3549.70758394618,3807.56293124552,4184.43974867497,4417.00127135363,4716.48612542727,5029.80095281745,4428.38153333557,4809.977380312,5232.63644918132,5340.83333232158,5124.21301411137,4975.11325459872,5339.30718256806,5302.29553353854,5605.43541173019,5976.90362644337,6030.68896415921
Jamaica,JAM,Population density (people per sq. km of land area),EN.POP.DNST,240.79649122807,242.327146814404,243.820129270545,245.302216066482,246.742843951985,248.113204062789,249.396860572484,250.581717451524,251.674515235457,252.723453370268,253.792059095106,254.893259464451,255.995383194829,257.034810710988,257.963896583564,258.775069252078,259.456602031394,259.996675900277,260.39676823638,260.689843028624
Jamaica,JAM,Urban population (% of total population),SP.URB.TOTL.IN.ZS,51.7165550768252,51.934190578424,52.1467222312645,52.3564891419558,52.5637655955662,52.7685237926234,52.9707359336549,53.1703742191887,53.3674108497524,53.5618180258738,53.7535679480806,53.956586109128,54.2478817703732,54.548819811983,54.8660395670395,55.1995248014924,55.549259277615,55.9152267548307,56.297410990325,56.6957957395074
Jamaica,JAM,"Industry (including construction), value added (% of GDP)",NV.IND.TOTL.ZS,22.5635448178584,22.3173012581486,21.3229059302313,21.4925345723678,22.2583396101571,21.9006506006203,21.2201148487383,21.3153996242232,19.6881228419841,18.0908593404592,17.9863304478474,18.2490235366752,17.9938605582722,18.0990659844033,18.3652279034414,17.2364205205086,17.0837288086486,17.3098108220914,17.881931896287,16.6720709416832
Jamaica,JAM,Trade (% of GDP),NE.TRD.GNFS.ZS,..,..,..,..,..,..,..,..,..,..,..,..,..,..,..,..,..,..,..,..
Jamaica,JAM,Renewable energy consumption (% of total final energy consumption),EG.FEC.RNEW.ZS,9.3,7.9,8,8.1,6.4,5.4,4.8,5.3,5.9,7.4,8.9,9.8,12.2,11.4,11.9,12.1,11.1,11,8.9,9.2
Jamaica,JAM,Carbon dioxide (CO2) emissions excluding LULUCF per capita (t CO2e/capita),EN.GHG.CO2.PC.CE.AR5,3.9283295741357,3.92801715285343,3.88537029098241,3.97384197908397,3.96703121930227,3.95557831478646,4.55799550383418,4.50876999041934,3.62135795878759,2.94092608864832,2.79862095462073,2.75432585616922,2.52991058385604,2.68841288550042,2.58240808318858,2.53581223278647,2.71374756887664,2.59524590839289,3.08184434790718,2.98926316318908
Japan,JPN,"PM2.5 air pollution, mean annual exposure (micrograms per cubic meter)",EN.ATM.PM25.MC.M3,13.1620736916056,13.0837219689452,12.9394908862862,12.7497537681119,12.5348839389059,12.3152547231517,12.0174240180157,11.6214588221687,11.2279961123512,10.9376728653037,10.8511260577664,12.2742530701447,12.8068431271902,13.2542512411266,13.740610303435,12.8685359282927,12.799061198144,13.1198276213348,13.0790330283313,12.9378727869587
Japan,JPN,GDP per capita (current US$),NY.GDP.PCAP.CD,39169.3595701504,34406.1824638092,32820.7936433254,35387.0374203599,38298.9801712303,37812.8950199948,35991.546002862,35779.0245416427,39876.3039685725,41308.9968370512,44968.1562349739,48760.0789494211,49145.2804308193,40898.6478964744,38475.3952461838,34960.6393843385,39375.4731620781,38834.0529341227,39751.1330982711,40415.9567649547
Japan,JPN,Population density (people per sq. km of land area),EN.POP.DNST,347.991769547325,348.831275720165,349.643347050754,350.39231824417,350.510288065844,350.543209876543,350.765432098765,351.168724279835,351.338820301783,351.294924554184,351.358024691358,350.707818930041,350.148148148148,349.643347050754,349.179698216735,348.809327846365,348.631001371742,348.345679012346,347.903978052126,347.415637860082
Japan,JPN,Urban population (% of total population),SP.URB.TOTL.IN.ZS,78.6126803295375,79.1577482060887,80.5469860733981,82.4206778416671,84.3710541898905,85.9573620483714,87.1460898958075,88.2701404492656,89.2921563808851,90.1131158718189,90.6228586840649,90.8631654434251,91.0265277326652,91.1516595654317,91.2548945132333,91.3532644103625,91.4541254852142,91.5498419685883,91.6377318609728,91.7164207898107
Japan,JPN,"Industry (including construction), value added (% of GDP)",NV.IND.TOTL.ZS,32.5135870554896,30.9812266965407,30.2226000788974,30.0789207597555,29.9669305435635,29.8717070448265,29.6655718124813,29.5972958103344,28.7829764402439,27.1112122235818,28.3359701667911,26.7014360671016,26.562641428228,26.6507450551464,27.3136267349767,28.5837114240167,28.6299476490573,28.8824260088632,29.0140076866127,28.8040848106902
Japan,JPN,Trade (% of GDP),NE.TRD.GNFS.ZS,19.5623715839054,19.5596044720071,20.4471220661583,21.3261252678119,23.6643534228975,26.2299545778565,30.0163760986692,32.816578051879,34.1294765412245,24.3901665338555,28.4984726938389,30.1949607286296,30.4709109171752,33.9787686509511,37.4314345686579,35.4274083544798,31.3102468455884,34.4232135721686,36.609931802107,35.2164181084145
Japan,JPN,Renewable energy consumption (% of total final energy consumption),EG.FEC.RNEW.ZS,3.7,3.5,3.7,4.2,4.3,4,4.4,4.3,4.4,4.5,4.7,4.8,4.7,5,5.6,6.2,6.4,6.9,7.3,7.8
Japan,JPN,Carbon dioxide (CO2) emissions excluding LULUCF per capita (t CO2e/capita),EN.GHG.CO2.PC.CE.AR5,9.80406329083986,9.67360734256659,9.92193416768018,9.95886797475689,9.91730575058116,10.0074734098753,9.82400472413847,10.0916024093562,9.53253711064086,9.03961045553586,9.50311626454283,9.93397401297005,10.2516011251361,10.3847926556554,10.0063625506773,9.69456115651128,9.66865261733136,9.55283290804272,9.17213648658239,8.87456666113888
Jordan,JOR,"PM2.5 air pollution, mean annual exposure (micrograms per cubic meter)",EN.ATM.PM25.MC.M3,24.2289680813746,24.6391279438519,25.673619164606,27.0384591936207,28.4396654808796,29.5832554763665,30.5872298056799,31.6555064274482,32.6229787911999,33.3245403464634,33.5950845427671,29.6624260829934,29.0244573141249,32.6779191249103,30.2022455384946,32.1142375115077,28.3754804489745,28.3831683592571,30.8911213683016,31.2597313487439
Jordan,JOR,GDP per capita (current US$),NY.GDP.PCAP.CD,1570.61002940477,1632.29454010563,1706.26744384401,1775.67625581432,1940.08641342805,2087.87079273635,2342.63459574933,2506.20599484139,3241.6524135556,3435.8337590698,3718.46571622945,3946.85503855525,4169.50470054618,4311.21916713038,4191.18050084986,4042.75678097555,3986.71677010853,4065.61628749384,4145.43989673265,4170.1144003465
Jordan,JOR,Population density (people per sq. km of land area),EN.POP.DNST,61.0487873980054,62.3174750679964,63.6453535811423,65.0705802357208,66.6598028105168,68.3316749773345,72.839653218495,77.3711128739801,79.2142565729828,80.4432642487047,82.1924194638432,84.2579860328903,85.4598670871818,90.0181234512278,99.0280468574003,107.509900878576,112.70969813021,115.276255913494,117.84530299617,120.187073450909
Jordan,JOR,Urban population (% of total population),SP.URB.TOTL.IN.ZS,78.2848247546539,78.2902365290261,78.2972918926847,78.3069420335538,78.3185350370311,78.412126230667,78.755612573541,79.3358270749644,80.1290966207551,81.1117480967305,82.2601083887084,83.5505043825064,84.9592629639423,86.4627110188335,88.0371754329978,89.8881391939133,90.56272794707,90.8764609714428,91.2008859099729,91.515966492507
Jordan,JOR,"Industry (including construction), value added (% of GDP)",NV.IND.TOTL.ZS,21.4363112007602,21.4607853921461,22.7818663526641,23.0359539059582,24.7957581974811,24.9215738997938,24.8496543455046,27.5444511305466,29.6449857442188,27.7593449666661,26.2668286391472,26.7946694331519,25.8078043078824,25.6406605947577,25.5087965588519,25.2328062594007,24.6693119626594,24.5139698529782,24.0778332538588,24.1116880393062
Jordan,JOR,Trade (% of GDP),NE.TRD.GNFS.ZS,110.328904595996,109.285478573786,114.03885781572,115.706835253918,134.621611934395,146.908891279018,141.747381831126,145.994246288526,140.91292596092,112.151998187109,114.222677694125,118.699679501801,117.855587685189,111.451527997628,109.938805535022,95.3579122266791,88.7207178954687,89.7316005071358,87.6359151906857,85.6878334964204
Jordan,JOR,Renewable energy consumption (% of total final energy consumption),EG.FEC.RNEW.ZS,2.1,2.1,2.1,2,1.8,1.7,2.3,2.3,2.7,2.8,3,3,2.9,3.1,3.1,3.2,4.7,5.3,7.2,8.5
Jordan,JOR,Carbon dioxide (CO2) emissions excluding LULUCF per capita (t CO2e/capita),EN.GHG.CO2.PC.CE.AR5,3.05659330102683,3.00198549017311,3.06397752448066,3.07334179985886,3.23277844279412,3.36910305797064,3.19629907780335,3.12567606145218,2.93181586027543,2.94909387093057,2.82145795221434,2.80918568252281,3.23339783293465,3.015399892565,2.93907556095458,2.68560794130457,2.52192429080405,2.59425578446284,2.4097651129684,2.18238735759201
Kazakhstan,KAZ,"PM2.5 air pollution, mean annual exposure (micrograms per cubic meter)",EN.ATM.PM25.MC.M3,16.6954213743656,16.5632200095529,16.4825220143121,16.4611766469412,16.5070331657383,16.6279408290013,16.8840447043122,17.3583502395491,18.0929972634543,19.1301256047702,20.5118750922389,25.4893926987852,27.2031824448933,25.8443738560699,23.8358367012493,22.5590495991917,22.7637525232887,21.0166106765309,20.5938700993782,20.8569853852639
Kazakhstan,KAZ,GDP per capita (current US$),NY.GDP.PCAP.CD,1180.0444563226,1422.27331810957,1573.55219932325,1958.02050246511,2722.47407755402,3577.35804001782,5030.13494711519,6449.43931096532,8123.54705891736,6938.01175663001,8793.07589980782,11287.1464926039,12018.7966527993,13478.459627612,12427.7094576939,10196.1226255982,7475.56688689424,8943.08416791984,9472.48527327758,9457.12614657136
Kazakhstan,KAZ,Population density (people per sq. km of land area),EN.POP.DNST,5.74178723561877,5.76936326258473,5.79941363855243,5.83301107530466,5.87108160165944,5.91477460458569,5.9650020372634,6.02185946586658,6.08457421194948,6.15618253880061,6.23654850538949,6.32144386413305,6.4103811534615,6.50313071822795,6.5993573360003,6.69858465755454,6.80208912101345,6.90889024706449,7.01290032225803,7.11544060451161
Kazakhstan,KAZ,Urban population (% of total population),SP.URB.TOTL.IN.ZS,56.0239607657944,55.7813717131331,55.5045911261585,55.2115277236592,54.9200902244233,54.6481873472392,54.4137278108953,54.2346203341799,54.1287736358813,54.1167144748885,54.2054127497102,54.3996086425518,54.69208192838,55.0779764821252,55.5524361787178,56.1106048930882,56.7476265001667,57.4586448748837,58.2388038921695,59.0832474269546
Kazakhstan,KAZ,"Industry (including construction), value added (% of GDP)",NV.IND.TOTL.ZS,37.7758296698614,36.1418298622593,35.8109321050125,35.0752659061292,35.3518419501918,37.6280181516768,39.3564557485124,37.7308974758662,40.2502455752721,38.4314808509372,40.6024221199984,37.2660880953566,36.3028533254093,33.6988156382046,33.2094258316125,30.8547873936113,31.9797903606788,32.3252253010728,33.4962004017876,33.028795913527
Kazakhstan,KAZ,Trade (% of GDP),NE.TRD.GNFS.ZS,105.699692634521,92.8490685069707,94.03168564978,91.4633324250457,96.4091997009336,97.7625030243024,91.4535267973373,92.1616330969975,94.2948046483658,75.7660674636533,74.1382658957842,73.1178570509129,73.7237324891671,65.4076093299538,64.9720346513507,53.0497288072652,60.3115965864153,56.825387935971,63.5279565118188,64.8586165517565
Kazakhstan,KAZ,Renewable energy consumption (% of total final energy consumption),EG.FEC.RNEW.ZS,2.5,2.4,2.8,2.3,1.9,2.1,2.1,1.8,1.1,1.3,1.4,1.4,1.3,1.2,1.3,1.7,2.1,2,1.9,1.9
Kazakhstan,KAZ,Carbon dioxide (CO2) emissions excluding LULUCF per capita (t CO2e/capita),EN.GHG.CO2.PC.CE.AR5,8.52997364123056,8.37700755350533,9.29533131455672,10.2972430969469,11.0129179145774,11.7482167747143,13.0524097667892,13.5081878112695,15.1238317294741,13.5068941072017,14.3850527504913,15.389052456457,14.9547390961317,15.7272046561439,13.07867493139,11.2116791211142,11.7692010281208,12.1409198865254,12.1155235587562,11.3909406022159
Kenya,KEN,"PM2.5 air pollution, mean annual exposure (micrograms per cubic meter)",EN.ATM.PM25.MC.M3,21.1420927289239,20.8918286880027,20.2950452058061,19.5827552431843,18.9859717609877,18.7357077200666,18.9780700015085,19.638393163132,20.6165316808836,21.8123400307101,23.125672688558,25.1822165114232,25.6442241015428,24.5757635874676,23.7513870283134,24.7760612569464,24.0211862534612,19.9015512654464,20.9875653334569,19.5705272264405
Kenya,KEN,GDP per capita (current US$),NY.GDP.PCAP.CD,414.626365130846,410.700452474814,402.936385605382,442.898457253405,463.662781300121,523.456312433863,699.80237063381,840.201439476765,915.54435473604,1047.9678324485,1091.51873101194,1096.14499807675,1285.00536171512,1370.87885214659,1482.81566253497,1489.11959777284,1554.12610314423,1667.48447230835,1836.45275528993,1960.40808854893
Kenya,KEN,Population density (people per sq. km of land area),EN.POP.DNST,53.8406894612925,55.55604947816,57.3317777699687,59.1281986857364,60.992822504129,62.8957444565485,64.8417050286397,66.8312699862951,68.8870067118811,70.9999139051903,73.0902185753945,75.1281951716625,77.1133692940226,79.043453280388,80.9140808939804,82.4529008736797,84.0057771361452,85.5601194522199,87.019449386981,88.4453894988127
Kenya,KEN,Urban population (% of total population),SP.URB.TOTL.IN.ZS,19.4553832211834,20.4416297068833,21.8586568137501,23.563889811899,25.4147539714454,27.2686745625048,28.9830768551925,30.4153861196239,31.4230276259143,31.8603086707305,31.8713287706458,31.8673949025409,31.8558130142761,31.8324454433988,31.7931545274563,31.7338026039958,31.6502520105647,31.5383650847102,31.3940041639796,31.1895566421135
Kenya,KEN,"Industry (including construction), value added (% of GDP)",NV.IND.TOTL.ZS,15.0158560285564,15.3096240912508,15.4535611803669,15.6231500412624,16.2050773387406,17.0126260396617,19.3841059353688,19.3021680815154,18.5827717274425,18.386624667775,18.5746727706851,19.6629008334867,19.26155255789,19.0802591143975,19.0360328023672,18.8940456983605,18.1621592865164,17.5035092078691,17.313146131064,16.9305452274709
Kenya,KEN,Trade (% of GDP),NE.TRD.GNFS.ZS,53.3090443862273,55.9468360286644,55.1726722640053,54.132265895729,59.4770033484289,64.4788661639796,55.2364851257303,53.8947888046059,57.5785986473131,45.9451918127805,50.3942873502834,58.4022059745625,51.6236920232481,47.4646425127304,46.170489362216,40.3273846919019,34.8650195731824,35.9950578754074,34.4147531767425,31.759461841481
Kenya,KEN,Renewable energy consumption (% of total final energy consumption),EG.FEC.RNEW.ZS,76.8,78.3,78.8,81.6,80.3,79.2,77.6,78.2,78.2,75.6,74,74.7,76.2,74.3,71.8,69.2,68.3,68.1,68.7,68.1
Kenya,KEN,Carbon dioxide (CO2) emissions excluding LULUCF per capita (t CO2e/capita),EN.GHG.CO2.PC.CE.AR5,0.290677543795641,0.26100621869581,0.245465741018151,0.214880306718519,0.231964810186713,0.252147669028053,0.270940760689191,0.262922185302275,0.269606829771024,0.308699389943664,0.324116934124197,0.324518228099931,0.293759364539568,0.308839543589584,0.341036024063525,0.361032749251909,0.384366853070731,0.391204755110222,0.381159185292234,0.380387200105182
Kiribati,KIR,"PM2.5 air pollution, mean annual exposure (micrograms per cubic meter)",EN.ATM.PM25.MC.M3,12.1855676905766,12.2113617468978,12.197168744791,12.1547319508569,12.0957946316967,12.0321000539113,11.9542996035609,11.8507647751602,11.7298189979922,11.5997857013397,11.4689883144854,11.3219411654828,11.3226141241133,11.3202684142188,10.9972287903393,10.6201442272271,11.1067056212411,10.970038581704,11.3366995948348,11.5481206795464
Kiribati,KIR,GDP per capita (current US$),NY.GDP.PCAP.CD,845.367240231973,718.833787096781,810.10870037444,1020.50033851394,1083.2688987175,1161.78341739977,1123.19258990684,1352.57814048911,1410.62246914058,1316.62753853678,1522.10068744154,1771.12926848792,1843.55336349889,1772.08718317132,1736.70535682101,1639.85274740652,1742.66799324117,1853.05122713319,1912.73809378187,1750.9977188915
Kiribati,KIR,Population density (people per sq. km of land area),EN.POP.DNST,109.398765432099,111.524691358025,113.906172839506,116.265432098765,118.623456790123,121.030864197531,123.477777777778,126.00987654321,128.669135802469,131.440740740741,134.202469135802,136.601234567901,138.622222222222,140.540740740741,142.377777777778,144.216049382716,146.269135802469,148.487654320988,150.720987654321,152.988888888889
Kiribati,KIR,Urban population (% of total population),SP.URB.TOTL.IN.ZS,43.3274808848011,43.4777440627131,43.4985457088421,43.510668313316,43.5238025326975,43.5443274444527,43.7349826427011,44.6212141757087,45.9461325515373,47.3510238975116,48.4603839564718,49.1228169536795,49.5800786695548,49.9687043258795,50.3909308922385,50.9541970402064,51.7710553002321,52.9734697275451,54.5004023142497,56.2846727145489
Kiribati,KIR,"Industry (including construction), value added (% of GDP)",NV.IND.TOTL.ZS,11.6259006310839,12.2821953709095,11.613827046897,10.1856785309025,8.95312920919141,8.42015582448247,9.76537798158119,11.3340080213383,11.0150397953615,10.5783627345128,11.9776131472528,13.2156381400186,13.4930209021933,14.3769824347141,14.115070360461,14.7267735467294,14.6506389824021,12.4167579233588,11.0818123847419,9.56440607223913
Kiribati,KIR,Trade (% of GDP),NE.TRD.GNFS.ZS,94.1665241313018,110.784733057905,125.625496108186,103.928965237073,101.359702114731,123.594268587865,94.046808140823,96.1590422982734,95.441924758027,97.6360324868749,85.6972485309313,93.4313938880945,96.1287092438882,96.7814002828914,104.187980044647,109.889112537487,111.269797688379,100.561253988425,83.3664311213492,98.3140421834046
Kiribati,KIR,Renewable energy consumption (% of total final energy consumption),EG.FEC.RNEW.ZS,54.7,56.4,53,50.5,50.5,48.5,48.1,48.4,49.7,50.4,50.1,50.5,48.7,46.2,48,47.5,48.1,42.5,42.3,42.2
Kiribati,KIR,Carbon dioxide (CO2) emissions excluding LULUCF per capita (t CO2e/capita),EN.GHG.CO2.PC.CE.AR5,0.365634839131956,0.32324126861128,0.468221624902454,0.474648261215822,0.482905760524536,0.628347018921814,0.661887479128548,0.603519222479132,0.658210358657481,0.545708999032564,0.562076832499264,0.515151789022748,0.496954151971786,0.527943217554771,0.526334044361202,0.533321919274066,0.57225814075187,0.574516732488048,0.621703089675961,0.614100919133964
"Korea, Dem. People's Rep.",PRK,"PM2.5 air pollution, mean annual exposure (micrograms per cubic meter)",EN.ATM.PM25.MC.M3,40.5589113689011,40.7252438912873,40.8996135578837,41.0216656457433,41.0310454319191,40.8673981934641,40.1634891296331,38.8785263872353,37.4418196646552,36.2826786602772,35.8304130724859,39.0842632020007,37.568470998689,46.0942962894263,44.199470157423,42.5382454893687,38.6220301922284,39.168240982399,34.1978293742031,31.1237582148846
"Korea, Dem. People's Rep.",PRK,GDP per capita (current US$),NY.GDP.PCAP.CD,..,..,..,..,..,..,..,..,..,..,..,..,..,..,..,..,..,..,..,..
"Korea, Dem. People's Rep.",PRK,Population density (people per sq. km of land area),EN.POP.DNST,196.544390000831,197.785549372976,198.853691553858,200.069595548542,201.436284361764,202.611352877668,203.67500207624,204.687177144755,205.669113860975,206.613503861805,207.518129723445,208.436790964206,209.382343659165,210.360028236857,211.371663483099,212.402209118844,213.423519641226,214.414990449298,215.357088281704,216.241441740719
"Korea, Dem. People's Rep.",PRK,Urban population (% of total population),SP.URB.TOTL.IN.ZS,59.4196417703576,59.4802676333329,59.5419414235486,59.6064024764394,59.6753901274401,59.7506437119853,59.8339025655097,59.926906023448,60.0310692203612,60.1544414620403,60.307007469148,60.4836230684404,60.6781140779735,60.8843063158034,61.0940947540873,61.3247571174501,61.5681351428803,61.8206076091402,62.0826119807623,62.3542226611578
"Korea, Dem. People's Rep.",PRK,"Industry (including construction), value added (% of GDP)",NV.IND.TOTL.ZS,..,..,..,..,..,..,..,..,..,..,..,..,..,..,..,..,..,..,..,..
"Korea, Dem. People's Rep.",PRK,Trade (% of GDP),NE.TRD.GNFS.ZS,..,..,..,..,..,..,..,..,..,..,..,..,..,..,..,..,..,..,..,..
"Korea, Dem. People's Rep.",PRK,Renewable energy consumption (% of total final energy consumption),EG.FEC.RNEW.ZS,8.7,8.6,9,9.3,9.4,9.2,9,10.9,10.2,10.4,11,14.8,15.4,20.8,18.5,22.6,24,10.2,11.9,10
"Korea, Dem. People's Rep.",PRK,Carbon dioxide (CO2) emissions excluding LULUCF per capita (t CO2e/capita),EN.GHG.CO2.PC.CE.AR5,3.11867576611252,3.21947711220633,3.06728962649599,3.11253288657132,3.1550105065182,3.2684040326715,3.31295140815675,2.7584412690495,3.00746007873007,2.88086837976115,2.76311230307863,2.02453403025292,1.94440063767148,1.49661356655539,1.63490910588245,1.27678018091639,1.40192400080846,2.84853702549672,2.56049221424721,2.81942305659747
"Korea, Rep.",KOR,"PM2.5 air pollution, mean annual exposure (micrograms per cubic meter)",EN.ATM.PM25.MC.M3,25.4379884924397,25.3445724763114,25.1965130774737,24.9988034168125,24.756436615214,24.4744057935641,23.9837806396341,23.2554477166084,22.504125458493,21.9445322992938,21.7913866730167,24.8830450375162,25.5767916080653,27.4929658439861,28.3760075385872,26.2899620146574,26.6704344134095,26.0043671138493,25.9343920098722,26.0153634264606
"Korea, Rep.",KOR,GDP per capita (current US$),NY.GDP.PCAP.CD,12710.2995795579,11981.4828218758,13642.9424537101,15211.5483770422,17121.6301633201,20167.0474902506,22609.7059431449,25078.4853957105,22252.3125108061,19937.3029137734,24071.2620526362,26175.2398553363,26600.5477433903,28449.3591104972,30667.0912467447,30171.7906545222,30832.0628072516,33296.9845439195,35363.9508228687,33826.9443301597
"Korea, Rep.",KOR,Population density (people per sq. km of land area),EN.POP.DNST,487.332687124197,489.664709530701,492.248538072115,494.755475206612,496.617630654823,497.517408363449,499.982369942197,502.307449442839,505.770780492834,508.013960436843,509.815967078189,513.804280275749,515.875583187751,517.612269825303,520.852499230217,523.525547744882,525.370072521002,526.734806686494,528.969011484824,530.377274590164
"Korea, Rep.",KOR,Urban population (% of total population),SP.URB.TOTL.IN.ZS,79.579960745642,79.8787704357425,80.2766294544335,80.707793508044,81.104386778171,81.3901352283669,81.566462110512,81.712125801927,81.8350833138518,81.9245045084002,81.9685075986486,81.9615408086376,81.9087898200378,81.8269383502703,81.7315682816954,81.639489860678,81.5559241797057,81.471030429984,81.3823523035196,81.2901063535619
"Korea, Rep.",KOR,"Industry (including construction), value added (% of GDP)",NV.IND.TOTL.ZS,34.4229063389868,33.0800816843361,32.6882805185377,32.9945976929668,34.6033711629612,34.0824608322854,33.5291229527825,33.4934744112004,32.5801769931808,33.0718219588777,34.4083287071276,34.8688946576209,34.7007966708538,35.1987111905484,35.0245177739824,35.113231110723,35.226493712639,35.6298842658067,34.9767074768513,33.6464921028153
"Korea, Rep.",KOR,Trade (% of GDP),NE.TRD.GNFS.ZS,64.0588155729056,60.4277386641693,56.6688767960273,59.4242945541732,67.9270638751076,66.1695148242697,68.3749509402263,71.3239614988013,92.0833544961819,83.1246099057162,88.0278677123124,101.68061646213,101.51727207905,94.1675235855873,86.9342577972039,75.3881774564907,69.8997221316919,73.1921408264016,74.7075162140824,71.4470632403511
"Korea, Rep.",KOR,Renewable energy consumption (% of total final energy consumption),EG.FEC.RNEW.ZS,0.7,0.7,0.7,0.8,0.8,0.9,0.9,1,1.1,1.2,1.3,1.4,1.6,1.9,2.9,2.7,2.6,2.8,3.2,3.2
"Korea, Rep.",KOR,Carbon dioxide (CO2) emissions excluding LULUCF per capita (t CO2e/capita),EN.GHG.CO2.PC.CE.AR5,9.9217579706617,10.0719727295012,10.3782797747059,10.5024332706302,10.8037309775721,10.7084009751588,10.8117127664204,11.1126206303646,11.2602688410662,11.2836813865383,12.3690482033055,12.9702684429817,12.8528563619499,12.7317329769662,12.4261677995393,12.6198190502874,12.6677788190173,12.952944838832,13.1917269531809,12.6531894575046
Kosovo,XKX,"PM2.5 air pollution, mean annual exposure (micrograms per cubic meter)",EN.ATM.PM25.MC.M3,..,..,..,..,..,..,..,..,..,..,..,..,..,..,..,..,..,..,..,..
Kosovo,XKX,GDP per capita (current US$),NY.GDP.PCAP.CD,..,..,..,..,..,..,..,..,2877.39331402724,2794.86699473069,2987.54519574464,3538.94759838576,3410.65550749316,3704.55872781672,3902.49424360946,3520.62850699375,3759.44959067104,4009.32022050863,4384.18796444738,4415.99923011071
Kosovo,XKX,Population density (people per sq. km of land area),EN.POP.DNST,..,..,..,..,..,..,..,..,..,..,..,..,..,..,..,..,..,..,..,..
Kosovo,XKX,Urban population (% of total population),SP.URB.TOTL.IN.ZS,37.4831955140268,37.508480681916,37.5341026492746,37.5615508963458,37.5923149033726,37.627884150598,37.6697481182649,37.7193962866165,37.7783181358957,37.8480031463455,37.929940798209,38.0255184272137,38.2296959226488,38.6251749487938,39.1938922761744,39.917681154075,40.7783748317802,41.7578065585746,42.8378095837429,44.0002171565695
Kosovo,XKX,"Industry (including construction), value added (% of GDP)",NV.IND.TOTL.ZS,..,..,..,..,..,..,..,..,27.0433986441086,27.9905418756324,27.0411983160464,27.5148247197483,27.508476689053,27.1872162974146,26.5170668316715,26.9432328185615,26.8584265970502,27.5275719677758,27.9083585287373,27.0883844668186
Kosovo,XKX,Trade (% of GDP),NE.TRD.GNFS.ZS,..,..,..,..,..,..,..,..,76.7307430830911,77.7553766977497,82.1774799739022,86.1517494661872,81.3639162574412,75.1034836607029,77.0760521643276,74.0204422546574,75.0188123077463,80.4101373469745,86.3150846710967,85.7534085053482
Kosovo,XKX,Renewable energy consumption (% of total final energy consumption),EG.FEC.RNEW.ZS,..,..,..,..,..,..,..,..,..,..,..,..,..,..,..,..,..,..,..,..
Kosovo,XKX,Carbon dioxide (CO2) emissions excluding LULUCF per capita (t CO2e/capita),EN.GHG.CO2.PC.CE.AR5,..,..,..,..,..,..,..,..,..,..,..,..,..,..,..,..,..,..,..,..
Kuwait,KWT,"PM2.5 air pollution, mean annual exposure (micrograms per cubic meter)",EN.ATM.PM25.MC.M3,59.028420443273,60.4227305514236,61.7771352874504,62.9365619789798,63.7459379536381,64.0501905390517,63.7696557185435,63.1006880696392,62.3022428112696,61.6332751623654,61.3527403418571,65.1115344079268,65.1385584071027,66.1412461870028,50.028931868526,64.5479644305319,59.2319560603482,58.1291719707309,63.4583554482098,52.7825054963873
Kuwait,KWT,GDP per capita (current US$),NY.GDP.PCAP.CD,19296.3471698729,17374.2318664227,18512.7523035862,22690.655175144,27552.2827399787,36122.6142741227,42946.6374104066,45709.4132876371,55585.1889344442,37907.1001320042,39212.252220155,49169.6063813095,52155.2225833921,49651.0439275077,44368.7813457751,29882.2126495698,27323.6890735517,29047.6536135703,32067.9623756889,31707.8737443551
Kuwait,KWT,Population density (people per sq. km of land area),EN.POP.DNST,109.691863075196,112.689169472503,115.59898989899,118.399607182941,121.061728395062,125.521212121212,132.701066217733,140.734399551066,148.789057239057,156.873400673401,165.172390572391,175.803254769921,187.267620650954,196.848709315376,205.716947250281,215.183726150393,224.696745230079,233.1544332211,242.621492704826,249.288215488215
Kuwait,KWT,Urban population (% of total population),SP.URB.TOTL.IN.ZS,99,99.2347539628831,99.5090276880805,99.7655794280652,99.94716743531,100,100,100,100,100,100,100,100,100,100,100,100,100,100,100
Kuwait,KWT,"Industry (including construction), value added (% of GDP)",NV.IND.TOTL.ZS,..,..,..,..,..,..,..,..,..,..,66.0655582815397,72.7249733972566,74.8123207433144,73.0986938777857,70.5483167543953,55.9358456541559,52.134780154177,55.6192158978196,60.1276537174576,57.7186566770031
Kuwait,KWT,Trade (% of GDP),NE.TRD.GNFS.ZS,86.618324503254,86.8504672897196,81.2251941328732,86.5551755074577,89.2976416790834,92.2426800942645,89.7130931980522,91.7325033915889,92.6834562516721,88.8110649851457,97.0280216600064,99.1164927646913,101.011435104032,97.6054913328151,100.037189841844,98.6999884455485,96.1576723758617,97.840046457409,102.785630655,91.6857123895953
Kuwait,KWT,Renewable energy consumption (% of total final energy consumption),EG.FEC.RNEW.ZS,0,0,0,0,0,0,0,0,0,0,0,0,0,0,0,0,0,0,0,0.1
Kuwait,KWT,Carbon dioxide (CO2) emissions excluding LULUCF per capita (t CO2e/capita),EN.GHG.CO2.PC.CE.AR5,28.6596112260188,29.3184026261366,29.894552067162,30.7689391013048,31.975599354755,34.5288422505843,33.802251670696,31.1914372537519,31.5351654829618,30.5211548340109,29.4966453441835,29.3265415693367,27.5578052739662,26.7612812884495,25.1870221469575,24.9282188842881,24.5748353685826,23.4582455235038,22.9164695855109,21.7968059903888
Kyrgyz Republic,KGZ,"PM2.5 air pollution, mean annual exposure (micrograms per cubic meter)",EN.ATM.PM25.MC.M3,23.0380260652668,22.9429163032767,22.7582935832493,22.5598882498993,22.4234306479412,22.4246511220895,22.6379509127344,23.1168779099364,23.9058824329157,25.0494148008925,26.5919253330871,33.450584373058,34.3817087122114,33.828057010964,30.5484635194377,29.7484121402712,29.0193222002259,26.8562254174832,27.4518144818682,26.7613844313409
Kyrgyz Republic,KGZ,GDP per capita (current US$),NY.GDP.PCAP.CD,279.621738464365,308.41129550148,321.726775366804,380.505828812441,433.233873286,476.548193640077,543.113512472219,721.771577544361,966.388569370494,870.198894546917,876.954476440354,1117.40174350185,1168.62244675446,1269.66303464348,1264.52668823891,1105.65193844261,1103.27489428412,1221.39046807082,1283.5203037417,1421.99927504102
Kyrgyz Republic,KGZ,Population density (people per sq. km of land area),EN.POP.DNST,25.5389051094891,25.7824452554745,26.020354535975,26.2946193952033,26.6147705943691,26.9167883211679,27.2073670490094,27.468117831074,27.7305995828989,28.1003284671533,28.5039572471324,28.9185974973931,29.4685922836288,30.1206986444213,30.7916996871741,31.4913242961418,32.1967570385819,32.8816266944734,33.5979092805005,34.3598070907195
Kyrgyz Republic,KGZ,Urban population (% of total population),SP.URB.TOTL.IN.ZS,35.3216067847574,35.3160273737858,35.3118703235333,35.3086519815317,35.3058886953128,35.3030968124082,35.2997926803498,35.2954926466692,35.2897130588983,35.2815523593591,35.267768240398,35.2466507961984,35.218916221918,35.1850529225105,35.1455493029297,35.1008937681291,35.0515747230627,34.9980805726839,34.9408997219466,34.8805205758044
Kyrgyz Republic,KGZ,"Industry (including construction), value added (% of GDP)",NV.IND.TOTL.ZS,29.1996199376661,26.8324889860388,21.3137031159609,20.2432676693128,21.6893695542269,19.9674526656306,17.5544661208558,16.6822999949964,20.4289120967446,23.6357293329934,26.2652737926744,27.4490880946162,22.2571297250342,24.843594671242,23.8882289228189,25.0780623169816,26.5464240007793,27.3080934715766,27.4785136821163,26.5803149529246
Kyrgyz Republic,KGZ,Trade (% of GDP),NE.TRD.GNFS.ZS,89.4309316270309,73.7469123687968,82.9207290212667,83.9327828079655,93.8157321567302,95.0840046303638,120.749981766273,137.058387838563,146.106082230139,133.379153167955,133.232850492333,136.179840420492,139.675937840309,134.026785643922,125.126181075833,110.961570714633,105.823574017406,100.617445813258,98.8755599017608,94.4302823542939
Kyrgyz Republic,KGZ,Renewable energy consumption (% of total final energy consumption),EG.FEC.RNEW.ZS,35.2,36,28.3,30.5,27.7,28,27.8,24.5,22,24.7,25.6,26,22.4,24.8,26.6,23.5,22.2,24.7,23.4,28.3
Kyrgyz Republic,KGZ,Carbon dioxide (CO2) emissions excluding LULUCF per capita (t CO2e/capita),EN.GHG.CO2.PC.CE.AR5,0.979490695052754,0.815154801557025,1.00955696831549,1.12225943765481,1.09912153729309,1.0872925479987,1.07127259780012,1.27961415120573,1.47100933324484,1.30648727568783,1.20827304040436,1.42500243843647,1.84730353944285,1.67670910396995,1.68334843700684,1.70796995249697,1.57746831023662,1.5280901441896,1.78020784661392,1.55180160392437
Lao PDR,LAO,"PM2.5 air pollution, mean annual exposure (micrograms per cubic meter)",EN.ATM.PM25.MC.M3,28.820009114765,28.8274106843826,28.8952739905149,28.9554957475365,28.9399726698219,28.7806014717458,28.4053138984033,27.7775269837477,26.8823653754409,25.7049537211446,24.2304166685204,20.5789011650413,22.4365696992954,24.2423626108046,21.3928997917018,20.1670988613747,22.463787282601,19.1515982168711,20.9840690040935,22.4289603771825
Lao PDR,LAO,GDP per capita (current US$),NY.GDP.PCAP.CD,318.749852236965,320.316005439568,313.350817148131,355.097216151461,409.296298284117,466.061506997741,579.391947440719,697.323013673925,885.747376088762,935.03237283283,1125.91610151261,1361.54704394913,1563.5650771337,1812.51774424651,1981.03910900473,2121.01339097363,2303.22156035363,2432.43059478511,2545.1075420815,2589.32081035237
Lao PDR,LAO,Population density (people per sq. km of land area),EN.POP.DNST,23.5321143847487,23.9232322357019,24.3106109185442,24.6878032928943,25.0503726169844,25.4312088388215,25.8370883882149,26.2401906412478,26.6419800693241,27.0435095320624,27.4445147313691,27.8448440207972,28.2451386481802,28.6455155979203,29.0432062391681,29.4698656845754,29.934150779896,30.4079159445407,30.8840771230503,31.3589081455806
Lao PDR,LAO,Urban population (% of total population),SP.URB.TOTL.IN.ZS,22.1840964350091,23.3728884682287,24.5247834668291,25.5945881340707,26.5371091732139,27.3224977292697,28.0378756242097,28.7343050001346,29.4034348148069,30.0420311503825,30.6468600890172,31.2146877128668,31.7422801040872,32.2264033448341,32.6638235172635,33.1240204432199,33.8267455533474,34.5115346444216,35.2050070032013,35.9072880879451
Lao PDR,LAO,"Industry (including construction), value added (% of GDP)",NV.IND.TOTL.ZS,16.4770694017999,16.9937147919347,18.3826897329941,20.1201441501939,19.3595097686057,23.2287895606829,26.1754512486046,25.3930205228552,26.9497231702456,25.163093788149,30.4660210858755,30.815970194642,32.4366446720109,30.4277075542967,28.815000545489,27.6933442499915,28.7595046372574,30.91247539947,31.533192488879,31.531381987864
Lao PDR,LAO,Trade (% of GDP),NE.TRD.GNFS.ZS,68.8373013678325,65.8994368798482,67.2549028523532,60.572095882788,66.0797516222837,71.7926462737852,81.9613754162421,79.2126289035269,81.8491820941317,76.930826218652,84.7203378916677,91.6986958680216,98.1851264313662,98.1791466159604,99.0597382933399,85.798321703681,75.0918909204124,..,..,..
Lao PDR,LAO,Renewable energy consumption (% of total final energy consumption),EG.FEC.RNEW.ZS,81.5,81.1,80.2,78.7,74,73.9,69.8,70.7,69.3,66.4,64.8,63.6,62.4,58.6,58.2,53.3,51.7,50.6,50.2,50.5
Lao PDR,LAO,Carbon dioxide (CO2) emissions excluding LULUCF per capita (t CO2e/capita),EN.GHG.CO2.PC.CE.AR5,0.172061042728584,0.186381120141295,0.20574279762084,0.210602243440398,0.217585848686857,0.221926040668041,0.28652401395224,0.298205023714399,0.343065642386553,0.423077773444872,0.467525939369713,0.486447711772495,0.511690636170271,0.596607216188438,0.654511028510084,1.31255012574164,2.29721448088974,2.74206282655521,2.78650036580858,2.67630204116372
Late-demographic dividend,LTE,"PM2.5 air pollution, mean annual exposure (micrograms per cubic meter)",EN.ATM.PM25.MC.M3,40.1754165429326,40.3092536893046,40.4285377054436,40.5092238914173,40.5308306878617,40.4749148534016,40.0759043227674,39.2762239768044,38.360701799079,37.6153041107368,37.3244850707141,39.5513135168013,37.5043885380535,44.0017027053961,41.1776121285045,38.6299466644001,36.0750563117696,35.2587900431779,31.9890231861905,30.0405840393293
Late-demographic dividend,LTE,GDP per capita (current US$),NY.GDP.PCAP.CD,1677.20655312269,1722.30765767874,1814.54824372473,2054.82227278492,2453.98769875258,2939.98271894785,3525.67817486105,4413.77838972074,5455.12758700264,5245.33524774178,6276.4619904196,7598.75722812692,8073.2094428812,8644.25761540223,8923.25728818124,8331.63270803563,8297.33610796797,9138.44134545505,9966.81160876463,10120.3125161359
Late-demographic dividend,LTE,Population density (people per sq. km of land area),EN.POP.DNST,46.0098979791788,46.3489595968754,46.6640057376622,46.9615796679169,47.260206287554,47.5540348054057,47.750641833215,48.0619705322459,48.3767096734734,48.6767234859002,48.9508454672571,49.2573421756937,49.6199977803342,49.9715537391357,50.3332211354391,50.6711186110935,51.0016007577816,51.3399364854318,51.6205889989605,51.8561187728491
Late-demographic dividend,LTE,Urban population (% of total population),SP.URB.TOTL.IN.ZS,45.9301030414284,46.824121624004,47.8457015259866,48.8810754232342,49.7719954411966,50.6585131865521,51.6357355450764,52.7380161745815,53.5584495858467,54.5225313726798,55.2002774149779,56.9188763539629,57.8070692828074,58.7788304798318,59.6576878869777,60.7294578905785,61.7622468361698,62.7392997946222,63.7579414927705,64.6307387465605
Late-demographic dividend,LTE,"Industry (including construction), value added (% of GDP)",NV.IND.TOTL.ZS,36.4693611115332,36.5985274149812,36.5096374751519,37.065745823213,37.7283540806157,38.1037469747186,38.3424259031484,37.7697029296831,38.034530889155,37.6276065425693,38.1085465747623,38.4164179988666,38.1743100604418,37.3185853573015,36.8702991332311,36.1201191380621,35.0341895231105,35.2101460748498,35.8646532733839,34.9602004407362
Late-demographic dividend,LTE,Trade (% of GDP),NE.TRD.GNFS.ZS,51.7908883705623,51.6836692022501,53.7913589494005,59.439645212743,65.1715468310575,66.8093401120753,68.099496380042,66.8930255923278,65.0922562992309,54.9096744489551,58.7747865261741,59.976715898112,58.7301170949618,57.7192871439835,56.7320248195782,53.738388844475,51.9664555525918,52.8526498098965,53.6726377411795,52.5775752355387
Late-demographic dividend,LTE,Renewable energy consumption (% of total final energy consumption),EG.FEC.RNEW.ZS,21.6296317925485,20.8661376739642,20.665536308967,19.5085643879237,18.0329223717659,16.8127063266169,16.2710933355579,15.5877124923454,15.0816450798626,15.0489853771052,14.227913389653,13.4939401643027,13.5583905267186,13.6510906148841,13.7969449361474,13.7947562846974,14.1053604502349,14.3601698499908,14.7113402854056,15.1930553100861
Late-demographic dividend,LTE,Carbon dioxide (CO2) emissions excluding LULUCF per capita (t CO2e/capita),EN.GHG.CO2.PC.CE.AR5,3.60189515212813,3.68939772426963,3.82881891603299,4.18338685548287,4.55430308816547,4.91821465761441,5.26903887750382,5.55479788071223,5.67291749462691,5.801226757631,6.25099647060376,6.6771694357772,6.7996309470761,6.98819757369364,6.99220864732356,6.89029215736923,6.85735322133352,6.95412251368193,7.19363947293177,7.32180660373432
Latin America & Caribbean,LCN,"PM2.5 air pollution, mean annual exposure (micrograms per cubic meter)",EN.ATM.PM25.MC.M3,25.6013509494242,25.2674668723826,24.7468824804345,24.1323312972535,23.5164661711553,22.9915430914902,22.2976223570532,21.2770050087453,20.1740040757644,19.2333633598217,18.6997466589311,19.678683358294,18.4801858274425,18.6195622652037,18.1934074636699,17.8278668027139,17.4280992975449,17.2001313207583,16.4492061507637,15.6088004621928
Latin America & Caribbean,LCN,GDP per capita (current US$),NY.GDP.PCAP.CD,4472.58404552831,4326.6400704264,3839.19615833069,3862.13747257956,4385.89813693867,5229.89898425288,6047.73425729833,7035.79917204557,8077.96588935619,7495.05944025108,9183.9687871441,10334.20548878,10330.3504679629,10306.1195798787,10145.7982098874,8547.2373391789,8241.45140922665,9065.54817792866,8778.37906311973,8539.39776066424
Latin America & Caribbean,LCN,Population density (people per sq. km of land area),EN.POP.DNST,25.9529802442326,26.3171527942571,26.6736175172998,27.0204001421728,27.3602195415425,27.6926786911619,28.0234967476479,28.3523925287658,28.6798177861617,29.0030480416402,29.3205404252576,29.6351277053727,29.9513839091708,30.2674745867114,30.5757421465663,30.8759165980304,31.1688358715504,31.4524540545887,31.7199328465571,31.9787636490052
Latin America & Caribbean,LCN,Urban population (% of total population),SP.URB.TOTL.IN.ZS,75.5652938767543,75.976045174242,76.3512501777298,76.6914735334426,76.9954336361577,77.2668685511939,77.5042941356727,77.7312607437126,77.950737593591,78.1635374830328,78.37135488215,78.5717207273562,78.7697906096959,78.9755056336712,79.185365448744,79.4004597252698,79.6161243552428,79.8285331741903,80.019051151549,80.2273019080141
Latin America & Caribbean,LCN,"Industry (including construction), value added (% of GDP)",NV.IND.TOTL.ZS,32.524623993534,32.3326387087625,33.0100394629443,32.7257232165992,33.7942965742316,33.8013695188854,34.3248495515414,33.4074469539056,33.4990761434967,30.9349023593294,32.166635918776,31.9002209182905,31.2015230347121,30.7460024860839,30.3807491321481,29.7431019277465,28.8380405729562,28.9689112327727,29.9962861829886,29.9860670323363
Latin America & Caribbean,LCN,Trade (% of GDP),NE.TRD.GNFS.ZS,38.5521216311415,38.6638830521832,41.199840118325,43.1256183709602,45.387572044076,45.4005497130224,45.9540681003448,45.9557967503131,47.6995569794944,40.940079773211,43.5680259737873,46.0158503795606,45.5736873355361,45.1883218571138,44.6508392407729,44.9877681580977,44.0323870896011,44.339169550185,48.1959088759379,47.7128393460766
Latin America & Caribbean,LCN,Renewable energy consumption (% of total final energy consumption),EG.FEC.RNEW.ZS,28.4987826663039,27.9199322021845,28.526904727315,29.0446078906691,28.8693246970421,28.9373842994788,28.9856660718838,29.0767468358782,29.1895755585886,30.0250169872657,29.068340737703,28.4958595093532,27.9411911085897,27.7426663261076,27.7215959010541,28.2446666189275,28.8850327404841,29.4068241645848,30.252639118551,30.6248117743588
Latin America & Caribbean,LCN,Carbon dioxide (CO2) emissions excluding LULUCF per capita (t CO2e/capita),EN.GHG.CO2.PC.CE.AR5,2.59771712595697,2.56476838808799,2.53283732618343,2.55952270600089,2.64384858831863,2.69542675882435,2.72845652251084,2.79172258908552,2.82785013757327,2.71418890068631,2.87822277644003,2.94234816753586,3.05046654190152,3.07651164763731,3.05718932785295,3.01161034623996,2.92485125500611,2.87877740028326,2.77811814725285,2.76052351195346
Latin America & Caribbean (excluding high income),LAC,"PM2.5 air pollution, mean annual exposure (micrograms per cubic meter)",EN.ATM.PM25.MC.M3,25.9764584005199,25.6228274757984,25.0745331159521,24.4294415881672,23.7853432305286,23.2393190426782,22.5116881314992,21.4315383577076,20.2584444112671,19.2523086612371,18.6727321085658,19.6428141920421,18.4753113035159,18.5165471710115,18.1072390537701,17.6413126814833,17.2341639605082,16.98920083434,16.3297687093026,15.497075252752
Latin America & Caribbean (excluding high income),LAC,GDP per capita (current US$),NY.GDP.PCAP.CD,4290.89542947118,4122.79587535484,3658.15950641339,3686.28727046314,4149.53705480589,4960.44969790137,5717.84447760414,6672.17705130307,7623.43840731336,6981.206567743,8637.63171485475,9979.9897262503,9823.2489447351,9971.16927211711,9905.72193520855,8308.73911709951,7977.19727122285,8827.8501051856,8484.48335233409,8282.78290882792
Latin America & Caribbean (excluding high income),LAC,Population density (people per sq. km of land area),EN.POP.DNST,25.867875695749,26.2315962517176,26.5871177699417,26.9323626452345,27.2706803959196,27.6044589528695,27.9343857032638,28.2630886152013,28.5908746323007,28.9150037777848,29.2328158889148,29.5492418539098,29.8670136274965,30.1848912097394,30.4949995687283,30.7974052455631,31.0973457581053,31.4060855350308,31.7276580583473,32.0408546856498
Latin America & Caribbean (excluding high income),LAC,Urban population (% of total population),SP.URB.TOTL.IN.ZS,74.635184719868,75.0695928785679,75.4707337911588,75.834960082244,76.1592168193188,76.4445044108649,76.6940278232769,76.9321836390385,77.1623721069462,77.3853179744854,77.6030533881745,77.8138705226315,78.0274964256144,78.2486911735891,78.4742071158149,78.7052501821736,78.9382028591705,79.1732547040471,79.39536132929,79.6346434391868
Latin America & Caribbean (excluding high income),LAC,"Industry (including construction), value added (% of GDP)",NV.IND.TOTL.ZS,28.3718479857157,28.1588275767343,28.7143299136933,28.2691365384044,29.0270732934965,28.816043033277,29.1269814472693,28.3736663842399,28.3604331120729,26.2921174290678,26.9852620584046,27.3289617097063,27.0564087801811,26.0767627748384,25.5356136427925,24.6012057193756,23.7942513280376,23.923532686066,24.7899549661664,24.6793822981221
Latin America & Caribbean (excluding high income),LAC,Trade (% of GDP),NE.TRD.GNFS.ZS,34.2434583706067,34.5852166330913,37.0742939445576,38.7206676287396,40.599705853524,39.9990104504386,40.5951982471375,40.5519804229595,42.1653776178542,36.8646234810182,39.2348377242294,41.3837200112889,41.5729077323727,40.9181477389474,40.3527742168557,41.5808041305058,41.746198893934,41.90886388128,45.6160678319738,44.9975725197578
Latin America & Caribbean (excluding high income),LAC,Renewable energy consumption (% of total final energy consumption),EG.FEC.RNEW.ZS,29.8286897904667,29.3175361993804,30.1399289410141,30.6828162403507,30.3512892936746,30.5136178049694,30.3257324603332,30.3326680623936,30.4410342110117,31.4816076655373,30.791063793122,29.923684115234,29.3509779416994,28.8753991496002,29.1503479276468,29.3653339575074,30.0701319995524,30.6421659951186,31.4749268035603,31.7254596724351
Latin America & Caribbean (excluding high income),LAC,Carbon dioxide (CO2) emissions excluding LULUCF per capita (t CO2e/capita),EN.GHG.CO2.PC.CE.AR5,2.36586796560955,2.32283602293354,2.29126139750169,2.31432520117263,2.38675259007246,2.42197770280266,2.46509162526765,2.52871874509063,2.55639765334892,2.4425720431653,2.59866816141406,2.67131910935761,2.75901329395072,2.79263311284798,2.79099302998038,2.76452896455709,2.69240967712686,2.66478435717252,2.57248439958884,2.56748999526312
Latin America & the Caribbean (IDA & IBRD countries),TLA,"PM2.5 air pollution, mean annual exposure (micrograms per cubic meter)",EN.ATM.PM25.MC.M3,25.8378669323498,25.4965398004413,24.9696109291037,24.3486938216278,23.7253450417526,23.1905869925473,22.4778847735272,21.4288727385491,20.2951055025858,19.3280760152307,18.7788591573948,19.7721131994518,18.5362325619035,18.6743725564289,18.2178565153488,17.8269616319536,17.446059380614,17.2031574893667,16.4202036623497,15.5706987279673
Latin America & the Caribbean (IDA & IBRD countries),TLA,GDP per capita (current US$),NY.GDP.PCAP.CD,4388.92611014216,4222.97461927511,3714.3747812476,3728.72739078731,4252.83825459299,5103.97068943224,5926.88266865219,6927.88249936996,7989.38067187903,7386.60018995036,9115.80144590362,10277.6079254264,10263.4820243547,10231.0823830522,10058.6664815872,8404.37747196218,8082.02330614142,8918.30251254156,8620.46890240755,8362.63429845968
Latin America & the Caribbean (IDA & IBRD countries),TLA,Population density (people per sq. km of land area),EN.POP.DNST,25.3309386607104,25.695108937092,26.0501619925308,26.3968363338717,26.7366789597499,27.0696545262619,27.4018628690075,27.7328975330975,28.0626989258994,28.3883302401452,28.7079897400323,29.0267758338296,29.3456982827995,29.6612633119693,29.9735385054324,30.2781963771345,30.5756789555618,30.8648395091605,31.1407608410961,31.4016447900623
Latin America & the Caribbean (IDA & IBRD countries),TLA,Urban population (% of total population),SP.URB.TOTL.IN.ZS,75.4082129013231,75.8280638419443,76.2174147776474,76.5695191433335,76.8832936904596,77.1629019596436,77.4071292343337,77.640229259954,77.8652582829749,78.0831498466914,78.2956488991946,78.5011436720577,78.7047750052812,78.9165836181544,79.1330503121854,79.3548258170168,79.5767193908271,79.7952284112037,79.992282192881,80.2043693016899
Latin America & the Caribbean (IDA & IBRD countries),TLA,"Industry (including construction), value added (% of GDP)",NV.IND.TOTL.ZS,32.4782913516034,32.1455260615952,32.7785364631151,32.4916572804425,33.7152266480882,33.8181284981016,34.4060067539538,33.4816508585826,33.5707367129959,30.8013168909006,32.1103490173868,31.8991002189057,31.1578957509184,30.6910339740984,30.313591156685,29.5497926192358,28.5513684608887,28.7506009178806,29.8202298385642,29.7797350659615
Latin America & the Caribbean (IDA & IBRD countries),TLA,Trade (% of GDP),NE.TRD.GNFS.ZS,37.6932713468384,37.8044727370896,40.3687884331069,42.1136074442049,44.3365741239659,44.153835658066,44.6585216189439,44.6432598377163,46.1314653586495,39.7606860465512,42.3160950617686,44.5742506843551,44.5656799299123,44.1918342951615,43.7380260692525,44.2142879401788,43.2692169793714,43.4945657232203,47.5315245402823,47.1498818579862
Latin America & the Caribbean (IDA & IBRD countries),TLA,Renewable energy consumption (% of total final energy consumption),EG.FEC.RNEW.ZS,28.5774086987318,27.9857754927164,28.6289640352186,29.1928289531382,29.0032130411343,29.1868140682957,29.2883960377476,29.4162906928946,29.5066403419618,30.3669946466489,29.4185691870613,28.7713961731801,28.2092931078232,28.0091335892334,27.9234565266568,28.4881357094781,29.1484835734771,29.6408830785882,30.4953793252595,30.8730849505438
Latin America & the Caribbean (IDA & IBRD countries),TLA,Carbon dioxide (CO2) emissions excluding LULUCF per capita (t CO2e/capita),EN.GHG.CO2.PC.CE.AR5,2.56738624279544,2.53704493233088,2.51600207380497,2.53439175438919,2.62240918967003,2.6739363008799,2.72370995731591,2.7849807652847,2.82829692422451,2.71376393264884,2.8807545616828,2.951519665377,3.06052733127104,3.08721245647022,3.06942816928259,3.01706290599413,2.93220733620069,2.88515928444545,2.77760055335507,2.76780429708375
Latvia,LVA,"PM2.5 air pollution, mean annual exposure (micrograms per cubic meter)",EN.ATM.PM25.MC.M3,22.4970757971078,21.6067918371829,20.5080341220557,19.4158394192282,18.5452444962024,18.1112861204801,18.0087086881248,17.9604077828999,17.9236469538566,17.8556897500464,17.7137997205206,15.525589653222,14.9825047352387,15.4093695076531,16.0993170108535,13.6554000536401,12.6030729844024,11.6679973108454,14.2076039693657,12.4865833165492
Latvia,LVA,GDP per capita (current US$),NY.GDP.PCAP.CD,3278.17896440803,3504.61829462397,4003.60935783538,4914.57992829302,6109.73265186817,7283.78738127622,9211.7374468148,13370.9789452508,15677.6080864506,11996.0322729773,11188.4191700977,12902.574053337,13329.3499931271,14484.4715282132,15185.814581236,13321.9753140616,13838.5266823272,15132.4958333982,17252.1710428626,17294.9751600969
Latvia,LVA,Population density (people per sq. km of land area),EN.POP.DNST,38.0469892490398,37.5587767367863,37.1249296928986,36.7678821090523,36.3688109663008,35.9779356228004,35.6494287045816,35.3596509553731,34.9899882687579,34.4170376203256,33.7081170552975,33.0999244700853,32.691902228936,32.3436289713468,32.0404647500281,31.7792437366417,31.4901409356067,31.2123033409935,30.9700612274415,30.755491989008
Latvia,LVA,Urban population (% of total population),SP.URB.TOTL.IN.ZS,68.0520561441955,68.0163660524785,67.9813450702046,67.9493840506358,67.9206702831277,67.8953910570353,67.873733661714,67.8558853865191,67.8420335208058,67.8323653539295,67.8270681752453,67.8266897008267,67.8331638942219,67.847334482933,67.8686035364944,67.8965395668259,67.9307110858472,67.9706866054779,68.0160346376376,68.066323694246
Latvia,LVA,"Industry (including construction), value added (% of GDP)",NV.IND.TOTL.ZS,24.2213861800629,23.2514546840965,23.3580896046646,22.2766161374927,22.3401097520348,21.0400390822509,21.8741590495671,22.7520647205745,22.844745207144,21.5222929684733,20.8612025977954,21.418901034981,21.4155903391561,20.8210958976358,19.6186043266703,19.7834567448988,19.1654365749872,19.7767293914993,19.3453568005874,19.5988527886207
Latvia,LVA,Trade (% of GDP),NE.TRD.GNFS.ZS,83.6121321100556,88.1768278184248,85.9772056778195,88.5815580418672,97.2352655771748,104.517156602918,105.695342080455,100.880910871828,95.7681628438571,88.8320494963692,110.86235386272,129.734758014485,133.211503650958,129.677184929099,130.042252244959,126.380014406006,123.330518429659,128.714003328884,128.234095559822,125.29163170793
Latvia,LVA,Renewable energy consumption (% of total final energy consumption),EG.FEC.RNEW.ZS,35.8,35.4,34.4,34.3,36.1,36.3,34,33.1,33.7,38.4,33.1,35.5,40.4,39.6,40.2,38.1,38.5,42.6,41,41.5
Latvia,LVA,Carbon dioxide (CO2) emissions excluding LULUCF per capita (t CO2e/capita),EN.GHG.CO2.PC.CE.AR5,3.05416992249372,3.28140443356709,3.31793333226559,3.45946489332177,3.51629297934446,3.58674450006454,3.84969596868313,4.05135604967448,3.89409559082212,3.61956025884485,4.23345275809216,3.99736079222842,3.94598880509891,3.86525804077913,3.79876034591545,3.86745667695055,3.81753444818853,3.82654532273942,4.20714476222697,4.13194121501373
Least developed countries: UN classification,LDC,"PM2.5 air pollution, mean annual exposure (micrograms per cubic meter)",EN.ATM.PM25.MC.M3,41.081173310253,41.0935063189687,41.0050936177963,40.8478223061229,40.6549475181768,40.5068811499515,40.0996885685716,39.2681762977635,38.3365813852271,37.6014218600334,37.3201776349562,40.3245976232794,44.753218922894,42.3314283815233,41.872430967455,45.0317600641589,43.7317610401117,41.0557055739165,41.0561153778213,37.4649677877049
Least developed countries: UN classification,LDC,GDP per capita (current US$),NY.GDP.PCAP.CD,333.3638860949,313.947863828234,337.91579001411,373.651845746871,419.798333896442,487.199978520551,552.743616465105,648.581446944078,778.614114766785,751.671383860855,831.532954611079,925.130488690388,947.489031265643,1006.9873103895,1056.46705317141,982.894810600519,966.721782937566,1035.19428808636,1080.56177999961,1105.24693378698
Least developed countries: UN classification,LDC,Population density (people per sq. km of land area),EN.POP.DNST,38.0358684345252,38.9533356434649,39.9351323751124,40.9427306263312,41.5882276031709,42.5974909917262,43.63249482813,44.6561647179311,45.7068074340997,46.7941114670934,47.8932877448061,49.0311506607435,44.0424518658881,45.1028650452437,46.1842630273641,47.275728089177,48.4015353371021,49.5597657740462,50.7444246385833,51.967591243585
Least developed countries: UN classification,LDC,Urban population (% of total population),SP.URB.TOTL.IN.ZS,25.2969777478564,25.7042514408011,26.1235987482496,26.5647090012624,27.0325253025417,27.5133376115852,28.0028072939355,28.4595932639011,28.9917994038686,29.4725533033583,29.9310226455345,30.3603055533776,30.7716900531857,31.2005300334167,31.651744149734,32.1047483080213,32.5666253276981,33.039366595905,33.5157241184012,33.9602697628177
Least developed countries: UN classification,LDC,"Industry (including construction), value added (% of GDP)",NV.IND.TOTL.ZS,24.5772941811354,24.8137663584897,24.7397325131506,24.6317275176674,25.8645864758209,27.9839323812661,29.5103567653124,30.8411964762876,31.1233138892383,27.5623008916293,28.8601751413483,30.9185812996353,30.5248610840209,29.6058599366417,28.9272914525198,26.6622444654456,27.2625701911978,27.9163736766331,29.3534316841047,29.6422194842816
Least developed countries: UN classification,LDC,Trade (% of GDP),NE.TRD.GNFS.ZS,40.521556412861,40.9743393689971,50.4431442309826,50.2939134873026,51.620895047703,55.1769415844311,55.1929432910406,59.9245979920069,63.7796251975422,58.8172561471286,58.3339949057173,60.3791468535262,59.0169463026793,58.5601483628962,55.8805334038006,50.5046218869376,46.9182004792284,47.0303880111819,51.4619437897655,50.5670353723756
Least developed countries: UN classification,LDC,Renewable energy consumption (% of total final energy consumption),EG.FEC.RNEW.ZS,83.8156995400155,83.0408137064604,82.6109209826965,81.4191737213528,80.9903617758661,80.759987018664,80.1005342660568,78.8471069800247,78.1739617762925,77.0426428856211,75.9030638297872,75.2902390351355,74.1186152161421,73.4516390735312,72.8033051049145,72.6420499355701,71.7069864304561,70.6528427025745,69.6689273124056,69.5024909470932
Least developed countries: UN classification,LDC,Carbon dioxide (CO2) emissions excluding LULUCF per capita (t CO2e/capita),EN.GHG.CO2.PC.CE.AR5,0.180437373647265,0.189407114977917,0.19114233437506,0.203024151584943,0.207452113130761,0.212843374554772,0.220347264704291,0.230821085916373,0.24015615114835,0.25340206175388,0.266295912333668,0.276832954796263,0.287448523609255,0.301313182879872,0.314922334053476,0.325557361506868,0.349257332022292,0.369251756779031,0.377458631240125,0.384004381560945
Lebanon,LBN,"PM2.5 air pollution, mean annual exposure (micrograms per cubic meter)",EN.ATM.PM25.MC.M3,17.9829558305759,18.0162713556063,18.108623271323,18.2496665183829,18.4290560374433,18.636446769161,19.1289192451531,19.9880976020014,20.9404521878108,21.7124533506863,22.0305714387326,19.3450935433656,18.7841957919463,20.2507464209249,20.3631198495282,20.6861467732003,19.360236111926,18.8914613898948,19.9808899582131,20.5970090578064
Lebanon,LBN,GDP per capita (current US$),NY.GDP.PCAP.CD,3986.83513941026,4009.55929751102,4290.85283803266,4437.71588507526,4600.68371412993,4602.19804637945,4635.2514117486,5125.25809960149,5912.04532820842,7090.85493856621,7625.81051551165,7834.96257108993,8406.98405608118,8162.37929361396,7577.6413302369,7714.1099998804,8089.012088155,8608.21084982387,9174.53666204759,8905.88005497437
Lebanon,LBN,Population density (people per sq. km of land area),EN.POP.DNST,423.200391006843,430.295014662757,436.315151515152,442.3761485826,449.587390029325,456.608211143695,464.431671554252,473.520821114369,481.461779081134,488.004594330401,492.794525904203,498.144672531769,511.802737047898,561.430694037146,620.429130009775,632.694916911046,618.089931573803,602.163049853372,584.957869012708,566.431476050831
Lebanon,LBN,Urban population (% of total population),SP.URB.TOTL.IN.ZS,86,86.1451238111303,86.2942846645228,86.4475351790771,86.6049279736931,86.7665156672703,86.9323508787087,87.1024862269079,87.2769743307677,87.4558678091878,87.6392192810679,87.8270813653079,88.0195066808075,88.2165478464663,88.4182574811842,88.6246882038608,88.835892633396,89.0519233886895,89.272833088641,89.4986743521503
Lebanon,LBN,"Industry (including construction), value added (% of GDP)",NV.IND.TOTL.ZS,19.9654112221368,20.4307137219529,19.1154059296204,18.3121387283237,14.5751663754257,14.7600382336009,15.008151375903,15.5098773512385,16.212003826201,15.4395167882731,13.809376206629,14.506216070168,15.4855197381508,16.3437962275105,16.2094101272442,15.7051846447457,15.9539038084869,14.9268797796791,13.8056023781184,12.4991181838946
Lebanon,LBN,Trade (% of GDP),NE.TRD.GNFS.ZS,50.1152959262106,55.5568083587026,51.0425325574951,54.0908340214699,90.9727970270956,92.762656272585,91.0693970298409,97.9677079660494,106.625673176194,90.3978388619092,95.0966529416243,102.139882412503,88.5455019230591,86.1743285920565,79.8171565925627,71.8390426347811,67.7236177908116,68.4554292593276,68.2573073043718,62.98091601016
Lebanon,LBN,Renewable energy consumption (% of total final energy consumption),EG.FEC.RNEW.ZS,4.9,4.6,5.7,7,6.1,6.4,6.4,7.3,5.1,4.3,5.7,6.2,5.6,5.9,4.2,4.2,4,4,4.7,5.1
Lebanon,LBN,Carbon dioxide (CO2) emissions excluding LULUCF per capita (t CO2e/capita),EN.GHG.CO2.PC.CE.AR5,3.53598931938817,3.7525460492449,3.68898515605677,3.63952510966725,3.62889487678395,3.54858446679178,3.39584048951661,3.08582491177961,3.71794595880824,4.31860187525276,4.09800035229092,4.11737002602031,4.47632828355561,4.02278357415317,3.93405377982319,4.15689901334406,4.40699597979459,4.75585896916428,4.59444406102218,4.66025747446672
Lesotho,LSO,"PM2.5 air pollution, mean annual exposure (micrograms per cubic meter)",EN.ATM.PM25.MC.M3,24.5043099431081,23.7869834305804,22.7786136777816,21.7379693349774,20.9238190524334,20.5949314804153,21.0739780096359,22.2617938837023,23.784393532221,25.2677913847987,26.338001871042,26.9481719895266,26.5241576357391,25.2428493312626,26.801156032785,25.8911063728927,25.3734080229079,22.4347012157399,23.0240026773582,21.1810593859544
Lesotho,LSO,GDP per capita (current US$),NY.GDP.PCAP.CD,442.779545779081,412.677473676821,388.92334985135,583.270036200288,766.685820928242,861.381496414995,925.467485502842,861.188420899563,898.482517882593,878.847950537772,1119.47557793042,1280.73390931581,1217.93071228944,1151.03735837227,1173.5377928819,1121.19851342518,992.491840678465,1069.36673247542,1170.65569702819,1082.05706777516
Lesotho,LSO,Population density (people per sq. km of land area),EN.POP.DNST,66.0050395256917,65.9042490118577,65.7008893280632,65.3840250329381,64.9251976284585,64.3305665349144,64.0666337285902,64.3368906455863,64.7740777338603,65.2464756258235,65.7526679841897,66.337582345191,67.0077075098814,67.7372859025033,68.5141304347826,69.321837944664,70.1720026350461,71.0510540184453,71.9236824769433,72.7735507246377
Lesotho,LSO,Urban population (% of total population),SP.URB.TOTL.IN.ZS,19.3273988558381,19.8975236019886,20.4926272688562,21.1231084926925,21.7993659097494,22.5317981562788,23.3329886243114,24.2187949905661,25.1966303659683,26.2591028264855,27.4004815007995,28.6150355175921,29.8970340055453,31.2407460933407,32.6404409096604,34.0903875831861,35.5077950709441,36.5283648068846,37.569092747415,38.6040920446259
Lesotho,LSO,"Industry (including construction), value added (% of GDP)",NV.IND.TOTL.ZS,35.1643078480714,37.992056881911,38.7001356295907,36.4702881221952,34.6653077489584,33.7701071067011,35.4813196531581,39.1258617120697,40.56384007448,33.3003223937152,31.463352131548,33.1996499097292,30.8179398182836,29.0232445602992,32.1608736210412,33.7385657003649,30.5866475742865,28.5730617255808,31.139042579725,30.5436539026894
Lesotho,LSO,Trade (% of GDP),NE.TRD.GNFS.ZS,..,..,..,..,..,..,..,165.048948833372,161.126590593391,158.894737585637,150.102435487333,149.796606699153,150.208575358438,133.36548975517,126.292475360578,129.722773082867,136.31524774176,146.366771329494,144.434955465602,140.51663349168
Lesotho,LSO,Renewable energy consumption (% of total final energy consumption),EG.FEC.RNEW.ZS,56.7,56.5,56.2,55.9,55.4,55.3,55.5,55.3,55,54,53,42.3,40.8,46.1,43.2,46,45.1,41.5,42.5,41.6
Lesotho,LSO,Carbon dioxide (CO2) emissions excluding LULUCF per capita (t CO2e/capita),EN.GHG.CO2.PC.CE.AR5,0.175057500001248,0.182472175617099,0.193214045969301,0.197475238771241,0.206480651443919,0.208850039629794,0.21305222504361,0.274309516154465,0.22196333562331,0.25857155622013,0.261640445014179,0.270207332737838,0.283333185866373,0.2825669193933,0.288016522369956,0.283472812790582,0.308624300725396,0.333455410247971,0.346995310044912,0.354575100536117
Liberia,LBR,"PM2.5 air pollution, mean annual exposure (micrograms per cubic meter)",EN.ATM.PM25.MC.M3,40.1117652111733,40.7653499449132,41.3532145582214,41.8293854413503,42.1478889845527,42.262751578081,41.3657720947462,39.2301217465135,36.681885432367,34.5471480512907,33.6519945022688,43.0911306066352,40.950862253654,33.8367623475366,34.3461135841224,51.1180873244019,48.301426780699,41.5068237111279,42.0381017982909,37.1591253581791
Liberia,LBR,GDP per capita (current US$),NY.GDP.PCAP.CD,298.485340578945,300.463828598983,299.536445539621,239.779556677091,284.140223992458,287.487333441381,320.55808618515,374.211308104278,451.713856283285,448.386367025545,492.252808033724,568.087865520004,638.368751462083,710.744570927863,706.714490064507,692.590082351257,714.613063145659,699.269095727404,692.203127129794,658.164180770507
Liberia,LBR,Population density (people per sq. km of land area),EN.POP.DNST,30.3998857973422,31.3054194352159,32.1302117940199,32.3871677740864,32.7750415282392,34.2713351328904,36.2415593853821,38.0922965116279,39.6698816445183,40.9367524916943,42.1396387043189,43.8245224252492,45.4011939368771,46.4102886212625,47.3867628737542,48.3744912790698,49.3730066445183,50.3418293189369,51.3364410299003,52.3642130398671
Liberia,LBR,Urban population (% of total population),SP.URB.TOTL.IN.ZS,43.7710042955819,44.1509656015089,44.566701526991,45.0004573003041,45.4344781497244,45.8510093035277,46.2322959899902,46.6104850769043,47.1080497871025,47.6245255922562,48.1407517057907,48.6583302770849,49.1773247639526,49.6977986242077,50.2198153156642,50.7434382961363,51.2687310234384,51.7957569553849,52.3245795497906,52.85526226447
Liberia,LBR,"Industry (including construction), value added (% of GDP)",NV.IND.TOTL.ZS,4.24715102974828,4.18618101545254,3.24309600862999,4.14903743315508,7.72698996655518,7.2181875658588,7.7032618409294,7.92931536780772,7.0949594438007,5.00973981900453,4.99961461461461,8.30011676396997,14.5889259761557,19.5182541497806,18.554810004303,16.8248454785241,13.7704420019235,15.4416514284322,16.9238649522893,16.9896070200098
Liberia,LBR,Trade (% of GDP),NE.TRD.GNFS.ZS,..,..,..,..,..,..,..,..,..,..,..,..,..,..,..,..,..,..,..,..
Liberia,LBR,Renewable energy consumption (% of total final energy consumption),EG.FEC.RNEW.ZS,91.3,91.6,91.1,90.3,89.6,87.8,87.6,89.8,91.8,91.8,88.6,87.1,86.2,87.5,91.2,91.9,92.8,93.6,94.4,89.7
Liberia,LBR,Carbon dioxide (CO2) emissions excluding LULUCF per capita (t CO2e/capita),EN.GHG.CO2.PC.CE.AR5,0.136333350067637,0.152619706314848,0.150446784296923,0.161626808123783,0.172701505151269,0.206360770853813,0.205397808574399,0.182417792071517,0.146715404306147,0.132537734959021,0.1956938966072,0.209775565020002,0.223437089459216,0.202986909648455,0.259010541172532,0.264624586135088,0.291277161616349,0.253788210788989,0.129815079743549,0.20014984968439
Libya,LBY,"PM2.5 air pollution, mean annual exposure (micrograms per cubic meter)",EN.ATM.PM25.MC.M3,35.9654901658373,36.4487224246156,37.6270729377772,39.2184710587122,40.940846140811,42.5121275374636,44.1991556236799,46.1949789911863,48.1068393184481,49.5419782839306,50.1076375660992,36.5734275927941,33.0392584726512,41.8287621297505,36.2943652311609,36.08680012119,38.1668032978199,33.6859220495799,41.4209740874326,36.4844732200514
Libya,LBY,GDP per capita (current US$),NY.GDP.PCAP.CD,7214.10040377084,6312.80030498965,3718.29434696755,4674.09943200321,5773.76333234281,8079.24957329001,10048.8480434289,11144.9448413435,13906.1407818125,9551.05403869755,11600.9068649472,7593.8391525702,14975.8902795144,11951.7134126011,8926.42074591474,7458.48917756374,7525.80299308216,9965.83236729757,11196.5854810844,9963.19489084483
Libya,LBY,Population density (people per sq. km of land area),EN.POP.DNST,3.01500448980984,3.07105209316071,3.13059663321095,3.19367448310354,3.26033679257079,3.32973277106516,3.39873546495107,3.46930447730657,3.54378417086284,3.61838094047308,3.69291917205633,3.60503483865101,3.51189970105823,3.58311149504984,3.65280243700058,3.71223103765757,3.76923855098492,3.8298475737977,3.89252588744786,3.95048308080521
Libya,LBY,Urban population (% of total population),SP.URB.TOTL.IN.ZS,86.9508513726842,87.3194455877457,87.6256192750746,87.8659880500458,88.0371675280346,88.135773324416,88.1599560242948,88.1560287475586,88.1474456787109,88.1345825195312,88.1177139282227,88.0970458984375,88.0727920532227,88.0451431274414,88.0142059326172,87.8159103393555,87.8160056703177,87.8166729870528,87.818484275334,87.8220115209342
Libya,LBY,"Industry (including construction), value added (% of GDP)",NV.IND.TOTL.ZS,..,..,65.8303859757035,70.8938132064248,76.6425137601895,80.9742943873926,86.6695550057577,84.727507668667,85.9203928517569,73.7972544656913,75.7449869936204,53.8989087023988,73.7369299183248,65.1237589148371,46.7692775548728,34.8289693278703,26.0770762664238,38.9800161101817,49.676758007488,49.9776179313478
Libya,LBY,Trade (% of GDP),NE.TRD.GNFS.ZS,45.2810937659422,43.1734496124031,78.8597570352145,90.6127305175491,96.1293320792401,90.8608896854615,97.7381011197381,102.732315500893,103.242158045544,107.620930501039,98.077213074239,63.0054352895288,98.2243189168448,106.334360918106,76.5248826381117,56.9049073326883,41.1101760615135,47.5489661921214,63.7811335968183,78.9939691850138
Libya,LBY,Renewable energy consumption (% of total final energy consumption),EG.FEC.RNEW.ZS,2,2.9,2.9,2.9,2.8,2.7,2.9,3.1,2.9,2.6,2.5,3.2,2.6,2.4,2.3,2.9,2.8,2.9,2.9,3
Libya,LBY,Carbon dioxide (CO2) emissions excluding LULUCF per capita (t CO2e/capita),EN.GHG.CO2.PC.CE.AR5,9.29018000117247,9.0214945891093,9.05829449877551,9.57214634023075,9.27889988186574,9.85289132685578,9.61121605909892,8.80448137239163,9.16430783442361,9.46592937047626,9.79867306653797,6.97396882931226,10.1719960487613,9.93067314994636,9.61533793913791,8.3409996510926,7.71283597446731,8.22031320255774,8.36151848685695,8.26849764632106
Liechtenstein,LIE,"PM2.5 air pollution, mean annual exposure (micrograms per cubic meter)",EN.ATM.PM25.MC.M3,..,..,..,..,..,..,..,..,..,..,..,..,..,..,..,..,..,..,..,..
Liechtenstein,LIE,GDP per capita (current US$),NY.GDP.PCAP.CD,76087.911114202,75067.8001680043,79795.1785891101,90108.3673647008,100280.831356705,105295.057027611,114167.939211301,130492.595349517,143249.227302093,126024.714567466,141089.812849014,158066.369379163,148842.035144342,172823.607794648,178735.153020908,167187.15730982,165375.491396259,170547.092298954,174988.775083446,166907.839305016
Liechtenstein,LIE,Population density (people per sq. km of land area),EN.POP.DNST,204.03125,207.4625,210.5875,212.99375,215.29375,217.20625,218.98125,220.3875,221.70625,223.3875,225.1375,226.95,229.10625,231.15,232.8,234.3375,235.725,237.2625,239.0375,241.01875
Liechtenstein,LIE,Urban population (% of total population),SP.URB.TOTL.IN.ZS,14.9899997711182,14.8957603808328,14.8086674998164,14.7291064332791,14.6574624864307,14.594120964481,14.5394671726401,14.4938864161177,14.4577640001239,14.4314852298684,14.4154354105611,14.4099998474121,14.4124545370445,14.4201755971624,14.4336985145967,14.4535587761782,14.4802918687379,14.5144332791067,14.5565184941154,14.6070830005951
Liechtenstein,LIE,"Industry (including construction), value added (% of GDP)",NV.IND.TOTL.ZS,..,..,..,..,..,..,..,..,..,..,..,..,..,39.3045826652038,39.647172626367,37.2602648896845,41.9543783150565,44.078617141423,41.7550346850839,44.2952285660684
Liechtenstein,LIE,Trade (% of GDP),NE.TRD.GNFS.ZS,..,..,..,..,..,..,..,..,..,..,..,..,..,..,..,..,..,..,..,..
Liechtenstein,LIE,Renewable energy consumption (% of total final energy consumption),EG.FEC.RNEW.ZS,54,51.6,51.3,50.2,50.3,49.9,50.8,53.4,53,55.1,52.3,55.3,55.5,53.5,55,55.5,55.8,55.3,56.8,56.1
Liechtenstein,LIE,Carbon dioxide (CO2) emissions excluding LULUCF per capita (t CO2e/capita),EN.GHG.CO2.PC.CE.AR5,..,..,..,..,..,..,..,..,..,..,..,..,..,..,..,..,..,..,..,..
Lithuania,LTU,"PM2.5 air pollution, mean annual exposure (micrograms per cubic meter)",EN.ATM.PM25.MC.M3,18.083013444041,17.3276190793162,16.4295435196153,15.5425823302599,14.8205310765714,14.4171853238712,14.2765715251915,14.2038714091332,14.1446134543711,14.0443261395798,13.8485379434341,12.3194519812497,12.373124789345,12.4131714589563,12.7577404745041,11.3028578201847,10.2329418108878,9.79993642739852,11.0838572805935,10.2465023749528
Lithuania,LTU,GDP per capita (current US$),NY.GDP.PCAP.CD,3300.63634928559,3532.52787363242,4148.13091485015,5507.47434187652,6734.57487061946,7857.03148786492,9210.10118229413,12295.1212779366,14955.5345462921,11854.3711053096,11829.122609457,14261.8433787325,14288.1853493139,15636.5252586048,16446.1647181663,14269.8039878287,14934.2702840428,16800.1510246099,19247.2315367967,19608.7943945553
Lithuania,LTU,Population density (people per sq. km of land area),EN.POP.DNST,55.8317804722399,55.3736119974473,54.9308710912572,54.4864869176771,53.8780312699426,53.0077855775367,52.1682992980217,51.5522335673261,51.0288153171121,50.4653530115676,49.418141204627,48.3153301209433,47.6934454478731,47.2477064220183,46.8835275339186,46.4662250598563,45.9328405861882,45.3798470650213,45.0135717707169,44.8912328329607
Lithuania,LTU,Urban population (% of total population),SP.URB.TOTL.IN.ZS,66.9768374826555,66.9286097501613,66.8887100219727,66.7596664428711,66.6022567749023,66.5784912109375,66.6381530761719,66.7184982299805,66.7527770996094,66.7816619873047,66.7712860107422,66.7518340055756,66.8536758422852,67.0092086791992,67.1514937628023,67.2282485961914,67.1894226074219,67.1012954711914,67.1464742010457,67.245735168457
Lithuania,LTU,"Industry (including construction), value added (% of GDP)",NV.IND.TOTL.ZS,26.5008484486882,27.2146716594063,26.3988212298317,27.9630623171368,29.527855822781,29.7236068505939,30.1705478851017,29.645016281565,29.2009086287297,25.0207491016076,26.2116518144494,28.3534317115284,28.2001999312223,27.6242689150869,27.726441177948,26.9636978611038,25.9974602207029,25.720457681502,25.5788787201366,25.2564149405008
Lithuania,LTU,Trade (% of GDP),NE.TRD.GNFS.ZS,83.1914942748116,93.4871373685836,100.332229474818,98.0914043206711,104.072070698543,117.449691165186,124.613633047292,116.295810328172,126.759707831841,105.040251236614,131.626507396009,149.645306927215,156.638925650513,156.626637927418,143.290115780694,138.195575009601,134.690449650877,144.918393101325,147.202132525221,148.374996011818
Lithuania,LTU,Renewable energy consumption (% of total final energy consumption),EG.FEC.RNEW.ZS,17.2,17.6,17.9,18.1,18.1,17.5,17.5,17.1,18.3,20.1,21.5,22.7,23.9,26.3,27.7,29,31.5,33.8,33.7,33.5
Lithuania,LTU,Carbon dioxide (CO2) emissions excluding LULUCF per capita (t CO2e/capita),EN.GHG.CO2.PC.CE.AR5,3.33092730007635,3.57013822101879,3.62197424563623,3.65786848433758,3.86899905983728,4.20098792244941,4.34082416360822,4.81800789405111,4.95001768164964,4.17668379432144,4.53332954506564,4.72911365651569,4.8479177448757,4.51309413254538,4.49797821297655,4.69257592209704,4.69887829841954,4.91240709777077,4.97247446083995,5.08575146500164
Low & middle income,LMY,"PM2.5 air pollution, mean annual exposure (micrograms per cubic meter)",EN.ATM.PM25.MC.M3,45.7713898286566,45.8595167707976,45.8662294678417,45.7905917744702,45.6365205566794,45.4131158534631,44.6963894605308,43.3552972909713,41.8326160307198,40.5745961937129,40.0147387889619,44.2169050902749,47.4415164615157,49.8872766834012,49.2124024532359,48.7496729763595,47.4541262382715,44.1394159148278,43.14389519273,39.4291491292704
Low & middle income,LMY,GDP per capita (current US$),NY.GDP.PCAP.CD,1178.01096453065,1162.27956492439,1168.21008818899,1289.04927474148,1490.85593705627,1736.10100020162,2015.80026970912,2442.09195354366,2860.66030359115,2829.0413443136,3394.26296887076,3942.65348704731,4133.76162366082,4330.27496489931,4472.91557836283,4284.85686298442,4274.9314240157,4615.000484095,4853.74507668345,4943.24879858439
Low & middle income,LMY,Population density (people per sq. km of land area),EN.POP.DNST,65.6468523642262,66.6600511056875,67.6620322628707,68.6499312806842,69.6331673529371,70.6307184817927,71.5324472343485,72.5263740618813,73.5348043501038,74.5602737370687,75.5920349032173,76.6391610851654,75.1561346958777,76.1892998616771,77.2146538954163,78.2111823740089,79.2105438249939,80.2292753022611,81.2256919138532,82.1988223064499
Low & middle income,LMY,Urban population (% of total population),SP.URB.TOTL.IN.ZS,39.4367434123214,40.0442922977031,40.7027135197293,41.3693264375016,41.9884752221445,42.6056934879241,43.2476894573009,43.9282701649981,44.5006225093693,45.132349306354,45.6438095735544,46.5556566627012,47.1624760462192,47.8337461843266,48.4560753433004,49.1189517027079,49.7204695578971,50.2874702006731,50.8689616562196,51.3919045639979
Low & middle income,LMY,"Industry (including construction), value added (% of GDP)",NV.IND.TOTL.ZS,33.7097480484126,33.51524843137,34.0963781240328,34.1585542475935,34.913975863584,35.5073972430419,36.1968990660559,36.0402132643876,36.8322221457874,35.4673358845087,35.8516528485695,36.5257563072822,36.3313592061183,35.5295409045506,34.8600771217825,33.4317754224468,32.6651713183638,33.0521017014172,33.6788827915394,32.6819946652923
Low & middle income,LMY,Trade (% of GDP),NE.TRD.GNFS.ZS,46.7264519149955,46.1513042656398,48.6018196529748,53.1349102411519,58.4606839220844,60.1575888892988,61.0314026039836,59.9129819860006,59.5812275739273,49.7703261441687,52.807225244472,54.6765182665995,53.3648508202226,51.8762669179472,50.2597431615779,46.5474413023969,44.6158101427167,46.0069999758142,48.098708044233,46.0888081297684
Low & middle income,LMY,Renewable energy consumption (% of total final energy consumption),EG.FEC.RNEW.ZS,33.4810769739688,32.8988266476549,32.3075425991313,31.0365511491169,29.0578442903701,27.4864034469091,26.6990960833523,25.5432067962292,25.062293977542,24.7884057872553,23.8188451600042,22.9143611457856,22.7325689012047,22.7411026554498,22.776570833244,22.8201674163747,23.0608461717503,23.0974316930161,23.1935827555534,23.6991235791253
Low & middle income,LMY,Carbon dioxide (CO2) emissions excluding LULUCF per capita (t CO2e/capita),EN.GHG.CO2.PC.CE.AR5,1.9148018893975,1.94260821488635,2.00316780810902,2.15117214211542,2.32252699216168,2.47749480411139,2.62800269162389,2.76952802354935,2.82512583749266,2.8836895265429,3.06478804184006,3.22858714908978,3.30157916179353,3.36904556814608,3.38972433831905,3.32694878975756,3.31567023629624,3.37168056888916,3.45710024779691,3.49008767961443
Low income,LIC,"PM2.5 air pollution, mean annual exposure (micrograms per cubic meter)",EN.ATM.PM25.MC.M3,40.0890596803136,40.0404357648893,39.8645941548597,39.6196597563675,39.3645246354558,39.2531886424936,39.1614079467267,38.919859655853,38.7062956028983,38.6211646556212,38.7153133998071,40.7293755521144,42.8009394105671,40.198254170102,38.8172220373607,44.9279552924564,42.8031041279467,40.7570853499682,40.261494035503,37.0987478676556
Low income,LIC,GDP per capita (current US$),NY.GDP.PCAP.CD,361.877753824032,332.003849693569,358.708085875867,389.594478375983,442.426324281659,520.301355916657,586.100552264911,689.11060676483,799.48401657603,752.635927287489,825.735188857174,869.718827485855,773.887672422173,772.500259604632,794.990235916855,740.889503942237,633.792954627598,634.710788724745,645.846067078285,645.998249720369
Low income,LIC,Population density (people per sq. km of land area),EN.POP.DNST,29.0798469530297,29.8550214763238,30.7351452873754,31.6557638735552,32.504046945888,33.4469575927404,34.4591668334053,35.4852723121333,36.5120470660111,37.5658766544479,38.6374380953418,39.7287894331356,33.3157558620273,34.1555986719539,34.991580246717,35.8607769920239,36.803838760481,37.8129946019888,38.8874991570558,40.0227778795972
Low income,LIC,Urban population (% of total population),SP.URB.TOTL.IN.ZS,29.0741163710835,29.3480454225964,29.5730009258841,29.7799647335216,30.0124353620847,30.2368530237414,30.4859442546021,30.7830667585565,31.0615772670323,31.3326207050571,31.6467020992516,32.0804495525882,32.6854591692447,33.2775752184144,33.6207338641016,33.8598112051753,34.1587699266868,34.5083826756174,34.8905984783002,35.2627989918991
Low income,LIC,"Industry (including construction), value added (% of GDP)",NV.IND.TOTL.ZS,26.5633043248479,26.0609168702954,26.2245316620701,25.937987510514,27.5596392299604,28.7915873047039,30.2272724313232,31.5155774754763,32.0784624323616,29.793184002572,29.9460397378899,31.4539246243597,28.2514569046105,26.9901711350628,27.7789349441702,25.6737537522539,23.3647765011397,23.2855347792811,24.8442340794597,24.3650827680927
Low income,LIC,Trade (% of GDP),NE.TRD.GNFS.ZS,41.0541147884806,38.9259707187691,45.9144027879128,46.5817007948035,48.6063117569923,50.571418588745,50.3964342429412,53.5472553943677,57.722908719797,52.149598245542,54.1509064901303,54.1806322591223,51.9490628118335,52.765486620292,50.8397694755724,45.416564121708,48.5507451991774,51.7746272639688,56.4951992992836,54.4200923809361
Low income,LIC,Renewable energy consumption (% of total final energy consumption),EG.FEC.RNEW.ZS,61.7472285948962,61.3132659784757,62.1967036227779,62.3785906735751,61.8479533478185,60.0200829218299,59.6081079862989,59.7232903956893,58.6028597257133,61.1535452763445,61.1479791078985,64.057369394767,64.7373725804604,68.0536476664991,68.4657267473558,72.025105390618,72.3242852138885,68.0372933002885,67.4936095658543,67.0220084162203
Low income,LIC,Carbon dioxide (CO2) emissions excluding LULUCF per capita (t CO2e/capita),EN.GHG.CO2.PC.CE.AR5,0.504687764943446,0.507854268456275,0.488510710497638,0.493873934354929,0.496478117804336,0.534075615901012,0.542246236463744,0.515891383484692,0.533999081439282,0.519840592193892,0.507232963485166,0.450425179024409,0.409173788984798,0.356156872699827,0.358975250940226,0.310352223158697,0.307513546909518,0.391341509261914,0.384939852779789,0.393224977800755
Lower middle income,LMC,"PM2.5 air pollution, mean annual exposure (micrograms per cubic meter)",EN.ATM.PM25.MC.M3,53.5276716094549,53.656154620578,53.6810784487077,53.5929446603532,53.3901707558806,53.0709994957716,51.958245441813,49.8492334495876,47.4486611383802,45.4535285589369,44.5493221807983,51.4888387081915,59.8273239918503,60.1315368267263,61.3996516325896,61.1144589246858,60.7717815168797,55.0479453244675,55.40241525585,49.5946039090667
Lower middle income,LMC,GDP per capita (current US$),NY.GDP.PCAP.CD,559.072816607956,553.497178396772,573.648227115116,639.329708425508,722.628943297013,817.846092888275,941.244764118773,1131.22988752611,1229.9549188542,1260.98799326347,1491.30888839804,1636.38338498875,1701.13738449151,1769.94084181484,1881.19816238537,1848.28029294397,1895.24399500136,2026.19304074045,2085.0452543512,2228.84805859217
Lower middle income,LMC,Population density (people per sq. km of land area),EN.POP.DNST,113.762443250105,116.058350624155,118.312630487371,120.544470259537,122.807172210757,125.01676326009,127.256300362497,129.544273891552,131.817381787551,134.101394270723,136.423572531615,138.753724323983,141.069100715028,143.358154632001,145.677923271688,147.890413606845,150.116538465077,152.327884395316,154.501586622722,156.644254270395
Lower middle income,LMC,Urban population (% of total population),SP.URB.TOTL.IN.ZS,31.3184251028347,31.6885660020128,32.0863181843124,32.5121911047988,32.9583694853661,33.4205166352963,33.8969514592949,34.3716348772052,34.8481458503007,35.3271226060577,35.7948959086843,36.2446630908034,36.6627181194957,37.095879578515,37.5291505186416,37.9496934088792,38.3536374974923,38.7516843452381,39.1530054045371,39.5561176956246
Lower middle income,LMC,"Industry (including construction), value added (% of GDP)",NV.IND.TOTL.ZS,27.2305436864389,26.5740616237624,26.6690846161658,26.8140231595829,28.0166549067753,28.6565470857367,29.3430520502132,29.3321799589194,29.7440668926836,28.6651694558264,29.1600290426938,29.6341864191484,29.6817032744994,29.0128554302446,28.3681305870149,27.0779673396908,26.4874314601798,27.0648376451481,27.5817654197365,26.6008624424448
Lower middle income,LMC,Trade (% of GDP),NE.TRD.GNFS.ZS,44.9588349232252,44.9716713879827,47.7291823020143,49.4379583192186,55.0403840563812,57.8128998221732,59.4156440128914,60.9735985823102,65.7351719993204,57.1449216406278,57.5712724256981,61.7678641702968,60.7415655800525,58.8560955800176,55.808163451864,51.2354470795111,48.8826073486802,51.424392027321,54.6791911614007,52.2515731349382
Lower middle income,LMC,Renewable energy consumption (% of total final energy consumption),EG.FEC.RNEW.ZS,51.4714744850867,51.191160485301,50.4847570563037,50.3202568577194,49.7447205050725,49.213360964534,48.5726059587471,47.2222569008737,46.0596291718862,45.2119791483787,44.0387953948346,43.2359457667084,43.3296988230086,43.2930444377946,42.3759445048426,41.5090157779437,40.5515766783568,39.843846096,39.7446785945484,40.1472436736453
Lower middle income,LMC,Carbon dioxide (CO2) emissions excluding LULUCF per capita (t CO2e/capita),EN.GHG.CO2.PC.CE.AR5,0.871833449722777,0.879498509449366,0.886785755061765,0.894804802126681,0.9397844243836,0.95983548198153,0.987855998345277,1.03812434236103,1.07598853361845,1.10522629332346,1.15542752731505,1.19831087509912,1.25523285133962,1.2704995481733,1.33542109484192,1.35625895778837,1.38550858664601,1.43823086798927,1.476981843336,1.47756969747791
Luxembourg,LUX,"PM2.5 air pollution, mean annual exposure (micrograms per cubic meter)",EN.ATM.PM25.MC.M3,14.2553412411783,14.0914256061452,13.9364482552271,13.7908891605103,13.6552282940809,13.5299456280254,13.4267295726474,13.343666837051,13.2608348415223,13.1583110063474,13.0161727518124,12.7279864121044,11.3764588719617,11.7081477939315,9.99782870623861,10.3915303158858,9.61318538725802,9.60846654630366,9.29178826573985,8.4591046194554
Luxembourg,LUX,GDP per capita (current US$),NY.GDP.PCAP.CD,48659.5988753233,48440.1420151355,53005.7339209179,65689.3214536911,76544.9170868473,80988.1376230858,90788.8004876145,107475.320297978,120422.137934157,109419.746953106,110885.991378721,119025.057203467,112584.676270958,120000.140729859,123678.702143275,105462.012584423,106899.293549552,110193.213797228,116926.759593905,112696.649059674
Luxembourg,LUX,Population density (people per sq. km of land area),EN.POP.DNST,169.472433053922,171.501984882267,173.30818890175,175.427079853639,177.938286087179,180.681774041935,183.586849281014,186.444147510546,189.806794434561,193.354334501216,196.916246513832,201.342029008025,206.235870823396,211.05785290896,216.091529874226,221.251835336342,226.072263698018,231.635372078028,236.146609386046,240.827591028798
Luxembourg,LUX,Urban population (% of total population),SP.URB.TOTL.IN.ZS,84.4182155177842,84.8173254067976,85.203425653095,85.5906295073034,85.9799097226846,86.3735649102561,86.7738936810355,87.1831946460401,87.6037664162874,88.0379076027949,88.48791681658,88.9562814837254,89.4405768017292,89.9413746679705,90.4577807676859,90.9893679353068,91.5357090052649,92.0963768119916,92.6709441899184,93.2589839734767
Luxembourg,LUX,"Industry (including construction), value added (% of GDP)",NV.IND.TOTL.ZS,16.654678949085,16.3138530501545,16.1080518908929,16.2313623974908,15.4393460205431,14.4661273579401,13.5205791243289,14.4759684439971,12.8051473899025,11.0066049191433,10.997972653402,10.7084382796237,10.4267187903737,10.4429419766443,10.810880633632,11.539623433831,12.0959325625638,10.8183368591649,10.9720784332984,11.6004638626305
Luxembourg,LUX,Trade (% of GDP),NE.TRD.GNFS.ZS,272.412326845348,270.765630443257,250.689198161424,244.977946060528,265.226884855637,284.077476869478,305.879547488526,307.485020085196,292.21348078343,263.532701541684,293.671876906939,308.714453874162,311.786835204686,320.533506316768,333.42885319668,351.13197436149,348.437409376889,353.793991980303,361.865445198667,382.66078058442
Luxembourg,LUX,Renewable energy consumption (% of total final energy consumption),EG.FEC.RNEW.ZS,6.8,3.4,1.3,1.3,1.4,1.9,2.1,3.6,4,3.7,3.7,3.8,4.2,5.7,6.8,9.1,13.5,15.3,16,16.4
Luxembourg,LUX,Carbon dioxide (CO2) emissions excluding LULUCF per capita (t CO2e/capita),EN.GHG.CO2.PC.CE.AR5,20.1714416685767,21.1410452409263,22.4851235501765,23.1479308283329,25.9341402984097,26.0434089062211,25.2671712117333,23.6288862545912,22.9460759234626,21.3143076400761,22.1192102620953,21.3951272024339,20.4689365773544,18.9995583038869,17.6515632218206,16.3436352272807,15.5348496771555,15.408092082316,15.6999753269183,15.63174898105
"Macao SAR, China",MAC,"PM2.5 air pollution, mean annual exposure (micrograms per cubic meter)",EN.ATM.PM25.MC.M3,..,..,..,..,..,..,..,..,..,..,..,..,..,..,..,..,..,..,..,..
"Macao SAR, China",MAC,GDP per capita (current US$),NY.GDP.PCAP.CD,15731.4081633771,15810.7227666562,16814.9926424134,18589.8998330534,23407.1993692194,25681.2167315221,29813.7877167933,35400.2334659409,38888.5118044503,40354.2810293673,52596.2250160214,67046.7284292101,76058.0224963659,87107.8313063626,88355.3181764446,69902.9605741233,68911.6755919628,77570.9876166977,83588.2875009014,81882.6964523869
"Macao SAR, China",MAC,Population density (people per sq. km of land area),EN.POP.DNST,21530,16688.4615384615,16237.037037037,16429.6296296296,16239.2857142857,16910.7142857143,17444.0559440559,17839.0410958904,18517.1232876712,18135.593220339,18080.8080808081,18381.27090301,18993.3110367893,19534.6534653465,20518.1518151815,21148.0263157895,21393.4426229508,21051.9480519481,20027.3556231003,20425.5319148936
"Macao SAR, China",MAC,Urban population (% of total population),SP.URB.TOTL.IN.ZS,99.9957926704194,99.9998984128371,100,100,100,100,100,100,100,100,100,100,100,100,100,100,100,100,100,100
"Macao SAR, China",MAC,"Industry (including construction), value added (% of GDP)",NV.IND.TOTL.ZS,11.4591572093365,9.82000290317898,9.23336710570753,9.54994179630217,8.41746503946968,10.9716162808602,14.1017023207354,13.7844932886133,11.8033195168377,7.31536109805833,4.80806668554439,4.16026426410164,4.03466730800993,3.71772120246942,5.03673043303847,7.71438683122985,6.6362167139086,5.0054002635725,4.09915340392799,4.21771801864083
"Macao SAR, China",MAC,Trade (% of GDP),NE.TRD.GNFS.ZS,147.76978681921,150.023588329221,152.382640999662,150.78839554326,148.903750204961,136.372221937073,128.785689078596,130.670598794717,126.607131209269,113.55459255005,119.938411439898,122.886868700544,123.711349167944,121.375076167887,118.580835443557,119.250436813256,112.890232741859,115.454662557842,116.568676845013,115.23129893555
"Macao SAR, China",MAC,Renewable energy consumption (% of total final energy consumption),EG.FEC.RNEW.ZS,0.2,0.9,1.4,2.4,2.5,2.3,2.8,3.4,4.7,3,5.5,6.4,11.1,16.6,11.4,5.4,5.4,3.9,8.4,8.4
"Macao SAR, China",MAC,Carbon dioxide (CO2) emissions excluding LULUCF per capita (t CO2e/capita),EN.GHG.CO2.PC.CE.AR5,3.38875986994891,3.5946070523162,3.90351277372263,3.95897204688909,4.47503848691445,4.32397043294615,4.07757065544197,3.70071030908044,2.95431847604957,3.16579439252336,3.20335195530726,3.07296215429403,3.06920232435288,3.0667342456496,3.36030239665434,4.29149167833256,4.02436781609195,4.45172732880938,3.22598269843679,3.34419642857143
Madagascar,MDG,"PM2.5 air pollution, mean annual exposure (micrograms per cubic meter)",EN.ATM.PM25.MC.M3,11.9155371328738,12.0787824207825,12.2058972037035,12.3230044849761,12.4562272679398,12.631688555934,12.851012042078,13.11900191265,13.4665519107277,13.9245557793887,14.5239072617107,16.0170178085428,14.7009701749296,15.504951948252,15.00220058015,16.0777176618248,16.138736457425,12.5514997924024,12.7238095692816,12.7945386496097
Madagascar,MDG,GDP per capita (current US$),NY.GDP.PCAP.CD,280.282905559649,319.283278235657,304.941777398445,352.620095849925,272.20074858856,305.812074924388,324.146874882604,419.548001431865,512.579800058444,446.315238370592,450.009391645726,506.163691559309,493.511162904211,515.301589361832,505.684922503435,445.320069480568,453.970714522463,491.866848718929,500.45718552916,499.818837622534
Madagascar,MDG,Population density (people per sq. km of land area),EN.POP.DNST,28.4010351824466,29.2893678852701,30.1783419885133,31.075857206727,31.9954053031606,32.946498951061,33.9287220139629,34.9392698696564,35.9800529628229,37.0521030367644,38.1458541114971,39.2273910913638,40.327672118186,41.4391371605363,42.5650532829151,43.7035097971812,44.8606943966999,46.0439584049502,47.2583808869027,48.5038741835682
Madagascar,MDG,Urban population (% of total population),SP.URB.TOTL.IN.ZS,25.0095755608264,25.3079943968146,25.6037489918904,25.8967668078478,26.1869753064804,26.4743019495822,26.7586741989468,27.0400195163682,27.31826536364,27.5933392025561,27.8651684949103,28.1336807024963,28.3988032871081,28.6604637105393,28.9185894345838,29.1731079210354,29.4239466316878,29.671033028335,29.9181125346909,30.3046972370204
Madagascar,MDG,"Industry (including construction), value added (% of GDP)",NV.IND.TOTL.ZS,..,..,..,..,..,..,..,18.9068307503233,20.4685954426536,18.8332096319198,18.0075205568584,17.8532728101343,17.2760843242701,17.9096138237139,19.2497828687657,18.950884731327,19.4099444668858,20.1123576645922,21.4819574714216,22.445497353094
Madagascar,MDG,Trade (% of GDP),NE.TRD.GNFS.ZS,42.7771226639725,41.0351260923859,50.1816919379298,34.030602917475,48.7753818852156,59.1300849357677,62.1028389370244,66.7027353570049,74.357353960806,62.4116975958196,57.8748945101807,56.4830925951893,52.6517140811255,56.3675817900932,61.9694322111234,61.2203788365078,60.8346984831423,65.3434015072915,67.8415046683582,62.6013230457128
Madagascar,MDG,Renewable energy consumption (% of total final energy consumption),EG.FEC.RNEW.ZS,82.2,84.1,87.2,84.8,84.3,84.9,85.9,86.2,86.4,87.2,86.7,84.5,83.3,81.4,82.2,83.9,83.8,81.9,84.2,82.5
Madagascar,MDG,Carbon dioxide (CO2) emissions excluding LULUCF per capita (t CO2e/capita),EN.GHG.CO2.PC.CE.AR5,0.10257721778278,0.100417197525336,0.0664561698966827,0.0857465979970843,0.0900701514214735,0.093326061823388,0.0868890531095146,0.0887561893464716,0.0893717405600502,0.0824187554067149,0.0887332565790363,0.100533250373538,0.121500587449608,0.126490659824491,0.126540783548996,0.134437411505432,0.124571110322348,0.132624692613867,0.11912379760542,0.142139028845034
Malawi,MWI,"PM2.5 air pollution, mean annual exposure (micrograms per cubic meter)",EN.ATM.PM25.MC.M3,23.0191141072171,23.0077905439554,22.9554559880107,22.8887813812108,22.8344376653838,22.8190957823576,22.88596892288,23.0652506132744,23.3640822987324,23.7896054244456,24.3489614356053,26.3935444962185,26.4999840992823,25.3524122563691,25.9973398435068,25.0076393017599,24.9604610605181,21.2909459360983,21.1973847101807,22.3370229833525
Malawi,MWI,GDP per capita (current US$),NY.GDP.PCAP.CD,224.22415918428,215.474524898357,428.210439838398,383.348596852642,404.674248445428,414.361121984475,440.822149023873,475.180261659331,554.048820396119,625.869729869625,683.124694716799,763.061000394572,558.46208832772,496.947368267313,529.5133440206,539.605363240686,450.506105510719,495.769683367165,533.202567189331,580.889139762475
Malawi,MWI,Population density (people per sq. km of land area),EN.POP.DNST,120.024840899448,122.964128128978,126.012303775986,129.206342808655,132.591610097582,136.19040093339,139.994707254985,144.000243954179,148.243710224862,152.691854051761,157.259896054306,161.911561306746,166.626824352991,171.423589308443,176.299724225711,181.221754348748,186.229730589733,191.341907085278,196.521860415783,201.800509121765
Malawi,MWI,Urban population (% of total population),SP.URB.TOTL.IN.ZS,14.6770603287659,14.780400724713,14.8722487440558,14.9551384691108,15.0316039821946,15.1041793656241,15.1753987017157,15.2477960727861,15.3238029928378,15.4015312766848,15.4776969380518,15.5523153908723,15.6253133040464,15.6966173464742,15.766154187056,15.8338504946918,15.899632938282,15.9634281867266,16.0221486554255,16.1383746619001
Malawi,MWI,"Industry (including construction), value added (% of GDP)",NV.IND.TOTL.ZS,19.0442214399711,17.8929694043274,19.8051602224861,21.1842295520251,18.4439345804436,17.5211453129149,19.2118062737994,21.2991638406833,18.9378891840899,18.0681311857964,17.9317288193438,18.1661996680566,17.7185220797601,17.4239449035616,17.2649267145494,17.556172133103,17.655842210407,17.747962478614,18.3907940135861,18.4990069222553
Malawi,MWI,Trade (% of GDP),NE.TRD.GNFS.ZS,..,..,..,..,..,..,..,..,..,..,..,..,..,..,..,..,..,45.3003137160008,43.578773489,44.1954524635798
Malawi,MWI,Renewable energy consumption (% of total final energy consumption),EG.FEC.RNEW.ZS,82.6,83.1,83.3,82.8,82.4,83.2,82.8,82.2,80.4,80,81.2,80.2,80.2,79.8,82.8,81,78.9,76.9,73.2,70.9
Malawi,MWI,Carbon dioxide (CO2) emissions excluding LULUCF per capita (t CO2e/capita),EN.GHG.CO2.PC.CE.AR5,0.273808402340698,0.273146222506607,0.263500341738185,0.25920295685927,0.251729158048841,0.277904313470894,0.286891869131667,0.300478560389937,0.306502016933238,0.288827537610307,0.302506403583916,0.375983735889801,0.361753852443003,0.310800469452195,0.299117927594907,0.287318193984204,0.279415248170622,0.299783006549716,0.294590681031673,0.294726852321002
Malaysia,MYS,"PM2.5 air pollution, mean annual exposure (micrograms per cubic meter)",EN.ATM.PM25.MC.M3,23.5136706210687,23.3307924792576,23.2129752557118,23.1072146751735,22.9605064623849,22.7198463420882,22.1459745460658,21.1584955616188,19.9427014967672,18.6838844595312,17.5673365579308,16.5543727413676,17.9101382186238,18.7954198873143,17.1052502297433,16.9297330913892,16.3864419259472,14.9450075810201,16.6541753286852,17.8197510834605
Malaysia,MYS,GDP per capita (current US$),NY.GDP.PCAP.CD,4083.52874483605,3943.79943910239,4184.03163773539,4465.32194567208,4939.24851854427,5555.58179951206,6158.40785533236,7168.93031942508,8371.82156086005,7191.43287234626,8899.34505544675,10217.1068585031,10600.5744240026,10713.6407638899,11013.3107334403,9648.6797937523,9476.53409809923,9862.54806612235,10901.8019954421,10920.191763972
Malaysia,MYS,Population density (people per sq. km of land area),EN.POP.DNST,69.9066078222493,71.6071769898037,73.3601491401613,75.1167310911581,76.8734500076092,78.6366489118856,80.4075757114594,82.1743691979912,83.9143478922538,85.6027332217319,87.2189194947497,88.7598204230711,90.2840693958302,91.8407091766854,93.4291188555775,95.0625414700959,96.7575254907929,98.4801217470705,100.170345457312,101.782364936844
Malaysia,MYS,Urban population (% of total population),SP.URB.TOTL.IN.ZS,61.9694564490726,63.0180877676224,64.056368465184,65.0750932867555,66.0647889111941,67.0159820173565,67.9191992840997,68.7649673902807,69.5438130147565,70.2462628363839,70.8625314831025,71.4245166681964,71.9680127926087,72.4882717118078,72.9802206910773,73.4387869957006,73.8588978909614,74.2354806421432,74.5634625145296,74.8377707734042
Malaysia,MYS,"Industry (including construction), value added (% of GDP)",NV.IND.TOTL.ZS,48.3205714911013,46.2026949988513,45.1153796974529,46.5786626994835,48.5303176049683,46.3683224854575,46.5156572562267,44.5959960321039,45.1050654004356,40.9678238412473,40.4989323548818,39.8242687277964,40.1350010090069,39.8853736547897,39.9244244845871,38.4497222119902,37.6832749440922,38.114672270307,38.2914253580498,37.4765336887335
Malaysia,MYS,Trade (% of GDP),NE.TRD.GNFS.ZS,220.406788982074,203.364636010653,199.356232695655,194.195129056831,210.374265897124,203.854644595624,202.577146840398,192.465506357652,176.668324785148,162.558970452699,157.944764886771,154.937684607226,147.841754766013,142.720991464873,138.312231176843,131.37007244526,126.8990100257,133.155173371956,130.402625502126,123.028562027943
Malaysia,MYS,Renewable energy consumption (% of total final energy consumption),EG.FEC.RNEW.ZS,4.4,4.2,3.5,3.3,3.2,3,3.1,2.8,3,2.3,2,2.2,2.5,2.8,3,3.4,4.4,5.2,5.3,5.7
Malaysia,MYS,Carbon dioxide (CO2) emissions excluding LULUCF per capita (t CO2e/capita),EN.GHG.CO2.PC.CE.AR5,5.69323613529471,5.88304152527669,6.08030867532827,6.34316955354466,6.71466646648273,7.01024161142768,7.10605067191351,7.58861945429411,7.83922878075814,7.03693732266971,7.52034773024468,7.48482299197254,7.40984230399317,7.85952532729463,8.18962008151058,8.09596053481984,7.78504411100645,7.35056919281223,7.72644571640815,7.63039929073035
Maldives,MDV,"PM2.5 air pollution, mean annual exposure (micrograms per cubic meter)",EN.ATM.PM25.MC.M3,16.8060479800766,16.5695134612853,16.4279489085745,16.3251633783939,16.2049659271931,16.0111656114217,15.7144891468831,15.3180015217339,14.8140192009535,14.1948586495215,13.4528363324173,12.0739554274487,12.9660175970021,13.2401139246132,11.7258427261492,10.8085614263778,12.3754871852488,11.3333706146388,12.5034619255463,12.3139819141366
Maldives,MDV,GDP per capita (current US$),NY.GDP.PCAP.CD,2213.81235053178,3033.93234507036,3076.07007160101,3548.5767011056,4070.2609459446,3796.51546524644,5018.94335409159,5758.10286933053,6757.43280929292,6734.03165601895,7173.59601844692,7424.520410971,7461.29703686309,8236.08177944126,8939.07416571472,9644.90655028145,9947.80744731739,10509.628805812,11423.2838427029,11740.2724029785
Maldives,MDV,Population density (people per sq. km of land area),EN.POP.DNST,940.063333333333,955.89,972.053333333333,988.303333333333,1004.71,1021.43,1046.17,1081.59666666667,1120.56666666667,1160.91666666667,1202.64,1245.58,1289.39333333333,1333.56666666667,1378.72333333333,1427.18,1477.69333333333,1527.62333333333,1576.99666666667,1625.77
Maldives,MDV,Urban population (% of total population),SP.URB.TOTL.IN.ZS,27.6038586493758,28.5499181889238,29.8881681908815,31.3913356462169,32.8541942827704,34.0715178283824,34.8678636610379,35.4340781469745,35.9335121678807,36.3718272129661,36.7646137762553,37.1274623517731,37.475963433544,37.8257075155926,38.1938859868107,38.5771510715291,38.9560872317815,39.32787719143,39.6923354428279,40.0492764783282
Maldives,MDV,"Industry (including construction), value added (% of GDP)",NV.IND.TOTL.ZS,..,..,..,12.3754592426367,11.0588124850619,11.7319295235534,9.51763413160835,8.74551358978161,11.4493071607222,9.62024682960619,9.43175572799709,10.0744820731282,9.79079163285008,8.05840300458009,8.41391069150311,10.7232265324627,11.2741492118251,11.4251984418663,13.0536487636968,11.942543801854
Maldives,MDV,Trade (% of GDP),NE.TRD.GNFS.ZS,..,..,..,..,..,..,..,..,..,..,..,..,..,..,165.97925116043,143.720506661302,144.380212278942,141.912110574952,142.491128546618,137.125230875185
Maldives,MDV,Renewable energy consumption (% of total final energy consumption),EG.FEC.RNEW.ZS,2.3,2.3,1.8,2.2,1.7,2,1.6,1.5,1.5,1.5,1.4,1.3,1.2,1.3,1.2,1.5,1.2,1.3,1.3,1.3
Maldives,MDV,Carbon dioxide (CO2) emissions excluding LULUCF per capita (t CO2e/capita),EN.GHG.CO2.PC.CE.AR5,2.22609114988706,1.93432298695457,2.30474322396576,1.94778256338304,2.45145365329299,2.23477542921851,2.66527747243119,2.70587618921409,2.84350179968468,2.82592778694997,2.92051930198009,3.06229494158009,3.72836837996164,4.05254080535906,5.30224821513622,3.7098800898742,3.91172728667202,3.50893653976657,2.93025349873916,3.10683553024106
Mali,MLI,"PM2.5 air pollution, mean annual exposure (micrograms per cubic meter)",EN.ATM.PM25.MC.M3,65.0230304328187,64.8105474469184,64.3025189380275,63.6958519756611,63.1874536293344,62.9742309685626,63.4675247606838,64.6438551699259,66.0478983611385,67.2243304991712,67.7178277488734,62.4509373481651,69.8937111183001,51.3368303515499,56.4785819386307,74.1479908356132,66.1872302945193,66.774344334826,63.6849309047317,57.3904374306355
Mali,MLI,GDP per capita (current US$),NY.GDP.PCAP.CD,304.652870194271,346.224554251022,378.191678628285,441.910358475095,495.006294680645,548.730382842725,586.985415515264,670.853394973479,767.19483895009,787.482564287398,797.151541135109,938.292902583696,872.506092465564,901.920957644831,947.915033288325,838.11986940103,872.468587171653,924.057531692284,996.379292136901,971.949318638092
Mali,MLI,Population density (people per sq. km of land area),EN.POP.DNST,9.47335251067457,9.76254353830141,10.0706037584311,10.3958850670797,10.7380071956007,11.0955236479565,11.4655414320721,11.8487899425499,12.2446356714938,12.6501110482794,13.0677992771618,13.497118481548,13.8970430834542,14.3089313959301,14.7684106573566,15.2378088658324,15.7281152935199,16.2376441373884,16.7531531974529,17.2664953818668
Mali,MLI,Urban population (% of total population),SP.URB.TOTL.IN.ZS,18.977631037325,19.3181950112665,19.6792980362731,20.0594231247985,20.4570532892964,20.8706715422205,21.2987608960246,21.7398043631622,22.1922849560871,22.6557955217884,23.1359461824894,23.6379674039304,24.1606168848588,24.7033626854883,25.2656728660325,25.847015486705,26.4468586077195,27.0646702892896,27.6999185916288,28.3520715749509
Mali,MLI,"Industry (including construction), value added (% of GDP)",NV.IND.TOTL.ZS,16.1980631418107,18.1624782025305,18.7136583189126,18.5180716381273,16.8551885175856,20.6177348469944,24.1071894414728,22.8987343041739,22.9179833333908,24.1177890486017,23.77623896597,23.9979253880521,23.4100351460877,22.6884096448375,24.0582958024424,22.3555320283093,21.8908239361417,22.1743386291663,23.2080317204235,23.0829741121544
Mali,MLI,Trade (% of GDP),NE.TRD.GNFS.ZS,44.6657609790519,49.3239069915403,46.3529227419891,46.8915346664625,44.0120986422566,44.9124085077551,49.0190773449704,46.8977916240376,53.6430193090625,40.5413815805662,48.8166953660615,43.1814699132908,49.4252356223808,54.6032439863007,51.078682187569,53.5751760102265,53.6126193604252,49.4919984941972,50.6998462523276,53.9987132798636
Mali,MLI,Renewable energy consumption (% of total final energy consumption),EG.FEC.RNEW.ZS,83.5,82.1,83.6,85.8,81.5,82.3,81.7,78.9,75,78.7,84,83.6,81.2,84.8,84.6,81.2,77.9,77,77.2,74.9
Mali,MLI,Carbon dioxide (CO2) emissions excluding LULUCF per capita (t CO2e/capita),EN.GHG.CO2.PC.CE.AR5,0.0688623609235515,0.069953739700229,0.0710527707813689,0.0707058085740154,0.0697657965035285,0.0697854076555803,0.0811071283852147,0.0935206143407267,0.10451260181696,0.130044049644136,0.124608048140889,0.131495145833861,0.133938525684299,0.157002316488651,0.16153478747013,0.189920713265439,0.238623888160926,0.260490442366382,0.28284862119858,0.290188080208255
Malta,MLT,"PM2.5 air pollution, mean annual exposure (micrograms per cubic meter)",EN.ATM.PM25.MC.M3,17.5416711633875,17.3739401649506,17.1607690400214,16.9496741589384,16.7881718920403,16.7237786096657,16.7590769231956,16.8432498246899,16.9437142555058,17.0278871570001,17.06318547053,16.1027075945735,14.106355803411,13.3766872999129,13.4804864315632,13.6814730924333,12.5325633579629,12.9026022733936,13.1132959646537,12.5909175285117
Malta,MLT,GDP per capita (current US$),NY.GDP.PCAP.CD,10348.4858902403,10357.7025891731,11251.2025296416,13593.9787155682,15212.1313438497,15831.344048672,16653.6036929688,19444.1741958382,22315.3104212988,21176.3218262672,21946.6069636029,23516.9691234302,22878.3130866521,25415.5566867731,27424.5765646694,25529.6813337717,26459.0770929988,30317.2443175543,33382.2677499267,32421.9179752262
Malta,MLT,Population density (people per sq. km of land area),EN.POP.DNST,1219.021875,1228.2125,1237.403125,1245.56875,1253.9625,1261.98125,1266.5875,1271.0125,1279.309375,1288.990625,1295.3375,1300.8375,1312.5875,1327.53125,1354.628125,1388.1875,1420.328125,1459.70625,1512.196875,1574.725
Malta,MLT,Urban population (% of total population),SP.URB.TOTL.IN.ZS,93.278338811526,93.3621924014528,93.4431095912187,93.5241031580205,93.6081858790552,93.6985189936163,93.7986874969541,93.9118231189546,94.0294765354989,94.1423744490362,94.2412435620154,94.3155916422812,94.3626256493653,94.3906567856206,94.412512773898,94.4387696268011,94.4800033569336,94.5691806330314,94.7242373261706,94.9332032524644
Malta,MLT,"Industry (including construction), value added (% of GDP)",NV.IND.TOTL.ZS,26.9968304762484,23.8499003619495,24.7692491976741,24.5358927804974,22.2283553941103,20.7396104779478,19.8027408604861,18.5084345096825,19.3020953869214,17.6546616448497,17.444614846917,16.4455470187534,15.0753253659227,14.5596005126626,13.0760489285081,12.0894145378063,12.27883734522,11.4557590803113,11.5164039502955,12.0663263039942
Malta,MLT,Trade (% of GDP),NE.TRD.GNFS.ZS,189.601219315487,161.325360314794,162.524076154238,154.574161735034,155.889918335599,157.548497842721,182.434055594702,184.831334251527,185.749523785473,163.556848449111,178.232955302139,192.027341380783,199.213865142839,187.432252850045,181.301127112959,207.196019855244,213.359473242677,213.047591025756,228.098550737111,233.070441910537
Malta,MLT,Renewable energy consumption (% of total final energy consumption),EG.FEC.RNEW.ZS,0,0,0.1,0.1,0.1,0.1,0.2,0.2,0.2,0.3,1.2,2,2.7,3.2,4.5,6,9.2,7.3,7.6,7.4
Malta,MLT,Carbon dioxide (CO2) emissions excluding LULUCF per capita (t CO2e/capita),EN.GHG.CO2.PC.CE.AR5,5.47313804356464,6.3478937887377,5.86965141210549,6.55699454566438,6.49665560174248,6.52471064843475,6.56142982620624,6.69594122795803,6.675232486278,6.10579498978125,6.25971030715933,6.20225431693044,6.48623425104993,5.60886043172242,5.4659835148484,3.76435099725361,3.00436738869759,3.33585952653145,3.23907890630974,3.32002413119751
Marshall Islands,MHL,"PM2.5 air pollution, mean annual exposure (micrograms per cubic meter)",EN.ATM.PM25.MC.M3,11.920417492921,11.9175547952393,11.864311787664,11.7796777907771,11.6826421251605,11.5921941113958,11.5073802507863,11.4137679941335,11.3101280862676,11.1952312720186,11.0678482962163,10.8904925373821,10.7837985370275,10.7702518000594,10.5406282383918,10.2729137216564,10.3445553141009,10.3834288658063,10.5429075377745,10.8031103210849
Marshall Islands,MHL,GDP per capita (current US$),NY.GDP.PCAP.CD,2264.79114897645,2394.34501105178,2566.06708799222,2539.3307383954,2566.08291015814,2658.65217893885,2754.26988767503,2892.28403958874,2817.60522775322,2906.63026970914,3095.45768964722,3319.39815439151,3514.26515490383,3677.90690791421,3735.23977829545,3764.34426229508,4229.80988911945,4592.83457628576,4858.12079054875,5292.33985502306
Marshall Islands,MHL,Population density (people per sq. km of land area),EN.POP.DNST,281.7,284.016666666667,285.694444444444,286.883333333333,287.727777777778,288.366666666667,288.844444444444,289.083333333333,289.055555555556,288.994444444444,289.133333333333,288.372222222222,285.661111111111,281.561111111111,276.644444444444,271.111111111111,265.05,258.494444444444,251.583333333333,244.483333333333
Marshall Islands,MHL,Urban population (% of total population),SP.URB.TOTL.IN.ZS,68.2755984422337,68.6170787509313,69.0380806209326,69.5231265029735,70.0567388477898,70.6234401061174,71.2077527286922,71.7941991662501,72.3673018695269,72.9115832892586,73.4115658761809,73.8553711172585,74.2705132518924,74.6790601806083,75.0790555372177,75.4702568207363,75.8524215301796,76.2253071645634,76.5886712229035,76.9422712042154
Marshall Islands,MHL,"Industry (including construction), value added (% of GDP)",NV.IND.TOTL.ZS,12.7373659530558,10.6228366069992,14.757199151258,11.6742737086141,10.3000752445448,8.12275362318841,11.3769553072626,13.2601993355482,12.7225102319236,13.628373015873,14.622905027933,13.5373766686013,13.3474266740454,13.8843347639485,14.5738172043011,11.298856831791,15.2969772051536,13.0123069723912,12.1986818181818,14.4171747531129
Marshall Islands,MHL,Trade (% of GDP),NE.TRD.GNFS.ZS,130.083116724792,118.734360460794,102.320551682328,117.024674269896,114.023100075245,124.701014492754,112.408519553073,114.527707641196,122.046793997271,128.862235449735,144.804965859714,153.240162507255,157.517100166021,161.91974248927,149.853494623656,138.489820359281,116.326362735382,125.145250350959,128.482272727273,153.007728638901
Marshall Islands,MHL,Renewable energy consumption (% of total final energy consumption),EG.FEC.RNEW.ZS,19.6,19.1,18.6,18.6,18.4,18.4,17,15.2,14.8,14,13.7,12.3,12,12.4,12.2,11.7,12.1,12,12,12.1
Marshall Islands,MHL,Carbon dioxide (CO2) emissions excluding LULUCF per capita (t CO2e/capita),EN.GHG.CO2.PC.CE.AR5,0.00197215319686033,0.0019560667409972,0.00194457948468644,0.00193652084664691,0.00193083740418219,0.00192655954995569,0.00192337282658871,0.00192178341500913,0.00192196809532962,0.0019223745170034,0.00192145107985551,0.00192652243435375,0.00194480639452343,0.00197312602355912,0.0020081934291911,0.00204918032786885,0.00209604057934562,0.00214919727481786,0.0022082367229767,0.00227236575999273
Mauritania,MRT,"PM2.5 air pollution, mean annual exposure (micrograms per cubic meter)",EN.ATM.PM25.MC.M3,85.1001098665338,83.7808052873624,80.6329327897663,76.8650180022067,73.685586553145,72.3031640710423,72.3062769506067,72.4345808297417,72.6232952017021,72.8076395597426,72.922833397118,72.9883129496202,83.0360920761507,64.5065697786296,64.1516470310952,83.0276343912381,76.5480652857383,79.9744180761698,75.8344786877967,72.1994109024446
Mauritania,MRT,GDP per capita (current US$),NY.GDP.PCAP.CD,680.911061879778,651.817840199777,648.879643934862,732.017820812675,823.554457141893,998.96583416747,1300.60367988659,1405.15016203368,1635.5630623124,1435.43010811893,1659.96369705455,1931.19975525465,1859.11733247641,1934.24103064714,1713.00865264234,1554.94897871782,1565.76575722696,1615.00401327323,1722.93528854073,1767.072710621
Mauritania,MRT,Population density (people per sq. km of land area),EN.POP.DNST,2.53559813718832,2.59897157271757,2.65708256524692,2.71858542737945,2.78321917143689,2.85151741534879,2.92389638110022,3.00093043562627,3.08845347821869,3.18661880275541,3.28996313185214,3.39847773357912,3.511238963811,3.62308916270496,3.7338837683128,3.84783060056272,3.96493354031241,4.08518482584651,4.20848452508004,4.33463471427185
Mauritania,MRT,Urban population (% of total population),SP.URB.TOTL.IN.ZS,38.0555858542174,38.1070763150421,38.3900378438208,38.8866922319919,39.5685575664461,40.407151934074,41.3739934217664,42.4406001164139,43.5784901049073,44.7591814741371,45.9541923109942,47.1350407023691,48.2732447351525,49.3553973225913,50.4694791226856,51.6680350049622,52.9185627319946,54.1970448502004,55.1305077000081,56.0596215779146
Mauritania,MRT,"Industry (including construction), value added (% of GDP)",NV.IND.TOTL.ZS,29.9518502588297,29.0361452374828,28.4202988789773,26.7345509917915,27.5321174229442,33.1903258148872,43.8696653715372,37.0052476945385,36.4890884436152,32.7544134822838,38.1929057828319,44.107903772358,37.4741781393169,38.6097701314865,28.4373706611028,22.7465105988095,25.2197600424352,23.7456292323677,23.6350387192204,28.5984350915107
Mauritania,MRT,Trade (% of GDP),NE.TRD.GNFS.ZS,58.9403747670668,60.7012124604715,56.7855296001806,55.3180243332438,75.2188046787959,88.2350995596491,82.7885012130323,86.0640556779132,94.1202110004251,82.0086176018151,93.4207451334608,98.485329604158,110.788122743421,102.398824183169,91.610371363604,77.3467864944966,73.1532616736712,78.8149801833884,89.1467294935148,93.4866941351317
Mauritania,MRT,Renewable energy consumption (% of total final energy consumption),EG.FEC.RNEW.ZS,44.4,44.2,42.1,40.2,38.6,38.8,39.1,35.6,35.8,33.4,34,33.3,31.9,35.1,31,28.3,31.7,25.5,21.6,21.2
Mauritania,MRT,Carbon dioxide (CO2) emissions excluding LULUCF per capita (t CO2e/capita),EN.GHG.CO2.PC.CE.AR5,0.404906787641274,0.436955904970957,0.474576023632038,0.486430272736422,0.518255187780793,0.523398815743406,0.560912644425715,0.608071168380558,0.660578794943186,0.638554789115249,0.621327557199794,0.646623526076628,0.698114469220239,0.620006116243983,0.697074247358851,0.695166036764374,0.642260899312078,0.90462166912079,1.02255004685679,1.00413903504884
Mauritius,MUS,"PM2.5 air pollution, mean annual exposure (micrograms per cubic meter)",EN.ATM.PM25.MC.M3,9.31039577146635,9.56066660623812,10.0484613474665,10.6053806231737,11.0630250613817,11.2529952901128,11.077573370866,10.6524254237964,10.1292281649105,9.65965831021468,9.39539257571533,9.3272356948409,9.10271819827775,9.57883414266686,9.44659217541541,9.13027374403697,8.98829540881102,8.99594985085889,9.64568180967703,9.27666690706869
Mauritius,MUS,GDP per capita (current US$),NY.GDP.PCAP.CD,3981.98343249582,3908.55694927435,4073.06053055903,4858.26575549747,5460.60800184198,5354.02974260642,5784.22491883026,6677.34962448608,8140.50808595895,7426.88645617593,8113.17670740212,9324.24232310496,9421.52514098225,9877.13865958834,10490.3315563853,9630.5437837507,10095.1225574156,10986.7034093005,11818.7480619272,11568.2533399824
Mauritius,MUS,Population density (people per sq. km of land area),EN.POP.DNST,584.666502463054,589.303940886699,593.409359605911,597.71921182266,601.479310344828,605.051231527094,607.879802955665,610.655172413793,612.867487684729,614.497044334975,615.960591133005,627.142714071107,628.884326489735,630.409113670506,631.551326990486,632.388082123185,632.822734101152,633.393590385578,633.739108662994,633.943415122684
Mauritius,MUS,Urban population (% of total population),SP.URB.TOTL.IN.ZS,42.063123063288,41.8827214180181,41.6986829938864,41.5127065251754,41.3265540022042,41.1419874152917,40.9607687547567,40.7846600109183,40.6154231740954,40.4548202346069,40.3046131827718,40.1665923228716,40.0369511615085,39.9108848558771,39.7887571971735,39.6709610617726,39.5578893260494,39.4499348663789,39.3474905591359,39.2509492806955
Mauritius,MUS,"Industry (including construction), value added (% of GDP)",NV.IND.TOTL.ZS,25.640266746151,26.3874036179347,25.6239987275773,24.9152577893048,24.0862009085375,23.0539698198427,21.9955550253399,22.1985593969066,23.0209186435502,23.007713818678,22.1595330116331,21.3051130600799,20.6501837940607,20.0954005013634,19.4849175221344,18.9486991254014,18.3463010991725,17.5282666855876,17.3385214007782,16.6696822824233
Mauritius,MUS,Trade (% of GDP),NE.TRD.GNFS.ZS,120.687648773646,128.05457898019,118.230470380251,108.655579313428,107.027698267505,121.608743996836,124.782280192468,118.624058148821,113.492663899724,102.458019804655,111.508202075575,115.552473002804,117.447639083027,136.552117959236,135.099064765426,133.135069083677,126.310008998042,126.964059884888,123.538984386544,127.940899064133
Mauritius,MUS,Renewable energy consumption (% of total final energy consumption),EG.FEC.RNEW.ZS,20.4,20.1,17.9,18.9,19.1,17.6,16.4,15.7,12.7,12.8,12.8,12,11.4,11.4,10.6,11.5,10.3,9.4,9.2,8.9
Mauritius,MUS,Carbon dioxide (CO2) emissions excluding LULUCF per capita (t CO2e/capita),EN.GHG.CO2.PC.CE.AR5,2.05860273171603,2.15968241734634,2.18923628261503,2.27589276148248,2.28082977683101,2.42563834516313,2.69231018577046,2.75428958640885,2.80350544681747,2.75622901183154,2.93961932181702,2.9195850540241,2.98093292204204,3.06387900172131,3.16403004104002,3.16000186874594,3.21654571682465,3.32606786218848,3.29636205462015,3.32168232640987
Mexico,MEX,"PM2.5 air pollution, mean annual exposure (micrograms per cubic meter)",EN.ATM.PM25.MC.M3,30.8563115445805,29.9444098873823,28.3754133915972,26.5162170155356,24.7337157175082,23.3948044558255,22.3696630456356,21.363754834612,20.4969000798536,19.8889190384594,19.6596319675283,22.4736336205905,20.1560213023659,20.8739317391487,19.667850241261,19.4864853369113,18.8449182383899,18.3002285485373,16.652186272493,14.7051077997851
Mexico,MEX,GDP per capita (current US$),NY.GDP.PCAP.CD,7524.0271380091,7952.76479510706,7983.03398381759,7434.0746485155,7849.66759649565,8671.75891885163,9512.63575346699,10134.3327138119,10523.7685403244,8423.56933214711,9728.80078377082,10664.4944032313,10744.1335242686,11216.8008505428,11391.3773497683,10021.2386118827,9097.92397674769,9649.27816772402,10084.7937562021,10369.5553585271
Mexico,MEX,Population density (people per sq. km of land area),EN.POP.DNST,50.734613544587,51.4926304688907,52.2382900794774,52.9738496360503,53.7020658967566,54.4311859872939,55.1730579490213,55.9553280691376,56.7783574680419,57.6145070603668,58.4500090022892,59.2831626327838,60.0932163893104,60.8778893490059,61.6190030607783,62.2815946912215,62.8881149206513,63.4790282671879,64.0827752771419,64.6945559299365
Mexico,MEX,Urban population (% of total population),SP.URB.TOTL.IN.ZS,74.9203113970256,75.2907557567987,75.6840752828994,76.046170340551,76.3274397419019,76.4748624380269,76.4982455683657,76.5047326234761,76.5090428271033,76.5143930040295,76.5244441414713,76.5667802279537,76.6585199140734,76.7955768077952,76.9741367091766,77.1903854182753,77.4405087351486,77.7206924598541,78.0271223924494,78.355984332992
Mexico,MEX,"Industry (including construction), value added (% of GDP)",NV.IND.TOTL.ZS,34.3868003217864,33.3084037583111,32.864500489183,31.5006616862482,33.0062868258443,33.0531376314209,34.3856666700872,34.0245019473839,34.8480623925215,31.9993138894743,32.539487048306,33.8231022149217,34.0963424723894,32.1682751258816,31.9175541331636,30.8402536092133,30.6167913981452,31.9586846731805,32.0438654533728,31.8382961395485
Mexico,MEX,Trade (% of GDP),NE.TRD.GNFS.ZS,49.9104091872497,44.7401090123173,45.209829259652,48.700416880838,52.0406200335632,52.5626446517886,54.4821160886169,55.2585243944498,56.3652818862573,54.5917421313503,59.2733845293851,62.1623872764498,64.2579318900113,62.6916747735807,64.0984090351215,70.412974676264,75.6903034088551,76.9521260407254,80.2126616568975,77.4619722571128
Mexico,MEX,Renewable energy consumption (% of total final energy consumption),EG.FEC.RNEW.ZS,12.2,11.3,10.7,10.2,10.2,10.3,9.8,9.5,9.8,9.2,9.4,9.1,9,9.2,9.8,9.2,9.2,10.1,10.3,10.3
Mexico,MEX,Carbon dioxide (CO2) emissions excluding LULUCF per capita (t CO2e/capita),EN.GHG.CO2.PC.CE.AR5,4.02272121123337,3.94395058441036,3.94830756150866,4.08541432161845,4.12339368005276,4.22758379844974,4.32571227914951,4.32899168517287,4.27910076303278,4.12122098054155,4.19755809286418,4.22179978144365,4.33350424276325,4.17443117084187,4.01481960973153,4.05069677949307,4.06104469144067,4.05743329599921,3.83831705872518,3.92542377851696
"Micronesia, Fed. Sts.",FSM,"PM2.5 air pollution, mean annual exposure (micrograms per cubic meter)",EN.ATM.PM25.MC.M3,13.1776879259206,13.1352253989359,13.0165108072134,12.8594908500646,12.7021122268013,12.5823216367352,12.4961684556602,12.4114326736007,12.3236569112145,12.2283837891594,12.1211559280932,11.9522660960834,12.0131027547751,12.226250863364,11.7605972452111,12.6065611670905,11.5649676332846,11.4423848946993,12.0885596987462,12.3358791142647
"Micronesia, Fed. Sts.",FSM,GDP per capita (current US$),NY.GDP.PCAP.CD,2049.3453246655,2103.74859460914,2113.45987332485,2145.87755337517,2104.42804750084,2207.16844533875,2244.97227274486,2293.51341684075,2369.50811741318,2544.11114550961,2702.61165204772,2848.70077003105,2992.28916099077,2893.13437410825,2896.73082002714,2853.07643587028,2979.60119184048,3279.10779039285,3566.58690371125,3572.65918282222
"Micronesia, Fed. Sts.",FSM,Population density (people per sq. km of land area),EN.POP.DNST,160.062857142857,160.521428571429,160.64,160.407142857143,159.892857142857,159.16,158.184285714286,156.971428571429,155.622857142857,154.224285714286,153.628571428571,153.854285714286,154.128571428571,154.458571428571,154.851428571429,155.308571428571,155.821428571429,156.401428571429,157.012857142857,157.545714285714
"Micronesia, Fed. Sts.",FSM,Urban population (% of total population),SP.URB.TOTL.IN.ZS,22.3299999237061,22.3299999237061,22.3299999237061,22.3299999237061,22.3299999237061,22.3299999237061,22.3275140420008,22.3208324539882,22.3111192453232,22.2995385016606,22.2903529875138,22.2914664135472,22.2942568788425,22.2986323961146,22.3046193122479,22.3122336099411,22.3214896137555,22.332401189542,22.3449820355433,22.359245777081
"Micronesia, Fed. Sts.",FSM,"Industry (including construction), value added (% of GDP)",NV.IND.TOTL.ZS,8.15549372131414,8.25104962102604,6.74632502481315,6.61403182368963,6.04940283740864,5.16568492454759,3.95459186837864,3.0467472277909,3.65725106032344,6.81964467996625,7.21926182402666,8.13791504448747,8.32839320983445,7.29917863503109,5.97589617420489,6.05754807047787,6.04695384615385,5.42941504178273,4.86645408163265,4.81791878172589
"Micronesia, Fed. Sts.",FSM,Trade (% of GDP),NE.TRD.GNFS.ZS,91.8922118499105,97.2977821855715,91.7298643988442,96.7006160347744,95.5259430197585,94.3453577773088,97.351580508194,100.789149581242,111.186554275186,111.048565106106,108.037859484793,108.539986244713,113.059773722122,114.766672350061,107.645357374787,107.681127672467,102.769230769231,103.342618384401,103.571428571429,95.6852791878173
"Micronesia, Fed. Sts.",FSM,Renewable energy consumption (% of total final energy consumption),EG.FEC.RNEW.ZS,1.3,1.4,1.6,0.9,1,1.4,1.4,1.2,1.4,1.1,2,1.6,1.4,1.4,1.5,1.7,1.9,1.7,2,2
"Micronesia, Fed. Sts.",FSM,Carbon dioxide (CO2) emissions excluding LULUCF per capita (t CO2e/capita),EN.GHG.CO2.PC.CE.AR5,0.00178501303059512,0.0017799136741868,0.00177859988616961,0.00178118181413368,0.00178691087781997,0.00179513876422647,0.00180621156156021,0.0018201674554059,0.00183594036865683,0.0018525894569134,0.00185977310768086,0.00185704469906591,0.00185373992028918,0.0018497794138049,0.00184508653455847,0.0018396556164686,0.00183360073344029,0.00182680099743334,0.00181968719577105,0.0018135325801128
"Middle East, North Africa, Afghanistan & Pakistan",MEA,"PM2.5 air pollution, mean annual exposure (micrograms per cubic meter)",EN.ATM.PM25.MC.M3,47.4712130697024,47.5636457765126,47.6385901373556,47.6865323005042,47.6948545299371,47.712243079501,47.5790554335413,47.2174513635374,46.8091184285522,46.5038925692801,46.4225143127245,47.6722824759059,51.9448313519894,53.5618986977738,52.4164260276691,53.4997565186542,51.6291694822837,48.6324222751108,50.5448634555908,46.1568632964845
"Middle East, North Africa, Afghanistan & Pakistan",MEA,GDP per capita (current US$),NY.GDP.PCAP.CD,2220.38439290516,2153.19332542263,2092.42427637017,2279.51886072397,2624.1893550003,3050.86086272731,3482.47657906214,4010.05228061244,4834.32204392542,4256.64048356928,4867.92943497015,5731.46333788345,6048.09249990772,5866.59647635813,5810.23874019206,5125.68064083245,5126.05331639032,5279.47951180077,5545.88899607591,5412.42875673528
"Middle East, North Africa, Afghanistan & Pakistan",MEA,Population density (people per sq. km of land area),EN.POP.DNST,39.1205813574758,40.0398325290766,40.9659534553527,41.9267484532594,42.9345571290448,43.972037001608,45.0539715429544,46.1484567476675,47.2595728449152,48.402001856602,49.4062557722331,50.5310468130288,51.6553996438614,52.7782720181475,53.8266969644997,54.8954519831127,55.9068416627011,56.8731349878273,57.7809296801308,58.7580654693081
"Middle East, North Africa, Afghanistan & Pakistan",MEA,Urban population (% of total population),SP.URB.TOTL.IN.ZS,48.6994220205845,49.0163705355735,49.2729068924264,49.5183573887709,49.8079884517661,50.1043079184128,50.3795976913063,50.6801329870905,50.9861350256982,51.2777903563857,51.496551443161,51.8428269722488,52.3441905145837,52.9394246896376,53.3224917392575,53.6392632351358,53.9026375690062,54.0927613956461,54.2444653262482,54.4404080887212
"Middle East, North Africa, Afghanistan & Pakistan",MEA,"Industry (including construction), value added (% of GDP)",NV.IND.TOTL.ZS,42.8378554915101,40.6400119622749,41.4965899749683,42.0021856628067,44.1902602531211,47.7827040390114,48.776458168486,48.0512082550429,50.1108086225645,43.1418808876687,45.309618511398,48.0407699153577,48.1103257496345,46.5599170719262,44.2269317444417,36.2493554387456,34.3461503663222,36.1431563051859,39.1623339459004,37.5232191218194
"Middle East, North Africa, Afghanistan & Pakistan",MEA,Trade (% of GDP),NE.TRD.GNFS.ZS,64.9460012805072,66.2309519272174,67.5082019999665,72.957307733371,76.8490757974244,80.824896646678,81.2084417530384,83.7194262715484,86.2832310542889,78.609375718454,76.4082918356658,78.6245304630986,80.1817462636247,79.1645981599337,77.1252070547462,72.5138872320369,68.2010695230567,71.0100716035023,73.2048624270573,71.4931636064041
"Middle East, North Africa, Afghanistan & Pakistan",MEA,Renewable energy consumption (% of total final energy consumption),EG.FEC.RNEW.ZS,9.38184318723493,9.24963116469611,9.18439815609769,9.25438557193234,9.16325173786826,9.03795942767874,8.66259508825461,8.16463294723801,7.81608678497236,7.6902671973751,7.59280845232692,7.43634228145233,7.19138786591317,7.23035612797874,7.07122180407551,7.08007314623562,7.10925108984167,7.14927454903901,7.30858693459966,7.59670819188084
"Middle East, North Africa, Afghanistan & Pakistan",MEA,Carbon dioxide (CO2) emissions excluding LULUCF per capita (t CO2e/capita),EN.GHG.CO2.PC.CE.AR5,3.08301437280586,3.16208828055599,3.19317825059483,3.2333311302443,3.35098764844418,3.48365939784946,3.59967608731182,3.69488439152568,3.80095748431961,3.83554581167641,3.91183016985876,3.91666504663019,4.03363336593308,4.02453545319464,4.08899502911255,4.07358261929456,4.07369056806919,4.1098953305679,4.00141667341802,4.0292139840215
"Middle East, North Africa, Afghanistan & Pakistan (excluding high income)",MNA,"PM2.5 air pollution, mean annual exposure (micrograms per cubic meter)",EN.ATM.PM25.MC.M3,47.4334011154006,47.4731274197685,47.4900973306885,47.4814029161192,47.4410440964424,47.4243627383118,47.2592715796661,46.8607000548747,46.4238204434836,46.0967663203751,46.0280401369772,47.1581437556409,51.5491620100331,53.46512627953,53.0878679669111,53.2102621908258,51.782618938572,48.3654595914956,50.2268614948156,45.8432295861506
"Middle East, North Africa, Afghanistan & Pakistan (excluding high income)",MNA,GDP per capita (current US$),NY.GDP.PCAP.CD,1247.47238123443,1226.50991412098,1168.28204981285,1263.87606211705,1463.04148806759,1657.11024431574,1883.1206783718,2237.26188319836,2652.79039146265,2510.74762666028,2816.19347268465,3232.55085445141,3412.57302470262,3148.36412420635,3073.79994256301,2802.63134980954,2863.14057781135,2859.85560174494,2809.30894215325,2695.63342343005
"Middle East, North Africa, Afghanistan & Pakistan (excluding high income)",MNA,Population density (people per sq. km of land area),EN.POP.DNST,45.9896913197014,47.007183037732,48.0319970597146,49.1005741611585,50.2261467352218,51.3806494391487,52.5641919558156,53.7243409348052,54.9008576613877,56.142268888359,57.3701971008675,58.5873598896704,59.7718279995111,60.9240087486355,62.058006211722,63.1299804385823,64.1718148657434,65.2984288331834,66.4596824458768,67.6570070470602
"Middle East, North Africa, Afghanistan & Pakistan (excluding high income)",MNA,Urban population (% of total population),SP.URB.TOTL.IN.ZS,46.3147883353373,46.5949768183905,46.8109363292773,47.0179434083517,47.2746226620702,47.5319300484683,47.7512660052196,47.9731071044676,48.2030779120363,48.4373440390892,48.6902296244778,49.0044547569398,49.4690950778976,50.0190261281607,50.3756426552581,50.6192148296493,50.8273618824722,51.0212891329828,51.2278326304515,51.461592912125
"Middle East, North Africa, Afghanistan & Pakistan (excluding high income)",MNA,"Industry (including construction), value added (% of GDP)",NV.IND.TOTL.ZS,36.506271147006,33.9296589640426,35.5154008192517,35.2152499664483,37.4615738383893,40.2443835376724,41.4378187519135,41.5033498310961,43.1240013043589,37.3369690541786,39.3681076948287,40.2322526617415,39.9919773744069,38.5972231429408,36.2188792541686,30.6684930219756,29.7247861129753,31.4315783540291,32.8947813061568,32.2600281974327
"Middle East, North Africa, Afghanistan & Pakistan (excluding high income)",MNA,Trade (% of GDP),NE.TRD.GNFS.ZS,55.3240824365889,54.9780968493559,57.1021434623205,63.3348692145527,63.8299242541285,67.13956582775,64.126872070582,63.0367814039106,66.3214427492211,58.438341868851,56.4621369948711,55.0206005237926,55.1680374459496,54.7645913526087,52.2828192211357,47.8582600813933,44.206632754434,49.0091327240712,55.1637940210484,52.351728629491
"Middle East, North Africa, Afghanistan & Pakistan (excluding high income)",MNA,Renewable energy consumption (% of total final energy consumption),EG.FEC.RNEW.ZS,13.0038960774325,12.848024215526,12.8397048283667,12.9698091599557,12.706386923975,12.4721454152737,12.0275723840766,11.4371725209298,11.1816613915187,11.0947663614785,11.2058888704594,11.0708127254411,11.0420215371111,11.1442150564461,11.0400705993001,11.2870521999878,11.1503064832308,10.9413685116146,10.9619732223084,11.4865470725413
"Middle East, North Africa, Afghanistan & Pakistan (excluding high income)",MNA,Carbon dioxide (CO2) emissions excluding LULUCF per capita (t CO2e/capita),EN.GHG.CO2.PC.CE.AR5,2.10765321389034,2.15871275378851,2.15488868460953,2.16902899688787,2.26625694680353,2.36519224560584,2.4365772897582,2.49932441273345,2.52313165351744,2.54871392412828,2.53950003026186,2.49888498856892,2.56432373134495,2.55819903460459,2.58326066621789,2.53562689767356,2.56443026052064,2.65582551208189,2.62040780980738,2.65204425453706
"Middle East, North Africa, Afghanistan & Pakistan (IDA & IBRD)",TMN,"PM2.5 air pollution, mean annual exposure (micrograms per cubic meter)",EN.ATM.PM25.MC.M3,47.5686965489023,47.6085149725263,47.6243643879906,47.6135335532266,47.5702723114729,47.5506888962356,47.380154886412,46.9726669956279,46.5265113191095,46.1921988390098,46.121166374094,47.2811205555647,51.7110774012575,53.6144035383716,53.2479662262029,53.3641867173599,51.9543574577219,48.5135885247852,50.3720311978687,45.9552723501623
"Middle East, North Africa, Afghanistan & Pakistan (IDA & IBRD)",TMN,GDP per capita (current US$),NY.GDP.PCAP.CD,1246.01975069059,1225.81474139889,1168.35927304729,1263.91574540151,1463.3046705277,1657.84296915154,1885.14870247669,2240.98836783175,2656.83046140986,2512.84382036535,2817.90380218571,3234.88259884042,3414.87165876956,3147.24679176234,3071.92771988993,2799.45441811583,2858.61689096826,2854.66192638041,2804.12633142444,2688.96932958269
"Middle East, North Africa, Afghanistan & Pakistan (IDA & IBRD)",TMN,Population density (people per sq. km of land area),EN.POP.DNST,45.7267664443899,46.7373497544486,47.755065137466,48.816364935731,49.9344941068422,51.0813612608117,52.2570719459928,53.4091525700013,54.5766841700883,55.8091016644827,57.0281145951084,58.2363795525518,59.411911671573,60.5551600896305,61.6802231974817,62.7432255878524,63.7760400764393,64.8943558936358,66.0449357978312,67.2314161863196
"Middle East, North Africa, Afghanistan & Pakistan (IDA & IBRD)",TMN,Urban population (% of total population),SP.URB.TOTL.IN.ZS,46.1512025453053,46.4220122140797,46.6273162735715,46.8235027124864,47.0702774116332,47.3188148610601,47.5309166902311,47.7479439125995,47.9748067174573,48.2068846515889,48.4579212313616,48.7709197134048,49.2354754411305,49.7861078087819,50.1424314222312,50.385107716384,50.5924176765155,50.7866571436082,50.9917156514723,51.2234331146053
"Middle East, North Africa, Afghanistan & Pakistan (IDA & IBRD)",TMN,"Industry (including construction), value added (% of GDP)",NV.IND.TOTL.ZS,36.616837226151,33.9949349297645,35.6132433183888,35.2921059662245,37.5709815780189,40.360256077993,41.5623895140004,41.6189653680772,43.2532415364585,37.45035263886,39.4923505588995,40.3579900190638,40.1101717580548,38.7385083623208,36.3528239952759,30.7811402859563,29.8294816438993,31.5372413460414,33.0137839632206,32.390396062619
"Middle East, North Africa, Afghanistan & Pakistan (IDA & IBRD)",TMN,Trade (% of GDP),NE.TRD.GNFS.ZS,55.0242282854231,54.7206215509906,56.9244418869532,63.2136487525393,63.6694546381331,66.984634702183,63.9551103947093,62.7680358955928,66.1993439652474,58.2832616954928,56.3504582950371,54.9071270681992,55.0589032904778,54.6579769034834,52.1396037362151,47.6458719758847,44.0100590842918,48.8290176826258,55.0133472281976,52.1975359993324
"Middle East, North Africa, Afghanistan & Pakistan (IDA & IBRD)",TMN,Renewable energy consumption (% of total final energy consumption),EG.FEC.RNEW.ZS,12.9920002860324,12.83682104729,12.813688252485,12.9420466347435,12.6763206832426,12.4448450201836,12.0125380030703,11.414820556546,11.1606287551238,11.0799158086585,11.1975121431898,11.0593308918401,11.0384456368474,11.1424728929043,11.0410170572294,11.2881808687104,11.1456851493979,10.943060961286,10.9557039236004,11.4771071770715
"Middle East, North Africa, Afghanistan & Pakistan (IDA & IBRD)",TMN,Carbon dioxide (CO2) emissions excluding LULUCF per capita (t CO2e/capita),EN.GHG.CO2.PC.CE.AR5,2.10765321389034,2.15871275378851,2.15488868460953,2.16902899688787,2.26625694680353,2.36519224560584,2.4365772897582,2.49932441273345,2.52313165351744,2.54871392412828,2.53950003026186,2.49888498856892,2.56432373134495,2.55819903460459,2.58326066621789,2.53562689767356,2.56443026052064,2.65582551208189,2.62040780980738,2.65204425453706
Middle income,MIC,"PM2.5 air pollution, mean annual exposure (micrograms per cubic meter)",EN.ATM.PM25.MC.M3,46.1797634316381,46.2826756591113,46.3093431846233,46.2535605140325,46.1140929886741,45.8894488971208,45.1317062652249,43.7100388477949,42.0866627151908,40.7358666728841,40.1237057107931,44.5138714150278,47.84222756489,50.7342382918522,50.1318519612818,49.0920199097626,47.8768281646654,44.4516696948918,43.4145945585241,39.6520858549232
Middle income,MIC,GDP per capita (current US$),NY.GDP.PCAP.CD,1237.10225471924,1222.94251438049,1228.47350986789,1357.07541063235,1571.30392795213,1830.92630559246,2129.1210373952,2583.28146959331,3029.34246580388,3001.53141895573,3610.66323367037,4205.16300649743,4424.22119652773,4641.4999159695,4798.48322756442,4602.51682691609,4605.60639396078,4982.00575599033,5248.39737081301,5353.79775844374
Middle income,MIC,Population density (people per sq. km of land area),EN.POP.DNST,72.1659336065224,73.2215704244172,74.245441236886,75.2445055750916,76.2639234227209,77.2709606365211,78.141938554018,79.1301815741325,80.1353559189437,81.1560503938147,82.1810998376942,83.2204744055656,84.2941858844481,85.3700139100527,86.436864219297,87.4606316909979,88.4723292901493,89.494121972458,90.4734833962662,91.4112200387327
Middle income,MIC,Urban population (% of total population),SP.URB.TOTL.IN.ZS,40.1811783501269,40.8218041301412,41.5241189419648,42.2384690241935,42.9000240062256,43.5617859623262,44.2510053269918,44.9792243909669,45.5922938196865,46.2712166967608,46.8171660898524,47.787808077149,48.4121281061957,49.1057327535599,49.7678138816224,50.4854071062702,51.134318051791,51.743714030285,52.3690840838855,52.93440338769
Middle income,MIC,"Industry (including construction), value added (% of GDP)",NV.IND.TOTL.ZS,33.8572517657039,33.6552768138437,34.2616672354913,34.3297766702044,35.0698100849103,35.6573434077987,36.3314951116909,36.147192053985,36.944591901364,35.5919796546024,35.9704841998736,36.620836603169,36.4524799781229,35.6516379157538,34.9635437641146,33.5419194725559,32.7766471093831,33.1613368176634,33.7763247570042,32.7737397478455
Middle income,MIC,Trade (% of GDP),NE.TRD.GNFS.ZS,46.7882032039203,46.2299620833046,48.6309247515055,53.2058824111593,58.5674081436041,60.2614529639116,61.1466068081719,59.9819316585137,59.6022342417066,49.7434305559983,52.7919871634024,54.6821430294468,53.3810267366969,51.8661100241344,50.253118896043,46.5603151594689,44.5710150116721,45.9399194756778,48.0010524911538,45.9919109680023
Middle income,MIC,Renewable energy consumption (% of total final energy consumption),EG.FEC.RNEW.ZS,32.427416994662,31.8232596832642,31.1929588416597,29.8821779608537,27.9061883965044,26.3472774471576,25.5681272342587,24.4576836636216,23.9771797708647,23.6577944871636,22.7078906548731,21.7433504549751,21.616044304915,21.5666821075777,21.5627649780799,21.5560536905019,21.7814211036831,21.8712431719356,21.9901982115892,22.4930680521439
Middle income,MIC,Carbon dioxide (CO2) emissions excluding LULUCF per capita (t CO2e/capita),EN.GHG.CO2.PC.CE.AR5,2.01449359787017,2.04520571062047,2.11310123781797,2.27335938890533,2.45911108926079,2.62505607229061,2.78900578369353,2.94635022624342,3.00768182438989,3.07496283407203,3.2748722239538,3.46016377457777,3.54596387891217,3.62666720375544,3.65205278200209,3.59160883703701,3.58374022622844,3.64192704112363,3.74071763996328,3.78130785767744
Moldova,MDA,"PM2.5 air pollution, mean annual exposure (micrograms per cubic meter)",EN.ATM.PM25.MC.M3,28.7598551759854,27.6958286896457,26.3369851224783,24.9046500915055,23.6201492137492,22.7048081062313,22.0460713433789,21.4251278629835,20.9039198271145,20.5443893978414,20.4084787372334,20.7106966050714,20.3835846673482,19.979486487115,18.7371163449526,18.1478989162811,17.0561198558818,15.1423919470871,17.080793755092,15.7728170076841
Moldova,MDA,GDP per capita (current US$),NY.GDP.PCAP.CD,440.538683980372,507.404076252819,570.799866188293,682.319095965299,897.178494749468,1034.39197746993,1183.02481442894,1531.21618590748,2110.55305353857,1898.43975710988,2436.79935102421,2941.36224066021,3044.8084324815,3321.04397795719,3289.95758568777,2749.55137054338,2847.08794770479,3453.26727720294,4156.44981956646,4405.33418162155
Moldova,MDA,Population density (people per sq. km of land area),EN.POP.DNST,101.844482362364,101.616986454017,101.381934046035,101.132058382973,100.846989588049,100.566888293243,100.287778048526,100.055661920841,99.8653879625439,99.739374107982,99.7787848154216,99.7210931780946,99.6732759521901,99.5771842462653,99.5164884911377,98.7560678343838,97.614165825121,95.9093883802694,94.2543946689506,92.756093569939
Moldova,MDA,Urban population (% of total population),SP.URB.TOTL.IN.ZS,40.4185981750488,39.6744270324707,39.620719909668,39.5945358276367,39.4460945129395,39.3704032897949,39.2182388305664,39.4315032958984,39.3710708618164,39.3255348205566,39.2804946899414,39.3469161987305,39.3614196777344,39.4275512695312,39.6298484802246,39.6954040527344,39.7373237609863,39.9736557006836,40.3258094787598,40.772289276123
Moldova,MDA,"Industry (including construction), value added (% of GDP)",NV.IND.TOTL.ZS,19.1476693676567,21.9691372835076,20.3847621314161,20.6728809877258,20.7175324675325,19.1675900350579,18.7779036510703,19.4423919146547,19.1217348463177,17.1628740871454,20.4338917212317,20.9107204171007,21.3145109050194,21.6032575380958,21.1263772009346,21.1076657265026,21.1944646085144,21.0188767695091,22.1479763600006,21.9233489252916
Moldova,MDA,Trade (% of GDP),NE.TRD.GNFS.ZS,126.163100130478,124.500739599353,129.839525501535,140.056529925052,132.69906968032,143.023568469138,137.154763819994,142.720539023021,134.4216013477,110.363326850495,87.9378518951573,98.6175965326556,96.3064098336294,95.6872968332383,94.2282919690928,88.9664154565323,89.0046837188671,88.6233902754378,87.4467874275648,87.6322371148906
Moldova,MDA,Renewable energy consumption (% of total final energy consumption),EG.FEC.RNEW.ZS,5.7,5.6,5.8,5.9,4.8,4.3,5,4.4,4.9,4.8,20,20.4,22.1,23.8,24.3,24.7,25.3,26.1,25.3,22
Moldova,MDA,Carbon dioxide (CO2) emissions excluding LULUCF per capita (t CO2e/capita),EN.GHG.CO2.PC.CE.AR5,2.3577376987747,2.46105817585547,2.51059203781018,2.7110792994484,2.72501288836449,2.88374636766892,2.81572124915002,2.79219385317951,2.76331874319628,2.7251028108556,2.97129565385693,2.98346662826114,2.92022861745732,2.62071970563283,2.81365308811102,2.92639787755758,3.00493795274377,3.01460262798668,3.27363703423792,3.41941968843461
Monaco,MCO,"PM2.5 air pollution, mean annual exposure (micrograms per cubic meter)",EN.ATM.PM25.MC.M3,16.052472566324,15.9836716472547,15.802608042802,15.5472904820992,15.2557276942797,14.9659284084766,14.5896022573485,14.0917061752925,13.5901198440495,13.2027229453604,13.0473951609661,14.1197780903498,12.6169645561937,11.7803156412187,10.9137728394289,11.8411028968318,10.4725197097017,10.376456634887,10.6954915739758,9.65907893202952
Monaco,MCO,GDP per capita (current US$),NY.GDP.PCAP.CD,81789.0206522549,82402.7809570189,90051.4459877468,111110.451312249,125160.228087598,130538.742587117,143083.461107202,184558.556593338,204263.797114294,169150.267344616,161853.920622244,179363.984221513,165444.651378771,184940.663804718,195693.570738894,170437.101188261,173604.753555915,170663.375247872,188298.315668437,193746.785647412
Monaco,MCO,Population density (people per sq. km of land area),EN.POP.DNST,16011.3468179576,16007.400098668,15995.066600888,15971.3862851505,15938.3325111002,15890.4785397139,15814.9975333004,15706.4627528367,15705.9694129255,15966.4528860385,16360.6314750863,16746.916625555,17124.3216576221,17487.4198322644,17823.3843117908,18133.6951159349,18389.7385298471,18588.061174149,18822.8909718796,18800.6906758757
Monaco,MCO,Urban population (% of total population),SP.URB.TOTL.IN.ZS,100,100,100,100,100,100,100,100,100,100,100,100,100,100,100,100,100,100,100,100
Monaco,MCO,"Industry (including construction), value added (% of GDP)",NV.IND.TOTL.ZS,..,..,..,..,..,..,..,..,..,..,12.9223473621814,12.8252023227104,13.0162423374648,13.9971636952998,12.62918561389,17.5917398696515,18.2559909686468,12.801953584793,13.1470370674776,13.0361610188765
Monaco,MCO,Trade (% of GDP),NE.TRD.GNFS.ZS,..,..,..,..,..,..,..,..,..,..,..,..,..,..,..,..,..,..,..,..
Monaco,MCO,Renewable energy consumption (% of total final energy consumption),EG.FEC.RNEW.ZS,..,..,..,..,..,..,..,..,..,..,..,..,..,..,..,..,..,..,..,..
Monaco,MCO,Carbon dioxide (CO2) emissions excluding LULUCF per capita (t CO2e/capita),EN.GHG.CO2.PC.CE.AR5,..,..,..,..,..,..,..,..,..,..,..,..,..,..,..,..,..,..,..,..
Mongolia,MNG,"PM2.5 air pollution, mean annual exposure (micrograms per cubic meter)",EN.ATM.PM25.MC.M3,21.3981446125931,21.3689232389585,21.2157465725794,21.0276549890181,20.893688863837,20.9028885725986,21.2574073192077,22.1144147325228,23.4954758255364,25.4221556112408,27.9160191026285,35.8767855032703,38.2318589751567,36.1190861922145,32.6310214465256,33.6018162552522,34.394850770545,31.4066965937798,30.340789040395,31.0839271991388
Mongolia,MNG,GDP per capita (current US$),NY.GDP.PCAP.CD,476.02755082717,524.453483552485,570.249213248399,643.168068921658,794.154552001815,994.90010913241,1329.89179579053,1627.68787743359,2127.42678594737,1703.32756790019,2625.21881402433,3736.04201455077,4328.89001905655,4340.14310544449,4126.23975800524,3838.92126989984,3619.90026383792,3645.96708669551,4107.64288528468,4347.54610314873
Mongolia,MNG,Population density (people per sq. km of land area),EN.POP.DNST,1.54338839734181,1.56242113783138,1.58263236912359,1.59541792198924,1.6137036582467,1.63171323734666,1.64830525022335,1.6705735718479,1.69711733640935,1.72788137676538,1.75857916493112,1.78925253897917,1.82353600871754,1.8616184405066,1.90278211075515,1.94371713207737,1.98352563105577,2.02209412791248,2.06015649331677,2.09835043390369
Mongolia,MNG,Urban population (% of total population),SP.URB.TOTL.IN.ZS,56.7305447074496,57.2155913875612,58.1310120482033,59.3546986563236,60.7829994587671,62.3122627023789,63.8388366340039,65.2590695004873,66.4693095486742,67.3659050254095,67.8298018313254,67.9196058798676,67.9522782537785,67.9776750055915,67.9941357229626,67.9999999906095,67.9776754820979,67.9260583223672,67.8683444833372,67.8277299551557
Mongolia,MNG,"Industry (including construction), value added (% of GDP)",NV.IND.TOTL.ZS,22.1961421557269,21.9418832214059,22.4846271364412,25.2199551531292,28.3334403733025,32.496500599666,38.6926063353314,37.7347758580465,30.8510356631246,30.0565585316106,33.1942474892146,31.3337485626924,30.7715931133163,30.5068923847448,31.4976232744188,31.5158775834209,33.1780715301999,37.4184116118863,37.975670332755,38.0926977643653
Mongolia,MNG,Trade (% of GDP),NE.TRD.GNFS.ZS,121.886609754208,115.81832687888,118.517253113943,120.299393514881,131.329318233554,122.381459889773,112.929983096983,117.880426425377,121.198013401183,107.813757166177,103.350031656557,126.999228633482,109.588564338415,100.311989662943,109.322311877187,89.653663477814,101.055237224997,115.932901867963,126.355873241513,124.396514621165
Mongolia,MNG,Renewable energy consumption (% of total final energy consumption),EG.FEC.RNEW.ZS,5.7,6.1,6.5,6.1,5.8,5.3,4.5,4.7,4.7,4.4,4.5,4,3,3,3.3,3.5,3.4,1.8,2.1,2.3
Mongolia,MNG,Carbon dioxide (CO2) emissions excluding LULUCF per capita (t CO2e/capita),EN.GHG.CO2.PC.CE.AR5,3.78533006126955,3.72755507080754,3.94360699167465,3.77463237398876,3.81795335056602,4.38774218806367,4.95386355704029,5.07731037530988,4.99621481680735,5.17581002669897,5.44277377454793,5.82704695840423,6.21877976761671,6.61573895373284,6.59114249102211,5.95530555717072,6.18895798314975,6.69287250187922,7.1556569765684,7.75337679137417
Montenegro,MNE,"PM2.5 air pollution, mean annual exposure (micrograms per cubic meter)",EN.ATM.PM25.MC.M3,25.7719292711536,25.8235480575684,25.9162935734152,26.0199501928823,26.1043022901578,26.13913423943,25.9194092295677,25.3954495906652,24.7700784087494,24.246118769847,24.0263937599847,26.8096357329836,25.152725645633,23.0328197648844,22.8933751545525,22.5226135295586,20.7818361159159,21.1885834911776,22.0010575045609,18.3231957596321
Montenegro,MNE,GDP per capita (current US$),NY.GDP.PCAP.CD,1627.06511911987,1909.59870186179,2106.6350684523,2789.15906483509,3380.16512135859,3674.6179242797,4418.84951521682,5971.84638953467,7359.95118960869,6700.11405052395,6678.63930800758,7265.51668681954,6552.48071710904,7102.77882895852,7342.17339453427,6421.00307345999,6968.01539365317,7674.2813940676,8673.59128084795,8749.02375172644
Montenegro,MNE,Population density (people per sq. km of land area),EN.POP.DNST,..,..,..,..,..,..,45.7267657992565,45.7899628252788,45.8713011152416,45.969814126394,46.054126394052,46.1223048327138,46.2020817843866,46.2889962825279,46.3750185873606,46.4424535315985,46.4946468401487,46.5414126394052,46.5753159851301,46.5987360594796
Montenegro,MNE,Urban population (% of total population),SP.URB.TOTL.IN.ZS,59.0899260145706,60.1387879596705,61.0261817231895,61.6986616237464,62.210498320663,62.6763680644251,63.111308588912,63.5035790981749,63.8414387962647,64.1131468872325,64.3069625751293,64.4210914835811,64.5244008658951,64.6252987959653,64.7232143772459,64.8181652937171,64.9101692293409,64.9992438680584,65.0854068937869,65.1686759904159
Montenegro,MNE,"Industry (including construction), value added (% of GDP)",NV.IND.TOTL.ZS,21.2590046532839,22.3143207912841,21.5953506185527,19.3294873017387,18.9729443885822,17.341544930727,18.4566268180351,17.4236682122468,18.134854953618,17.530109017069,17.1885067406217,15.1880842120516,14.8926108798408,15.5405922471564,14.3320646687925,14.4315421692779,15.5802198596652,14.8316847329192,16.1079670855784,16.435437285219
Montenegro,MNE,Trade (% of GDP),NE.TRD.GNFS.ZS,87.9252021443203,100.409386075314,95.2294000160253,77.5983890107329,100.109654967142,104.625139256659,118.177129375183,128.844214152476,132.48054069386,99.8255760432413,98.8684992495822,106.752728264703,108.779987603414,103.785966371179,100.438431458711,104.12510886943,104.135954584294,106.711366689116,111.098935509174,110.0161238696
Montenegro,MNE,Renewable energy consumption (% of total final energy consumption),EG.FEC.RNEW.ZS,..,..,..,..,..,47.6,44.8,42.3,38.8,49.2,49.1,42.8,45.9,49.3,46,43,43.9,37.8,40.6,38.7
Montenegro,MNE,Carbon dioxide (CO2) emissions excluding LULUCF per capita (t CO2e/capita),EN.GHG.CO2.PC.CE.AR5,..,..,..,..,..,..,..,..,..,..,..,..,..,..,..,..,..,..,..,..
Morocco,MAR,"PM2.5 air pollution, mean annual exposure (micrograms per cubic meter)",EN.ATM.PM25.MC.M3,26.2794045322845,26.336708569121,26.3732332307781,26.3997347331309,26.4269692920543,26.4656931234232,26.5559544015872,26.7015710730568,26.858954011948,26.984514092377,27.0346621884598,25.1025965770715,23.517027783633,22.6262616570608,22.5756463722019,25.6535487891636,24.7545943744621,28.0161565066814,23.1856283839847,20.9299059936918
Morocco,MAR,GDP per capita (current US$),NY.GDP.PCAP.CD,1499.107421875,1506.24523925781,1596.02062988281,1941.87255859375,2183.55541992188,2242.98828125,2438.12646484375,2755.5859375,3183.20043945313,3119.58862304688,3067.9853515625,3301.98876953125,3164.17724609375,3379.7431640625,3435.40698242188,3146.24780273438,3140.85546875,3296.52661132813,3501.69799804688,3508.09765625
Morocco,MAR,Population density (people per sq. km of land area),EN.POP.DNST,63.6868362088281,64.5633945776384,65.4226798117858,66.2590522070356,67.1140891776832,68.0218328478602,68.9472955411158,69.8778131301815,70.8195541115841,71.7696123683621,72.7470669952946,73.745435805512,74.7372641720816,75.7059623571589,76.6407797445664,77.5433295989245,78.4751445216222,79.4227918440511,80.3041900067219,81.1357786242438
Morocco,MAR,Urban population (% of total population),SP.URB.TOTL.IN.ZS,53.58724711125,53.8972613497219,54.222745830177,54.5782811140771,54.9787569660869,55.4397798676399,55.9627589629824,56.5303841299064,57.1254169272616,57.7306189138977,58.3287516486646,58.902576690412,59.4348555979895,59.9083499302469,60.3030486171654,60.6417124737154,60.9657656537179,61.2761057031842,61.5695822753314,61.8430450233765
Morocco,MAR,"Industry (including construction), value added (% of GDP)",NV.IND.TOTL.ZS,24.3526302035856,22.8696929940867,22.6361224434387,23.3248013144818,24.0029876116656,23.6812068826614,22.7530814100902,22.422939278529,24.3155822554726,22.25957486397,23.7119126900355,24.5065191885483,24.2659773507632,24.1531288845084,25.8132675090419,25.6226817262287,25.685104578574,25.405454806575,25.2413538068182,25.2499524130611
Morocco,MAR,Trade (% of GDP),NE.TRD.GNFS.ZS,53.4403058388785,53.4915710187871,54.31012791421,52.3318582669923,55.5516384744536,61.4938276863235,64.6721977787154,71.3496467796657,77.8344716425602,62.3709560152269,69.541979610144,76.8258714906247,78.2221018956072,73.8577565315318,71.8935667539398,67.2886759253849,71.1226603816864,74.1733578786573,77.2548875243989,75.9981158798422
Morocco,MAR,Renewable energy consumption (% of total final energy consumption),EG.FEC.RNEW.ZS,15.5,15.3,15.1,16.1,22.4,20,18.2,16.6,14.4,14.2,13.9,11.8,10.9,11.6,11.1,11.2,11.1,10.4,10.9,10.7
Morocco,MAR,Carbon dioxide (CO2) emissions excluding LULUCF per capita (t CO2e/capita),EN.GHG.CO2.PC.CE.AR5,1.18101840963276,1.28395135764826,1.3109395796486,1.28858561553446,1.42987260916412,1.47108136782011,1.47482491570521,1.47563680503993,1.56522177671636,1.52837686302843,1.60291293785669,1.70993845880488,1.75533733964027,1.73118097184317,1.73842954113431,1.76683506518859,1.74200393753249,1.80163893690506,1.81912490485427,1.9847450344921
Mozambique,MOZ,"PM2.5 air pollution, mean annual exposure (micrograms per cubic meter)",EN.ATM.PM25.MC.M3,20.2554422733172,20.1840071365718,20.0136498073847,19.8102890904689,19.6398437905371,19.5682327123022,19.6733490140973,19.9403587930867,20.2960902622309,20.6673716344898,20.9810311228238,21.3180610647849,21.4882091792626,21.704486846149,21.6145857091373,21.5758950473476,21.069117727762,18.7547986602318,18.8259193532117,19.5945644695986
Mozambique,MOZ,GDP per capita (current US$),NY.GDP.PCAP.CD,327.12623979157,304.792138621913,313.886661721198,339.488737800648,400.056973161545,436.773856167384,457.487647833183,507.874923914304,592.159111184122,547.697144193651,496.185839392659,618.17649286789,685.685748199513,686.505672517351,697.142680444123,610.563774706589,441.489734819071,470.93856305196,517.507260258101,519.09255091362
Mozambique,MOZ,Population density (people per sq. km of land area),EN.POP.DNST,23.0545703095196,23.5735000890155,24.1083674559373,24.6604377018744,25.2299308222488,25.8203018896717,26.4338958264452,27.070417609807,27.746173605636,28.4744589129937,29.2469734733844,30.0732966250413,30.9492179353493,31.8568770823266,32.7939100689234,33.7592156463796,34.7632251583204,35.8177891095908,36.9015539561026,38.0024670006867
Mozambique,MOZ,Urban population (% of total population),SP.URB.TOTL.IN.ZS,29.2423697311441,29.4137097764239,29.5686323334348,29.7146340268639,29.8592114813982,30.0098613217248,30.1740801725307,30.3598131347122,30.5625357695184,30.7715592059159,30.9861779822921,31.2062230032794,31.4315251735105,31.6619153976179,31.8972245802342,32.1372836259918,32.3819234395234,32.6274411492675,32.9902559073541,33.4177241517032
Mozambique,MOZ,"Industry (including construction), value added (% of GDP)",NV.IND.TOTL.ZS,19.5292283612147,21.3938558593765,17.0821002587651,18.8768129822828,19.8066623565294,18.6061383452371,19.8162320132045,19.5085348189008,17.1677445681711,16.9004327987887,16.8681862980766,16.5093372512898,16.8740038772507,16.4457246085988,17.4884683555603,18.6152107018236,20.5669830121929,23.6070708049686,25.3339200589579,23.8882628185244
Mozambique,MOZ,Trade (% of GDP),NE.TRD.GNFS.ZS,47.9208808015891,50.4153095777265,73.309162757423,70.1683599479183,72.0520001612374,72.0092609780982,67.3498976872689,66.1203821840516,64.981416499828,67.898572768141,73.8373532681892,84.4062119333019,105.934588060511,109.38537659913,116.356855242217,98.7612036510901,110.394358201481,105.745640702087,124.607457525372,105.591171401921
Mozambique,MOZ,Renewable energy consumption (% of total final energy consumption),EG.FEC.RNEW.ZS,93.6,93,93.2,92.7,92.9,93.7,93.1,87.5,88.1,86.1,84.9,85.4,84.5,83.1,81.2,80.1,77.4,78.2,79,77.5
Mozambique,MOZ,Carbon dioxide (CO2) emissions excluding LULUCF per capita (t CO2e/capita),EN.GHG.CO2.PC.CE.AR5,0.0866536165915586,0.102310266807763,0.104824589581639,0.130236083841799,0.140133877928236,0.131290646947492,0.136002702062102,0.152388933763661,0.144341849016611,0.151975649954928,0.156770431712185,0.179664805829954,0.193192939095761,0.204274287988904,0.224549920070884,0.243268951299953,0.304783553342609,0.295110559594905,0.277593949600126,0.288756199727081
Myanmar,MMR,"PM2.5 air pollution, mean annual exposure (micrograms per cubic meter)",EN.ATM.PM25.MC.M3,39.5272329221873,39.7428390610683,40.1768875885917,40.6510344092112,40.9869354273807,41.0062465475539,40.5461049761885,39.5962241482972,38.2071243111665,36.4293257120831,34.3133485983332,29.4854398392347,33.179223857355,35.1664986630794,31.2218892689358,29.9150539220144,31.1703866445543,28.1336717956987,31.5559916967562,32.1642279603857
Myanmar,MMR,GDP per capita (current US$),NY.GDP.PCAP.CD,196.619580625284,141.525660705722,146.598390364449,224.292688912409,224.508811413327,252.685193060728,303.495087119254,419.375780725042,658.442487229705,758.442935789255,1010.53417343401,1213.62898703376,1202.6658960055,1199.09561597055,1293.00042319714,1166.73305547935,1229.19713491328,1272.82241815234,1298.21310327675,1425.98954241668
Myanmar,MMR,Population density (people per sq. km of land area),EN.POP.DNST,69.3007941365486,70.0357116626373,70.7418872601524,71.406787648805,72.0344831808026,72.6067788049467,73.1252161537638,73.6397401762762,74.0701856698964,74.4840945966631,75.045742889508,75.6475990754489,76.3032167189773,76.9624823911313,77.6040209468978,78.2278679487965,78.8867551089188,79.5020114898506,80.0861758847863,80.6507017006282
Myanmar,MMR,Urban population (% of total population),SP.URB.TOTL.IN.ZS,27.5346072708149,27.7107064116875,27.8849700456368,28.0568026064444,28.2256085278922,28.390792243762,28.5517581878355,28.7079107938945,28.8586544957208,29.0033937270962,29.1415329218024,29.2724765136213,29.3956289363345,29.5103946237239,29.6164342116462,29.7166821191682,29.8129165582094,29.9051727703437,29.993574050729,30.0782436945232
Myanmar,MMR,"Industry (including construction), value added (% of GDP)",NV.IND.TOTL.ZS,9.69226113586128,10.5804943321805,13.0068954922166,14.2582573952557,16.3663619555986,17.512204636055,19.2372930203744,20.4091296662276,22.6658154224732,24.5320050982062,26.4680642743774,31.2916488307023,32.3730207966326,32.3622196006021,34.4897147952325,34.4688212621502,34.8095048832944,36.8009211203558,36.9634615021809,38.4126110918443
Myanmar,MMR,Trade (% of GDP),NE.TRD.GNFS.ZS,..,..,..,..,..,..,..,..,..,..,..,..,..,..,..,..,..,..,..,..
Myanmar,MMR,Renewable energy consumption (% of total final energy consumption),EG.FEC.RNEW.ZS,80.2,82.5,83,79.9,80.2,79.6,81.3,80.5,85.6,85.8,84.6,83.8,78.1,75.6,72,70,68.8,59.5,59.4,58.5
Myanmar,MMR,Carbon dioxide (CO2) emissions excluding LULUCF per capita (t CO2e/capita),EN.GHG.CO2.PC.CE.AR5,0.221722533260091,0.191710326457028,0.191306347918213,0.234820213738165,0.225863126405762,0.236985402005318,0.218804446194408,0.226987849132935,0.172766335943286,0.160062197522633,0.176083810704641,0.185603670753961,0.251973184982232,0.28292574578925,0.350073559191087,0.386395865290602,0.446262538135226,0.650427600472324,0.641233195886911,0.653317518704581
Namibia,NAM,"PM2.5 air pollution, mean annual exposure (micrograms per cubic meter)",EN.ATM.PM25.MC.M3,20.4358745389602,20.3820858449612,20.2505892694706,20.0930633490459,19.9611866202444,19.9066376196234,19.9984652893034,20.2560840083053,20.6567204685379,21.1776013619098,21.7959533803297,23.0948112524998,22.5559756572042,21.57098939708,21.055359356351,22.11922822913,21.0604148441707,19.7391225085732,19.9748546561693,19.3878496864904
Namibia,NAM,GDP per capita (current US$),NY.GDP.PCAP.CD,2156.67590512714,1915.58926594875,1772.07565537493,2569.24739317883,3403.15496192955,3685.77299991587,4017.1834716928,4379.04313682732,4204.78555422749,4302.91374148376,5418.21633365814,5834.7917675794,5942.64680978673,5346.62131149967,5378.32326241205,4774.10650865775,4395.68776162376,5143.96072323076,5308.60813408705,4731.9210318831
Namibia,NAM,Population density (people per sq. km of land area),EN.POP.DNST,2.20899925907032,2.2556426046715,2.29563094413876,2.32902622405228,2.35892820269893,2.38868685396397,2.4194245041237,2.45186993647439,2.48643369893962,2.52328341167754,2.56265835853709,2.60700968067145,2.66571196054853,2.73598367525416,2.80841380315563,2.88391696728978,2.96276281747622,3.04492098774429,3.13052144444849,3.21939292351419
Namibia,NAM,Urban population (% of total population),SP.URB.TOTL.IN.ZS,32.1168956399877,32.8575058425719,33.6459301456028,34.5460063719633,35.5356476670033,36.5870014553064,37.6722151614564,38.763436210037,39.8328120256318,40.8524900328246,41.7946176561991,42.6276075621535,43.3804079185694,44.1106769079132,44.8214248210559,45.5103554445325,46.1751725648784,46.8135799686288,47.4232814423189,48.0019807724839
Namibia,NAM,"Industry (including construction), value added (% of GDP)",NV.IND.TOTL.ZS,23.4721656586449,26.4736692021938,27.0947589417095,24.046084192885,25.0806097462037,24.7834954243766,30.1227634369521,31.8127689142862,34.1905617107713,28.7519450755932,27.429068418358,29.3288911804647,29.9807546724013,26.5483435015895,26.630102972046,27.5636536225028,27.5134032744188,26.0770180870695,26.869904619845,27.0505811124767
Namibia,NAM,Trade (% of GDP),NE.TRD.GNFS.ZS,85.1322442947268,88.5841018380245,94.4152228948906,95.9524743817213,81.8622605916543,80.6803802939816,86.8339693259998,104.979303758915,119.644498184785,123.762844292976,108.072477173606,102.189147754138,100.2134087743,97.7249042303832,103.080137009254,97.2390317873478,93.966187960162,81.2196661011436,81.7138652963804,82.9011507426355
Namibia,NAM,Renewable energy consumption (% of total final energy consumption),EG.FEC.RNEW.ZS,34.8,30.4,33.8,33.3,34.8,34.6,35.8,36.5,32.5,33.4,31.2,31.6,31.9,30.7,30.2,29.3,29.2,30.2,30.9,30.2
Namibia,NAM,Carbon dioxide (CO2) emissions excluding LULUCF per capita (t CO2e/capita),EN.GHG.CO2.PC.CE.AR5,1.05320053864219,1.31962124834684,1.1277956792965,1.18656725758606,1.23455137321699,1.30663252282386,1.27020193906485,1.28732785098583,1.44803073291595,1.47083316886445,1.27238885378833,1.32617380871956,1.36313058914982,1.37810831304484,1.38659483707511,1.50195847197069,1.59834340010487,1.49737539456841,1.47819814870212,1.45542679968338
Nauru,NRU,"PM2.5 air pollution, mean annual exposure (micrograms per cubic meter)",EN.ATM.PM25.MC.M3,6.49312954325201,6.4406041290023,6.37205955758428,6.2937603199485,6.21197090704552,6.13295580982591,6.04877960145641,5.9521532710351,5.85031093340953,5.75048670342725,5.65991469593581,5.56184372395386,5.46647887492585,5.63857846451038,5.44762950932866,5.64757051079538,6.08542537261406,6.44256644272133,6.14206344633958,6.02606444596139
Nauru,NRU,GDP per capita (current US$),NY.GDP.PCAP.CD,2648.60152860938,2232.30874026726,2084.64824520971,2463.28259078079,3040.51349889,2992.40382776926,2910.14145794684,2272.15291307045,3756.84531228766,4410.56764668962,4735.92000502092,6444.03642094634,9842.77032731856,8974.51886874433,9230.05440328927,7747.25584993607,8748.15632605428,9656.97976571484,11413.7463016389,10801.7705659635
Nauru,NRU,Population density (people per sq. km of land area),EN.POP.DNST,508.4,506.5,504.1,502.95,503,502.45,501.7,501,500.45,500.8,502.15,504.9,513.35,525.85,537.1,547.7,557.5,566.2,573.85,579.35
Nauru,NRU,Urban population (% of total population),SP.URB.TOTL.IN.ZS,100,100,100,100,100,100,100,100,100,100,100,100,100,100,100,100,100,100,100,100
Nauru,NRU,"Industry (including construction), value added (% of GDP)",NV.IND.TOTL.ZS,..,..,..,..,..,..,..,..,..,..,..,..,..,..,..,..,..,..,..,..
Nauru,NRU,Trade (% of GDP),NE.TRD.GNFS.ZS,..,..,..,..,..,..,..,..,164.285714285714,145,100,130.30303030303,120.408163265306,179.347826086957,197.222222222222,200,170.149253731343,142.068965517241,140.640059171598,155.906685714286
Nauru,NRU,Renewable energy consumption (% of total final energy consumption),EG.FEC.RNEW.ZS,0,0,0,0,0,0,0.1,0.1,0.1,0,0,0,0.1,0.1,0,0.1,0.2,0.6,0.7,0.6
Nauru,NRU,Carbon dioxide (CO2) emissions excluding LULUCF per capita (t CO2e/capita),EN.GHG.CO2.PC.CE.AR5,0,0,0,0,0,0,0,0,0,0,0,0,0,0,0,0,0,0,0,0
Nepal,NPL,"PM2.5 air pollution, mean annual exposure (micrograms per cubic meter)",EN.ATM.PM25.MC.M3,57.9103771850316,58.2838727140248,58.7692779115223,59.2354499589495,59.5512460377322,59.585523329296,58.323855130818,55.5324687996932,52.2512026076732,49.5198948265099,48.378383727955,57.7405744835303,71.4060546576235,71.4182305954874,75.117974167847,70.9361955250807,72.4074854195922,64.6442716077629,64.2108322791754,57.2750179345088
Nepal,NPL,GDP per capita (current US$),NY.GDP.PCAP.CD,223.830289183078,240.795114544664,238.89140296106,246.429706587633,279.587750044428,309.024168339372,340.431796437968,385.449767660642,464.817391891529,473.078751198621,585.278491984574,785.518656222132,788.202937148377,803.269595420477,821.455224911731,875.543635474862,877.256454696737,1034.28374906846,1179.19843190389,1203.14294706401
Nepal,NPL,Population density (people per sq. km of land area),EN.POP.DNST,171.234802929892,174.026843390303,176.693275200558,179.203055458668,181.490449947681,183.533017091036,185.318625741193,186.874726194629,188.28069061737,189.557272410185,190.73562608999,191.59047087548,192.081723055459,192.465964422742,193.040599930241,194.095772584583,195.015430763865,195.404659923265,195.882029996512,198.214607603767
Nepal,NPL,Urban population (% of total population),SP.URB.TOTL.IN.ZS,31.0994241803849,32.808952331543,35.0358944291182,38.045308394296,41.6109470808194,45.5065633424317,49.5059100328759,53.3827400058951,56.9108061152324,59.8638612146309,62.0156581578338,63.139949798584,63.6558406194333,64.1314570156048,64.5640847098488,64.9510094249155,65.2895168835553,65.5768928085184,65.8104229225551,65.9873929484157
Nepal,NPL,"Industry (including construction), value added (% of GDP)",NV.IND.TOTL.ZS,20.7355700311999,16.6609082977555,16.9468247421334,16.9713000603375,16.6573202744672,16.4670892346949,16.0679668054868,15.873140183038,16.049986636556,15.0668034711092,14.2007622567226,13.393470598846,13.9771618084251,13.7983375627601,13.5645652301586,13.1616546296789,12.6554177701811,12.8625858899927,13.2006396343014,13.0106754142894
Nepal,NPL,Trade (% of GDP),NE.TRD.GNFS.ZS,55.7105890041319,55.7999210803706,46.2307185004451,44.2478836156195,46.1472867206087,44.0629474798613,44.7619877569242,44.5792750200254,46.0362063511913,47.0794477633688,45.9849057742707,36.296758890097,37.921906058758,41.8653757376722,45.9826416115927,46.6657303895158,42.115486124737,44.6424106224996,48.4473869461067,49.2495265874454
Nepal,NPL,Renewable energy consumption (% of total final energy consumption),EG.FEC.RNEW.ZS,88.3,87.8,90,89.4,90.3,89.5,91.2,91.3,90.5,88.9,87.3,87,84.7,86,84,85.2,79.4,76.8,75,78.2
Nepal,NPL,Carbon dioxide (CO2) emissions excluding LULUCF per capita (t CO2e/capita),EN.GHG.CO2.PC.CE.AR5,0.139302904539297,0.146516090995107,0.117821557843168,0.131890377884365,0.112501007047178,0.124510356693779,0.102106403341938,0.104220125567352,0.114316256772823,0.149560032583773,0.175005793295226,0.195186556140448,0.226080233042303,0.228209529280106,0.265694626083707,0.263161214520219,0.385041034199327,0.471231959664218,0.531555032536151,0.473751308506942
Netherlands,NLD,"PM2.5 air pollution, mean annual exposure (micrograms per cubic meter)",EN.ATM.PM25.MC.M3,19.1568334196667,18.809077267801,18.4175601180365,18.0181068887099,17.646542498158,17.3386918647178,17.0873539526835,16.8600537860816,16.6547053728472,16.4692227209156,16.3015198382221,16.1617295903622,14.3672482834675,13.2849780292156,12.61325866781,13.1341450114978,11.9585215795702,12.7176558041706,12.0708917579666,11.3641419467189
Netherlands,NLD,GDP per capita (current US$),NY.GDP.PCAP.CD,26225.1697734149,26955.7128032278,29446.5330872868,35896.7504630706,40611.3414353091,42165.396168388,45123.5432406426,52100.7996285947,58246.7026905874,53172.0261581418,51305.7338533973,54701.7728030611,50473.9442002689,52602.2860520766,53457.2234864322,45793.8135434697,46808.5291492503,49513.6817346384,53955.0770024266,53554.9007491475
Netherlands,NLD,Population density (people per sq. km of land area),EN.POP.DNST,471.727280805687,475.30154028436,478.345053317536,480.607286729858,482.280183649289,483.408412322275,484.185456161137,485.23981042654,487.132494075829,490.079691669137,492.599881411207,495.049644128114,496.884994068802,498.795844464233,500.593885425942,503.116216216216,505.800831600832,508.8,511.779744579745,515.143272943273
Netherlands,NLD,Urban population (% of total population),SP.URB.TOTL.IN.ZS,78.4826828427081,80.1840578652121,80.8085275226169,81.3011308878582,82.250953139759,83.5048949725161,84.6532280358545,85.4089231499726,85.6149582464487,86.2223179632671,87.3502790247129,88.0059204972573,88.5342462391333,89.1749992370605,89.8364787097165,90.2787737214621,90.5803239452777,91.1219700676602,92.6062472401044,93.8898028856479
Netherlands,NLD,"Industry (including construction), value added (% of GDP)",NV.IND.TOTL.ZS,21.0997122897183,21.2866582046254,20.5111940521097,20.0329772130953,19.9551143492992,20.2797936079201,20.4722492697176,20.4312954116655,20.7836953534398,19.5831938213792,18.9533173048512,19.3209585785648,19.3226704262327,18.6870743291059,17.6818782630222,17.4148103121536,16.9640712326865,17.1210117451832,17.3241048530815,17.1127557495056
Netherlands,NLD,Trade (% of GDP),NE.TRD.GNFS.ZS,125.667030082421,119.47546387654,112.750024358671,111.30450319576,116.958160026939,122.255849523252,127.195613539333,129.798241740597,130.152049980117,115.109660363107,130.081707935343,141.757099325776,149.393223058131,150.651850226949,151.715891056501,160.325812564809,150.96552921165,159.646059656847,163.559146573044,160.676671884999
Netherlands,NLD,Renewable energy consumption (% of total final energy consumption),EG.FEC.RNEW.ZS,1.7,1.8,1.9,1.9,2.2,2.7,3.1,3.7,3.9,4.4,3.9,4.7,4.9,5,5.6,5.8,5.6,6.4,7.4,8.6
Netherlands,NLD,Carbon dioxide (CO2) emissions excluding LULUCF per capita (t CO2e/capita),EN.GHG.CO2.PC.CE.AR5,11.1051053739996,11.3084173304799,11.2597436028111,11.3578841244373,11.4700426777688,11.1632826932179,10.8698765534362,10.9184543529559,10.9418188812042,10.5716574831758,11.2017265434693,10.4278277326273,10.2418555171895,10.0780436970437,9.59164086966339,9.99734178248626,10.028805106001,9.81688717537774,9.46486529650368,9.10784361996519
New Caledonia,NCL,"PM2.5 air pollution, mean annual exposure (micrograms per cubic meter)",EN.ATM.PM25.MC.M3,..,..,..,..,..,..,..,..,..,..,..,..,..,..,..,..,..,..,..,..
New Caledonia,NCL,GDP per capita (current US$),NY.GDP.PCAP.CD,15329.7297200058,14482.3606263602,16104.5520406819,20768.1061488848,24475.6488547037,25528.2918353444,28193.2537573387,35177.6535261448,35723.9033194947,33836.494080472,35798.9084757829,38835.9401851385,35559.5672006157,36671.1566752621,37816.9558599295,30858.7237060533,30782.8544433514,32354.7102832901,34902.8968780031,33411.3358835672
New Caledonia,NCL,Population density (people per sq. km of land area),EN.POP.DNST,12.2044857768053,12.4566192560175,12.7043763676149,12.9473741794311,13.1757111597374,13.3687636761488,13.5419584245077,13.7158096280088,13.8853938730853,14.0727571115974,14.3097374179431,14.5811269146608,14.8595733041575,15.1434354485777,15.3842450765864,15.490590809628,15.5045404814004,15.5112691466083,15.5109956236324,15.5145514223195
New Caledonia,NCL,Urban population (% of total population),SP.URB.TOTL.IN.ZS,61.6103287085477,61.9960127034469,62.4118035339378,62.8540725422625,63.3117500793361,63.918391040144,64.7508025811084,65.6204802173329,66.3257509774158,66.6631859586932,66.703836218007,66.726209122213,66.7417059914448,66.7584127864925,66.7846387072769,66.8278045547803,66.8902054658406,66.9683393293094,67.0588809757675,67.1574673707832
New Caledonia,NCL,"Industry (including construction), value added (% of GDP)",NV.IND.TOTL.ZS,24.11925081065,20.6382344606801,21.509703990026,23.3646681452343,24.8888174139574,24.4990237729309,27.9138444462876,31.8496205183584,23.9310585837203,22.5914611629952,26.1623678837555,25.3064766036566,22.779124022177,22.582512520502,23.9317062447332,22.1000359642571,20.1611154111133,21.2465805302539,..,22.3267326732673
New Caledonia,NCL,Trade (% of GDP),NE.TRD.GNFS.ZS,60.3667225164618,58.1843523272091,56.1330040352377,61.8880338996498,58.5813378645702,61.9103270015257,68.0205144787445,72.1743887166465,67.9174783843244,56.0771570332275,68.1684823937939,66.8445220722878,63.7533913097757,58.8723435046881,58.9577979346478,60.0467960954308,58.0296161468389,58.9281826221283,59.0970833,58.210367099604
New Caledonia,NCL,Renewable energy consumption (% of total final energy consumption),EG.FEC.RNEW.ZS,7.5,6.7,5.3,4.9,5.2,5.1,4.5,5.8,7.8,7,4.8,5.9,6.2,6.6,4.3,5.1,3.7,5.1,4.6,5.2
New Caledonia,NCL,Carbon dioxide (CO2) emissions excluding LULUCF per capita (t CO2e/capita),EN.GHG.CO2.PC.CE.AR5,9.66750038099848,9.6791051658491,10.5629618147057,11.4822670463668,10.1070366864298,11.0495496785757,10.9987194350972,11.1345099212284,10.6270067960209,10.5434402332362,13.4481730394293,13.2999178368969,13.1331612874724,14.1805925829594,17.031263334566,16.1165809696011,17.1997332608857,15.4923716081341,21.2498368842601,20.3934331431634
New Zealand,NZL,"PM2.5 air pollution, mean annual exposure (micrograms per cubic meter)",EN.ATM.PM25.MC.M3,6.92139404317208,6.85958648572071,6.7529232983427,6.63654227442674,6.54558120736157,6.51517789053587,6.57279629787026,6.69225241519321,6.82821205375524,6.93534102480686,6.96830513959859,6.74391297899936,6.77378849107112,6.77775160923795,6.59603176441408,6.57020164227168,6.63410190310228,6.82907618571061,7.21258721355312,7.42296671535298
New Zealand,NZL,GDP per capita (current US$),NY.GDP.PCAP.CD,13641.1027183822,13882.8568268586,16874.1874918196,21913.7081719961,25420.234882944,27751.0654708859,26654.5932018985,32479.9817381467,31324.7397977102,28276.7255416225,33761.9009639947,38431.7766788499,40053.6991536369,43000.4646849189,44618.266973847,38665.3723018158,40113.7195382428,42950.3841711138,43257.0769238879,42855.831861632
New Zealand,NZL,Population density (people per sq. km of land area),EN.POP.DNST,14.6507918423151,14.7373817933235,14.9956325244009,15.2945197675743,15.5235274011621,15.6997455470738,15.8922942539212,16.0411682047776,16.1778891800539,16.340435228438,16.5231096426266,16.6495765447571,16.7411036420949,16.8702290076336,17.1527856898713,17.5056017621815,17.9032319319433,18.2811135163875,18.6115225399719,18.8762295393263
New Zealand,NZL,Urban population (% of total population),SP.URB.TOTL.IN.ZS,85.7059660456056,85.7545174444303,85.8061578183401,85.857962055807,85.9017708294597,85.9299325780946,85.9356841665703,85.9291840664852,85.9144723093505,85.8918345477824,85.8614043258228,85.8233151875134,85.777700676896,85.7080129786455,85.5076659530411,85.1518763760531,84.691365594,84.1701025874108,83.8017846685577,83.804965871667
New Zealand,NZL,"Industry (including construction), value added (% of GDP)",NV.IND.TOTL.ZS,23.5899832274969,23.109733358195,23.8583824649914,23.2578095804902,23.5521710155992,23.9417689045459,22.9953954559196,22.9690421217852,23.4180182363135,21.5920234531835,21.3739109959972,21.0821962770197,21.0796325358149,20.3295523823426,21.4447733176352,21.2079712328178,20.173239535132,20.5291845375564,20.3819514710778,20.3679361122366
New Zealand,NZL,Trade (% of GDP),NE.TRD.GNFS.ZS,68.5169268768932,67.2338243520418,62.6559945554479,57.914769345753,58.7995522745359,58.0187434407163,59.6032650403479,58.4251605749091,64.2611448527979,55.0143501856026,58.1047406012087,59.1724105593848,56.9087671962042,55.9861241102171,55.0986550961851,54.851331734287,52.4062478142589,54.1432970416804,55.7664814899437,54.4542971758367
New Zealand,NZL,Renewable energy consumption (% of total final energy consumption),EG.FEC.RNEW.ZS,26.4,24.6,26.6,25.9,28.2,26.8,27,27,26.1,28.5,29.4,30.3,28.8,28.3,29,29.3,30.1,28.4,28.9,28
New Zealand,NZL,Carbon dioxide (CO2) emissions excluding LULUCF per capita (t CO2e/capita),EN.GHG.CO2.PC.CE.AR5,8.55385333229644,8.99577374049736,8.864910725592,8.91989471593166,8.69032415902141,8.75495294999879,8.67562013095636,8.30766134760169,8.49532841917461,7.7665829963278,7.68715379134392,7.46138229927007,7.89151788752524,7.78476396299048,7.81374958485553,7.67750683386124,7.36993275492671,7.53415323250789,7.27125249969391,7.49357181659055
Nicaragua,NIC,"PM2.5 air pollution, mean annual exposure (micrograms per cubic meter)",EN.ATM.PM25.MC.M3,25.4133416442397,25.3226107687654,25.1714026036055,24.9663582365381,24.714118755341,24.4213252477922,23.8278599348014,22.862202398137,21.8138897668651,20.9724591700519,20.6274477367636,23.0111273786789,20.415804406594,22.190051857194,20.337626285854,20.8100394575554,19.6627564192395,19.1972180629137,17.5246038706428,14.9843484599445
Nicaragua,NIC,GDP per capita (current US$),NY.GDP.PCAP.CD,1017.3124434882,1051.874235891,1014.3339042591,1021.35216668794,1098.62118662335,1183.30214010175,1248.17371577788,1350.38145753377,1523.68437086409,1467.08288052845,1526.56706951408,1679.71192084633,1784.69836017555,1835.43996363715,1958.37047579547,2074.45620634731,2131.68704828322,2182.61380995674,2035.16549390507,1958.62051528095
Nicaragua,NIC,Population density (people per sq. km of land area),EN.POP.DNST,41.7370201096892,42.2787518697025,42.7946568057171,43.3020026591325,43.8167857736413,44.391764999169,45.029541299651,45.6809290344025,46.340310786106,47.0051603789264,47.676998504238,48.355085590826,49.0384493933854,49.7244889479807,50.4112680737909,51.100357320924,51.7921389396709,52.4865464517201,53.1833139438258,53.8778211733422
Nicaragua,NIC,Urban population (% of total population),SP.URB.TOTL.IN.ZS,55.2160707858522,55.3522521763064,55.4894961947237,55.6308042935869,55.7791779253789,55.9375480421093,56.1058547675536,56.2816618351146,56.4638124507513,56.651098305894,56.842311091973,57.0362425004184,57.2316842226606,57.4274279501299,57.6222653742564,57.8149881864705,58.0043880782023,58.1892567408822,58.3683858659405,58.5405671448072
Nicaragua,NIC,"Industry (including construction), value added (% of GDP)",NV.IND.TOTL.ZS,20.1553281368856,21.4993404064897,21.462279778213,20.5947609449169,21.396991205962,20.9665631875219,20.8761042755265,20.7270584901063,21.9642332178631,21.0756591800109,21.9687134501788,23.1571014574195,24.5476946484698,25.3876146457155,25.0984490191451,25.7346979136282,25.7948753609806,24.8173354804008,24.9956784644064,24.2809201178084
Nicaragua,NIC,Trade (% of GDP),NE.TRD.GNFS.ZS,61.2984974600022,57.9801315472268,58.0912844080785,62.1750658877514,67.195316780004,71.6457237072991,87.309670832079,93.025730229333,96.7939847302055,86.9936104453444,100.364058423919,111.827453935999,115.177288474198,110.984207880382,106.698200190796,98.194164594236,93.8137278130087,96.3805864351182,93.9847404925404,94.0422159246213
Nicaragua,NIC,Renewable energy consumption (% of total final energy consumption),EG.FEC.RNEW.ZS,58.4,56.7,54.7,51.5,51.2,52.8,53.3,52.6,53.8,54.6,54.4,53.3,53.3,54.3,53,50,49.5,48.9,51.3,50.5
Nicaragua,NIC,Carbon dioxide (CO2) emissions excluding LULUCF per capita (t CO2e/capita),EN.GHG.CO2.PC.CE.AR5,0.750642143274255,0.784932657864608,0.802480199164684,0.868783754557459,0.880651905436692,0.825573439683421,0.861159783755055,0.880041140622672,0.833501745599867,0.803556764919428,0.814142171173605,0.838899676253052,0.82136320433153,0.775237326501605,0.809215605987777,0.893922139285724,0.918114335021321,0.899666272497,0.809411757353033,0.821126102136495
Niger,NER,"PM2.5 air pollution, mean annual exposure (micrograms per cubic meter)",EN.ATM.PM25.MC.M3,86.4658500421261,87.0996143410697,87.6704571380728,88.1359016394849,88.4534710516555,88.5806885809342,88.5265837152172,88.3730477585325,88.1868966414272,88.0349462944483,87.9840126481428,90.9681910382043,88.5686252870793,74.5895053226238,71.6549794121069,107.144665250434,104.911460730569,88.7878831964248,86.0227651747159,72.4703210969872
Niger,NER,GDP per capita (current US$),NY.GDP.PCAP.CD,194.771959898935,205.417936120931,225.294391147438,265.225363452469,283.468281798296,318.643121918273,333.345078419447,387.168065883301,475.044955398162,461.131533961487,474.425692340831,510.75956176268,528.510104469655,552.103334363117,565.30989731175,485.662574175279,502.706475406446,521.804130023434,578.568035680892,561.691304349698
Niger,NER,Population density (people per sq. km of land area),EN.POP.DNST,9.08631088655562,9.41078945290913,9.74906765611431,10.1026162469409,10.4727528222942,10.8598657930054,11.2643727796637,11.6867529801847,12.1275084866188,12.5867806110366,13.0645259335281,13.5598665824584,14.0812891766006,14.6205873529644,15.1700552617036,15.741294702771,16.3304278834768,16.9222752032841,17.5164356201153,18.1161735217494
Niger,NER,Urban population (% of total population),SP.URB.TOTL.IN.ZS,16.1307678222656,16.2687225341797,16.2687206268311,16.2687225341797,16.2687225341797,16.2687225341797,16.2675724894628,16.2641887037781,16.2586706998252,16.2511180003032,16.2416301279116,16.2303066053496,16.2141284004355,16.2162595696064,16.2450424611665,16.3035606587493,16.3898280543236,16.5036987906896,16.6449011799221,16.813146499685
Niger,NER,"Industry (including construction), value added (% of GDP)",NV.IND.TOTL.ZS,18.0983791582371,17.2090719474884,16.5393297044005,17.3087523149077,17.7534672936549,16.3274879150549,16.6265686310414,19.6749864140836,21.2545623661563,22.3397565462644,23.0003411876002,22.7795105220039,26.5372397334702,26.0465019475956,23.6059602383299,22.5383286848915,21.2451950725883,21.0721536929256,19.6976779523853,20.5861804923542
Niger,NER,Trade (% of GDP),NE.TRD.GNFS.ZS,34.7127807043604,33.0136670843015,30.8343857497549,33.3827931416238,36.9641044464896,38.3477418070736,36.5313731842429,35.5028028471007,39.7112440540383,49.5122567031625,51.9459863027627,50.2463951569345,45.08596447308,46.2951491493291,45.7416008365932,44.727430371186,36.4881092245519,39.0711117370149,37.5388483992356,37.1025664250801
Niger,NER,Renewable energy consumption (% of total final energy consumption),EG.FEC.RNEW.ZS,87.6,87.7,87.7,87,87,87.5,87.4,86.2,86.1,83.2,80.7,77.2,72.7,78.7,78.1,78.9,80.2,82,82,80.7
Niger,NER,Carbon dioxide (CO2) emissions excluding LULUCF per capita (t CO2e/capita),EN.GHG.CO2.PC.CE.AR5,0.0609576502459245,0.0592333620817729,0.0593968294482597,0.062264671113131,0.0627702618968002,0.0580683956722907,0.0561793776129525,0.0588032243486555,0.0592504254840624,0.071125383576873,0.0871239576683192,0.0858043617469507,0.11521705528619,0.109995206237097,0.114592549329829,0.108819188928427,0.104777428213515,0.0920857909837752,0.0913914590764974,0.103413157111608
Nigeria,NGA,"PM2.5 air pollution, mean annual exposure (micrograms per cubic meter)",EN.ATM.PM25.MC.M3,67.6048124955521,66.48619526898,63.7295341048324,60.2336147764619,56.8972230572213,54.6191447204634,53.1631058103829,51.7869922895432,50.6308298088503,49.8346440192099,49.5384605715282,55.0630390979346,59.3321391307662,48.1407324958574,48.1823551711454,77.1229282609024,65.4340626973271,63.2053051290842,57.0231990642382,51.7218388551219
Nigeria,NGA,GDP per capita (current US$),NY.GDP.PCAP.CD,547.318298903379,566.428231812933,712.164852077686,763.388745367223,962.48104194733,1211.37703504386,1599.53891556365,1815.52697545827,2154.10543545364,1820.48633854782,2202.25672957344,2418.41316975875,2633.19734671361,2872.79083379398,3088.72131316169,2585.73360671797,2070.4127339595,1876.34027111773,2057.87944554011,3189.81286498516
Nigeria,NGA,Population density (people per sq. km of land area),EN.POP.DNST,138.764445469218,142.585499083193,146.548512796864,150.64466769876,154.876692249415,159.224889928302,163.682745369303,168.28316808854,173.034919902939,177.925781481603,182.969230431393,188.170007795602,193.463360672837,198.787227291193,204.109616039176,209.352391932101,214.591719094832,219.873929751749,225.017024056568,230.009377779242
Nigeria,NGA,Urban population (% of total population),SP.URB.TOTL.IN.ZS,43.2785051250243,44.1262421418539,44.9793025536893,45.8372080921761,46.6994804889599,47.5656414756863,48.424271994461,49.2357987173198,50.0505212312351,50.86453484762,51.6778188255446,52.490352424079,53.302114902293,54.1130855192568,54.9232435340404,55.7325682057138,56.541038793347,57.3486345560101,58.1553347527729,58.9611186427056
Nigeria,NGA,"Industry (including construction), value added (% of GDP)",NV.IND.TOTL.ZS,33.823003290999,28.2762662656489,23.0408371863292,26.0024149026732,28.390040064544,28.2015834476344,25.7516355955536,24.344717837607,24.7142488981493,21.236761481448,25.3174522378126,28.2777998870502,27.0730175029593,25.7423212364316,24.6436085906069,20.160782897492,18.17313172689,22.3151171946859,25.7333065832929,21.0040409408605
Nigeria,NGA,Trade (% of GDP),NE.TRD.GNFS.ZS,..,..,..,..,..,..,..,..,..,..,..,..,..,..,..,..,..,..,..,..
Nigeria,NGA,Renewable energy consumption (% of total final energy consumption),EG.FEC.RNEW.ZS,86,84.5,84.5,82.9,84,83.9,85.8,87.1,85.7,88.1,86,84.1,83.9,81.4,79.9,81.3,81.1,81.6,80.8,80.1
Nigeria,NGA,Carbon dioxide (CO2) emissions excluding LULUCF per capita (t CO2e/capita),EN.GHG.CO2.PC.CE.AR5,0.792790969926579,0.818897081180304,0.720895078592108,0.7843536892773,0.736921009510727,0.710050686175941,0.621989926382773,0.550572897626193,0.581139578438694,0.499337659024901,0.566502430832841,0.606966647220167,0.580337328542393,0.63302873569183,0.660183629190404,0.621244733321397,0.631791150085677,0.579461406473008,0.592412108680957,0.60197968413501
North America,NAC,"PM2.5 air pollution, mean annual exposure (micrograms per cubic meter)",EN.ATM.PM25.MC.M3,12.4652772565592,12.3251297384106,12.1686016468466,11.9893937415586,11.7805523820313,11.5352300617192,11.1211177416343,10.5157130241236,9.87664954548423,9.3617633423196,9.12888292757427,9.166641083554,8.86849527609066,8.59774631808117,8.39707798908019,8.08318973903406,7.30805263494774,7.71537801487198,7.74789633616792,7.07896959072821
North America,NAC,GDP per capita (current US$),NY.GDP.PCAP.CD,35151.3613936987,35831.4569213799,36652.0186585008,38395.5205652019,40788.4744089861,43368.5783940626,45741.2633538401,47727.7701044725,48398.3601410965,46581.4062631638,48545.7752706944,50251.9815319984,51812.8921210048,53133.8537338421,54580.8673039295,55285.5686917861,56112.2253713869,58184.8571647569,60890.5689258698,62874.6117089583
North America,NAC,Population density (people per sq. km of land area),EN.POP.DNST,17.2615410984068,17.4348675310152,17.6000776497052,17.7526765317171,17.917832754583,18.0841751268952,18.2602548803579,18.4350805767394,18.6276912619533,18.7966631708473,18.961333874821,19.1156181527322,19.27427297778,19.4263570205461,19.5855960648071,19.7417224937758,19.9042852164603,20.052778591187,20.1879719521777,20.3117942386777
North America,NAC,Urban population (% of total population),SP.URB.TOTL.IN.ZS,79.0345872598543,79.2668217631087,79.5061441625505,79.7433061273244,79.9700743363795,80.178299105658,80.3600524141266,80.5118307958947,80.6296365766882,80.7058455421621,80.7342788376108,80.739712124815,80.7337652170105,80.7164808734964,80.6863203799841,80.6417223720746,80.5816899364942,80.5059159293977,80.4126136678733,80.2981427760977
North America,NAC,"Industry (including construction), value added (% of GDP)",NV.IND.TOTL.ZS,22.9246857350729,21.9202212740935,21.0983962998437,21.2546824740219,21.5223243144384,21.862542449958,22.2137494722996,22.0864538937575,21.600432065465,19.7663612725225,19.9881922338332,20.1994262232872,19.9129179906159,19.9648855996333,20.0547851280307,19.0415059705041,18.4346631363341,18.8674817249691,19.0909673832834,18.7135887654186
North America,NAC,Trade (% of GDP),NE.TRD.GNFS.ZS,30.0260640256008,27.6951346171638,26.8472966246706,26.6582225240946,28.353601414015,29.405458088413,30.4823201867921,31.2795345195426,33.0400663833457,27.6380218671293,30.9654332343502,33.5593766435031,33.4199285706579,32.7735025853399,32.953701201886,31.1110366043156,29.9310232391542,30.5531390166267,30.9546539826741,29.860572028922
North America,NAC,Renewable energy consumption (% of total final energy consumption),EG.FEC.RNEW.ZS,6.99794051078638,6.29470806028373,6.49353145956929,6.90995667354364,7.1669590453524,7.50163259617031,7.99064384156515,7.94211967922515,8.39672268148695,8.92392050805303,8.88269795903184,9.86206424776275,10.0055359347168,10.3906457230113,10.4893842157596,10.3923884465868,10.724670511025,11.2091690751112,11.3114262085469,11.5807525012806
North America,NAC,Carbon dioxide (CO2) emissions excluding LULUCF per capita (t CO2e/capita),EN.GHG.CO2.PC.CE.AR5,20.6833459817644,20.2883077883494,19.6866526686668,19.7841024212898,19.8268979459965,19.7383286386826,19.2286065633025,19.353539846687,18.5680985631244,17.0829557090398,17.714241417272,16.9926177299797,16.198256259364,16.4836667571847,16.4179821432052,15.9615887086023,15.5421169539778,15.2846155202833,15.6734792437431,15.1594364156996
North Macedonia,MKD,"PM2.5 air pollution, mean annual exposure (micrograms per cubic meter)",EN.ATM.PM25.MC.M3,38.4097368734453,38.3465283909884,38.3051379529426,38.2684224047552,38.2192385918736,38.1404433597452,37.6787626551004,36.7214569855729,35.6121850379648,34.6946054990783,34.3123770557157,40.0646898780776,35.8424435184763,32.7169102539109,33.7775349314159,31.8724776060607,30.0799243464009,30.4645094005313,31.0045303573284,25.8786881284068
North Macedonia,MKD,GDP per capita (current US$),NY.GDP.PCAP.CD,1861.89899780644,1823.02267682636,1989.13537265159,2445.36286400013,2818.5814561242,3120.98401394233,3440.4411057968,4204.11328760452,5026.4202989873,4799.78722768888,4833.36586759968,5416.86672931659,5049.8265386157,5626.26115664893,5925.38592218015,5262.68671928674,5598.48622617967,5955.2973863451,6713.98925398989,6718.85826635458
North Macedonia,MKD,Population density (people per sq. km of land area),EN.POP.DNST,79.6834447502949,80.0189539913488,79.4399134880063,79.5408965788439,79.283759339363,78.8568619740464,78.4226110892646,78.5942528735632,78.1408244153785,77.6678033306899,77.1727993655829,76.8199048374306,76.5194686756542,76.2377478191911,76.0331879460745,75.8298969072165,75.5873513084853,75.2837827121332,74.9028945281523,74.3957969865186
North Macedonia,MKD,Urban population (% of total population),SP.URB.TOTL.IN.ZS,58.4918382392587,58.0943199277127,57.8726144171205,57.8501791693323,57.8527941292946,57.8614206464767,57.8796574341199,57.9111032054655,57.9593566737547,58.0280165522288,58.1206815541291,58.2409503926967,58.3924217811729,58.578694432799,58.8033670608162,59.0700383784659,59.3823070989891,59.7437719356273,60.1580316016216,60.6286848102132
North Macedonia,MKD,"Industry (including construction), value added (% of GDP)",NV.IND.TOTL.ZS,21.4063367196738,20.5865455856541,19.3780672207161,22.4884068866443,21.0384420875685,20.3620070871171,21.6625851152789,20.5809235456128,19.5331292631782,18.9727028474128,21.0422688522191,21.5924220032487,21.0808587045723,22.1404647622691,22.822578658191,23.9221832208017,23.9630460915105,24.2589458765972,24.0504298826712,23.7034834116039
North Macedonia,MKD,Trade (% of GDP),NE.TRD.GNFS.ZS,80.1601473580914,71.4782105684389,71.5334846721143,71.0693204909674,80.8704849956907,85.8410034787176,92.5516664675666,106.092966003288,111.570054713298,87.1767537660809,97.8810691156562,113.19191013947,112.214834702155,104.857229956305,112.537928969299,113.698443879103,116.185408418026,124.13728389629,133.215207648008,138.576231840539
North Macedonia,MKD,Renewable energy consumption (% of total final energy consumption),EG.FEC.RNEW.ZS,19.4,15.2,14.6,17.3,18.2,19,19.8,15.7,15.6,18.4,22.3,18.6,18.3,21.2,21.2,23.9,21.4,19,20.9,17
North Macedonia,MKD,Carbon dioxide (CO2) emissions excluding LULUCF per capita (t CO2e/capita),EN.GHG.CO2.PC.CE.AR5,4.4599896365386,4.53166326106379,4.30169536328117,4.66800973933679,4.56366624904647,4.81870814279944,4.83751837122741,5.2251891516254,5.14447680006979,4.65666929755328,4.71412907992507,5.28745255234082,4.98507374518155,4.57514266277495,4.35528122501704,4.14802110404041,3.99771705905588,4.20312884317705,3.99285143704431,4.62504703500897
Northern Mariana Islands,MNP,"PM2.5 air pollution, mean annual exposure (micrograms per cubic meter)",EN.ATM.PM25.MC.M3,9.35529923168387,9.23231385669407,9.04988367421985,8.83679675175427,8.62184115679037,8.43380495682119,8.27580390481009,8.12748279919523,7.98242327568191,7.83420696997539,7.67641551778095,7.48699128265064,7.5052512813434,8.34132545489065,7.95017675722504,10.0354064990389,8.84992578196304,8.66444820035672,9.62412986327666,9.84143557608585
Northern Mariana Islands,MNP,GDP per capita (current US$),NY.GDP.PCAP.CD,..,..,19227.8894246608,18938.8728389967,18924.5831899653,17015.7487891715,16314.5578590027,15914.2193040498,16430.4461942257,14369.6339810212,14771.4037455399,13598.7166094613,14013.6003306158,14632.8518897608,15945.417608954,17665.1007493109,24225.474169342,31225.6049960968,26509.3628379893,24496.6652122421
Northern Mariana Islands,MNP,Population density (people per sq. km of land area),EN.POP.DNST,148.6,147.791304347826,145.169565217391,142.219565217391,138.995652173913,135.552173913043,131.917391304348,128.132608695652,124.239130434783,120.271739130435,117.589130434783,116.539130434783,115.726086956522,114.691304347826,113.430434782609,111.986956521739,110.376086956522,108.60652173913,106.689130434783,104.628260869565
Northern Mariana Islands,MNP,Urban population (% of total population),SP.URB.TOTL.IN.ZS,90.1578212649113,90.2518305832026,90.3408350832433,90.4244081904616,90.5036416127499,90.5796270580004,90.6534562341057,90.726220848958,90.7990126104496,90.8729232264729,90.9488180328106,91.0253367901352,91.1011927559234,91.1764941872129,91.2512344351276,91.3254068507915,91.3990047853283,91.4720215898621,91.5444506155168,91.6162852134162
Northern Mariana Islands,MNP,"Industry (including construction), value added (% of GDP)",NV.IND.TOTL.ZS,..,..,..,..,..,..,..,..,..,..,..,..,..,..,..,..,..,..,..,..
Northern Mariana Islands,MNP,Trade (% of GDP),NE.TRD.GNFS.ZS,..,..,151.947040498442,152.703793381759,178.099173553719,174.552309142319,159.69696969697,128.571428571429,100.851970181044,84.5283018867925,92.6157697121402,105.075445816187,114.879356568365,120.077720207254,119.831730769231,122.747252747253,152.845528455285,131.410256410256,108.762490392006,104.749787955895
Northern Mariana Islands,MNP,Renewable energy consumption (% of total final energy consumption),EG.FEC.RNEW.ZS,0,0,0,0,0,0,0,0,0,0,0,0,0,0,0,0,0,0,0,0
Northern Mariana Islands,MNP,Carbon dioxide (CO2) emissions excluding LULUCF per capita (t CO2e/capita),EN.GHG.CO2.PC.CE.AR5,0.00146292936977003,0.00147093433749117,0.00149749917637545,0.00152856116537503,0.00156401513966655,0.00160374635147705,0.001647935137273,0.00169661186610339,0.00174978127734033,0.00180750112968821,0.00184873638867834,0.00186539322489181,0.00187849870383589,0.00189544713597938,0.00191651653953774,0.00194121986256163,0.00196955074547496,0.00200164134590364,0.00203761436110602,0.00207774938186956
Norway,NOR,"PM2.5 air pollution, mean annual exposure (micrograms per cubic meter)",EN.ATM.PM25.MC.M3,10.4740973033701,10.1879455331557,9.77123127954717,9.30851275504977,8.88434817216868,8.58329574340912,8.3718056211126,8.17307019719305,8.00676104351433,7.89254973194028,7.85010783433474,8.65989791417676,7.30698815670179,7.02749190738719,7.09267324687363,6.75214227846257,6.23059189808068,6.52155808218128,6.69607752509394,6.38122446338577
Norway,NOR,GDP per capita (current US$),NY.GDP.PCAP.CD,38178.2368777076,38601.897639231,43170.557174499,50250.3298214345,57768.6980958462,67047.1704558264,74434.4996835671,85502.2677087731,97503.5407803783,80347.5700665184,88163.2085931423,101221.813476644,102175.919298374,103553.840134417,97666.6951838749,74809.9658049898,70867.3609970749,76131.8384032764,82792.8427113304,76430.5889473338
Norway,NOR,Population density (people per sq. km of land area),EN.POP.DNST,12.2957995203207,12.358179737381,12.4250062971603,12.4980971624448,12.5721709323083,12.6580888392417,12.760447810231,12.89317004523,13.0548674310872,13.2205484552792,13.3862623342204,13.5610386481366,13.7403297521657,13.9120886837683,14.0704449094514,14.2079384825517,14.3354243797401,14.452576255125,14.5488896436123,14.6479975020132
Norway,NOR,Urban population (% of total population),SP.URB.TOTL.IN.ZS,76.1338922449534,76.3958619273785,76.7955442460288,77.2600021362305,77.5684593888498,77.8260148882032,78.0877227783203,78.4072502632828,78.7541006020666,79.0570820210427,79.245002746582,79.311620451463,79.4905925441617,79.9723980455359,80.6117159535579,81.2378240971353,81.6800003051758,81.9699745912375,82.2452112401723,82.4935894878281
Norway,NOR,"Industry (including construction), value added (% of GDP)",NV.IND.TOTL.ZS,36.7998293058526,35.5696147591,33.6163207375275,33.8137855236301,35.4260864604952,38.3804105782717,40.0562998933421,37.619260274878,40.8115905550248,34.8690747104576,35.3094842115323,37.6245805499,37.4765762389368,36.2739314669769,34.6738352116026,31.5986317732861,28.5306166329967,30.4933671932528,32.6446122707692,29.8244589771798
Norway,NOR,Trade (% of GDP),NE.TRD.GNFS.ZS,74.3125187193698,73.1583039085777,67.5170140875686,66.3207509412935,68.671953774992,70.4694504909023,71.6599299465003,71.9420263082298,74.7852799340995,67.4643154601855,68.2395193584281,69.5987336334833,68.4985528389766,67.9727925936832,69.1373772209037,70.431856540017,69.1168423974699,69.1087817621061,70.0031957894984,70.8958205272987
Norway,NOR,Renewable energy consumption (% of total final energy consumption),EG.FEC.RNEW.ZS,60.2,59.6,59.5,56.2,56.9,58.6,57,57.4,58.5,56.7,56,56,56.9,56.6,55.8,56.5,57.7,58.9,58.9,59.8
Norway,NOR,Carbon dioxide (CO2) emissions excluding LULUCF per capita (t CO2e/capita),EN.GHG.CO2.PC.CE.AR5,9.30078087859475,9.367707700314,9.16323116929134,9.73649765436142,9.7760844615857,9.3683698473663,9.44326328556989,9.5358549616035,9.87892316868461,9.34509433751263,9.81436424221947,9.47669413505272,9.2436037096601,9.22857857758341,9.1470465028638,9.24221086700149,9.04975223129384,8.98402264330578,8.78033462878555,8.47933467666537
Not classified,INX,"PM2.5 air pollution, mean annual exposure (micrograms per cubic meter)",EN.ATM.PM25.MC.M3,..,..,..,..,..,..,..,..,..,..,..,..,..,..,..,..,..,..,..,..
Not classified,INX,GDP per capita (current US$),NY.GDP.PCAP.CD,..,..,..,..,..,..,..,..,..,..,..,..,..,..,..,..,..,..,..,..
Not classified,INX,Population density (people per sq. km of land area),EN.POP.DNST,..,..,..,..,..,..,..,..,..,..,..,..,..,..,..,..,..,..,..,..
Not classified,INX,Urban population (% of total population),SP.URB.TOTL.IN.ZS,..,..,..,..,..,..,..,..,..,..,..,..,..,..,..,..,..,..,..,..
Not classified,INX,"Industry (including construction), value added (% of GDP)",NV.IND.TOTL.ZS,..,..,..,..,..,..,..,..,..,..,..,..,..,..,..,..,..,..,..,..
Not classified,INX,Trade (% of GDP),NE.TRD.GNFS.ZS,..,..,..,..,..,..,..,..,..,..,..,..,..,..,..,..,..,..,..,..
Not classified,INX,Renewable energy consumption (% of total final energy consumption),EG.FEC.RNEW.ZS,..,..,..,..,..,..,..,..,..,..,..,..,..,..,..,..,..,..,..,..
Not classified,INX,Carbon dioxide (CO2) emissions excluding LULUCF per capita (t CO2e/capita),EN.GHG.CO2.PC.CE.AR5,..,..,..,..,..,..,..,..,..,..,..,..,..,..,..,..,..,..,..,..
OECD members,OED,"PM2.5 air pollution, mean annual exposure (micrograms per cubic meter)",EN.ATM.PM25.MC.M3,18.1979202022799,17.9671072734851,17.6363789555696,17.2536044048975,16.8647655740375,16.5165387072113,16.1421289226212,15.6952583351851,15.2688308064012,14.9433530406478,14.8015721724378,15.4367232093997,14.4422288766953,14.4593633314037,14.0086599024063,13.8881671718144,13.1674367904382,13.2169830118644,13.0757295843327,12.2974212282563
OECD members,OED,GDP per capita (current US$),NY.GDP.PCAP.CD,23049.6329362256,22671.1632008523,23479.8118974849,26073.4116073956,28822.9827767557,30274.0543423729,31719.3360872902,34485.4326856798,36330.0253989704,33747.3871210811,35162.1991743522,37631.4111773315,37353.4975162109,37640.7879025687,38191.0527518506,35779.9123271942,36229.3490773616,37605.270624989,39552.6956716291,39708.8864576635
OECD members,OED,Population density (people per sq. km of land area),EN.POP.DNST,33.8553313965611,34.1057122222379,34.3584288622996,34.6089826266917,34.8594422262491,35.1062431900061,35.362843507418,35.6156738297013,35.9119658727105,36.1719992971992,36.4164204032083,36.612240655594,36.8396776301414,37.0549984404741,37.2805284515087,37.5125065390958,37.7402639098425,37.9659116421334,38.2000604347237,38.4162625914934
OECD members,OED,Urban population (% of total population),SP.URB.TOTL.IN.ZS,75.6030538705326,75.9157928265237,76.3049705223407,76.724197088238,77.134919561599,77.4936924595116,77.7888469764318,78.0642096289465,78.3181788893632,78.5473387767398,78.7569427727752,78.9249730148856,79.1610424174922,79.5300908320047,79.9154433383975,80.2234060840687,80.3858304019222,80.4525361907853,80.5375650291866,80.6506807759512
OECD members,OED,"Industry (including construction), value added (% of GDP)",NV.IND.TOTL.ZS,25.9686813598688,24.9118044750053,24.2086040083852,24.1054240532865,24.232690382649,24.3363778439272,24.5516520565988,24.4051640128807,24.1236644363611,22.5268637399112,22.9922117444654,23.0887897037953,22.8942785008248,22.6654348984922,22.6268428787945,22.1769468589271,21.8656130030577,22.1505457959154,22.2682805920298,21.9339764770682
OECD members,OED,Trade (% of GDP),NE.TRD.GNFS.ZS,46.534067458032,45.2983384003555,43.9440166913101,43.6586466918344,45.9205478825801,47.8020579797862,50.4825046161208,51.5718790530773,53.7397893077779,46.8151221511615,51.3749798935763,55.1446791568073,55.5603613008186,55.2364422331733,55.3540917702241,54.326966680855,53.2538860639634,55.1566982734809,56.5031104357881,55.8638308489572
OECD members,OED,Renewable energy consumption (% of total final energy consumption),EG.FEC.RNEW.ZS,7.75334126302278,7.39910129078992,7.48717816862848,7.76822251221727,7.99792720526407,8.2750689008543,8.75159229776806,9.008152485838,9.51078406141571,10.1205121168934,10.3743144709912,10.9046224842115,11.3823454495312,11.877535320146,12.1275743053496,12.2611450949417,12.432384629223,12.7954391065077,13.2024399046234,13.6864487000325
OECD members,OED,Carbon dioxide (CO2) emissions excluding LULUCF per capita (t CO2e/capita),EN.GHG.CO2.PC.CE.AR5,11.1466676951584,11.0451257907479,10.8996770369125,11.0175625699252,11.0447256782783,11.002658960208,10.875991700638,10.9265590021945,10.5674461796345,9.85845907240483,10.2228507332779,9.99263884192274,9.79069258940947,9.7733425966607,9.53910131638506,9.42977982040166,9.31631385898117,9.26106695485271,9.23662026752913,8.91808812761882
Oman,OMN,"PM2.5 air pollution, mean annual exposure (micrograms per cubic meter)",EN.ATM.PM25.MC.M3,46.856337239182,46.9093110611639,46.942912732487,46.9562614200604,46.9484762907932,46.9186765115943,46.4375473768157,45.3496773973946,44.0650405651187,42.9936108717757,42.5453623091529,49.2481622561594,52.3107821072608,47.6490783670685,41.256352667596,47.9189950499705,45.4803385490064,48.7046852088573,49.6250528984572,44.8977643665473
Oman,OMN,GDP per capita (current US$),NY.GDP.PCAP.CD,9753.84755185404,9611.96360191054,9869.13050219438,10463.5425832141,11800.8507411171,14434.8577924647,16930.8565071853,18792.653772482,26576.779241509,20655.9180249218,23570.1798147325,25188.0074151885,24642.2978768596,23458.0233840053,23160.6502252547,18808.3077921839,17110.1897460545,17820.0661809335,19901.7615642016,19180.1864152801
Oman,OMN,Population density (people per sq. km of land area),EN.POP.DNST,7.37360581583199,7.464352180937,7.5513408723748,7.63746688206785,7.77001938610662,7.94766397415186,8.12534733441034,8.30427786752827,8.48636187399031,8.67418093699515,8.90935702746365,9.94107592891761,11.4607625201939,12.3874410339257,12.9319515347334,13.5214701130856,14.1870016155089,14.6604071082391,14.8558222940226,14.8343812600969
Oman,OMN,Urban population (% of total population),SP.URB.TOTL.IN.ZS,71.5400835229196,71.5179623016414,71.5013318111475,71.4926171971641,71.5428923484265,71.8577803438712,72.3920261203777,73.0679250158092,73.807772368029,74.5338635149003,75.1579724666274,75.6585803514688,76.088156621068,76.4914234214313,76.8892576748951,77.3025363037955,77.7521362304688,78.3142260040136,78.9655839720276,79.5780017545962
Oman,OMN,"Industry (including construction), value added (% of GDP)",NV.IND.TOTL.ZS,56.1632471841847,53.2718052025626,52.8284867004183,52.5914554000484,53.36473693375,60.285371070288,60.292833102235,57.7212395336941,63.599715349163,57.5656243990977,63.2733093237295,68.1872487230601,67.5378696587491,64.9283987461105,62.0562918738146,53.0988656602003,47.9402499394191,49.5943955174432,53.893815370623,51.3792329456517
Oman,OMN,Trade (% of GDP),NE.TRD.GNFS.ZS,81.4132822358275,84.5270024947002,83.6537485764543,84.846636733578,88.611307129045,86.7613020421318,86.1457079854133,94.8657889777347,94.7619029877161,91.6279353346997,96.3865546218487,101.641731939942,102.0747604043,112.543521763774,102.27872108813,96.3775801852347,82.8642642018901,88.9531480182956,89.2792178262847,86.4782010313236
Oman,OMN,Renewable energy consumption (% of total final energy consumption),EG.FEC.RNEW.ZS,0,0,0,0,0,0,0,0,0,0,0,0,0,0,0,0,0,0,0,0
Oman,OMN,Carbon dioxide (CO2) emissions excluding LULUCF per capita (t CO2e/capita),EN.GHG.CO2.PC.CE.AR5,11.5318533423366,12.3287119781389,13.0297714300384,13.6147958622487,13.2140812143607,13.4330730684827,16.7589405895908,17.7305116307301,17.0293950685486,17.5455802766757,18.6742369569522,19.4168676625401,19.0117803076649,18.4231097575767,18.7456448430569,18.9549319636454,18.3626186750392,17.9309674535791,18.3513173579893,18.6062766036459
Other small states,OSS,"PM2.5 air pollution, mean annual exposure (micrograms per cubic meter)",EN.ATM.PM25.MC.M3,20.771389810809,20.6794356397472,20.4683998908443,20.1915898953463,19.9089465796559,19.6958899362711,19.4392056131496,19.0465873362221,18.6219008742234,18.2792666769816,18.1172863451398,19.3673537352068,20.4418497977306,19.4746132638003,18.8195121222492,19.6115523816312,18.5839861042619,18.6715070500379,18.2395328707061,17.74381796293
Other small states,OSS,GDP per capita (current US$),NY.GDP.PCAP.CD,4847.45033301194,4780.95492978974,5142.08694078179,6311.76435003034,7419.39387365304,8233.33980947954,9046.58680529661,10758.3750236866,11515.1421303682,9809.38880958963,10149.5632621314,11469.9518928722,11084.1020617547,11421.795928003,11682.6165859401,10359.1182462574,10813.3826960431,11950.9740553004,13025.990833966,12907.6162560274
Other small states,OSS,Population density (people per sq. km of land area),EN.POP.DNST,37.3282002585605,37.9896308838728,38.6549284763615,39.1637473733988,39.8063199993859,40.2238598592144,38.692760266873,39.1636312539235,39.6464078718776,40.1096653868053,40.5582215279501,40.9783139566717,41.4158602690223,41.6913810969513,42.1444543421746,42.6214772665297,43.0881692127593,43.702265785042,44.1414058010025,44.6748012134527
Other small states,OSS,Urban population (% of total population),SP.URB.TOTL.IN.ZS,51.5353428587807,51.5216368911635,51.517528369826,51.5855834027652,51.7171153727948,51.8462582464215,51.9795232738831,52.1433573807164,52.3216948638063,52.4747905219688,52.5708962840155,52.6428502012722,52.7289447956897,52.8229475994541,52.9439535683465,53.0938477646158,53.2560302540443,53.4441254377598,53.6519140670653,53.8727328667505
Other small states,OSS,"Industry (including construction), value added (% of GDP)",NV.IND.TOTL.ZS,29.2465834027712,28.1037637230945,27.6064819508497,27.34842831187,27.3845993168713,28.114255724471,29.1539023606796,27.7105393763512,28.9562085865805,25.2369473856087,26.0664604175095,27.7440453949814,27.4692374858403,26.0286716334403,24.6367207422356,22.6294544412352,21.5400762574178,21.3898201959064,21.9330075948313,21.8045344021911
Other small states,OSS,Trade (% of GDP),NE.TRD.GNFS.ZS,118.255040556278,117.040406205058,113.311813613671,106.916022240314,108.708260296227,111.044105388371,115.805444138093,115.216873283869,118.531567750872,109.364504535334,119.126686482258,128.360268155001,131.07383729886,134.032600749168,132.582084724743,132.437583359015,129.901502426289,132.347378512211,134.560562449216,136.659428766832
Other small states,OSS,Renewable energy consumption (% of total final energy consumption),EG.FEC.RNEW.ZS,34.8842401021711,34.4060049627792,34.8973229496228,34.679399243141,34.4053686635945,34.9750106337729,33.1250047938639,34.3738268461259,36.1920582047686,39.4830543154762,40.1984612532443,40.4458062116422,40.7171691176471,41.1903048108704,41.5939404934688,42.5760198652004,42.1565383945673,41.4366535230585,42.3626099950191,42.3904707420726
Other small states,OSS,Carbon dioxide (CO2) emissions excluding LULUCF per capita (t CO2e/capita),EN.GHG.CO2.PC.CE.AR5,4.68011265016536,4.67315460987159,4.51551061895615,4.86291684247289,4.92245829645191,4.86435854846612,5.09417150798256,5.40621756077562,5.26800984804302,4.77906855608521,5.1074364173278,5.07746483602155,4.93245142381184,5.08590309409127,5.06808491530847,4.70098555335138,4.664123635007,4.78282475224104,4.85338243085182,4.08550723028829
Pacific island small states,PSS,"PM2.5 air pollution, mean annual exposure (micrograms per cubic meter)",EN.ATM.PM25.MC.M3,13.0349343127279,13.0312441510004,12.9641891238656,12.8667582390062,12.7726546233058,12.7167139012411,12.6947349836181,12.6776004837122,12.662945351964,12.6482668293964,12.6316023090488,12.6071780280279,12.7094219791792,12.7974306939972,12.558685791009,12.3695082529369,12.5800998210283,12.5113266643808,13.1563320501503,13.2360653228674
Pacific island small states,PSS,GDP per capita (current US$),NY.GDP.PCAP.CD,1686.60570445369,1637.06349284566,1695.01149741751,1997.28052538689,2270.72657843606,2492.38724073066,2586.87375078468,2819.69749738645,2989.2238467677,2668.40106360978,2900.92919415648,3339.33261214487,3493.08705679511,3584.6215764592,3846.91150223659,3722.7745565917,3856.70459060951,4099.79965867267,4247.0901276249,4136.34140894161
Pacific island small states,PSS,Population density (people per sq. km of land area),EN.POP.DNST,31.8111214953271,32.2289252336449,32.6366510903427,33.0310280373832,33.4190809968847,33.8010747663551,34.1785825545171,34.5518691588785,34.902476635514,35.2407476635514,35.6604205607477,36.1510747663551,36.6343302180685,37.1173052959502,37.6065109034268,38.0995171339564,38.5949221183801,39.1270303975058,39.626017147311,40.0414029618083
Pacific island small states,PSS,Urban population (% of total population),SP.URB.TOTL.IN.ZS,34.4384447632436,34.6619604187205,34.8877089235958,35.1147126058522,35.3445584610991,35.5766876832043,35.8286942547922,36.1307516644457,36.4580807336993,36.7882107583247,37.0835259513667,37.2915597502513,37.5021404218298,37.7261145063194,37.9658622454185,38.2258875864973,38.5106153371305,38.8043513180851,39.0330726122061,39.2708800377762
Pacific island small states,PSS,"Industry (including construction), value added (% of GDP)",NV.IND.TOTL.ZS,16.4681329235721,17.1681162166009,17.5510944594806,16.6603088344013,17.3769191844886,15.2984927227811,15.084889932477,14.8778318005619,15.2368615470003,15.1030975265522,14.9281101460217,15.8698259467502,15.3288771079786,14.5693523720157,14.0632419539571,14.0762082635845,14.7234002996076,14.4667313159675,14.166390921629,15.0138572379111
Pacific island small states,PSS,Trade (% of GDP),NE.TRD.GNFS.ZS,..,..,..,..,..,..,..,..,..,..,..,..,..,..,..,..,..,..,..,..
Pacific island small states,PSS,Renewable energy consumption (% of total final energy consumption),EG.FEC.RNEW.ZS,43.3202099737533,38.2140664961637,41.8976,37.7193798449612,35.0321596244131,37.4314960629921,36.3674816625917,34.2550368550369,36.9616666666667,34.7113372093023,29.6785326086957,31.4028947368421,31.2037135278515,31.0864532019704,31.2214953271028,31.3321759259259,28.8504854368932,28.9891402714932,27.3537444933921,27.3889848812095
Pacific island small states,PSS,Carbon dioxide (CO2) emissions excluding LULUCF per capita (t CO2e/capita),EN.GHG.CO2.PC.CE.AR5,2.05682489225246,2.22585021388557,1.65014296466379,1.89494254434611,1.97799585645338,1.96080328880397,1.98563072372754,1.7927356495945,1.59920454814238,1.83291962363025,2.08408407621389,1.9874195301045,2.45377826834541,1.76257726304287,1.59741510923491,1.56644204041801,1.5303532093467,1.48848664879946,1.5765876517353,1.57319625516223
Pakistan,PAK,"PM2.5 air pollution, mean annual exposure (micrograms per cubic meter)",EN.ATM.PM25.MC.M3,59.1634156257704,59.2619346333226,59.3494608897258,59.3699841751069,59.2674942695927,58.9859809533101,57.4454012873738,54.3352703751572,50.7539150601749,47.7996621859414,46.5708385959715,55.754979166674,66.8719540673752,68.5813248667094,71.7121701033462,68.0068767608943,68.5228297189002,61.7967274713574,62.3894976390133,52.8571976958305
Pakistan,PAK,GDP per capita (current US$),NY.GDP.PCAP.CD,642.338346499898,609.939506905073,599.937345723927,672.44178669894,771.902247348954,827.619861189926,900.873564984808,998.090114197524,1067.04324565284,963.788066395225,987.304571124485,1131.73513834324,1204.36475491585,1225.4340119198,1266.61340849959,1380.47020838317,1424.69161195897,1519.23459514248,1569.33814626355,1390.41690981745
Pakistan,PAK,Population density (people per sq. km of land area),EN.POP.DNST,200.912109537152,206.609208955998,211.735353102947,216.778549190536,222.195413034454,227.601198630137,233.087756849315,239.328080894562,245.821804950187,252.148886986301,258.456630085098,264.303218399751,269.389691002491,273.809124636779,277.948120330012,281.873810450394,285.568271326276,289.635179275633,294.376416562889,299.399256693649
Pakistan,PAK,Urban population (% of total population),SP.URB.TOTL.IN.ZS,33.0046884491535,33.1988471664032,33.3857078542752,33.5669209665019,33.7441369568158,33.9190062789495,34.0931793866356,34.2683067336065,34.4460387735948,34.6280259603331,34.8159187475539,35.0113675889897,35.2160229383731,35.4315352494366,35.6595549759128,35.9017325715342,36.1597184900333,36.4351548223399,36.7478511550359,37.1091631735769
Pakistan,PAK,"Industry (including construction), value added (% of GDP)",NV.IND.TOTL.ZS,17.1836347813683,17.5934942779914,17.1588876671988,17.3885833649452,18.9071452885794,19.9330293059047,20.199119664936,19.9449553163591,21.1955484525846,20.3372467582902,20.9650197800876,21.1864809532945,21.9583720724829,20.8910295084645,20.8659912298838,19.602614668814,18.1501179723214,18.0993270885214,18.5890515927482,19.5638945814483
Pakistan,PAK,Trade (% of GDP),NE.TRD.GNFS.ZS,21.4599638884654,23.5772074298467,23.1290159545291,24.6501585248398,24.8083348519064,29.8784940550747,33.0497193672284,30.7878814312746,34.3489608135242,33.3268872863988,31.9890020462315,32.3626382751438,31.3189732760076,30.8902743401844,29.4698256903998,26.6881860172247,24.7015780480573,25.472035002344,27.6260570796337,28.9055769867032
Pakistan,PAK,Renewable energy consumption (% of total final energy consumption),EG.FEC.RNEW.ZS,51,51.5,51.4,50.1,47.9,48,47,44.9,46.6,46.4,47.4,46.8,47.2,48.1,47.2,45.9,43.7,42.1,43.4,45.9
Pakistan,PAK,Carbon dioxide (CO2) emissions excluding LULUCF per capita (t CO2e/capita),EN.GHG.CO2.PC.CE.AR5,0.722433695019472,0.715614685361213,0.694336050345593,0.703114269808277,0.767369779199701,0.763286111855279,0.808708952431645,0.877889118869624,0.825212305875015,0.823532021617383,0.781255493557947,0.761925389822866,0.756547286914094,0.761812998094914,0.78969023760602,0.820485873767654,0.893970251114536,0.955309760765795,0.891523323526385,0.861524807145574
Palau,PLW,"PM2.5 air pollution, mean annual exposure (micrograms per cubic meter)",EN.ATM.PM25.MC.M3,7.22284968187368,7.19917041633027,7.17375102221071,7.14279221821298,7.10249472303506,7.04905925537493,6.88061711983826,6.56755453223822,6.21445457808398,5.92590034288471,5.80647491214958,6.55202461166189,6.91010906908075,6.83322852151998,7.36831173894939,8.9368293884579,7.01158253537855,7.00179922406389,7.89247642068436,7.7458949684632
Palau,PLW,GDP per capita (current US$),NY.GDP.PCAP.CD,7798.07504193852,8239.26354006532,8340.18981304558,7862.3931898737,8393.73052541231,9635.28357539048,9881.65970716981,10402.5367528907,10577.501907762,10147.7741092815,10221.9163762354,10993.6038613491,12137.1732239921,12698.9240118945,13863.4544155068,16154.0532152373,17150.4759377239,16401.7847567871,16166.9671073752,15846.7968470167
Palau,PLW,Population density (people per sq. km of land area),EN.POP.DNST,41.6913043478261,42.0695652173913,42.3978260869565,42.7369565217391,43.0869565217391,43.0847826086957,42.5934782608696,41.9608695652174,41.3239130434783,40.6717391304348,39.9913043478261,39.3,38.6195652173913,38.3652173913043,38.5108695652174,38.6304347826087,38.6891304347826,38.7217391304348,38.7260869565217,38.6913043478261
Palau,PLW,Urban population (% of total population),SP.URB.TOTL.IN.ZS,69.5876201801789,70.5337109001769,72.3817031907384,74.5444848058291,76.445323887982,77.574268209537,78.306895759147,79.019601300651,79.6639213135968,80.2186712923386,80.6626667312304,80.9747231246263,81.1285663568435,81.0756895339142,80.7338640362566,80.388246269234,80.1089335766065,79.8284579022498,79.5520868568744,79.2803814152827
Palau,PLW,"Industry (including construction), value added (% of GDP)",NV.IND.TOTL.ZS,14.514815887267,18.0489669330534,21.4159130551758,17.5173954501465,15.1582911347474,13.4058206780497,11.5471464275683,10.8073757207828,8.91521358713081,8.76818551012762,9.77806970315764,8.53505137130915,8.1220574144124,7.92058443910063,7.61030587152901,7.93365213381965,10.0467475510862,8.06727947248155,8.97198406718992,11.2363131549702
Palau,PLW,Trade (% of GDP),NE.TRD.GNFS.ZS,..,..,..,..,..,118.684212734217,126.265837749007,114.786531729944,126.283114552247,111.737676211137,120.658686278989,135.599929518963,143.64119233429,142.194634239769,145.702065814239,126.495484250397,118.020274395929,121.741750995626,117.866019647923,115.461972278731
Palau,PLW,Renewable energy consumption (% of total final energy consumption),EG.FEC.RNEW.ZS,0,0,0,0,0,0,0,0,0,0,0,0,0,0,0.3,0.4,0.6,0.6,0.6,0.9
Palau,PLW,Carbon dioxide (CO2) emissions excluding LULUCF per capita (t CO2e/capita),EN.GHG.CO2.PC.CE.AR5,110.647617061216,122.137246796197,74.0450187150695,87.3950862200519,76.7810292633703,87.552348756244,86.6533966212423,71.6868718267537,73.533589352412,116.190068950772,114.73689932594,131.081978094922,202.865184351252,103.371486854034,71.5608241603161,67.2706809229038,64.3029724110805,67.1682012126656,69.0748849219715,71.2608158220025
Panama,PAN,"PM2.5 air pollution, mean annual exposure (micrograms per cubic meter)",EN.ATM.PM25.MC.M3,19.0802656518594,18.9634872971769,18.7165070963527,18.3823010749667,18.0038452585985,17.6241156728278,17.130398873231,16.4824078207149,15.8317581488557,15.3300654912291,15.1289454814112,15.8945138063768,14.6776716917331,15.3884130435778,14.8554074199235,14.7706187901647,13.8724498973293,13.844753026596,13.2136956449094,11.8842931085395
Panama,PAN,GDP per capita (current US$),NY.GDP.PCAP.CD,3975.09310275544,3991.77672094655,4090.58616456082,4264.66428949623,4644.56581177581,5017.74110414832,5528.76705854901,6317.8173051466,7347.59049046839,7796.92618363433,8331.46422259967,9662.29590911979,11064.8063662003,12273.3224983788,13213.1989591137,14082.6548434996,14832.3611652459,15694.6297518495,16151.3273433486,16477.9066268111
Panama,PAN,Population density (people per sq. km of land area),EN.POP.DNST,40.4946058649448,41.2905165456013,42.0950228679042,42.9083535108959,43.7335889157923,44.5658595641646,45.3998385794996,46.2401129943503,47.0896959913909,47.9470137207425,48.8099946193167,49.6839521119182,50.5684153887544,51.4572101156847,52.5108067997841,53.4273475445224,54.3589584457636,55.298259579061,56.1857643569695,57.0868158533297
Panama,PAN,Urban population (% of total population),SP.URB.TOTL.IN.ZS,62.2165370013582,62.6337017277411,63.0330904426342,63.4079949945516,63.7553758418416,64.0721934428526,64.355408255933,64.6019807394311,64.8088713516952,64.9730405510737,65.0926097647906,65.1896678664818,65.2829468288151,65.3709770103365,65.4531164770096,65.5287232947981,65.5971555296656,65.6577712475758,65.7099285144924,65.752985396379
Panama,PAN,"Industry (including construction), value added (% of GDP)",NV.IND.TOTL.ZS,18.301557181659,16.4037220567523,15.5868422953254,16.7622315935696,17.1143205033941,16.9418882346097,17.0590241541399,17.3951362456171,19.4422776642603,18.8451292858244,18.7740620895039,19.3755839924897,20.9812468831741,24.4155078532725,25.7779037541134,26.578949117256,27.4158212440648,28.2545621203247,28.3264605966594,28.4159326937794
Panama,PAN,Trade (% of GDP),NE.TRD.GNFS.ZS,139.197934301758,135.584350668206,126.024482739773,117.267478912327,124.761756836196,139.211164757519,141.472571182754,148.665601032972,164.586286421944,137.046021377188,145.448718647896,158.20839556043,153.208620289839,133.071568994167,114.970604967371,96.5791573893461,84.3959718486228,84.0475372059131,86.1309615270001,80.4286505707227
Panama,PAN,Renewable energy consumption (% of total final energy consumption),EG.FEC.RNEW.ZS,27.7,24,28.7,27.4,28.2,22.8,22.1,22.8,23.4,20.4,20.6,19.7,21.2,20.7,19.8,22,22.1,23.6,24.5,19
Panama,PAN,Carbon dioxide (CO2) emissions excluding LULUCF per capita (t CO2e/capita),EN.GHG.CO2.PC.CE.AR5,1.72414079469992,2.02167297543571,1.72892465641361,1.71837982674187,1.69444397452598,2.1436596030336,2.21959903099948,2.17542451032585,2.07330185725614,2.43388683757432,2.52989154024971,2.7068055952273,2.77914034053547,2.68272349907681,2.76763115859532,2.68464798922232,2.64685340546218,2.47597596022355,2.38158191493956,3.10862634897395
Papua New Guinea,PNG,"PM2.5 air pollution, mean annual exposure (micrograms per cubic meter)",EN.ATM.PM25.MC.M3,17.9637498545198,17.7519770309355,17.2763506725535,16.7159212631198,16.2497392863798,16.0568552260794,16.1763663311866,16.4575528114311,16.7947395917014,17.082251596886,17.2144137518733,16.4633105206394,16.4683365083609,16.4981287099923,16.3724587034254,16.8683385698187,16.1543562654462,15.9304225286163,16.9173285412659,16.8882962616477
Papua New Guinea,PNG,GDP per capita (current US$),NY.GDP.PCAP.CD,635.957919047725,537.847459634131,506.331789534482,577.467922387259,620.596147680561,744.486489977433,1238.18282926706,1370.753415829,1624.79319935188,1568.83193368607,1866.86889851208,2288.37591141234,2635.0873631547,2560.77458976327,2723.17529825196,2484.5963398603,2316.39479758492,2477.76530986323,2566.36833735041,2575.77274140393
Papua New Guinea,PNG,Population density (people per sq. km of land area),EN.POP.DNST,12.2268780638608,12.6494612021375,13.0813121052864,13.5229364483505,13.9735039526565,14.4325067349733,14.9002340679239,15.3763745970057,15.8614185399461,16.354807225191,16.8562535883054,17.3549132182131,17.8452281058164,18.3339177670803,18.8213598021464,19.306730556905,19.7891577971117,20.268325751888,20.744850505675,21.2185001987369
Papua New Guinea,PNG,Urban population (% of total population),SP.URB.TOTL.IN.ZS,13.2228772276955,13.1864094716078,13.1530694608835,13.1226067833938,13.0951673752744,13.0708971726612,13.04994211169,13.0324481284965,13.0185611592166,13.008427139986,13.0021920069407,13.0000025015364,13.0143796071362,13.0582475733094,13.1316404025265,13.2341359836319,13.3653651942392,13.5249644881888,13.7125720532162,13.9278267446947
Papua New Guinea,PNG,"Industry (including construction), value added (% of GDP)",NV.IND.TOTL.ZS,39.3290741387457,38.4906168540731,34.9054094633435,35.2516732907512,36.990625566481,..,35.3656202972197,34.5397977398031,34.3859870110461,29.7716417489587,33.1688098579341,31.3362203529409,27.5731803314458,26.5405471816928,32.7848336169925,34.8049301310481,34.7299715804552,36.3598597357265,36.9240450738372,36.711080935275
Papua New Guinea,PNG,Trade (% of GDP),NE.TRD.GNFS.ZS,115.421837958873,117.580367053663,118.919110291279,123.449069006746,131.082911016249,..,..,..,..,..,..,..,..,..,..,..,..,..,..,..
Papua New Guinea,PNG,Renewable energy consumption (% of total final energy consumption),EG.FEC.RNEW.ZS,66.4,63.4,62.5,60.4,57.5,58.6,58.9,57.1,56.9,56,55.2,54.7,55.5,58.3,56.9,55.3,54.8,54.7,53.4,53.2
Papua New Guinea,PNG,Carbon dioxide (CO2) emissions excluding LULUCF per capita (t CO2e/capita),EN.GHG.CO2.PC.CE.AR5,0.526361985340968,0.61844116237681,0.68600572957171,0.739598664075113,0.761531096274503,0.800164629075851,0.78804396151589,0.758816344730873,0.710287982656834,0.668364468858039,0.554318104497753,0.568647823877457,0.527248406524125,0.551230455449542,0.64972585602458,0.683258826298608,0.738809232783268,0.629630686826063,0.522006835266501,0.52413307926623
Paraguay,PRY,"PM2.5 air pollution, mean annual exposure (micrograms per cubic meter)",EN.ATM.PM25.MC.M3,13.555186049266,13.4456009940226,13.2274142700835,12.966481503164,12.7286583189791,12.5798003432443,12.4981511047327,12.4250915061089,12.3711832339251,12.3469879747333,12.3630674150856,13.0739532959182,12.3612452179307,11.7070023253943,11.4592064094704,10.4338184152061,10.4105012225018,10.2879780314547,10.4898126276478,10.1222564891858
Paraguay,PRY,GDP per capita (current US$),NY.GDP.PCAP.CD,1736.11729210765,1637.68615122932,1367.76506935997,1443.99885236205,1786.21533938543,1970.87169852378,2439.43124694576,3211.93621659546,4384.95469437803,3941.84815479431,4750.96273669458,5805.40154542925,5642.16991672846,6435.68342733004,6652.25478942461,5879.33792308762,5775.15963399596,6152.2671153779,6258.44991640984,5821.18199548738
Paraguay,PRY,Population density (people per sq. km of land area),EN.POP.DNST,12.8388321167883,13.0573596778253,13.242708280896,13.4065844450038,13.5619808708784,13.7128039265039,13.8564007047571,13.9929171910395,14.1293078278379,14.2744424867858,14.4424137931034,14.6353536370501,14.842708280896,15.0577523282155,15.2776516486282,15.5023986911654,15.7289856531588,15.9543418071986,16.1776541656179,16.3983337528316
Paraguay,PRY,Urban population (% of total population),SP.URB.TOTL.IN.ZS,57.5141169408231,57.9686577349574,58.3089732866691,58.5521334403429,58.7421370296254,58.894079141979,59.0202286834627,59.1328545601355,59.2442256780564,59.3666109432844,59.5122792618786,59.693499539898,59.9212909454702,60.2375315600901,60.7101965948157,61.3302768533263,62.0827613208606,62.9526389826574,63.9248988239553,64.9845298299929
Paraguay,PRY,"Industry (including construction), value added (% of GDP)",NV.IND.TOTL.ZS,35.5635329986887,38.5619118460378,42.1710275465435,40.2733826715247,38.4052880586144,39.2893886541103,38.3057903240628,37.1011236408528,36.7688484491586,37.38083932116,34.6039155110683,34.0345623930043,34.5140981436728,33.232924993924,33.6080758464952,34.582253753407,34.4967803217785,34.3937589134318,33.556175213621,33.4893114330734
Paraguay,PRY,Trade (% of GDP),NE.TRD.GNFS.ZS,78.6447297611485,72.6056990118238,79.4415656482927,81.1273637701163,80.1044466155542,85.0219636540457,84.7335313048126,79.0011374202968,80.7775746572591,70.8419818624334,81.2575233746789,78.4921238489902,74.7649574561086,73.369871384133,69.0837249630891,66.9150655259457,67.7593152322119,71.0801344038459,72.0692236259495,71.2221617342433
Paraguay,PRY,Renewable energy consumption (% of total final energy consumption),EG.FEC.RNEW.ZS,70.4,69.8,67.7,67,66.8,68.8,66.5,68.4,65.8,65.4,63.6,62.5,63.4,62.5,62.5,60.5,62.5,60.1,59.2,60.1
Paraguay,PRY,Carbon dioxide (CO2) emissions excluding LULUCF per capita (t CO2e/capita),EN.GHG.CO2.PC.CE.AR5,0.714113754757033,0.729978223444004,0.75363102243388,0.768337402345583,0.768516241584581,0.701070483877214,0.747663823025285,0.703512941896821,0.813688391744725,0.831000508531121,0.913894475939317,0.937463561714889,0.91780441878322,0.942925509553368,0.980244689661672,1.08148865183778,1.20212010447541,1.33605525458062,1.3602583446884,1.30801598389454
Peru,PER,"PM2.5 air pollution, mean annual exposure (micrograms per cubic meter)",EN.ATM.PM25.MC.M3,70.0428740963807,69.5041896781241,69.2123801848445,68.9624660132158,68.549467559912,67.7684052216068,64.2203697884907,57.0421148178809,48.3321548571422,40.1890044536392,34.7111781547367,32.0639653460543,33.9046061596244,32.0778901377032,32.9197109468005,32.8751693157181,33.739432290958,32.7083066880238,30.6265686811297,29.1117854585642
Peru,PER,GDP per capita (current US$),NY.GDP.PCAP.CD,1945.41338451698,1929.57273038846,2007.37019626753,2129.44114197634,2397.25147277714,2706.66947297608,3129.55996496982,3581.0893081917,4197.58444634142,4181.18755462253,5072.11494019615,5861.35793645245,6519.37852981527,6746.80025696601,6667.13410360861,6231.71150338894,6217.03599995447,6736.16693725487,6978.49121548627,7037.00803692604
Peru,PER,Population density (people per sq. km of land area),EN.POP.DNST,20.77994609375,21.06609453125,21.31891953125,21.5472578125,21.7595234375,21.954046875,22.12850859375,22.28960859375,22.43675078125,22.57563359375,22.72345234375,22.8938171875,23.0862234375,23.29524921875,23.5279890625,23.795,24.1144484375,24.47237265625,24.9199875,25.35101796875
Peru,PER,Urban population (% of total population),SP.URB.TOTL.IN.ZS,72.7724831207703,73.1565814081586,73.5500651944675,73.9558750733136,74.3769516383133,74.8162354830832,75.2766672012397,75.7615250588738,76.2744879116779,76.822147540745,77.4020936833934,78.0118164985462,78.6488061451268,79.3105527820586,79.9945465682649,80.698277662669,81.4192362241943,82.1931650502403,82.6854929960921,83.1033003087105
Peru,PER,"Industry (including construction), value added (% of GDP)",NV.IND.TOTL.ZS,29.0341336995526,29.0351564426085,29.4440321551084,29.8893494570244,32.6500976155483,34.3566674243965,37.4577549944707,37.6989799588981,36.3269344719167,33.551682543695,35.7720066029406,37.2361002771383,35.5335533553355,33.8594367461678,31.701403934103,30.3378798708175,30.5565505783828,31.2978841231473,31.6240835005495,30.4491957836385
Peru,PER,Trade (% of GDP),NE.TRD.GNFS.ZS,35.5380321623178,35.0644014310212,35.2491813317695,37.6246103251002,41.9360782679273,47.3573174768394,51.7850560338442,55.6881132836815,58.4337673899053,48.1119296153519,51.6728089370033,55.9882802838607,52.6198952632294,49.7871424471444,46.8531210912899,45.1627686891148,45.3888411964154,47.5135503619971,48.631470171736,46.9435053754409
Peru,PER,Renewable energy consumption (% of total final energy consumption),EG.FEC.RNEW.ZS,38.6,41.2,40.2,40.9,37.8,38.4,38.7,36,33.7,32.9,32.2,30.6,30.8,28.4,28.6,27.4,27.2,27.6,27.9,27.1
Peru,PER,Carbon dioxide (CO2) emissions excluding LULUCF per capita (t CO2e/capita),EN.GHG.CO2.PC.CE.AR5,1.08978642306542,0.999072821437261,1.02982177252548,0.999006906693826,1.1424738952305,1.13303782972815,1.11175872498468,1.20481100024924,1.3577960350417,1.4525720502515,1.57630028365174,1.67824036552445,1.6622975160443,1.68769322902782,1.76825633140529,1.80255174406388,1.86289055051085,1.76274029927306,1.73514081818861,1.79270106356368
Philippines,PHL,"PM2.5 air pollution, mean annual exposure (micrograms per cubic meter)",EN.ATM.PM25.MC.M3,31.5189595125717,31.2923190881475,31.05570387518,30.7743493607566,30.4134910319648,29.9383643758918,29.1782265763242,28.0341722365094,26.5791929727268,24.8862804012556,23.0284261383751,20.2762007200701,21.8351961883251,22.7402636854564,20.3368824432152,19.7079275985218,19.9069716374648,18.3327018141416,20.5885077839401,21.5254371973976
Philippines,PHL,GDP per capita (current US$),NY.GDP.PCAP.CD,1050.79273107952,969.530611744453,1014.90879320106,1027.2301192843,1099.63013023758,1220.46018559867,1426.14649179546,1712.65543282793,1959.29233534978,1864.45043406471,2162.91375885614,2383.91892522087,2614.61644401308,2781.27957677397,2866.83803761407,2909.85818010301,2985.19564024046,3038.12124959289,3168.51036609727,3400.78949767074
Philippines,PHL,Population density (people per sq. km of land area),EN.POP.DNST,267.046976556998,273.003615387195,278.59573062347,284.172904718785,289.749149813865,295.187181809035,300.194472951672,305.447174430694,310.893433276319,316.545091726196,323.094627226079,329.505362712547,335.96777677164,342.342744072174,348.013314552101,353.197813327967,357.969342992253,362.61090317604,367.123744843546,371.615799711574
Philippines,PHL,Urban population (% of total population),SP.URB.TOTL.IN.ZS,39.1384171397742,39.5375185608843,39.9553922931877,40.3928506135438,40.8507057988121,41.3297701258519,41.8308558715226,42.3470499959497,43.1547492407016,44.3356772609527,45.5208176726647,46.6833632464759,47.9182784810426,49.1313688766206,50.2392400212368,51.1549047745227,51.9114748151175,52.6010482354344,53.2088897464754,53.7157859948017
Philippines,PHL,"Industry (including construction), value added (% of GDP)",NV.IND.TOTL.ZS,34.9752847681216,34.8976152580491,34.78343526285,34.5405640298629,33.6186962072883,33.8136763053241,33.4625853303804,33.000860932449,32.765288410954,31.5225426812628,32.3395560456604,31.3386827828469,31.3994933632444,30.7754466314331,31.0474444753394,30.4819509834967,30.2859171672694,30.1265505767725,30.5637401548214,30.3275078794624
Philippines,PHL,Trade (% of GDP),NE.TRD.GNFS.ZS,85.1533684600039,84.9003886237531,83.8448040937789,87.5746443636636,87.1252848232048,83.8456745708051,80.8505386728775,73.6449799920629,67.6810707730401,60.8865907869758,66.1042785137797,60.7958366999075,57.8420055133082,55.8247812320298,57.4681720875945,59.1415921053094,61.7760657653871,68.1683697426727,72.1633982990273,68.8418422595678
Philippines,PHL,Renewable energy consumption (% of total final energy consumption),EG.FEC.RNEW.ZS,33.9,32.9,31.8,30.9,30.2,31.3,33.3,32.4,33.9,34.1,32.7,33.8,34.1,33.1,32.4,30.8,28.6,27.8,27.6,26.9
Philippines,PHL,Carbon dioxide (CO2) emissions excluding LULUCF per capita (t CO2e/capita),EN.GHG.CO2.PC.CE.AR5,0.932672272893032,0.880719772591872,0.878079638214495,0.882480593038024,0.876070774131651,0.896249932483837,0.792914802989724,0.845028213173854,0.838866873511548,0.833249191469975,0.881994350568382,0.860953621187979,0.893452882976031,0.955039177738511,1.00237329489598,1.07477147738809,1.13642556715245,1.25459105770861,1.29114721089618,1.33500133744347
Poland,POL,"PM2.5 air pollution, mean annual exposure (micrograms per cubic meter)",EN.ATM.PM25.MC.M3,25.7907754089004,26.0449129857227,26.5398574522192,27.1048298406849,27.5690511834146,27.7617425127035,27.7200391553045,27.6048215747412,27.4309285084638,27.2131986939225,26.9664708685675,26.5458489052773,24.1304928281428,23.1892115212622,23.433827803997,22.4139830731908,21.2485092459447,22.2631718698092,22.4094051941271,18.7701954101512
Poland,POL,GDP per capita (current US$),NY.GDP.PCAP.CD,4520.64100449111,5015.23790036613,5223.45178967082,5720.81366178104,6711.72715262967,8043.92332253757,9068.85528307627,11272.5293683383,14048.5604672654,11556.3026866026,12567.7317676382,13867.6669408192,13087.420943321,13621.9023794031,14262.2841914116,12637.5220324406,12464.0110508476,13913.3402919927,15658.2120316794,15874.5220531254
Poland,POL,Population density (people per sq. km of land area),EN.POP.DNST,124.909820758105,124.875366482745,124.81753893369,124.753689916405,124.644083178272,124.589315444129,124.514452206843,124.44685296422,124.471952334313,124.564460624265,124.209200731357,124.296296901022,124.300058781268,124.229110740995,124.144273163722,124.061569613639,124.008253045495,124.0237303635,124.031583760656,124.025595374212
Poland,POL,Urban population (% of total population),SP.URB.TOTL.IN.ZS,61.7459160613903,61.7557708646056,61.7581534555696,61.7281374379602,61.6555172559989,61.5497010774856,61.4199688499096,61.2756005207604,61.1258760375274,60.9800753477,60.8474783987677,60.7357090652544,60.6341632788866,60.5333187465323,60.4340063344328,60.3362886805635,60.2402284228997,60.145888199417,60.0533306480907,59.9626184068963
Poland,POL,"Industry (including construction), value added (% of GDP)",NV.IND.TOTL.ZS,28.7718397326483,27.3505198617098,26.6547204084638,27.5111441045363,29.185278751871,29.058898029081,29.2021893560033,29.2754512665731,28.8165316846699,29.9613126651954,29.6974993930566,30.3941659979475,30.2281657114043,28.6768333488015,29.9351239778153,30.9939300295541,30.6734871058329,28.8090759581658,28.8614617242515,28.8315242170352
Poland,POL,Trade (% of GDP),NE.TRD.GNFS.ZS,60.6107209423297,57.8785312712895,60.7967990573911,69.2134479841788,70.9815765694162,70.3114790902584,77.7008035402352,80.745399056691,80.5746815569207,74.9685965264269,82.2258523219922,86.9236892837618,88.8299033066583,90.4175072415629,92.0340197113178,92.2554272741942,96.8659028060623,100.56589524628,102.442462168005,101.581033817373
Poland,POL,Renewable energy consumption (% of total final energy consumption),EG.FEC.RNEW.ZS,6.9,7.3,7.5,7.3,7.3,7.2,7.2,7.3,8,8.8,9.5,10.4,10.9,11.4,11.6,11.9,11.3,11.1,15.1,15.6
Poland,POL,Carbon dioxide (CO2) emissions excluding LULUCF per capita (t CO2e/capita),EN.GHG.CO2.PC.CE.AR5,8.18187708712719,8.09869495134866,7.912937998707,8.25299957570521,8.31504253471681,8.30851048638369,8.67173342720891,8.66464448581028,8.5133492030939,8.16161512269878,8.65823367232175,8.58934161043243,8.39990338165267,8.28307772126095,7.95991816737647,8.05009433373176,8.34151367627891,8.69581601242887,8.68031784277711,8.21985501300853
Portugal,PRT,"PM2.5 air pollution, mean annual exposure (micrograms per cubic meter)",EN.ATM.PM25.MC.M3,13.9602733944466,13.849569678602,13.6900462729622,13.4896924274961,13.2564973921723,12.9984504169596,12.5977447886636,12.0295102444563,11.4411407098565,10.9800301103829,10.7935723715541,11.5157580200238,10.1151524382993,9.76832048738232,9.50576236832378,9.64253451834766,8.83773210008347,9.2551980440464,9.02601451562929,7.98256121876526
Portugal,PRT,GDP per capita (current US$),NY.GDP.PCAP.CD,11526.3720667968,11734.7649743954,12936.6928204482,15797.7821340276,18064.1580932987,18780.12751241,19839.4540499032,22811.0564844365,24949.0413566739,23151.2154130712,22551.935098809,23246.5425416481,20593.4274224109,21676.4859642714,22120.6850127107,19215.7813014347,19980.2808866516,21442.3842768879,23541.1401075289,23343.3628970034
Portugal,PRT,Population density (people per sq. km of land area),EN.POP.DNST,112.457901639344,113.253792349727,113.87574863388,114.304054644809,114.577715846995,114.828140373893,115.035399584563,115.261440909588,115.427757734776,115.386472322306,115.439458456163,115.269789278305,114.803406485424,114.156128691384,113.541770372117,113.072519583956,112.716384151187,112.441815784188,112.261935951514,112.288582794065
Portugal,PRT,Urban population (% of total population),SP.URB.TOTL.IN.ZS,54.4051635389142,55.0679833009212,55.789299869679,56.5865509520713,57.4171857647664,58.2450763389585,59.0340947058419,59.7481128966109,60.3510029424595,60.8066368745822,61.0788867241731,61.1410698395502,61.1409793914666,61.1405315215642,61.1394537361116,61.137469211538,61.1343011242723,61.1296726507436,61.1233069673808,61.114927250613
Portugal,PRT,"Industry (including construction), value added (% of GDP)",NV.IND.TOTL.ZS,24.4615743968679,24.1438842401402,23.4969886519634,22.629715019166,22.2369566238035,21.3833086063294,21.1476529637361,21.153352846176,20.3862797641316,19.857190463856,19.9335310982463,19.3319728029358,19.0867583864245,18.8830973772949,18.9850440099134,19.5938498258589,19.448178094831,19.2493833127062,19.3820435381975,18.886083188208
Portugal,PRT,Trade (% of GDP),NE.TRD.GNFS.ZS,67.4529979863247,65.0919551771122,62.3082594169772,61.1389474883653,63.2045936670279,62.944504560452,68.5470531182009,69.9461175817991,72.0757429221604,61.4926935267759,67.6892401927983,73.0075756700531,75.9411067187813,78.0305056874282,80.220669072079,80.6346756266443,79.5223464844001,84.8077923069539,86.7356954918399,86.7709889083586
Portugal,PRT,Renewable energy consumption (% of total final energy consumption),EG.FEC.RNEW.ZS,20.1,20.8,18.3,22.1,19.9,18.1,22.3,23.1,23.2,24.9,27.8,27.2,25.5,30.2,30.5,27.2,29,24.4,27.5,28.2
Portugal,PRT,Carbon dioxide (CO2) emissions excluding LULUCF per capita (t CO2e/capita),EN.GHG.CO2.PC.CE.AR5,6.24348268563984,6.12752132113551,6.50103636107651,6.00482597417051,6.15858031692713,6.4581042393222,5.98192142241307,5.8179179972539,5.61287237370618,5.53453188594097,5.03622400242124,4.86833131897901,4.73413585593852,4.60337018320703,4.58326274759251,4.99335011637296,4.89305456071076,5.35359164296186,4.96972818082616,4.51358282400518
Post-demographic dividend,PST,"PM2.5 air pollution, mean annual exposure (micrograms per cubic meter)",EN.ATM.PM25.MC.M3,16.6705964670753,16.4259181336946,16.1282702340203,15.805423797454,15.4794750652766,15.1720206307275,14.7954278900055,14.3121740345156,13.8258268660208,13.4378210551896,13.2530421035452,13.7260036307388,12.9534387535973,12.8354154290677,12.4348238244428,12.223838361995,11.4183427703348,11.6030414541345,11.6803160111327,10.9758221754856
Post-demographic dividend,PST,GDP per capita (current US$),NY.GDP.PCAP.CD,25890.8986396573,25517.8708554,26484.3378337689,29550.1857442906,32671.0834694674,34219.0204237417,35820.4258144709,38870.3636110318,40922.2537544049,38339.4065630367,39801.8641147794,42635.8220864603,42374.8223653419,42643.099618304,43322.2029738924,40775.9479386213,41502.2222895522,43114.2688521392,45535.8018785923,45840.3536114764
Post-demographic dividend,PST,Population density (people per sq. km of land area),EN.POP.DNST,32.5689395361271,32.7272460656988,32.8954365361495,33.060680813435,33.2330619956973,33.4006633038553,33.583929023974,33.7842145724004,34.0064110801065,34.1814486335812,34.3423113476795,34.446033030752,34.5965883996007,34.7339388086336,34.8801632606231,35.0358978994957,35.1866090006505,35.3206844345793,35.4548360427958,35.5671793502924
Post-demographic dividend,PST,Urban population (% of total population),SP.URB.TOTL.IN.ZS,76.8279969572159,77.1036248447289,77.466320311897,77.8755246866235,78.2915978306842,78.6633587101345,78.9744871154544,79.2470932362782,79.4966883073498,79.7055116871316,79.8703220718842,79.979849594125,80.0815323364536,80.1971424914534,80.2993784930294,80.4010562437734,80.5121392394334,80.5730282090702,80.6378758071412,80.7013034408387
Post-demographic dividend,PST,"Industry (including construction), value added (% of GDP)",NV.IND.TOTL.ZS,25.6215602654414,24.5222597196511,23.8069450878266,23.7704427612001,23.8524336741943,23.9288020561152,24.0566177731583,23.8980211250748,23.5992467128306,22.0533582905141,22.4735117172325,22.4499822142766,22.2276612809906,22.0028727171689,21.9688713026432,21.4613736333235,21.1944395136222,21.463178533294,21.5827414242539,21.2691742446392
Post-demographic dividend,PST,Trade (% of GDP),NE.TRD.GNFS.ZS,49.1400552221071,47.6421982076697,46.3129093077392,46.3128363818632,48.8751932354852,51.0077219194158,53.7456671257982,54.7024472855933,57.2798524365616,49.4819156318551,54.4570351096697,58.3851696973325,58.7316776887312,58.4295340186293,58.2965136824546,56.6599997566859,55.0563588663846,57.0436446034332,58.3139473708289,57.3640224856089
Post-demographic dividend,PST,Renewable energy consumption (% of total final energy consumption),EG.FEC.RNEW.ZS,7.10318257512277,6.74933608767742,6.81403486435157,7.12597928148982,7.35660986404122,7.64178402819778,8.13944321805613,8.4238448802232,8.91292216843766,9.54731401320155,9.8170711241403,10.3374053454359,10.855740352061,11.3357713927499,11.6687849102506,11.8425604176608,12.0622071586832,12.4846381438532,12.8576178839564,13.2726556995631
Post-demographic dividend,PST,Carbon dioxide (CO2) emissions excluding LULUCF per capita (t CO2e/capita),EN.GHG.CO2.PC.CE.AR5,12.523858932642,12.4643874954845,12.3133260436134,12.4758717602204,12.4925447077968,12.4357376825834,12.2595452763216,12.3130655909465,11.8994481429692,11.0474920378439,11.4853945124589,11.2338180828974,10.973075790434,10.9872704618107,10.7015411413887,10.5209170660016,10.3602664241269,10.256937397878,10.2884129907726,9.93273751047491
Pre-demographic dividend,PRE,"PM2.5 air pollution, mean annual exposure (micrograms per cubic meter)",EN.ATM.PM25.MC.M3,45.307646001526,44.9595172365712,44.0628493993167,42.9251710111305,41.8459417515238,41.1718380838224,40.7959272622087,40.4104131801848,40.1155134223964,39.9899244637501,40.0791103602501,42.7037732906292,45.0138991586479,39.5730940714591,38.9590518451061,50.9041075965194,46.5479892674458,44.1113378923346,42.3933399914638,38.9439660966704
Pre-demographic dividend,PRE,GDP per capita (current US$),NY.GDP.PCAP.CD,503.562641272677,465.954902190537,523.615860228603,554.26625446439,670.783711150831,815.454464076119,997.421514005206,1173.40020441153,1423.20106621059,1252.32925493054,1421.48905142231,1596.90914437848,1686.96007926334,1796.00337097112,1848.07094913552,1524.98608713796,1316.74567214685,1338.96011884626,1449.85562070843,1681.19065754666
Pre-demographic dividend,PRE,Population density (people per sq. km of land area),EN.POP.DNST,31.6130979511473,32.521387662659,33.5065579014446,34.5269969092767,35.5087697844872,36.5684346004201,37.6301036036731,38.6683549423594,39.7953364841007,41.009318212179,42.2291584604966,43.4930692276075,39.2932362628661,40.482103410421,41.6777917953588,42.8676680117645,44.0815584681259,45.3287624097443,46.5966013671188,47.8761105936639
Pre-demographic dividend,PRE,Urban population (% of total population),SP.URB.TOTL.IN.ZS,33.5253317240951,34.0195936909076,34.5184352062848,35.0339334277857,35.581955262332,36.133119392716,36.6570588381883,37.1549758589816,37.6694252838548,38.1754979859818,38.6624106886514,39.1542101229348,39.6613429042211,40.1801662191673,40.6954751222831,41.1924346504226,41.668181662663,42.1469262007013,42.615514020006,43.0464125369595
Pre-demographic dividend,PRE,"Industry (including construction), value added (% of GDP)",NV.IND.TOTL.ZS,40.1841261683437,34.5555705229318,30.4332335322086,28.9364681722295,30.8325902815274,32.5754075680214,32.4849018544313,33.0039755588653,34.7779689358302,29.431999384444,32.1499887488689,36.1599699606747,35.861999572416,33.8942082057194,31.9657226173301,26.5719766447548,25.6145508828146,28.4536733957537,31.0702958851483,28.0938333312495
Pre-demographic dividend,PRE,Trade (% of GDP),NE.TRD.GNFS.ZS,..,..,..,..,..,..,..,..,..,..,..,..,..,..,..,..,..,..,..,..
Pre-demographic dividend,PRE,Renewable energy consumption (% of total final energy consumption),EG.FEC.RNEW.ZS,78.3300233770905,77.5561547357465,77.7336427408946,78.5384429771645,77.9349317672905,78.0809457508779,78.1089116230743,77.9827883948906,77.0470225009081,77.5774660421546,75.7135622523074,74.6528191627611,73.1865442433771,72.2325804041222,72.7170196904253,73.339891666412,72.8428194718611,72.7571519329351,71.906862473446,71.4398709500275
Pre-demographic dividend,PRE,Carbon dioxide (CO2) emissions excluding LULUCF per capita (t CO2e/capita),EN.GHG.CO2.PC.CE.AR5,0.488143728802476,0.509792427312189,0.469406239010668,0.459885622939337,0.46561091211686,0.453036496514985,0.432420745213859,0.409635823948352,0.437429358467709,0.430887628637036,0.471633518652162,0.489475504680286,0.502326282218967,0.527863137059859,0.526334226596991,0.524241023300595,0.545047122218019,0.5411404303332,0.55552192055879,0.568807232834836
Puerto Rico (US),PRI,"PM2.5 air pollution, mean annual exposure (micrograms per cubic meter)",EN.ATM.PM25.MC.M3,7.5311181902952,7.3926074634179,7.14598117536716,6.86523421786013,6.62436148261394,6.49735786134575,6.46518797724728,6.45018584518164,6.43840044437308,6.41588075404583,6.36867575342414,5.65656068601891,6.35560089371101,6.11288011121033,6.32383453359716,6.74532317404656,6.94033673792726,7.12296710513583,6.70118543618258,6.66040483872952
Puerto Rico (US),PRI,GDP per capita (current US$),NY.GDP.PCAP.CD,16192.1269719638,18123.1987019918,18731.4593897378,19557.1202492358,20988.9923326534,21959.322696986,22935.9411586313,23664.8823485096,24898.3345857045,25768.7258883384,26414.8810634548,27170.0766543278,27742.024476618,28212.0499737431,28576.0988023209,29242.041465085,29978.0889268918,30328.479490518,30679.9181934488,31830.5284993358
Puerto Rico (US),PRI,Population density (people per sq. km of land area),EN.POP.DNST,429.605975197294,430.52694475761,431.082412626832,431.352311161218,431.440586245772,430.818714768884,428.998196166855,426.493235625705,423.998421645998,421.69222096956,419.894588500564,416.399549041714,412.744644870349,409.405524239008,404.173280721533,398.55321307779,392.382412626832,384.536302142052,370.990980834273,372.34396843292
Puerto Rico (US),PRI,Urban population (% of total population),SP.URB.TOTL.IN.ZS,94.4035182032107,94.3774462314518,94.3218712450313,94.2449445194985,94.1544210292187,94.058055748557,93.9636036518786,93.8788197135489,93.8114589079331,93.7692762093964,93.7588772214391,93.7598202101009,93.7630744424317,93.7698316907305,93.7813071818968,93.7987161428303,93.8232738004303,93.8561953815964,93.8986961132283,93.9519912222253
Puerto Rico (US),PRI,"Industry (including construction), value added (% of GDP)",NV.IND.TOTL.ZS,46.0618652940433,48.3331503112339,49.2457084616083,49.0033062755087,47.9433404762634,47.2323566719793,46.8599016480151,46.7782620747588,47.3982259585452,49.4013628591823,50.901238345092,49.7847071848309,49.6384574183182,49.2639336261591,49.9339162757282,50.9382784121963,51.1515123633391,50.2294595444349,50.6557670954584,50.8444120601485
Puerto Rico (US),PRI,Trade (% of GDP),NE.TRD.GNFS.ZS,106.169512072581,109.88564971882,106.32948683044,118.84015748242,117.000863757497,113.744794728395,117.728477994388,117.595779058079,116.277994389108,105.262196842682,104.153228306599,108.558400106824,103.311186552821,104.89224011713,102.385456504805,108.880634192821,110.274045470098,113.131649032582,106.001202479048,107.571456836722
Puerto Rico (US),PRI,Renewable energy consumption (% of total final energy consumption),EG.FEC.RNEW.ZS,0.6,0.5,0.5,0.5,0.5,0.6,0.5,0.5,0.5,0.5,0.4,0.7,0.5,1.4,1.6,1.9,1.9,2.3,1.4,2.4
Puerto Rico (US),PRI,Carbon dioxide (CO2) emissions excluding LULUCF per capita (t CO2e/capita),EN.GHG.CO2.PC.CE.AR5,6.60892430467078,6.51078068510993,5.26808973818821,6.83051518584876,6.84176501053862,6.88558163293611,4.45924986084882,4.74692670754257,4.09389752253869,3.73563325945551,3.60688045128629,3.15890448641167,3.09679340188389,3.01209414370714,3.21103079845925,3.42193169375025,3.26088830352094,3.40966161678204,4.16800123986155,3.8228523346568
Qatar,QAT,"PM2.5 air pollution, mean annual exposure (micrograms per cubic meter)",EN.ATM.PM25.MC.M3,88.44531877478,90.0738424478758,92.3707032121313,94.7440660994636,96.6020961417903,97.3529583710287,95.8058004809302,92.1164239737723,87.7129745942613,84.0235980871034,82.4764401970049,87.9624107804434,95.6228667032868,88.6466197970471,75.1764824465315,97.7000280042596,83.6854921169063,83.268990615565,93.3069571843647,81.0088337801126
Qatar,QAT,GDP per capita (current US$),NY.GDP.PCAP.CD,27535.182940934,25870.7991864314,27226.6593510117,31602.470865136,41035.5008380177,53949.6764091147,62582.4453138755,65954.3419525051,80781.4039187792,60785.7351551657,76462.6119486736,103261.510293068,108470.387023229,103697.062789144,95840.6898934238,68985.2433380102,61253.6217997091,63279.8767486216,71039.9308240078,66841.3623185691
Qatar,QAT,Population density (people per sq. km of land area),EN.POP.DNST,55.5546080964686,58.3914728682171,61.2579672695952,64.1414298018949,66.6091300602929,71.0945736434109,83.7925064599483,104.099483204134,122.905943152455,138.579069767442,139.262015503876,139.94496124031,148.358139534884,165.066838931955,187.271105308964,204.051958224543,215.588598781549,221.568320278503,224.606962576153,229.648128807659
Qatar,QAT,Urban population (% of total population),SP.URB.TOTL.IN.ZS,96.2942718926638,96.4674307551724,96.6424497593905,96.8311182064009,97.0472579559041,97.3016654918171,97.5827378795062,97.8663125111735,98.1295193937322,98.3494885340955,98.5066232166665,98.6300610210909,98.7428010471968,98.8357621827901,98.901627838826,98.9382407681154,98.9855265345423,99.0310125265978,99.0755684762244,99.1191696672067
Qatar,QAT,"Industry (including construction), value added (% of GDP)",NV.IND.TOTL.ZS,..,..,..,..,..,..,..,..,..,..,..,73.2142681700731,73.4692107035411,71.768350592851,69.7579989822263,57.4408093312248,53.2053847059143,56.6880001909956,60.3815146701831,57.1645752595048
Qatar,QAT,Trade (% of GDP),NE.TRD.GNFS.ZS,89.6126597159917,94.968671679198,88.4697236252199,90.1649486943021,90.3724288385622,94.7455441696331,98.570919313572,96.1141057101106,89.4328416546905,80.1441629727012,87.1111970364642,98.7216351018991,105.746286433535,102.383154379024,99.0343138952759,93.7076739370818,89.5476231430097,91.4945574785855,91.838343273294,90.0462934117559
Qatar,QAT,Renewable energy consumption (% of total final energy consumption),EG.FEC.RNEW.ZS,0.1,0.1,0.1,0,0,0,0.1,0.1,0.1,0.1,0.1,0.1,0,0,0,0,0.1,0.1,0,0.1
Qatar,QAT,Carbon dioxide (CO2) emissions excluding LULUCF per capita (t CO2e/capita),EN.GHG.CO2.PC.CE.AR5,49.2290566195703,47.8365600914555,50.8998108843442,51.3901235695236,53.2363848903188,52.7739009071877,50.3550976479985,46.4568362437376,43.3504469009866,39.7629937914219,44.6630200292918,51.1981146765586,53.5992587251326,53.2936831372565,51.4766852020105,48.6591283555913,46.043357731359,44.8208042988114,44.520899868022,44.592192164423
Romania,ROU,"PM2.5 air pollution, mean annual exposure (micrograms per cubic meter)",EN.ATM.PM25.MC.M3,20.4022118211382,20.5727453427073,20.8397542766711,21.1260463408151,21.3544292529253,21.4477107307875,21.2993011373918,20.9454013377561,20.523004802707,20.1691050030713,20.0206954096756,21.3631759849928,19.4249667326641,17.8711054888739,17.9898360506608,17.4955175712912,16.5983385295736,17.0446117524786,17.1719925973938,15.0073403663299
Romania,ROU,GDP per capita (current US$),NY.GDP.PCAP.CD,1659.92904910528,1825.19299373184,2119.85509684554,2679.40626016154,3494.99056448955,4618.00350802913,5757.53127301178,8360.33775916596,10435.1561230787,8548.4543409242,8399.5374234284,9560.6755277458,8929.95366231474,9497.67411615237,10031.7710755404,8977.01748158196,9404.54005870715,10727.9822007426,12416.134317959,12909.6104013244
Romania,ROU,Population density (people per sq. km of land area),EN.POP.DNST,97.701323407775,96.3474380740934,94.5338495671466,93.8218134377039,93.2684695652174,92.7023436820593,92.1547960692234,90.8390186610988,89.3339495432797,88.5311962096844,88.0107411432297,87.5332493374462,87.201265107382,86.8742903099596,86.5306806328234,86.1248956884562,85.6322453059805,85.1387126216968,84.6399947844228,84.1952712100139
Romania,ROU,Urban population (% of total population),SP.URB.TOTL.IN.ZS,52.8619549004535,52.764808691157,52.7466427937759,52.8023493819682,52.9175295523808,53.074507031037,53.2566380678272,53.4472789126416,53.6297858153706,53.7875150259042,53.9038227941329,53.9608874244169,53.9563092496073,53.9101758034365,53.8267187624053,53.7071839518893,53.5528171972639,53.3648643239046,53.1445711571868,52.8931835224862
Romania,ROU,"Industry (including construction), value added (% of GDP)",NV.IND.TOTL.ZS,30.2634621400688,32.337206984498,33.3269850234614,32.0484937285585,31.8347873600822,32.2658742760889,32.9782770932418,34.2821825497409,36.7743706646186,36.4231420350652,38.3073286489437,40.2099159620935,34.4276463515754,32.072608504292,32.5700211539755,30.811807082352,30.1213847463155,29.1130933187854,29.1075109238852,27.7745670712094
Romania,ROU,Trade (% of GDP),NE.TRD.GNFS.ZS,48.5213253850786,51.9285910211481,53.7102478139376,56.1795270470243,60.6264786669408,59.3605494490555,61.6836259265159,63.5051566734658,65.1752009979412,58.4700583666529,69.9549354932718,76.271356441629,76.5943239913672,81.3976131747183,83.3751429575201,83.5205767017155,85.8925282906884,87.1560645667801,87.0911701095809,84.9063630584793
Romania,ROU,Renewable energy consumption (% of total final energy consumption),EG.FEC.RNEW.ZS,16.4,13.4,14.4,15.7,17.3,18.5,17.4,18.2,20.4,22.1,24.1,21.1,21.5,23.1,24.3,23.7,24.4,23.4,23,23.5
Romania,ROU,Carbon dioxide (CO2) emissions excluding LULUCF per capita (t CO2e/capita),EN.GHG.CO2.PC.CE.AR5,4.34452283523425,4.71753757121485,4.75824850017229,4.99887690581852,4.92175276345778,4.90116528457151,5.22993560368712,5.12802242514982,5.13050644236563,4.20729371276879,4.11641877898071,4.45806056206995,4.36901221879411,3.9798049339529,3.96756659394738,4.0525613738175,3.99479410161277,4.17578692629915,4.26219717910626,4.18922540818417
Russian Federation,RUS,"PM2.5 air pollution, mean annual exposure (micrograms per cubic meter)",EN.ATM.PM25.MC.M3,20.7488898644786,19.8392973144391,18.6102424999805,17.3414730765516,16.3127366996014,15.8037810245792,15.6913079663017,15.6363350250339,15.595083234396,15.5237736280086,15.378627239492,13.9138877120952,13.8991230346483,14.0574320033086,14.2481805159069,12.9392509421972,12.4784655225055,11.739094414375,12.3153675046294,11.6778230257169
Russian Federation,RUS,GDP per capita (current US$),NY.GDP.PCAP.CD,1771.59411621094,2100.3525390625,2377.52954101563,2975.123046875,4102.36474609375,5323.455078125,6920.19970703125,9101.2392578125,11635.2841796875,8562.82421875,10674.990234375,14305.33203125,15401.8515625,15941.4482421875,14055.47265625,9277.7138671875,8663.158203125,10658.9130859375,11211.8876953125,11447.701171875
Russian Federation,RUS,Population density (people per sq. km of land area),EN.POP.DNST,8.94901570933758,8.91163375342787,8.87046146313948,8.83027865243716,8.79465803239439,8.76108889416588,8.73439418381291,8.71946397976766,8.71609568861449,8.71872024385612,8.72263552192818,8.73293828429975,8.75493589434367,8.78102091547408,8.80737424184231,8.8320122221157,8.85489473873823,8.87185768709161,8.87825976514438,8.88162945666663
Russian Federation,RUS,Urban population (% of total population),SP.URB.TOTL.IN.ZS,73.1568222045898,73.22998046875,73.2929008030615,73.4057388305664,73.3065795898438,73.1613922119141,73.2439193725586,73.3856048583984,73.4822463989258,73.5288696289062,73.6696307887624,73.8534851074219,73.97265625,74.0762949770228,74.1776476748791,74.275919065527,74.3703138709243,74.460036813029,74.5442926137992,74.6222859951926
Russian Federation,RUS,"Industry (including construction), value added (% of GDP)",NV.IND.TOTL.ZS,33.91897031752,31.8373541233321,29.0563928119662,28.6531349946058,31.7022224269588,32.6292320732921,31.780260587362,31.2220408019737,30.7868817007532,29.3269390255444,29.999588218512,29.4135888378747,29.102868072666,28.1912891799352,27.9315270606099,29.7940599874349,29.1739050669208,30.6732968853437,32.5542980530841,32.1504958365379
Russian Federation,RUS,Trade (% of GDP),NE.TRD.GNFS.ZS,68.0939070373555,61.1108586644206,59.6454457319607,59.1282690076014,56.5818523984055,56.7132484905422,54.733401867266,51.7061227454606,53.3824660408908,48.4350610278181,50.3555054872589,48.0353994077919,47.1513903857957,46.287149400499,47.8013412628116,49.3593493116887,46.5181198396096,46.8765243371311,51.5809003703964,49.2287536619033
Russian Federation,RUS,Renewable energy consumption (% of total final energy consumption),EG.FEC.RNEW.ZS,3.5,3.6,3.5,3.3,3.5,3.6,3.5,3.7,3.3,3.6,3.3,3.2,3.2,3.6,3.3,3.2,3.4,3.2,3.2,3.2
Russian Federation,RUS,Carbon dioxide (CO2) emissions excluding LULUCF per capita (t CO2e/capita),EN.GHG.CO2.PC.CE.AR5,11.4678581573253,11.5380010322485,11.5293860535362,12.0101555342893,12.0698465708905,12.1189832296134,12.4166473767424,12.4578591772281,12.3604193305861,11.6405620274147,12.2289345872818,12.8138402250147,12.6922981666833,12.2682756012668,12.1341694161707,12.1481277789029,11.961746699283,12.1357322425004,12.5939247104085,12.7738739166789
Rwanda,RWA,"PM2.5 air pollution, mean annual exposure (micrograms per cubic meter)",EN.ATM.PM25.MC.M3,31.3781575577386,31.2222805217086,30.8879447825411,30.4979302158135,30.1750166971027,30.0419841019859,30.0919739416177,30.2183078634908,30.3940359476901,30.5922082743006,30.785874923407,31.1412402470636,31.5360758844851,30.6283384511231,31.8689793191915,31.2574810856465,31.6862299869281,30.3553527446531,30.1816687853678,30.0071642427631
Rwanda,RWA,GDP per capita (current US$),NY.GDP.PCAP.CD,251.86926386091,237.308846200901,234.043016755733,249.012274982252,269.540446333402,324.016863847189,356.995022901154,426.234183487629,528.326391755502,564.039095842449,593.624927744346,651.133677964662,706.817269168561,704.92421851123,724.957526520906,733.998629882494,729.519133812945,758.300966509647,771.773511207309,810.051412137354
Rwanda,RWA,Population density (people per sq. km of land area),EN.POP.DNST,332.952209160924,335.917875962708,340.501824077827,348.069517632752,357.391325496555,367.025861370085,376.945520875557,387.107134171058,397.416659910823,407.800243210377,418.222659100122,428.606931495744,438.990717470612,449.669233887313,460.671139035266,471.829023104986,483.144831779489,494.611268747467,506.201702472639,517.880137819214
Rwanda,RWA,Urban population (% of total population),SP.URB.TOTL.IN.ZS,15.7804474645996,16.5487399668155,16.8778847116752,16.8947432312369,16.9020099536792,16.9072114459454,16.9110139245047,16.9140836058266,16.9170867063804,16.9206894426355,16.9255580310614,16.9323586881273,16.9410248882148,17.0742206053612,17.5020716539756,18.1953149858416,19.1213951786548,20.2477568101111,21.5418444579064,22.9711026997362
Rwanda,RWA,"Industry (including construction), value added (% of GDP)",NV.IND.TOTL.ZS,16.8199894205861,16.4383277981487,16.3918384200183,14.2873220806925,14.5850139685545,14.9498202744611,15.8329921631119,16.7334821839077,16.2638385339331,15.6885811871245,16.328981915635,18.1678448507507,18.2255034210874,17.6168559784511,17.5513834863908,17.4466631881327,16.8369912939315,17.2842232487373,17.3499797528636,18.8647459714312
Rwanda,RWA,Trade (% of GDP),NE.TRD.GNFS.ZS,27.4848638250445,29.1989094376925,27.6094381162173,29.3106242354101,33.4616731030871,34.2165383418652,33.2214370724059,35.9709731972278,37.6045108548055,36.8056280084816,37.2788790923351,39.71610247751,40.5408629987193,42.6934924295362,43.902733691075,45.2019756159103,49.4849071069892,53.6752674177253,55.7841263739603,57.9756628637954
Rwanda,RWA,Renewable energy consumption (% of total final energy consumption),EG.FEC.RNEW.ZS,86.8,86.9,87.1,87.3,87.6,89.2,90.6,90.3,90.6,90.5,90.5,89.7,88.8,88.5,88,86.3,85.5,84.5,82.8,81.8
Rwanda,RWA,Carbon dioxide (CO2) emissions excluding LULUCF per capita (t CO2e/capita),EN.GHG.CO2.PC.CE.AR5,0.0828470558128623,0.0839377470558437,0.0974383882250142,0.0825096440788995,0.0778850119158284,0.0819369049386119,0.0800710079075228,0.0709743199245482,0.0691331500594282,0.0692316194771755,0.0708695172198292,0.0720464570081352,0.0782278619167433,0.0850149729477326,0.0844012766836986,0.0951200951338408,0.101567364138968,0.107481851425087,0.116840203984691,0.118588586832777
Samoa,WSM,"PM2.5 air pollution, mean annual exposure (micrograms per cubic meter)",EN.ATM.PM25.MC.M3,13.1629560185234,13.2211101638012,13.2517072431501,13.2568830553227,13.2387733990715,13.1995140731491,13.1242357637716,13.0054412390128,12.8563244204113,12.6900792295059,12.5198995878353,12.2498654594603,12.4658242930882,12.5589378577712,12.5788519302582,12.4224418408037,12.5098893074638,12.0891380416294,12.8245995074982,12.8726726678327
Samoa,WSM,GDP per capita (current US$),NY.GDP.PCAP.CD,1424.75240002471,1453.87021324606,1527.55790455937,1798.12429714048,2189.26042607992,2550.04221437511,2663.29135939532,3038.61904093377,3373.60639884263,3279.18269477295,3524.2479246203,3821.50678264479,3934.60320799981,4023.5254013825,3982.68080202084,4084.36083819933,4147.07097674888,4307.59381964907,4231.81409469194,4351.94234943706
Samoa,WSM,Population density (people per sq. km of land area),EN.POP.DNST,64.1996466431095,64.7229681978799,65.1840989399293,65.5229681978799,65.8123674911661,66.069964664311,66.3282685512367,66.6971731448763,67.1756183745583,67.6724381625442,68.2060070671378,68.8031802120141,69.4339222614841,70.0593639575972,70.6844522968198,71.3010600706714,71.9077738515901,73.8902877697842,74.6697841726619,75.4604316546763
Samoa,WSM,Urban population (% of total population),SP.URB.TOTL.IN.ZS,21.9529698020724,21.9749895503804,21.9431903680112,21.7806875309864,21.5282844040566,21.2352904191687,20.9567957063672,20.6944481303605,20.4038457706991,20.1045321482817,19.8302101862085,19.6174273708146,19.478718368689,19.3865949620667,19.3126679480432,19.2340105383551,19.126462366749,18.9657191879831,18.7241267935467,18.4147344481283
Samoa,WSM,"Industry (including construction), value added (% of GDP)",NV.IND.TOTL.ZS,27.7265036026668,29.4524257767869,30.0120902795379,31.0083906253848,32.3616645013541,31.5654807150702,31.3319535429466,31.214843755466,30.6045956016331,22.4714571910199,14.7777818454724,15.766152527034,16.3070738394005,15.1467287917872,15.2095204342126,14.5012807041262,14.408683481377,13.1849554636851,11.7204111149327,11.9596393238611
Samoa,WSM,Trade (% of GDP),NE.TRD.GNFS.ZS,..,..,87.9199711386734,76.272148769255,72.5293703149674,76.2247442670718,82.4691938417408,83.2022041824641,73.8864270586579,75.9793921615973,78.5698016774915,81.600955014363,82.7339794775292,77.877751737476,80.5007740440855,74.6343545643839,75.2118171706314,74.011085031494,78.9349676190658,83.3310820410377
Samoa,WSM,Renewable energy consumption (% of total final energy consumption),EG.FEC.RNEW.ZS,59.7,52.4,49.6,52.4,48.8,48.9,46,43.2,45,43.2,41.9,40.6,40.2,42.6,41.4,37.1,36.8,35.8,36.6,34.2
Samoa,WSM,Carbon dioxide (CO2) emissions excluding LULUCF per capita (t CO2e/capita),EN.GHG.CO2.PC.CE.AR5,1.02374989679941,1.09681927868709,1.12538014105198,1.15569217494472,1.13074432614403,1.16484292269679,1.16510130041714,1.2614369043141,1.28453975918825,1.29599557210215,1.36304999922289,1.37484400117095,1.36439047725677,1.4061774971251,1.43223503651824,1.62948132142609,1.74054909360734,1.54078329235937,1.66054860247998,1.78043664791687
San Marino,SMR,"PM2.5 air pollution, mean annual exposure (micrograms per cubic meter)",EN.ATM.PM25.MC.M3,13.3149944407167,13.0704604520235,12.7846381589075,12.4695753636708,12.1373198686156,11.799919476044,11.388301363001,10.8925958515834,10.4136554616715,10.0523327131455,9.90948012588566,10.69772481397,10.4579356879737,10.2613730648622,10.724794196125,11.0341756272191,10.7965188044346,11.1378783583043,11.7160220114158,10.4938237574833
San Marino,SMR,GDP per capita (current US$),NY.GDP.PCAP.CD,37600.7077379601,39035.1034290445,41790.8432718184,52529.9093701059,58232.0176184948,59877.8005839737,63270.7780755157,70124.4634385624,75902.1320521765,62428.9943269418,56543.1898204098,55601.3929703047,47945.8991734281,50807.8289138024,51260.4938347125,43146.8240435428,44359.4797662688,45192.0279766943,47950.6880557136,46630.1443120725
San Marino,SMR,Population density (people per sq. km of land area),EN.POP.DNST,446.65,452.383333333333,458.183333333333,464.05,490.95,497.266666666667,503.066666666667,520.183333333333,527.7,551.1,554.5,543.666666666667,557.816666666667,550.683333333333,544.25,548.283333333333,551.683333333333,563.75,575.366666666667,577.716666666667
San Marino,SMR,Urban population (% of total population),SP.URB.TOTL.IN.ZS,93.7709762556799,93.9000015258789,93.9488167294543,94,94.2143791763566,94.6454896824635,95.2084276028853,95.8182890221867,96.3901700249324,96.8391666956869,97.074615769187,97.0999984741211,97.0999984741211,97.0999984741211,97.0999984741211,97.0999984741211,97.0999984741211,97.0999984741211,97.0999984741211,97.0999984741211
San Marino,SMR,"Industry (including construction), value added (% of GDP)",NV.IND.TOTL.ZS,..,..,..,..,..,..,..,..,..,..,..,..,..,..,..,32.0241661542694,32.4071649556587,32.4530315404968,36.2169203250722,34.7786569469683
San Marino,SMR,Trade (% of GDP),NE.TRD.GNFS.ZS,..,..,..,..,..,..,..,..,..,..,..,..,..,..,..,321.364013420909,320.146089060708,313.85032377067,309.487956436918,307.264778080283
San Marino,SMR,Renewable energy consumption (% of total final energy consumption),EG.FEC.RNEW.ZS,..,..,..,..,..,..,..,..,..,..,..,..,..,..,..,..,..,..,..,..
San Marino,SMR,Carbon dioxide (CO2) emissions excluding LULUCF per capita (t CO2e/capita),EN.GHG.CO2.PC.CE.AR5,..,..,..,..,..,..,..,..,..,..,..,..,..,..,..,..,..,..,..,..
Sao Tome and Principe,STP,"PM2.5 air pollution, mean annual exposure (micrograms per cubic meter)",EN.ATM.PM25.MC.M3,24.757084402543,24.8336208318526,24.8917672167216,24.9318158878168,24.9540591758053,24.958789411354,24.6427336465091,23.8946748557463,23.0029892533768,22.256053053712,21.9422424710632,23.0857963329852,20.531439331057,21.9674166708436,19.6630632891255,26.1500664634377,25.7342366868061,21.3075202387728,20.0156978980911,21.6556728259824
Sao Tome and Principe,STP,GDP per capita (current US$),NY.GDP.PCAP.CD,529.089383412262,518.88050130005,568.10257252271,663.696211810494,726.560882130444,844.169181884274,861.970707697664,878.885791918745,1081.8684584729,1128.28046213305,1045.20958234528,1219.80189089671,1192.0202911189,1382.5757842916,1489.67633417608,1298.10946596396,1434.87018050521,1555.79477812888,1825.59971753966,1935.2931816596
Sao Tome and Principe,STP,Population density (people per sq. km of land area),EN.POP.DNST,150.01875,152.473958333333,156.16875,160.222916666667,164.276041666667,168.373958333333,172.539583333333,176.770833333333,181.034375,185.263541666667,189.377083333333,193.384375,197.332291666667,201.195833333333,204.965625,208.636458333333,212.176041666667,215.59375,218.944791666667,222.283333333333
Sao Tome and Principe,STP,Urban population (% of total population),SP.URB.TOTL.IN.ZS,52.9663437052108,53.9612039920776,55.0882710997103,56.4128470868097,57.8774845467458,59.4188016908917,60.9734167306206,62.4779478773056,63.8690133423199,65.0832313370367,66.0572200728291,66.7275977610702,67.0335889448132,67.1306686401367,67.2606735229492,67.3915710449219,67.5218887329102,67.6520004272461,67.7828826904297,67.9129943847656
Sao Tome and Principe,STP,"Industry (including construction), value added (% of GDP)",NV.IND.TOTL.ZS,..,..,..,..,..,..,..,..,15.6164167398658,16.2938340677334,14.6892729961318,11.9865058848595,12.3018328482048,13.3437075212036,12.8163490377908,11.6794591576073,10.3295203947605,9.07470301028009,8.38826200521501,7.52611285056454
Sao Tome and Principe,STP,Trade (% of GDP),NE.TRD.GNFS.ZS,..,..,..,..,..,..,..,..,..,..,..,..,..,..,..,..,..,..,..,..
Sao Tome and Principe,STP,Renewable energy consumption (% of total final energy consumption),EG.FEC.RNEW.ZS,54.7,55.5,55.3,51.8,48.9,47.9,47.3,47.7,46,45.4,38.2,42.4,40.1,42.8,38.4,39.2,38.1,39.2,40.6,38.6
Sao Tome and Principe,STP,Carbon dioxide (CO2) emissions excluding LULUCF per capita (t CO2e/capita),EN.GHG.CO2.PC.CE.AR5,0.37981363440681,0.381212638770282,0.429556702818799,0.474599191230967,0.523762721537047,0.552465679693638,0.574747340586097,0.57631113730112,0.602440834786211,0.644352358408348,0.679860507585175,0.685702589294852,0.701017213984449,0.690662082962288,0.668811335234058,0.702477894663265,0.718742789252242,0.720394260037687,0.725544396180544,0.745576216540451
Saudi Arabia,SAU,"PM2.5 air pollution, mean annual exposure (micrograms per cubic meter)",EN.ATM.PM25.MC.M3,54.8209025183056,55.9611959807262,57.0600844288156,58.024662773636,58.7620259262498,59.1792687977192,59.3460738265608,59.4348208026051,59.5066506638847,59.6227043484328,59.8441227942823,61.9036201963126,65.8136535735159,64.2495664318178,51.0877522409227,65.6121801282607,57.2721294327821,59.4402484783372,61.9886640504678,58.6225928552836
Saudi Arabia,SAU,GDP per capita (current US$),NY.GDP.PCAP.CD,11714.5623675159,10805.311325122,10586.0543471363,11487.220410693,13154.4978989446,15975.7473782258,17563.6145370639,18596.1502627898,22320.4888964331,17718.3911648365,22028.3901426586,27126.7498747702,28733.4375513452,27865.465604962,27805.4850319422,23256.1549553531,22267.7217050387,23929.2907135982,29360.0658968566,29566.7933827436
Saudi Arabia,SAU,Population density (people per sq. km of land area),EN.POP.DNST,7.52560694797855,7.92737417953286,8.33185715149626,8.73929124664486,9.1499146388549,9.56411854732543,9.9824365373612,10.4053668203322,10.8331326842475,11.2656494657369,11.1543929589848,11.6723187994548,12.1733184784783,12.8502267768841,13.1690025073383,13.8700845238151,14.399377584675,14.4101498355577,14.0468072140634,13.9851787932213
Saudi Arabia,SAU,Urban population (% of total population),SP.URB.TOTL.IN.ZS,79.9704860819453,80.155242811133,80.3438134074234,80.5414456330177,80.7542316538166,80.9775503092999,81.2008588083072,81.4230015549063,81.6441431042994,81.8644480116889,82.0791668544465,82.2543876159947,82.4311918025358,82.6071884619102,82.7822571294871,82.9562773406163,83.129128630626,83.300690534822,83.4708425884849,83.6394643268678
Saudi Arabia,SAU,"Industry (including construction), value added (% of GDP)",NV.IND.TOTL.ZS,53.4502821941208,50.7812997816126,51.002641268484,53.9639605129998,56.7056209373966,61.7372362527229,62.5369910258018,62.6934226825684,66.4293431587112,54.6450009539393,58.0314401714882,63.0803869808085,61.9428982819125,58.9702568849547,56.1653404810043,44.6011697093878,42.5305962013279,44.8899324686986,49.0147439495304,45.7234459871756
Saudi Arabia,SAU,Trade (% of GDP),NE.TRD.GNFS.ZS,68.1664488005167,63.5605836794513,64.5927974099254,69.831170708742,75.0828366569341,81.9540759410158,89.9446046768984,94.8633170967657,96.1026308742185,84.8583415624843,82.5496850227537,84.3594342438995,81.74067854616,80.2515014286783,78.000111117736,67.1052692300592,57.9216635110364,59.5319791578229,59.1029104697141,56.7938204886513
Saudi Arabia,SAU,Renewable energy consumption (% of total final energy consumption),EG.FEC.RNEW.ZS,0,0,0,0,0,0,0,0,0,0,0,0,0,0,0,0,0,0,0,0
Saudi Arabia,SAU,Carbon dioxide (CO2) emissions excluding LULUCF per capita (t CO2e/capita),EN.GHG.CO2.PC.CE.AR5,16.3953985610582,16.1835734476463,16.3991276825131,16.4119297375647,16.6257165924061,16.8475463633317,17.0903135744837,17.3405924711443,18.0563174565032,18.3345628771474,20.3047423300728,20.2940259487267,20.6100945700312,19.8087286694572,20.6973806780556,20.5071259148746,19.6907023725829,19.4764691820848,19.2090840590601,19.2859458646594
Senegal,SEN,"PM2.5 air pollution, mean annual exposure (micrograms per cubic meter)",EN.ATM.PM25.MC.M3,69.3535963097363,67.9795373068239,64.7531897425132,60.9096861151279,57.6841589229918,56.3117406644287,56.3287590057483,56.4318266525352,56.5965036620253,56.7983500914545,57.0129259980585,59.1412397618774,71.9845097478197,50.7740625879857,54.8894665378893,70.740985096638,62.2452907130405,68.9961611199396,61.8009740540162,60.3429016299635
Senegal,SEN,GDP per capita (current US$),NY.GDP.PCAP.CD,603.233162455158,637.213530563724,669.430447319209,817.888034221442,918.102079522155,979.846101520171,1017.20196747987,1188.93877808175,1398.79218010021,1308.69404336205,1275.88357492357,1374.67591873844,1326.83798848379,1379.83196553924,1398.89137601382,1218.00613555438,1266.43957151587,1356.80518449031,1452.55612562445,1431.18128932159
Senegal,SEN,Population density (people per sq. km of land area),EN.POP.DNST,51.775099984418,53.0459772502987,54.3614709395938,55.6857424816912,57.0077598296369,58.3569937152652,59.7314392562198,61.1351166052044,62.5822417285618,64.0803459201163,65.6282813068093,67.3084558250662,69.1346543395834,71.2140913104451,73.5059575131148,75.7976990598868,78.0892380408248,80.3770944787825,82.6598348309354,84.9370072196541
Senegal,SEN,Urban population (% of total population),SP.URB.TOTL.IN.ZS,40.6667555531967,40.8763420163126,41.1081471561292,41.35893934855,41.6248193895895,41.9057599695838,42.2046413043069,42.524343609533,42.867747101036,43.23773199459,43.6371785059692,44.0689668509475,44.5359772452989,45.0398750539456,45.6020905341588,46.2747669629858,47.0553579909929,47.9338349639053,48.9001692274485,49.9443321273477
Senegal,SEN,"Industry (including construction), value added (% of GDP)",NV.IND.TOTL.ZS,24.0081947042607,23.8843480318636,24.7837929266149,24.2086161157819,25.0673709569857,23.6818582271971,23.4152166861911,23.6352865631739,22.0817260947223,22.0007291744608,21.7761763055679,23.3061329625455,23.1117975253125,24.294212523467,23.1526032786161,23.5966085082289,23.3440535101312,23.2776942790053,24.0134453886227,23.5728096206578
Senegal,SEN,Trade (% of GDP),NE.TRD.GNFS.ZS,48.680089723263,49.7205780648314,53.1442994641329,50.8212198933376,53.6592031275529,54.9032435689485,54.1362378092613,59.2713043549794,62.7617698176319,52.3072908773365,52.4578551962948,57.5768785989578,61.9753040040375,60.6267663596737,58.4425289760992,58.1103376742017,54.1081692072139,57.7052798455617,61.7898394793183,64.2362506061005
Senegal,SEN,Renewable energy consumption (% of total final energy consumption),EG.FEC.RNEW.ZS,47.5,45.8,43.8,43.7,39.9,40.3,43.4,40,39.8,51.3,49.5,48,49.6,42.7,42.5,39.1,36.7,36.8,34.2,36.2
Senegal,SEN,Carbon dioxide (CO2) emissions excluding LULUCF per capita (t CO2e/capita),EN.GHG.CO2.PC.CE.AR5,0.400180171865501,0.441919674076285,0.447200869387918,0.423806119776413,0.471678172078985,0.511647396744881,0.488187313947173,0.528404267538825,0.534842885597005,0.534391839310571,0.552265288044008,0.577132451936303,0.553255156926921,0.571875600117834,0.592328969929697,0.631685802233911,0.684897111121798,0.659314939022302,0.674573586926839,0.674423812453823
Serbia,SRB,"PM2.5 air pollution, mean annual exposure (micrograms per cubic meter)",EN.ATM.PM25.MC.M3,31.2656899545238,31.5879271581157,32.1130882957481,32.683463379322,33.1413424207388,33.3290154318997,33.1184661635543,32.6163871390382,32.0171315291319,31.5150525046159,31.3045032362704,33.95588567108,30.384649168974,28.4561350651549,28.0367329195926,27.8632692496949,25.5339499000416,26.2823086047504,27.1283419584164,22.6362588980641
Serbia,SRB,GDP per capita (current US$),NY.GDP.PCAP.CD,974.725469278615,1812.42088281393,2390.73459447107,3153.9011312754,3597.08798057009,3807.97417321786,4492.7136699046,6081.08765700202,7376.73517910716,6414.0448463847,5970.92660940072,7082.2861666075,6263.04086072815,7040.41812068781,6886.67809068704,5820.3215576888,5982.37030126471,6548.03653824187,7559.86165747394,7755.632986437
Serbia,SRB,Population density (people per sq. km of land area),EN.POP.DNST,..,..,..,..,..,..,84.742385090327,84.3994854790761,84.0409558655385,83.7046306883147,83.3688085982163,82.740898696547,82.3404642122113,81.9409215641436,81.5434141321747,81.1271781385776,80.7034301394923,80.275074319689,79.8376857992225,79.4104161902584
Serbia,SRB,Urban population (% of total population),SP.URB.TOTL.IN.ZS,55.5923115701625,56.0482321112049,56.462901503343,56.8784264526306,57.3144555999278,57.7508909888183,58.1709152910668,58.5577111784378,58.8944613226962,59.1643483956067,59.3505550689338,59.4349187787267,59.3468437194824,59.6111068725586,59.8779373168945,60.1388092041016,60.3853870034026,60.621208190918,60.8433609008789,61.0492248535156
Serbia,SRB,"Industry (including construction), value added (% of GDP)",NV.IND.TOTL.ZS,35.1538213869747,32.5337516849194,31.0933385156358,28.8089951022913,29.8266761335649,28.929036607637,29.108060215991,28.2391713833774,27.5052601244094,24.3265430810242,25.0306267248726,26.27931177307,26.5789003129754,27.8782873721815,26.5460326998823,26.6399519622231,26.5319225334739,26.6030717363846,25.809720124861,25.5321158663518
Serbia,SRB,Trade (% of GDP),NE.TRD.GNFS.ZS,21.109043880746,53.8950786178485,54.302882889577,58.2946720222191,72.2876162455649,71.9925488520017,75.529235364472,72.7165875771534,75.7432462868839,63.5017226157541,73.7088615865295,75.7493613069523,82.0766814348254,84.3322563766638,88.3815023270446,93.5281477663237,97.6906940431804,102.740445166934,105.563713028559,107.577309546092
Serbia,SRB,Renewable energy consumption (% of total final energy consumption),EG.FEC.RNEW.ZS,22.1,19.6,18,15.7,14.6,16.1,15.3,14,15.5,20.7,20.5,17.4,19.5,20,23.2,21.2,20.9,20,21,21.4
Serbia,SRB,Carbon dioxide (CO2) emissions excluding LULUCF per capita (t CO2e/capita),EN.GHG.CO2.PC.CE.AR5,..,..,..,..,..,..,..,..,..,..,..,..,..,..,..,..,..,..,..,..
Seychelles,SYC,"PM2.5 air pollution, mean annual exposure (micrograms per cubic meter)",EN.ATM.PM25.MC.M3,10.4591837101084,10.4372246646421,10.3754079918718,10.2850679474579,10.1775387870608,10.0641547663409,9.88101029192026,9.60702172018116,9.31775623142405,9.08878100594942,8.99566322405777,10.4836323605632,9.81980568508283,9.6559410030708,9.06745868961229,9.00174536475684,9.9122300080876,9.84794743856559,9.35591484940797,9.43411735985982
Seychelles,SYC,GDP per capita (current US$),NY.GDP.PCAP.CD,8063.65500575169,8153.2986369879,8864.16919495467,9070.28460757013,10827.671636033,11802.1118276833,12782.9938926475,12669.3026687222,11265.4376270005,9747.09180546291,10934.79494629,12110.0937461973,12337.1554669388,14821.2921476077,15188.1902175113,15333.1051727105,16566.9946042294,17480.3651911372,18440.2340460932,19141.5118743615
Seychelles,SYC,Population density (people per sq. km of land area),EN.POP.DNST,176.371739130435,176.526086956522,182.00652173913,179.958695652174,179.29347826087,180.126086956522,183.913043478261,184.854347826087,189.034782608696,189.778260869565,195.152173913043,190.089130434783,191.963043478261,195.541304347826,198.60652173913,203.084782608696,205.819565217391,208.354347826087,210.352173913043,212.228260869565
Seychelles,SYC,Urban population (% of total population),SP.URB.TOTL.IN.ZS,43.3974230710038,43.2172985855685,43.0948464521927,43.0049328648162,42.9237756892027,42.8510349075107,42.7880431397027,42.7361330057413,42.696637125589,42.6708881192085,42.660307244583,42.6739844860866,42.7261758463169,42.815069634181,42.9386256186342,43.094803568632,43.2815632531296,43.4968644410824,43.7386669014459,44.0049304031754
Seychelles,SYC,"Industry (including construction), value added (% of GDP)",NV.IND.TOTL.ZS,41.7175677617359,40.3770010669744,43.5117612493021,39.3949624195466,21.2664381340441,23.5711088030511,23.3438748508432,23.0158256328238,22.4143519418529,20.1824627484302,19.6134912354854,20.6952608634553,19.7343819448264,16.5413009747671,15.7700469714181,14.2030327151444,13.6909528775658,11.7738883980069,11.8099756005606,12.2185624290623
Seychelles,SYC,Trade (% of GDP),NE.TRD.GNFS.ZS,151.302447835167,179.884914877473,156.9298895573,168.844235034216,149.54093675029,171.101735954764,177.56693551462,174.928462798259,208.842968505327,221.933825358009,198.162692424328,210.075382747992,222.178254853141,196.517733268793,213.354469426486,187.475012467679,180.866188390939,197.442236417869,185.7075372109,173.407846880196
Seychelles,SYC,Renewable energy consumption (% of total final energy consumption),EG.FEC.RNEW.ZS,1.5,1.3,1.1,1.1,1,0.9,0.9,1,0.9,0.8,0.7,0.8,0.8,1.5,1.4,1.4,1.2,1.2,1.2,1.2
Seychelles,SYC,Carbon dioxide (CO2) emissions excluding LULUCF per capita (t CO2e/capita),EN.GHG.CO2.PC.CE.AR5,9.29977443887047,10.3224058520726,9.06083155166442,9.24366702504198,12.8705668384359,11.6379830553477,12.4054373522459,10.2019216069056,10.5938635631814,11.6864074778345,10.2149938732316,8.9397422261868,10.0404289774979,8.91949882711314,10.1369323219387,10.5631616694677,11.6216187669656,12.0280041317571,10.3894090655423,9.16568501920615
Sierra Leone,SLE,"PM2.5 air pollution, mean annual exposure (micrograms per cubic meter)",EN.ATM.PM25.MC.M3,41.6831849365454,41.76188178453,41.7816783655733,41.7517372598839,41.6812210476709,41.5792923091429,41.0215479649101,39.8572436975635,38.5060302302833,37.3875582862496,36.9214785886428,43.1349217295232,42.3969895780679,34.4203331673694,36.2193735145078,51.8061671080408,48.7036743850653,44.7073767568936,44.3351501101334,38.5920982937814
Sierra Leone,SLE,GDP per capita (current US$),NY.GDP.PCAP.CD,143.743743239644,358.315716051546,388.995111216836,413.817607346927,417.749983329227,462.633324427945,580.26796974773,631.889926264998,705.359014080005,652.845806767943,685.039673490948,761.146365577281,937.504428180231,1117.47183075115,1117.7586465721,964.575980888989,844.416411175476,779.186007841728,845.914540460932,843.712517809977
Sierra Leone,SLE,Population density (people per sq. km of land area),EN.POP.DNST,61.2858270989194,65.0140759213078,68.8755195344971,71.7329869770019,74.199459684123,76.2221113881962,77.9227763923524,79.65297866445,81.6669714602383,83.8964533111665,86.2110556940981,88.4905929620393,90.7603214186755,93.0181629260183,95.2671792740371,97.5014546965918,99.8244389027431,102.234677195899,104.662829038515,107.120961485176
Sierra Leone,SLE,Urban population (% of total population),SP.URB.TOTL.IN.ZS,35.5327867241975,35.763651295501,36.0082791496616,36.2690511597053,36.5491283814755,36.8485519672439,37.1703805343647,37.5122859420526,37.8725951588418,38.2496351532666,38.6417328938613,39.0472153491602,39.4644094876975,39.8916422780075,40.3272406886245,40.7669565187099,41.229411538771,41.7106682105058,42.2011025267803,42.7018444914441
Sierra Leone,SLE,"Industry (including construction), value added (% of GDP)",NV.IND.TOTL.ZS,26.7592113729712,8.02011314843721,8.92815293953229,10.4640211289669,11.9277477569509,11.4194355058338,25.2475228320461,24.3286197684471,22.4354575177107,19.4026088860298,20.2650996328359,19.6837646221541,23.5297216066996,26.4303748873975,20.452711739982,16.6428629261418,19.515679548632,19.5143905015015,17.510686344572,17.9304532249609
Sierra Leone,SLE,Trade (% of GDP),NE.TRD.GNFS.ZS,57.5299628959222,35.9381586081315,38.9169111968846,46.4464363702625,46.1719991766037,47.547983989225,22.0888664739674,21.8067992689239,21.2566155636984,23.0753395976546,27.9541259241389,43.7807969332619,53.3813447139398,53.3627646114117,51.1187772788807,36.4823958242319,43.0672126969961,41.5213782343591,37.3774604106006,37.5619530302056
Sierra Leone,SLE,Renewable energy consumption (% of total final energy consumption),EG.FEC.RNEW.ZS,93.3,91.2,88,86.5,86.5,88.1,84.4,86.3,86,86.1,84.9,81,79.1,74.6,73,74,73.6,74.6,75.9,75.4
Sierra Leone,SLE,Carbon dioxide (CO2) emissions excluding LULUCF per capita (t CO2e/capita),EN.GHG.CO2.PC.CE.AR5,0.0975673493894468,0.117075058452291,0.116626285971757,0.119145865711852,0.114363772394994,0.103149710490117,0.126518677506451,0.11604786069804,0.109725276272571,0.107783711267138,0.114146335505697,0.135958333248529,0.148738833902196,0.167216483759209,0.175528275394702,0.145275663555545,0.146932936293809,0.14155816155437,0.160273995994209,0.156143482319108
Singapore,SGP,"PM2.5 air pollution, mean annual exposure (micrograms per cubic meter)",EN.ATM.PM25.MC.M3,19.7999719213474,19.3142628589039,18.5842525658608,17.7392806593529,16.908686756515,16.221810474482,15.6032041493169,14.9552764832534,14.3741516426824,13.9559537939949,13.796807103582,15.5030932335334,16.9223599271481,18.076662563077,17.2816885850335,17.1833032960407,15.900294890346,16.0768840541767,15.9768571619193,17.0759063187283
Singapore,SGP,GDP per capita (current US$),NY.GDP.PCAP.CD,23852.8389514753,21699.7414868907,22159.8373710639,23730.3840054566,27608.080013423,29961.3172812732,33768.4528234651,39432.8860198877,40008.5720489092,38926.8054365453,47236.683084953,53891.4570264372,55547.5553077786,56967.4257940383,57564.8023114977,55645.6068614606,57005.5887176547,61236.251270627,66881.6067035265,65952.0378959293
Singapore,SGP,Population density (people per sq. km of land area),EN.POP.DNST,6011.77164179105,6176.13731343284,6186.59259259259,5989.55749636099,6047.40783744557,6191.23657474601,6342.02449567723,6602.30071942446,6913.42285714286,7125.10428571429,7231.81196581197,7363.19318181818,7524.69830028329,7636.72135785007,7714.7023977433,7806.77291960508,7908.72073342736,7882.37780898876,7897.30532212885,7965.87849162011
Singapore,SGP,Urban population (% of total population),SP.URB.TOTL.IN.ZS,100,100,100,100,100,100,100,100,100,100,100,100,100,100,100,100,100,100,100,100
Singapore,SGP,"Industry (including construction), value added (% of GDP)",NV.IND.TOTL.ZS,32.4585044954973,30.3796610759446,30.7456754181249,30.2248029160952,31.8858938554669,31.4076522049802,30.8942965496098,28.2257709638809,26.4153381596662,27.0163193688262,26.6358717243037,25.2595925808817,25.0222021555412,23.4427286283197,24.1685192477514,24.2880229055028,23.2029524941107,23.4966352857041,25.3804206689349,24.07072940872
Singapore,SGP,Trade (% of GDP),NE.TRD.GNFS.ZS,364.364520468218,349.292105694978,349.746013985676,377.218564301581,401.523712538509,420.430512920559,425.363399543019,394.288471919078,437.326714891057,358.192811828842,369.685555787646,379.098631377539,369.212965787665,367.041780049019,360.467319166237,329.471398940262,302.839656046574,316.794409287568,326.59658728675,324.394985115301
Singapore,SGP,Renewable energy consumption (% of total final energy consumption),EG.FEC.RNEW.ZS,0.3,0.6,0.6,0.6,0.5,0.5,0.5,0.5,0.5,0.5,0.5,0.5,0.5,0.6,0.6,0.7,0.7,0.7,0.8,0.9
Singapore,SGP,Carbon dioxide (CO2) emissions excluding LULUCF per capita (t CO2e/capita),EN.GHG.CO2.PC.CE.AR5,11.3010369953278,11.0938779297885,10.8280032088507,10.314555220561,10.6855268387372,9.78289459186893,9.5355418148688,9.44913687162465,8.86794550394306,8.77394676729544,9.62940332481604,9.90350885315629,9.44039430491129,9.74704963473961,9.84749870377372,9.9683071478565,9.44707088976961,10.1364104576184,9.61426051080076,9.79870673958709
Sint Maarten (Dutch part),SXM,"PM2.5 air pollution, mean annual exposure (micrograms per cubic meter)",EN.ATM.PM25.MC.M3,..,..,..,..,..,..,..,..,..,..,..,..,..,..,..,..,..,..,..,..
Sint Maarten (Dutch part),SXM,GDP per capita (current US$),NY.GDP.PCAP.CD,..,..,..,..,..,..,..,..,..,25528.412619483,26403.8143692163,27317.5178881974,28149.0997855041,28529.7324687053,37134.912423099,37839.6283815163,37308.6147795736,34701.3058494468,31708.3110124742,34861.469528968
Sint Maarten (Dutch part),SXM,Population density (people per sq. km of land area),EN.POP.DNST,..,..,..,..,..,..,..,..,..,..,..,1007.85294117647,1030.08823529412,1054.52941176471,1078.58823529412,1102.08823529412,1124.97058823529,1146.94117647059,1168,1187.79411764706
Sint Maarten (Dutch part),SXM,Urban population (% of total population),SP.URB.TOTL.IN.ZS,100,100,100,100,100,100,100,100,100,100,100,100,100,100,100,100,100,100,100,100
Sint Maarten (Dutch part),SXM,"Industry (including construction), value added (% of GDP)",NV.IND.TOTL.ZS,..,..,..,..,..,..,..,..,..,..,..,12.9326808307472,11.6450388167961,11.2616056799563,7.30134105795493,6.96750002994459,6.83295797523983,6.87703253714925,6.53037877010542,7.2701465731997
Sint Maarten (Dutch part),SXM,Trade (% of GDP),NE.TRD.GNFS.ZS,..,..,..,..,..,..,..,..,..,..,..,..,..,..,..,..,..,..,..,..
Sint Maarten (Dutch part),SXM,Renewable energy consumption (% of total final energy consumption),EG.FEC.RNEW.ZS,..,..,..,..,..,..,..,..,..,..,..,..,0,0,0,0,0,0,0,0
Sint Maarten (Dutch part),SXM,Carbon dioxide (CO2) emissions excluding LULUCF per capita (t CO2e/capita),EN.GHG.CO2.PC.CE.AR5,..,..,..,..,..,..,..,..,..,..,..,..,..,..,..,..,..,..,..,..
Slovak Republic,SVK,"PM2.5 air pollution, mean annual exposure (micrograms per cubic meter)",EN.ATM.PM25.MC.M3,21.3868373355091,21.6278516283468,22.1249717498678,22.7003052930194,23.1759598507491,23.374043016004,23.1757791292256,22.7029960146004,22.1387064906928,21.6659233760675,21.4676594892892,22.5558562408852,20.342178101972,19.5808878710842,19.2661010504213,19.1867476350431,17.8788004543361,18.1847497519631,18.678784905987,15.8371166474072
Slovak Republic,SVK,GDP per capita (current US$),NY.GDP.PCAP.CD,5421.6448441887,5712.47802761654,6554.62808369461,8675.39633696465,10650.1290097126,11641.5410321763,13167.8954730379,16110.4817265237,18744.3192278346,16586.7527805228,16899.448680529,18469.4354316836,17516.9691054078,18312.7805149823,18770.9289896545,16442.0760860018,16636.0769133073,17645.5298716761,19573.3717031314,19406.0589683582
Slovak Republic,SVK,Population density (people per sq. km of land area),EN.POP.DNST,112.031600831601,111.826756756757,111.786112266112,111.689336936188,111.689812889813,111.700769230769,111.705904365904,111.738503118503,111.834365904366,112.006778956124,112.108876920838,112.260522375645,112.451734320413,112.572637664282,112.700686356073,112.803148787488,112.953369384359,113.128785357737,113.285586522463,113.43899750416
Slovak Republic,SVK,Urban population (% of total population),SP.URB.TOTL.IN.ZS,56.1058893284907,55.9968426739371,55.8776140379959,55.7386007222942,55.5843833415875,55.4189847597721,55.2464278407442,55.0707354484001,54.895930446636,54.7260356993483,54.5650740704331,54.4167387988534,54.2764528316182,54.1384024098892,54.0029125499893,53.8700628001622,53.7399327086517,53.6126018237016,53.4881496935559,53.3666558664583
Slovak Republic,SVK,"Industry (including construction), value added (% of GDP)",NV.IND.TOTL.ZS,29.5100486010771,29.9245857999101,29.3177460076999,30.7779711731675,32.1708840398951,32.0563158138445,34.2253304669146,33.4007648001191,32.9163890677556,29.2871824292761,29.956654996582,29.9295585244148,30.0711048440783,27.9562731617683,29.8948137660441,29.9318952287768,28.6704533371343,28.0768009837999,28.5930165310765,29.1467840646082
Slovak Republic,SVK,Trade (% of GDP),NE.TRD.GNFS.ZS,108.939262958746,121.931131222912,120.599168045888,125.998506220804,140.222460021585,148.705461161746,164.992205726236,166.580025216882,162.464472991641,136.714352092364,155.108497681586,169.178076311066,176.968958181431,180.903136491458,176.756316098132,179.42602289503,182.757379596201,186.644687399549,188.732964699496,183.722608631236
Slovak Republic,SVK,Renewable energy consumption (% of total final energy consumption),EG.FEC.RNEW.ZS,3.7,6,5.5,5.3,6.2,6.3,6.6,8.2,7.6,10,10.3,10.4,10.5,10.7,12.2,13.4,13.1,12.4,12.4,17.6
Slovak Republic,SVK,Carbon dioxide (CO2) emissions excluding LULUCF per capita (t CO2e/capita),EN.GHG.CO2.PC.CE.AR5,7.73551047373031,7.80433872040338,7.8021734408151,7.89001472817638,7.78810858704312,7.86263120934737,7.86450312987735,7.69077341625141,7.65205745874923,6.91125028451253,7.40271408613822,7.01956363237591,6.67699907851554,6.72042469482633,6.27281818770694,6.36564652722325,6.5265914880281,6.93642043582623,6.83757404157436,6.3818228588265
Slovenia,SVN,"PM2.5 air pollution, mean annual exposure (micrograms per cubic meter)",EN.ATM.PM25.MC.M3,20.7629407401817,20.9341970231562,21.268223162792,21.6496505670105,21.9631106437327,22.0932348008799,21.7654811995932,20.9839149196018,20.0510777467089,19.2695114667176,18.9417578654309,20.6973508722527,18.3430191214734,18.16324478528,17.79704248843,17.7209260643327,16.4517774590328,16.502696435309,18.1801552844915,13.9082165762349
Slovenia,SVN,GDP per capita (current US$),NY.GDP.PCAP.CD,10135.7219109212,10375.6255869861,11639.1297780477,14711.674874253,17103.8297783905,17969.7095907161,19563.005059144,23725.1596001515,27461.9764165315,24501.7897290425,23329.8417691156,24940.6284841605,22442.1417859955,23236.9655321695,24013.0682060959,20697.2748530619,21447.8377796036,23303.077705959,25888.0481065655,25814.1687167572
Slovenia,SVN,Population density (people per sq. km of land area),EN.POP.DNST,98.7549652432969,98.9106256206554,99.0332671300894,99.0929990069513,99.156504468719,99.3284011916584,99.6458788480636,100.204667328699,100.332370372576,101.245371243634,101.685826607499,101.898292465005,102.114049151928,102.281678252234,102.382323733863,102.446109241111,102.52417833383,102.610871929328,102.992292564709,103.711934605987
Slovenia,SVN,Urban population (% of total population),SP.URB.TOTL.IN.ZS,50.6975029797519,50.7597503536323,50.7744556266555,50.7553842628349,50.7124410611224,50.648781400021,50.5672552816963,50.4707127083144,50.3620036820409,50.2439782050416,50.1194862794826,49.9463818748723,49.7619476318359,50.0466580754027,50.983470916748,53.6612160294144,53.647274017334,55.2451133728027,55.1913430955675,55.4523277282715
Slovenia,SVN,"Industry (including construction), value added (% of GDP)",NV.IND.TOTL.ZS,30.4454054896668,30.5980485599949,30.0414822046327,30.2933302648589,30.2634915340612,29.8114014464119,30.1134067265623,30.5983193876711,29.7553678451099,27.3824377206038,26.3518668029855,26.5487234278155,27.0724390429475,27.136357331722,27.773620382746,27.6272123283146,27.5997956172164,28.0311742193249,28.0718729650095,28.5562740977565
Slovenia,SVN,Trade (% of GDP),NE.TRD.GNFS.ZS,104.620348581459,105.583223530684,104.880458289416,103.280027127626,112.399933466762,121.127284217914,130.517913086158,137.66309435102,135.387093664802,114.482301023638,128.606575425363,140.332355750319,143.656448572975,145.168789432403,146.471705096746,147.218367714503,148.238448080388,158.70213584467,162.613493975851,160.044275685249
Slovenia,SVN,Renewable energy consumption (% of total final energy consumption),EG.FEC.RNEW.ZS,18,18.7,16.3,16.9,17.8,18.6,17.4,18.4,17.6,19.6,20.1,19.1,20.2,22.5,22.9,21.4,21,19.7,20.6,20.9
Slovenia,SVN,Carbon dioxide (CO2) emissions excluding LULUCF per capita (t CO2e/capita),EN.GHG.CO2.PC.CE.AR5,7.58902422162726,8.51691214120057,8.66214095551333,8.58065683134969,8.71266672408578,8.81606059363931,8.94159456426631,8.88722287354283,9.34821670634379,8.28055924760341,8.37691223640926,7.83269836027402,7.54292692008736,7.52978344651553,6.85069690297675,6.92739774687175,7.27283028626052,7.42566255708028,7.44975394113682,7.0993135844205
Small states,SST,"PM2.5 air pollution, mean annual exposure (micrograms per cubic meter)",EN.ATM.PM25.MC.M3,20.8786986973031,20.7384096898855,20.4203445703945,20.022737779127,19.6456250354277,19.3928701610579,19.2021527038676,18.9484518281868,18.6844219527852,18.4687395910683,18.3527022389825,19.0847379626139,19.9142068875125,19.4020920182407,19.0679547503265,19.9313126639008,19.1512628948974,19.1524631727984,19.0124959643295,18.7666844518979
Small states,SST,GDP per capita (current US$),NY.GDP.PCAP.CD,4846.98212617811,4839.48717828643,5133.13224592248,6060.64034085427,6954.01090826418,7779.765881341,8649.72106282857,10056.3574835992,10974.8922038731,9296.64440865481,9813.58319583757,10893.6298369854,10844.5207585756,11132.3602165915,11413.5892863022,10446.850341907,10486.2161094903,11304.5050810878,12057.788581183,11990.4670996465
Small states,SST,Population density (people per sq. km of land area),EN.POP.DNST,21.7763587407941,22.0951703045544,22.4156619874063,22.6790406564129,22.9474936600401,23.0888082733534,22.8969574840419,23.139797458615,23.3853399685667,23.6168770741806,23.8561525796908,24.0920849210761,24.3340222188766,24.5433988583401,24.7939970826117,25.0522020897752,25.30673344668,25.5970204103524,25.8745222195669,26.157554001711
Small states,SST,Urban population (% of total population),SP.URB.TOTL.IN.ZS,49.2961871752943,49.3170929143434,49.3388064786293,49.3908235841846,49.467018684534,49.514592333948,49.5866232129558,49.6867101238797,49.8031679131066,49.9082927598954,49.9789172474027,50.0393878949867,50.1216411856976,50.2078520957445,50.3145535848893,50.4432480596759,50.5823717773529,50.740519957361,50.8834075568435,51.0510007537325
Small states,SST,"Industry (including construction), value added (% of GDP)",NV.IND.TOTL.ZS,27.3477116951929,26.2486219045336,25.814080296694,27.0987666554812,27.7659982692488,29.2449478302012,30.5246317336764,29.4512229692267,31.9463670229055,26.789753749279,27.7082050815673,29.5660124416704,28.0926478609093,26.8870678702542,25.668619907151,22.9129920905932,21.9900273606034,22.125153124603,22.5090355336342,22.1890029331434
Small states,SST,Trade (% of GDP),NE.TRD.GNFS.ZS,116.684319259518,114.753435257116,111.231711512916,105.653574751767,107.887081094218,110.336323133329,111.808212183291,111.567046346364,114.90041679007,105.257596398861,113.977029067704,124.02373971019,126.178432046115,129.030954637763,127.607507784766,126.536433539563,123.964615392101,126.096083557867,128.426612296639,130.087047215398
Small states,SST,Renewable energy consumption (% of total final energy consumption),EG.FEC.RNEW.ZS,28.0068348770361,27.0383106856084,27.882881773399,27.2502846868445,26.9271026682135,27.2333608360836,26.6335847609307,26.8431092436975,28.4953543493719,30.2776979308636,29.7265690627625,30.2495982731742,30.1846016646849,30.3387854927225,30.1999766218586,31.1755146888735,31.3734949541816,31.1677364093193,32.2826634877384,31.6559924886778
Small states,SST,Carbon dioxide (CO2) emissions excluding LULUCF per capita (t CO2e/capita),EN.GHG.CO2.PC.CE.AR5,4.71962637789581,4.89089781660422,4.79712780803342,5.25044919542898,5.40748109462244,5.76098999180579,6.1068693820513,6.32679860032375,6.1605646514771,5.79315365424532,6.25896217946968,6.18180307927551,5.99490584639584,5.93587145778369,5.89679391529164,5.62992039845094,5.45971981487838,5.41654017239327,5.44441714909064,5.04835129955372
Solomon Islands,SLB,"PM2.5 air pollution, mean annual exposure (micrograms per cubic meter)",EN.ATM.PM25.MC.M3,12.7925434315937,12.8153735261217,12.788650887329,12.7455152801093,12.7191064693561,12.7425642199631,12.8418501292278,12.9961903836137,13.1686216317637,13.3221805223207,13.4199037039275,13.3086086795295,13.3168981062044,13.5787313517494,13.6743436010117,13.388977783012,13.4720259543338,13.434058342961,14.2731157049398,14.3002352896823
Solomon Islands,SLB,GDP per capita (current US$),NY.GDP.PCAP.CD,953.17190137706,911.791935385411,756.890296490792,895.984242546501,986.070953503889,1144.49233397681,1255.62447417684,1390.14870956707,1525.84666261203,1554.70671006386,1685.14535823757,1924.05795643133,2066.25738638356,2161.38627543917,2164.95289873002,2045.47721526649,2082.62383124213,2143.57670489272,2278.19908624102,2223.65890942466
Solomon Islands,SLB,Population density (people per sq. km of land area),EN.POP.DNST,15.7366559485531,16.0459092533048,16.3512325830654,16.6543051089675,16.9564487316899,17.2590210789568,17.5632011432655,17.8690961057521,18.1775634155055,18.5116470167917,19.0413719185423,19.7550911039657,20.4932475884244,21.2556270096463,22.0403001071811,22.8444087173991,23.6648445873526,24.497034655234,25.3340836012862,26.014540907467
Solomon Islands,SLB,Urban population (% of total population),SP.URB.TOTL.IN.ZS,15.7523593692696,16.0619258388978,16.4026212138182,16.7733115757749,17.172863006512,17.6001415877737,18.0540134013038,18.5333445288467,19.0370010521463,19.5633740998673,20.1194058206257,20.7284892962955,21.3906964219987,22.1027262484765,22.8612778264703,23.6630502067213,24.5047424399707,25.3830535769599,26.2946826684302,27.275106750276
Solomon Islands,SLB,"Industry (including construction), value added (% of GDP)",NV.IND.TOTL.ZS,..,..,..,9.50877599494871,9.67379284707701,8.5987215506694,9.32536931430012,9.98457958747137,10.2651535362455,11.8218587913377,12.9725534512526,18.6507336880232,18.2452798557842,15.6478383600355,16.8607057072847,15.5522182353588,15.5564744358205,17.6021668174714,17.6013647441937,18.1213540227607
Solomon Islands,SLB,Trade (% of GDP),NE.TRD.GNFS.ZS,58.5523280892414,45.1100685673042,45.1275100252581,55.9586091334969,62.8118976683083,66.5710765635257,69.7893991429226,83.7476138715,87.3526158028726,71.8849530192377,96.1485545423385,107.247515572534,104.823434628967,99.6074605551315,93.4534070100296,88.1884859107326,85.54984577725,82.1974922027324,88.4949614655388,82.9985659020552
Solomon Islands,SLB,Renewable energy consumption (% of total final energy consumption),EG.FEC.RNEW.ZS,55.3,54.1,52.8,51.5,49.9,49.7,48.9,47.4,46.7,45.8,45.1,43.6,43.8,41.8,45.9,48.6,48.7,49,48.6,48.4
Solomon Islands,SLB,Carbon dioxide (CO2) emissions excluding LULUCF per capita (t CO2e/capita),EN.GHG.CO2.PC.CE.AR5,0.528527546774007,0.568883940996382,0.585136484505245,0.596369440142099,0.603652254161829,0.618738097209572,0.609852846047755,0.647198074200849,0.64545293736119,0.632839323659004,0.672648264060882,0.674208103880133,0.648354445385857,0.660733345099127,0.607059723654094,0.521726890986292,0.48854205824762,0.425713752348061,0.458608858258556,0.438510355738608
"Somalia, Fed. Rep.",SOM,"PM2.5 air pollution, mean annual exposure (micrograms per cubic meter)",EN.ATM.PM25.MC.M3,28.5093302780691,27.8901493801609,26.413641085149,24.6513569911026,23.1748486960907,22.5556677981825,22.5963627733032,22.7310859240048,22.9787945882967,23.3584461041883,23.8889978096887,27.743332063383,29.2235174003913,27.5479415389526,25.4404864168862,24.732373356369,25.3011395270495,26.6404683683977,27.0888470741344,22.8360439242082
"Somalia, Fed. Rep.",SOM,GDP per capita (current US$),NY.GDP.PCAP.CD,386.119274401275,244.914842538455,229.598918310039,286.273025198975,375.410326225387,439.979907805478,457.996662206659,479.635628065289,507.03744334738,246.513251675105,219.202453852397,235.325945610434,350.261946720512,393.398703952979,429.431656725102,445.583080073396,460.928490585175,510.939952317726,509.497273804534,539.954816211694
"Somalia, Fed. Rep.",SOM,Population density (people per sq. km of land area),EN.POP.DNST,14.089190869385,14.6626916823413,15.2231054930341,15.7955128000765,16.3882392323142,16.9672394554787,17.4953007938279,18.0485574010903,18.5913284662225,19.0665364873912,19.5456307584404,19.6844294959671,19.8634871042816,20.5145439474607,21.2635747760385,22.0087400771511,22.8723499218924,23.7775831287659,24.6317578984283,25.5538798737527
"Somalia, Fed. Rep.",SOM,Urban population (% of total population),SP.URB.TOTL.IN.ZS,33.0596136927225,33.5128183866634,33.9872055053711,34.4719665654476,34.9620706047618,35.4674928136211,35.9982083823331,36.5641925012053,37.1754203605454,37.8418671506609,38.5735080618592,39.380318284448,40.2722730087349,41.2593474250273,42.3515167236328,43.8618107408479,45.942842729174,48.3639630032265,50.9506215336872,51.6421170703225
"Somalia, Fed. Rep.",SOM,"Industry (including construction), value added (% of GDP)",NV.IND.TOTL.ZS,..,..,..,..,..,..,..,..,..,..,..,..,..,..,..,..,..,..,..,..
"Somalia, Fed. Rep.",SOM,Trade (% of GDP),NE.TRD.GNFS.ZS,..,..,..,..,..,..,..,..,..,..,..,..,88.5736460782288,83.3409991258378,81.7010414559322,76.4793322385239,74.3615625516249,68.6756490932841,73.8219230280706,70.2980591497227
"Somalia, Fed. Rep.",SOM,Renewable energy consumption (% of total final energy consumption),EG.FEC.RNEW.ZS,93.3,93.3,92.6,92.8,93,93.3,93.5,93,93.4,93.6,93.6,93.7,93.9,94.4,94.6,94.5,94.8,94.9,94.9,95
"Somalia, Fed. Rep.",SOM,Carbon dioxide (CO2) emissions excluding LULUCF per capita (t CO2e/capita),EN.GHG.CO2.PC.CE.AR5,0.0707455938438096,0.0720444098832276,0.0773188616661482,0.075929768798698,0.0721817084294735,0.0708740925128624,0.0710126971868804,0.0697367437921845,0.065428663636479,0.064842986920795,0.0643056345273874,0.0638360071358987,0.062458069714216,0.060817769387286,0.057963231130783,0.0595713916231977,0.0583884020478453,0.0560917617512643,0.0554085565643899,0.0528040378839186
South Africa,ZAF,"PM2.5 air pollution, mean annual exposure (micrograms per cubic meter)",EN.ATM.PM25.MC.M3,24.3617741485462,24.0639428788771,23.5893636134975,23.0775934481989,22.6681894787726,22.5007088010102,22.7170362946248,23.2441138514745,23.8990840855684,24.4990896109155,24.861273041525,24.9968845183073,24.6444105011731,24.1607460915842,24.5484834922425,24.5964053006527,24.1476891116721,23.754937395964,23.8122504048776,23.1897720637682
South Africa,ZAF,GDP per capita (current US$),NY.GDP.PCAP.CD,3217.84693448467,2847.15191945908,2688.23676032806,4062.21755993786,5221.46333731721,5836.87663325127,6077.38293388876,6591.85535960564,6184.75474328399,6374.70560042992,7973.47195771517,8646.05571071635,8076.97678479741,7331.65467384919,6856.73137092522,6112.27382485974,5651.20585165749,6618.33508255701,6914.1780318076,6533.71121032856
South Africa,ZAF,Population density (people per sq. km of land area),EN.POP.DNST,38.8756967743531,39.2112703921391,39.584379559637,39.9808324196886,40.3856440989539,40.796670486114,41.2156369271859,41.6527908069476,42.1358670832337,42.6419441261572,43.1493549530538,43.6861279872062,44.3351828800831,45.0739771987239,45.8291124318888,46.7595454582925,47.2014038529705,47.5110354549127,48.3171083761304,49.1207453692636
South Africa,ZAF,Urban population (% of total population),SP.URB.TOTL.IN.ZS,56.2589954883628,57.0014339378269,57.6723587528482,58.3724341232066,59.0977390950102,59.8241758378997,60.5276465215157,61.1840533154988,61.7692983894896,62.2592839131287,62.6299120560569,62.850627754452,62.9616560303263,63.0524024097034,63.1352327065742,63.2096349937231,63.2750973439347,63.3311078299936,63.3771545246841,63.4127255007908
South Africa,ZAF,"Industry (including construction), value added (% of GDP)",NV.IND.TOTL.ZS,28.2297555130289,28.531613122664,28.5059160154765,26.8928680646111,26.3036366679746,26.0150792659507,24.8591176319147,25.2946183090828,26.9415561091344,25.7430761887593,25.3034630993363,24.8394911507999,24.4686002355753,24.5517417673484,24.3052820058227,23.7323079746326,23.7825372977493,23.6105564955695,23.5370608392744,23.6220152843652
South Africa,ZAF,Trade (% of GDP),NE.TRD.GNFS.ZS,46.2207217354077,49.170945185829,53.4655016294369,45.723862568979,45.6435752240041,47.4277813970329,53.7681412741145,57.125139137747,65.9745237996233,49.5875353278801,50.4060871625999,54.6363504358971,55.5826171933345,58.875027630051,59.4995740550593,56.7266761447156,55.8612575048782,53.5359318293741,54.4855451276341,53.8979964081406
South Africa,ZAF,Renewable energy consumption (% of total final energy consumption),EG.FEC.RNEW.ZS,16.2,15,13.3,11.8,11,9.7,9.3,8.7,9.7,9.2,9.4,9,8.3,7.8,7.6,7.6,7.8,7.9,8,8.7
South Africa,ZAF,Carbon dioxide (CO2) emissions excluding LULUCF per capita (t CO2e/capita),EN.GHG.CO2.PC.CE.AR5,7.36397941641679,7.51319828115408,7.72131022420827,8.11491084558816,8.69023374521021,8.81501533854301,8.81243167639557,9.10281000552084,9.54569945858325,8.83353970564321,8.87117430020844,8.37758623633968,8.57667504044573,8.68872722515024,8.75262375978144,8.14948651738695,8.03701551903542,8.14751418587147,8.077016906198,8.01412233375962
South Asia,SAS,"PM2.5 air pollution, mean annual exposure (micrograms per cubic meter)",EN.ATM.PM25.MC.M3,59.9692885733649,60.3548515916606,60.8191997394526,61.2198643419888,61.4152798962164,61.2639278967339,59.7326603528135,56.6177578181583,53.0222019735442,50.0502978355314,48.8056633501158,60.0107347770998,72.2401959582748,74.1440394893364,77.0059054082343,71.9555511289278,73.6717257879879,65.6394173638382,66.4887236040748,58.2935425668225
South Asia,SAS,GDP per capita (current US$),NY.GDP.PCAP.CD,440.467918910931,446.418919348871,462.898836496672,532.66154684429,606.478041696258,686.338193475473,769.378704313512,967.697911561283,958.275511460297,1054.43555885745,1294.02734404973,1397.00682550999,1387.18205956625,1405.8407235793,1528.49208733408,1570.54142462917,1722.90703415144,1956.06707554186,1988.3663331799,2067.05975687637
South Asia,SAS,Population density (people per sq. km of land area),EN.POP.DNST,369.362022618166,376.217803147914,382.915998710263,389.41334579283,396.061871291822,402.315400660187,408.379305503822,414.28225328772,419.986744874377,425.75854200787,431.612115524143,437.408578434374,443.137785083324,448.546924775609,453.976476752004,459.325034807082,464.622057592857,469.82322835622,474.800737015142,479.655227185199
South Asia,SAS,Urban population (% of total population),SP.URB.TOTL.IN.ZS,27.0411850503621,27.3367176958249,27.6624110938664,28.0227929273744,28.410648569229,28.8194352543063,29.2427297254624,29.674497317065,30.1090398673123,30.540665970275,30.9636904041139,31.3499145522495,31.6728581018008,32.0003773282425,32.3195810824512,32.6380348100917,32.9532139923473,33.2643876230047,33.5735795082406,33.8860664509609
South Asia,SAS,"Industry (including construction), value added (% of GDP)",NV.IND.TOTL.ZS,26.7572754388187,26.002471688751,27.1014548108946,26.9565784299121,28.545866460436,28.9493927117665,30.2976473640553,30.3632999656029,30.4832372420253,30.5200919895241,30.1141518295215,29.6069218824429,29.0057872674921,28.1675334184236,27.4984024298739,27.2213156084037,27.0437625990505,26.9539492631074,26.9335397660769,25.4550715858992
South Asia,SAS,Trade (% of GDP),NE.TRD.GNFS.ZS,29.4521345638678,28.6226894432911,31.2058856438684,32.0000779732296,38.1607950166867,42.4971464403536,45.9944214475263,46.0171112034336,52.8016359534609,45.9241017213063,48.318869674409,54.781912294079,55.002840478453,53.1281840147581,48.7343658963128,42.3320491860183,39.7938034454886,40.3089858984443,43.1541039748077,39.8164418526812
South Asia,SAS,Renewable energy consumption (% of total final energy consumption),EG.FEC.RNEW.ZS,49.1786444751449,49.1670993642818,47.9380788404799,47.6673480035601,46.9997926724521,46.222419891066,45.2453053396588,43.5322600697748,41.4480675621599,39.4741030953443,38.1566630116378,36.8092713088936,36.3851888844937,36.6107558472827,35.5096522398152,34.8834168535168,34.2074772429003,33.5888874710393,33.8834998158718,34.4293579877468
South Asia,SAS,Carbon dioxide (CO2) emissions excluding LULUCF per capita (t CO2e/capita),EN.GHG.CO2.PC.CE.AR5,0.840445927573534,0.84248303400705,0.858782907325217,0.871181374102685,0.922668017944774,0.948145526727665,0.995096320189838,1.0669861786225,1.13013698308629,1.18911985110956,1.25337505110238,1.32102326253336,1.42345841104938,1.44411100034295,1.54152763600895,1.55694847600644,1.57119095838883,1.64190884624992,1.70023080439477,1.68278388399681
South Asia (IDA & IBRD),TSA,"PM2.5 air pollution, mean annual exposure (micrograms per cubic meter)",EN.ATM.PM25.MC.M3,59.9692885733649,60.3548515916606,60.8191997394526,61.2198643419888,61.4152798962164,61.2639278967339,59.7326603528135,56.6177578181583,53.0222019735442,50.0502978355314,48.8056633501158,60.0107347770998,72.2401959582748,74.1440394893364,77.0059054082343,71.9555511289278,73.6717257879879,65.6394173638382,66.4887236040748,58.2935425668224
South Asia (IDA & IBRD),TSA,GDP per capita (current US$),NY.GDP.PCAP.CD,440.467918910931,446.418919348871,462.898836496672,532.66154684429,606.478041696258,686.338193475473,769.378704313512,967.697911561283,958.275511460297,1054.43555885745,1294.02734404973,1397.00682550999,1387.18205956625,1405.8407235793,1528.49208733408,1570.54142462917,1722.90703415144,1956.06707554186,1988.3663331799,2067.05975687637
South Asia (IDA & IBRD),TSA,Population density (people per sq. km of land area),EN.POP.DNST,369.362022618166,376.217803147914,382.915998710263,389.41334579283,396.061871291822,402.315400660187,408.379305503822,414.28225328772,419.986744874377,425.75854200787,431.612115524143,437.408578434374,443.137785083324,448.546924775609,453.976476752004,459.325034807082,464.622057592857,469.82322835622,474.800737015142,479.655227185199
South Asia (IDA & IBRD),TSA,Urban population (% of total population),SP.URB.TOTL.IN.ZS,27.0411850503621,27.3367176958249,27.6624110938664,28.0227929273744,28.410648569229,28.8194352543063,29.2427297254624,29.674497317065,30.1090398673123,30.540665970275,30.9636904041139,31.3499145522495,31.6728581018008,32.0003773282425,32.3195810824512,32.6380348100917,32.9532139923473,33.2643876230047,33.5735795082406,33.886066450961
South Asia (IDA & IBRD),TSA,"Industry (including construction), value added (% of GDP)",NV.IND.TOTL.ZS,26.7572754388187,26.002471688751,27.1014548108946,26.9565784299121,28.545866460436,28.9493927117665,30.2976473640553,30.3632999656029,30.4832372420253,30.5200919895241,30.1141518295215,29.6069218824429,29.0057872674921,28.1675334184236,27.4984024298739,27.2213156084037,27.0437625990505,26.9539492631074,26.933539766077,25.4550715858992
South Asia (IDA & IBRD),TSA,Trade (% of GDP),NE.TRD.GNFS.ZS,29.4521345638678,28.6226894432911,31.2058856438684,32.0000779732296,38.1607950166866,42.4971464403536,45.9944214475263,46.0171112034336,52.8016359534609,45.9241017213063,48.318869674409,54.781912294079,55.002840478453,53.1281840147581,48.7343658963128,42.3320491860183,39.7938034454886,40.3089858984443,43.1541039748077,39.8164418526812
South Asia (IDA & IBRD),TSA,Renewable energy consumption (% of total final energy consumption),EG.FEC.RNEW.ZS,49.1786444751449,49.1670993642818,47.9380788404799,47.6673480035601,46.9997926724521,46.222419891066,45.2453053396588,43.5322600697748,41.4480675621599,39.4741030953443,38.1566630116378,36.8092713088936,36.3851888844937,36.6107558472827,35.5096522398152,34.8834168535168,34.2074772429003,33.5888874710393,33.8834998158718,34.4293579877468
South Asia (IDA & IBRD),TSA,Carbon dioxide (CO2) emissions excluding LULUCF per capita (t CO2e/capita),EN.GHG.CO2.PC.CE.AR5,0.840445927573534,0.84248303400705,0.858782907325217,0.871181374102685,0.922668017944774,0.948145526727665,0.995096320189838,1.0669861786225,1.13013698308629,1.18911985110956,1.25337505110238,1.32102326253336,1.42345841104938,1.44411100034295,1.54152763600895,1.55694847600644,1.57119095838883,1.64190884624992,1.70023080439477,1.68278388399681
South Sudan,SSD,"PM2.5 air pollution, mean annual exposure (micrograms per cubic meter)",EN.ATM.PM25.MC.M3,38.4320421364828,38.280684443845,37.9102910757908,37.4463815971085,37.0144755725869,36.7400925670145,36.5774877304162,36.4122099509209,36.2667194004734,36.1634762510183,36.1249406745004,38.3770105110017,39.0581251798986,37.4737878139751,31.496531102241,38.2593644496253,35.2985387463615,35.0660036732304,34.3895571040528,33.3599794728451
South Sudan,SSD,GDP per capita (current US$),NY.GDP.PCAP.CD,..,..,..,..,..,..,..,..,1654.21153546555,1323.22068747862,1498.27034985194,1448.98435006408,1109.26050083408,1650.18943353528,1242.73450181032,1080.14718624765,..,..,..,..
South Sudan,SSD,Population density (people per sq. km of land area),EN.POP.DNST,..,..,..,..,..,..,..,..,..,..,..,..,17.0212523539,17.6701137784248,17.7789834317092,17.5772015887836,17.1381355529885,16.234636747741,16.0191429430475,16.4945231275616
South Sudan,SSD,Urban population (% of total population),SP.URB.TOTL.IN.ZS,16.0428540117317,16.2559618671544,16.447645411794,16.6154472307377,16.7569099090725,16.8695760318857,16.9509881842643,16.9986889512954,17.0301141193955,17.2937284639317,17.535620199576,17.7817678106789,18.0321885447664,18.2868996493633,18.5459183719929,18.8092619601773,19.0769476614377,19.3489927232944,19.6254143932663,19.9062299188719
South Sudan,SSD,"Industry (including construction), value added (% of GDP)",NV.IND.TOTL.ZS,..,..,..,..,..,..,..,..,59.1868406244764,59.2778277419938,61.1436996609911,61.2256432446357,51.1502922242999,22.2248278451082,46.6994007328919,33.0945353993221,..,..,..,..
South Sudan,SSD,Trade (% of GDP),NE.TRD.GNFS.ZS,..,..,..,..,..,..,..,..,97.2662973183488,94.8357640879963,90.9434483661131,93.226859754919,71.6198113947489,50.8112465907463,64.6345178070809,65.5513491845003,..,..,..,..
South Sudan,SSD,Renewable energy consumption (% of total final energy consumption),EG.FEC.RNEW.ZS,..,..,..,..,..,..,..,..,..,..,..,..,30.6,30.1,29.4,27.5,28.7,35.1,31.5,31.4
South Sudan,SSD,Carbon dioxide (CO2) emissions excluding LULUCF per capita (t CO2e/capita),EN.GHG.CO2.PC.CE.AR5,..,..,..,..,..,..,..,..,..,..,..,..,..,..,..,..,..,..,..,..
Spain,ESP,"PM2.5 air pollution, mean annual exposure (micrograms per cubic meter)",EN.ATM.PM25.MC.M3,16.0217993612102,15.8475793759903,15.5644729498625,15.2122004417795,14.8304822106943,14.4590386155595,14.0220409091183,13.490557436925,12.9746541971488,12.584397187959,12.4298524075247,13.4200482874381,12.0395432976255,11.2505956077366,10.5798592110443,11.2555313002962,10.338836110853,10.4366670528408,10.1845744948112,9.35354339662499
Spain,ESP,GDP per capita (current US$),NY.GDP.PCAP.CD,14743.2671031455,15368.2337984435,17111.0685058941,21522.0170990262,24925.0267844576,26450.9530130382,28421.686527407,32652.015594702,35603.248328071,32279.8208476151,30658.7422282912,31824.6219134777,28456.4438151477,29228.846559842,29707.765509467,25982.4416197775,26755.6061149398,28381.3425596906,30602.4212881113,29786.5245689007
Spain,ESP,Population density (people per sq. km of land area),EN.POP.DNST,81.2983246492986,81.9433763941266,83.0225192369349,84.5088139260031,85.9848050803317,87.4654972049129,88.9761493446631,90.6149005229308,92.1293223736969,92.9750651746681,93.1519309613808,93.5078358806114,93.5068371284061,93.169262909578,92.8824553687451,92.907597351004,92.9973717081295,93.2268622784207,93.638281089712,94.3181087826492
Spain,ESP,Urban population (% of total population),SP.URB.TOTL.IN.ZS,76.1650552349602,76.3156889510385,76.4934217249538,76.709335590859,76.9549627547133,77.2206801920294,77.4968648783202,77.7738937890987,78.0421438998777,78.2919921861701,78.5138156234888,78.695397956495,78.8455680301618,78.9858086902112,79.1196713833488,79.2454892743023,79.3615955277997,79.4663233085683,79.5580057813361,79.6349761108307
Spain,ESP,"Industry (including construction), value added (% of GDP)",NV.IND.TOTL.ZS,28.0206433600126,27.9885528091555,27.7644102520327,27.4144338425007,26.9674522329282,27.1317779343664,26.8985528012609,26.2669355504802,26.1869489550822,24.7821508122163,22.985948966945,21.8871702738867,20.7992748782776,20.0279432010078,19.8695989889783,19.9230622051822,19.7937250159622,19.9047199031815,19.7385743840512,19.9779055762497
Spain,ESP,Trade (% of GDP),NE.TRD.GNFS.ZS,60.1216241049216,58.0138895625701,55.1021415309759,53.4357897202258,54.4795182656074,54.6991667043772,56.0839263823216,57.6269487657546,55.8281315172523,46.8366899971109,52.6933699734019,58.5118228859632,60.5540346961864,61.6687726441327,63.39926213895,63.5820412248232,63.1886778507294,66.167446137857,67.0094103982921,66.3662250440692
Spain,ESP,Renewable energy consumption (% of total final energy consumption),EG.FEC.RNEW.ZS,7.9,8.9,7.4,8.9,8,7.3,8.5,9,9.7,12.2,14.4,14.7,15.8,16.9,17.3,16.3,16.7,15.2,16.9,16.7
Spain,ESP,Carbon dioxide (CO2) emissions excluding LULUCF per capita (t CO2e/capita),EN.GHG.CO2.PC.CE.AR5,7.64971752025199,7.60182785916578,7.93091826283723,7.96364196200096,8.21253115688392,8.42628442319919,8.07106843546116,8.21432370534791,7.40131034210523,6.47936608687463,6.17799635729276,6.19393014485236,6.09265740713323,5.5007234648845,5.49369292128904,5.84933711711804,5.66204126256542,5.97761510797052,5.80969253331158,5.3981216422823
Sri Lanka,LKA,"PM2.5 air pollution, mean annual exposure (micrograms per cubic meter)",EN.ATM.PM25.MC.M3,26.659822449137,26.722809505096,26.7206615825844,26.6463535848639,26.4928604151958,26.2531569768416,25.8583485895535,25.2426185148487,24.4035585686367,23.3387605668271,22.0458163253294,19.3067208821847,20.9131853685461,21.9721781997635,19.7831265390581,17.9117046245301,19.521371968942,18.3492016336564,20.8478350946817,19.779803654502
Sri Lanka,LKA,GDP per capita (current US$),NY.GDP.PCAP.CD,860.199884304769,803.544026627385,834.936014905338,946.382255128072,1028.62068132555,1207.21994764165,1388.89739119932,1578.63451125392,1973.58476901287,2026.65939950702,2808.36244503709,3224.95745150496,3327.77613691283,3739.43181100202,3972.04375736464,4057.7158346231,4149.19190775593,4398.88828068715,4358.56095906047,4081.94772722003
Sri Lanka,LKA,Population density (people per sq. km of land area),EN.POP.DNST,307.655142720459,312.55560516664,315.830840376336,318.1553340775,320.325386700686,322.381183224366,324.548094402807,326.782730027109,328.964726518896,330.990830808484,332.946723010684,335.019103811194,337.577069047999,328.257056290863,331.334715356403,338.810527846445,342.672030762768,346.614318258931,350.284495021337,352.431694638296
Sri Lanka,LKA,Urban population (% of total population),SP.URB.TOTL.IN.ZS,14.6196895000898,14.5739539539707,14.6107836754127,14.7256630416211,14.9130061059922,15.167273918248,15.4829275281105,15.8544279853018,16.2762363395441,16.7428136405592,17.2486209380693,17.7881192817964,18.2617686748284,18.4323136480916,18.6153877203724,18.796256612131,18.9747679368162,19.1507693078088,19.3241083384127,19.4946326418437
Sri Lanka,LKA,"Industry (including construction), value added (% of GDP)",NV.IND.TOTL.ZS,27.3180767964657,26.8205944160785,28.0106134516732,28.4245704176973,28.6181015199147,30.1880884644457,30.6422951801489,29.9198197775274,29.3711947494741,29.6714387318411,27.7831982984661,29.0731497643121,30.9698538096371,30.7956807273264,30.5178954294297,29.5354178735039,30.4827177292135,31.1282786464433,30.0568195254141,29.1910098710383
Sri Lanka,LKA,Trade (% of GDP),NE.TRD.GNFS.ZS,88.636441704913,80.8986015327576,76.3351317826517,75.336247330543,79.4829449011187,73.6039729580533,71.2611784883009,68.6065116601391,63.369043608222,49.1491415308235,..,..,..,..,..,46.9179708088816,46.4715370252187,47.1404098004644,49.8093967521361,49.42552388546
Sri Lanka,LKA,Renewable energy consumption (% of total final energy consumption),EG.FEC.RNEW.ZS,64.2,62.9,62.1,61.3,61.6,60.1,62.2,60.2,61.6,63.5,61.9,56.4,52.9,56.9,54.2,51.3,45.1,45.8,47.9,46.1
Sri Lanka,LKA,Carbon dioxide (CO2) emissions excluding LULUCF per capita (t CO2e/capita),EN.GHG.CO2.PC.CE.AR5,0.594343435725624,0.58030560864131,0.600769917749147,0.644522289804371,0.661039481809803,0.713777502007764,0.648296656351918,0.689226252766555,0.64492492211835,0.615577771423657,0.647461199097336,0.757197565544141,0.845279080834285,0.720767549186301,0.860549619790163,0.939966618979494,1.10736008298364,1.09125530228872,1.01443931702815,1.09952758794661
St. Kitts and Nevis,KNA,"PM2.5 air pollution, mean annual exposure (micrograms per cubic meter)",EN.ATM.PM25.MC.M3,8.94496340137378,8.77022263687204,8.47461571465912,8.14785188353141,7.87964039228532,7.75969048971725,7.74938859623819,7.74652592893685,7.74541893162615,7.74038404811904,7.72573772222845,7.02054664173433,7.63914727084111,7.48708051379513,7.35752091509014,8.17910001090095,8.69104650276459,8.59231426212322,8.01759737550583,7.87159855837596
St. Kitts and Nevis,KNA,GDP per capita (current US$),NY.GDP.PCAP.CD,9319.65545093525,10022.5919235637,10453.6587064313,10175.6295449989,10944.6183741768,11783.7867154145,13837.8495311219,14757.9579751035,16604.9448615905,16503.4119292794,16622.9457908577,17832.4572919975,17532.0559008608,18580.1301949935,20219.3954237956,20328.8003530109,21387.5415511103,22464.9899633959,22901.3816403197,23595.4923231291
St. Kitts and Nevis,KNA,Population density (people per sq. km of land area),EN.POP.DNST,174.030769230769,176.003846153846,177,177.6,178.134615384615,178.603846153846,179.111538461538,179.638461538462,180.134615384615,180.446153846154,180.176923076923,180.330769230769,180.896153846154,181.034615384615,181.111538461538,181.103846153846,181.057692307692,180.961538461538,180.8,180.584615384615
St. Kitts and Nevis,KNA,Urban population (% of total population),SP.URB.TOTL.IN.ZS,32.764294564989,32.5960599951138,32.4368354358251,32.2808981467536,32.1287199225823,31.9804975781124,31.8364279281447,31.6967077874804,31.5615339709202,31.4311032932653,31.3056125693165,31.2000648379646,31.2035138804223,31.2131485582887,31.2290015317909,31.2513929695583,31.2806171906169,31.3169642505921,31.3607229995076,31.4121818392285
St. Kitts and Nevis,KNA,"Industry (including construction), value added (% of GDP)",NV.IND.TOTL.ZS,26.842734561823,30.5650311211705,28.6195389986205,24.3502343417128,22.7029949657687,22.2498223290128,23.1516391558233,23.2344833885883,21.9404982450459,23.2274914615363,22.5446364872963,20.9395556933708,18.6845911299958,19.7121899986448,21.3786128291905,22.7382472431805,24.5143300679441,26.2859866005102,24.5506901344489,25.3018009434309
St. Kitts and Nevis,KNA,Trade (% of GDP),NE.TRD.GNFS.ZS,..,..,..,..,..,..,..,..,..,..,..,..,..,..,..,..,..,..,..,..
St. Kitts and Nevis,KNA,Renewable energy consumption (% of total final energy consumption),EG.FEC.RNEW.ZS,26.4,26,24.3,26.3,22,25.3,0,0,0,0,1,0.9,1.3,1.4,1.6,1.6,1.7,1.3,1.3,1.3
St. Kitts and Nevis,KNA,Carbon dioxide (CO2) emissions excluding LULUCF per capita (t CO2e/capita),EN.GHG.CO2.PC.CE.AR5,1.09839108910891,1.11011560062062,1.26032159930465,1.30587318087318,1.41206952391234,1.30930077309042,1.48811441087419,1.63790519419347,1.71666488737056,1.92897945263876,2.10690347094736,1.65934394062193,1.69668105372823,1.93333191697295,2.06629998513453,2.16407925754455,2.36856080722252,2.21041445270988,2.36342750170184,2.77304481172261
St. Lucia,LCA,"PM2.5 air pollution, mean annual exposure (micrograms per cubic meter)",EN.ATM.PM25.MC.M3,22.9678841195504,22.7623698642573,22.307384781651,21.7581900274592,21.2700467574092,20.9982161272287,20.9474952990289,20.9823479426668,21.0475349754885,21.0878173148401,21.0479558780675,20.6119269898378,21.0465307968291,21.8244150541212,22.2578153815924,23.9677087919965,24.0761301376266,23.0833259465748,23.2729579590218,23.070500576614
St. Lucia,LCA,GDP per capita (current US$),NY.GDP.PCAP.CD,5879.56191426207,5570.45247098106,5567.89428424719,6058.60622059326,6494.60034867886,6863.43641919345,7611.17856675319,7964.38211480117,8516.96075488787,8250.52180732734,8673.68720340529,9128.99442011613,9260.30006551714,9577.21733754358,10044.8218377677,10334.9860823918,10638.1269396653,11333.1123822102,11642.6984727769,11794.0597229805
St. Lucia,LCA,Population density (people per sq. km of land area),EN.POP.DNST,260.026229508197,262.683606557377,264.985245901639,267.173770491803,269.244262295082,271.229508196721,273.17868852459,275.013114754098,276.734426229508,278.473770491803,280.173770491803,281.640983606557,282.929508196721,284.211475409836,285.472131147541,286.729508196721,287.944262295082,289.085245901639,290.191803278688,291.247540983607
St. Lucia,LCA,Urban population (% of total population),SP.URB.TOTL.IN.ZS,27.8532282391838,27.5160334778671,26.9383251458178,26.0119584764195,24.8459172882296,23.5419158996884,22.2016686292365,20.9268897953144,19.8192937163625,18.9805947108213,18.5125070971313,18.4743479557314,18.6193081275177,18.9258370999948,19.3915445904726,20.0204288176073,20.8164880000551,21.783720356472,22.9261241055144,24.2476974658382
St. Lucia,LCA,"Industry (including construction), value added (% of GDP)",NV.IND.TOTL.ZS,..,..,..,..,..,..,15.5718308786508,13.33867026693,12.9331554810898,13.1941065698207,11.6993633883331,11.0709394039579,10.8823311302478,10.2372040525891,9.9830608960786,10.8633516574705,10.9907295637127,10.8835128503547,9.85698830819217,9.04474293097749
St. Lucia,LCA,Trade (% of GDP),NE.TRD.GNFS.ZS,..,..,..,..,..,..,..,..,..,..,..,..,..,..,..,..,..,..,..,..
St. Lucia,LCA,Renewable energy consumption (% of total final energy consumption),EG.FEC.RNEW.ZS,24,22.2,21.7,20,18.4,18.4,16.9,16.3,15.5,15.1,13.2,12.9,12.4,12.1,11.7,11.5,11.2,10.2,10.2,10
St. Lucia,LCA,Carbon dioxide (CO2) emissions excluding LULUCF per capita (t CO2e/capita),EN.GHG.CO2.PC.CE.AR5,0.610278912593938,0.646542309204491,0.603188547460112,0.696421559002553,0.669755660957507,0.697491689332124,0.768127509166522,0.824997913661346,0.886213923510734,0.949555245512719,1.06666822697857,0.821881129911933,0.845370740554039,0.96153291534242,1.02102929860226,1.04285183385266,1.11815811347825,1.11317780222522,1.46426614392968,1.65877710921361
St. Martin (French part),MAF,"PM2.5 air pollution, mean annual exposure (micrograms per cubic meter)",EN.ATM.PM25.MC.M3,..,..,..,..,..,..,..,..,..,..,..,..,..,..,..,..,..,..,..,..
St. Martin (French part),MAF,GDP per capita (current US$),NY.GDP.PCAP.CD,..,..,..,..,..,..,..,..,..,..,..,20930.5821177758,..,..,20638.7705882379,..,..,..,..,19033.0649634889
St. Martin (French part),MAF,Population density (people per sq. km of land area),EN.POP.DNST,..,..,..,..,..,..,..,..,..,..,..,741.38,745.52,748.38,749,747.38,743.5,736.74,720.24,685.34
St. Martin (French part),MAF,Urban population (% of total population),SP.URB.TOTL.IN.ZS,100,100,100,100,100,100,100,100,100,100,100,100,100,100,100,100,100,100,100,100
St. Martin (French part),MAF,"Industry (including construction), value added (% of GDP)",NV.IND.TOTL.ZS,..,..,..,..,..,..,..,..,..,..,..,..,..,..,..,..,..,..,..,..
St. Martin (French part),MAF,Trade (% of GDP),NE.TRD.GNFS.ZS,..,..,..,..,..,..,..,..,..,..,..,..,..,..,..,..,..,..,..,..
St. Martin (French part),MAF,Renewable energy consumption (% of total final energy consumption),EG.FEC.RNEW.ZS,..,..,..,..,..,..,..,..,..,..,..,..,..,..,..,..,..,..,..,..
St. Martin (French part),MAF,Carbon dioxide (CO2) emissions excluding LULUCF per capita (t CO2e/capita),EN.GHG.CO2.PC.CE.AR5,..,..,..,..,..,..,..,..,..,..,..,..,..,..,..,..,..,..,..,..
St. Vincent and the Grenadines,VCT,"PM2.5 air pollution, mean annual exposure (micrograms per cubic meter)",EN.ATM.PM25.MC.M3,23.3839016765713,23.1584725364515,22.657636174191,22.0531407072011,21.516734252893,21.2201649286779,21.1615312559148,21.1886530363263,21.2478603078695,21.2854831085013,21.2478514761788,20.8130429273481,21.1785226295306,22.0288603357583,22.4680502987672,24.2045950887733,24.3309858655746,23.4527926838875,23.3995682726088,23.4062454360865
St. Vincent and the Grenadines,VCT,GDP per capita (current US$),NY.GDP.PCAP.CD,3768.95536604022,4071.08601098962,4303.27976789727,4499.61454193342,4873.48947742443,5157.39373878102,5744.8278621257,6398.19123532172,6598.90531450859,6463.78777336717,6551.96835992405,6527.68996854448,6713.80768643865,7072.46737188939,7168.82875342911,7353.73556054184,7656.90042881178,7988.04445019298,8428.12677153069,8740.59425232061
St. Vincent and the Grenadines,VCT,Population density (people per sq. km of land area),EN.POP.DNST,291.141025641026,291.028205128205,290.633333333333,290.105128205128,289.320512820513,288.333333333333,287.215384615385,285.976923076923,284.687179487179,283.353846153846,281.946153846154,280.382051282051,278.810256410256,277.269230769231,275.730769230769,274.25641025641,272.689743589744,270.930769230769,269.041025641026,267.094871794872
St. Vincent and the Grenadines,VCT,Urban population (% of total population),SP.URB.TOTL.IN.ZS,44.8903114926141,45.0076571524878,45.1214266763803,45.236152710942,45.3517185236482,45.4681221654846,45.5853616874371,45.7034351404912,45.8223405756329,45.9420760438477,46.0626395961215,46.18402928344,46.3063114823836,46.4319347036311,46.5579930468544,46.6845638727475,46.8116589511271,46.9392900518098,47.0674689446123,47.1962073993512
St. Vincent and the Grenadines,VCT,"Industry (including construction), value added (% of GDP)",NV.IND.TOTL.ZS,16.6518139228873,16.2047821116351,15.3325637846608,15.7103068403561,16.1819535599222,15.803460598478,15.9185016274684,17.5789207618579,15.7098142403655,15.8660687716811,15.903054750972,15.1351236077184,14.5760767657253,14.7069261247007,14.1124131006087,14.9489099213637,14.3822033821215,14.6706100723592,14.5575849461195,13.69401619005
St. Vincent and the Grenadines,VCT,Trade (% of GDP),NE.TRD.GNFS.ZS,..,..,..,..,..,..,..,..,..,..,..,..,..,..,..,..,..,..,..,..
St. Vincent and the Grenadines,VCT,Renewable energy consumption (% of total final energy consumption),EG.FEC.RNEW.ZS,8.5,6.2,6.1,5.6,5.9,5.8,5.3,4.7,5.3,4.1,5.1,6.1,5,5.4,3.3,4.3,4.1,5.3,4.9,5.4
St. Vincent and the Grenadines,VCT,Carbon dioxide (CO2) emissions excluding LULUCF per capita (t CO2e/capita),EN.GHG.CO2.PC.CE.AR5,0.369016689418292,0.4273090104933,0.490529083257607,0.531195587806365,0.569858643151504,0.589595375722543,0.652596996803971,0.701150352816706,0.73404906870339,1.12299562022659,0.882146982056949,0.631007142269248,0.80562095350206,0.762935219864059,0.857395266657367,0.889117427075542,0.951583935909129,1.03252794261,1.05026399557784,1.11839642113145
Sub-Saharan Africa,SSF,"PM2.5 air pollution, mean annual exposure (micrograms per cubic meter)",EN.ATM.PM25.MC.M3,41.2294606842827,40.9404547188992,40.0934240866097,39.0098679673803,38.0142188816199,37.4319207469923,37.1974605731814,37.0436583439862,36.9932846881098,37.0678971659721,37.2820969721145,39.5333407626624,41.4511720822304,36.364878194025,35.6730882097769,46.5544222062187,42.7530014483733,40.7846217866119,39.0944691727479,36.2221384584107
Sub-Saharan Africa,SSF,GDP per capita (current US$),NY.GDP.PCAP.CD,629.529731613317,587.397048570739,625.468994411852,766.500842930002,926.435499820007,1073.52977403181,1234.13340009531,1390.58865074962,1536.66763137174,1426.96916919949,1642.64134193596,1795.43814856316,1817.30125816633,1879.5587312692,1906.79596971017,1646.44941139316,1455.03525304571,1546.91774199323,1620.54140805919,1795.5612786554
Sub-Saharan Africa,SSF,Population density (people per sq. km of land area),EN.POP.DNST,32.0659370659859,32.9351587662032,33.8331022200947,34.7583701557021,35.4677033765066,36.4499544276781,37.4599840891478,38.5022334196632,39.5818703722332,40.6893543903356,41.8249568816647,42.9867084755922,39.5535383299947,40.6528738701164,41.7717146368414,42.9139005765658,44.068009585861,45.2449451429594,46.4610849355483,47.6882621146341
Sub-Saharan Africa,SSF,Urban population (% of total population),SP.URB.TOTL.IN.ZS,32.6605933230385,33.1247985631404,33.6032467893676,34.0982502622724,34.6113075507884,35.1253884436488,35.6422446554411,36.101332657718,36.6234260598042,37.0894420400011,37.5326795917869,37.9761923221142,38.4195200060049,38.8780897487132,39.3566853493116,39.8380248903706,40.3034255262744,40.7747131803846,41.2564673570093,41.7069096868529
Sub-Saharan Africa,SSF,"Industry (including construction), value added (% of GDP)",NV.IND.TOTL.ZS,29.1619206313515,27.9133586865806,26.4422296644346,26.8226237028024,27.6444729427631,28.4588257846901,28.0008575211178,28.323511997872,29.4319661475733,25.8321973548858,27.3283387816626,29.3253321263105,29.0179369359296,28.2494675496847,27.2529583979748,24.0845054213634,23.2720012370008,24.9900049159572,26.4005791467245,24.6825416417323
Sub-Saharan Africa,SSF,Trade (% of GDP),NE.TRD.GNFS.ZS,..,..,..,..,..,..,..,..,..,..,..,65.1480935458417,63.9868573624282,62.322232769437,60.7573821380911,57.3062145931923,55.1399503297354,54.233275881935,56.6953501994876,55.7540212745659
Sub-Saharan Africa,SSF,Renewable energy consumption (% of total final energy consumption),EG.FEC.RNEW.ZS,72.6431059468747,72.5205626381098,72.0035422141919,71.3143236451567,70.8052521152658,70.5237330831511,70.6146202545352,70.1100750427751,69.9762964238958,70.0369831155563,70.5522525849335,69.9549214765695,68.9684304535012,67.8510971013982,67.6303707658131,68.0255515815612,67.9625238161754,67.8175544668556,67.6660713231228,68.1693850218034
Sub-Saharan Africa,SSF,Carbon dioxide (CO2) emissions excluding LULUCF per capita (t CO2e/capita),EN.GHG.CO2.PC.CE.AR5,0.84661674089152,0.854305813328918,0.83711038953283,0.864003916452106,0.888196758824271,0.884953180129645,0.863726563159888,0.862938577706943,0.88730018578445,0.823625505673105,0.838977545269412,0.820806262423885,0.823718700789852,0.844573776254911,0.855375586326418,0.821698661432007,0.814333926872876,0.797707355433522,0.796189183204302,0.792370673709498
Sub-Saharan Africa (excluding high income),SSA,"PM2.5 air pollution, mean annual exposure (micrograms per cubic meter)",EN.ATM.PM25.MC.M3,42.7604755149382,42.4315447082306,41.4880215329225,40.2822887001977,39.1712742133712,38.5134924386491,38.2212417486235,37.991567430465,37.8601641254997,37.861789104119,38.0240585773284,40.450021410185,42.4481448993303,36.8369776495377,36.3478254110629,48.2618368644143,44.0903480367729,41.9589535225616,40.0951770367791,37.0767047127315
Sub-Saharan Africa (excluding high income),SSA,GDP per capita (current US$),NY.GDP.PCAP.CD,684.279233995118,638.142786998755,681.544934837755,837.714582574766,1013.73402157662,1174.63116054875,1349.88715192875,1518.8219699939,1672.71983508686,1545.11577892078,1789.34374213402,1958.08105419725,1970.23745756606,2035.63571636535,2058.4331234679,1763.27463036367,1545.27948291265,1641.39239957439,1718.42346098448,1907.22499436387
Sub-Saharan Africa (excluding high income),SSA,Population density (people per sq. km of land area),EN.POP.DNST,30.3164158802774,31.1260198950335,31.9621124640957,32.8246110319728,33.6852264232482,34.6091652199142,35.560119851213,36.5420247228887,37.5611608597165,38.6087722789402,39.6826589484956,40.7804102708655,37.302868745376,38.340658178631,39.3972674043535,40.4751402687706,41.5612196237525,42.6669406215545,43.8116831200619,44.9646949255304
Sub-Saharan Africa (excluding high income),SSA,Urban population (% of total population),SP.URB.TOTL.IN.ZS,34.6081684359691,35.1095760645245,35.6250436623556,36.1590295884163,36.7118059885897,37.2638244965567,37.817532563876,38.3461905168547,38.8517091384037,39.3319908386255,39.7885812841817,40.2430202212847,40.6996697197697,41.163249409095,41.6487222115061,42.1360824764831,42.6074748735195,43.0855102373035,43.5691538594283,44.0201520559233
Sub-Saharan Africa (excluding high income),SSA,"Industry (including construction), value added (% of GDP)",NV.IND.TOTL.ZS,29.4909848899377,28.2148751119723,26.6506284309853,27.017338777479,27.8707341500923,28.7155682167492,28.2636137887769,28.6217309749131,29.8471968786449,26.2703461647792,27.7068613093019,29.7203370679418,29.5308849806488,28.7232404475113,27.6773871899089,24.3909413559501,23.3442794383381,25.0705108890967,26.3706194118268,24.6869691255097
Sub-Saharan Africa (excluding high income),SSA,Trade (% of GDP),NE.TRD.GNFS.ZS,..,..,..,..,..,61.5510618557835,60.5153584119905,65.4742188898109,71.0301694388832,61.9482023104464,63.1923561038087,65.8871881265174,64.7988837082235,63.2800252500623,61.6491663437902,58.0976904467267,56.0750400501484,55.2967796869229,57.9010902669809,57.0496136105605
Sub-Saharan Africa (excluding high income),SSA,Renewable energy consumption (% of total final energy consumption),EG.FEC.RNEW.ZS,70.5400343332986,70.4524235346665,69.9053903195362,69.1935368446526,68.6608003736634,68.3182126979773,68.4180768896989,67.8663224633458,67.7239994269514,67.7883988057594,68.3351794871795,67.7396369252933,66.674351242875,65.5633636661379,65.3661479603073,65.7662775656608,65.7628766382921,65.5572534348578,65.4505889650284,66.056261685499
Sub-Saharan Africa (excluding high income),SSA,Carbon dioxide (CO2) emissions excluding LULUCF per capita (t CO2e/capita),EN.GHG.CO2.PC.CE.AR5,0.933037523694754,0.940575336442155,0.921996703885638,0.951969768526593,0.978312927097629,0.975762622920193,0.952053860828145,0.951147078132151,0.977958905311693,0.907230290503212,0.924886706082377,0.90388154961358,0.906158217497468,0.928111428677189,0.938083208480469,0.899625460923381,0.889025140082932,0.871107639327737,0.868424187850594,0.863844388589357
Sub-Saharan Africa (IDA & IBRD countries),TSS,"PM2.5 air pollution, mean annual exposure (micrograms per cubic meter)",EN.ATM.PM25.MC.M3,41.2294606842828,40.9404547188992,40.0934240866097,39.0098679673803,38.0142188816199,37.4319207469923,37.1974605731814,37.0436583439862,36.9932846881098,37.0678971659721,37.2820969721145,39.5333407626624,41.4511720822304,36.364878194025,35.6730882097769,46.5544222062187,42.7530014483733,40.7846217866119,39.0944691727479,36.2221384584107
Sub-Saharan Africa (IDA & IBRD countries),TSS,GDP per capita (current US$),NY.GDP.PCAP.CD,629.529731613317,587.397048570739,625.468994411852,766.500842930002,926.435499820007,1073.52977403181,1234.13340009531,1390.58865074962,1536.66763137174,1426.96916919949,1642.64134193596,1795.43814856316,1817.30125816633,1879.55873126921,1906.79596971017,1646.44941139316,1455.03525304571,1546.91774199323,1620.54140805919,1795.5612786554
Sub-Saharan Africa (IDA & IBRD countries),TSS,Population density (people per sq. km of land area),EN.POP.DNST,32.0659370659859,32.9351587662032,33.8331022200947,34.7583701557021,35.4677033765066,36.4499544276781,37.4599840891478,38.5022334196632,39.5818703722332,40.6893543903356,41.8249568816647,42.9867084755922,39.5535383299947,40.6528738701164,41.7717146368414,42.9139005765658,44.068009585861,45.2449451429594,46.4610849355483,47.6882621146341
Sub-Saharan Africa (IDA & IBRD countries),TSS,Urban population (% of total population),SP.URB.TOTL.IN.ZS,32.6605933230385,33.1247985631404,33.6032467893676,34.0982502622724,34.6113075507884,35.1253884436488,35.6422446554411,36.101332657718,36.6234260598042,37.0894420400011,37.5326795917869,37.9761923221142,38.4195200060048,38.8780897487132,39.3566853493116,39.8380248903706,40.3034255262744,40.7747131803846,41.2564673570093,41.7069096868529
Sub-Saharan Africa (IDA & IBRD countries),TSS,"Industry (including construction), value added (% of GDP)",NV.IND.TOTL.ZS,29.1619206313515,27.9133586865806,26.4422296644346,26.8226237028025,27.6444729427631,28.4588257846901,28.0008575211178,28.323511997872,29.4319661475734,25.8321973548858,27.3283387816627,29.3253321263105,29.0179369359296,28.2494675496847,27.2529583979748,24.0845054213634,23.2720012370008,24.9900049159572,26.4005791467245,24.6825416417323
Sub-Saharan Africa (IDA & IBRD countries),TSS,Trade (% of GDP),NE.TRD.GNFS.ZS,..,..,..,..,..,..,..,..,..,..,..,65.1480935458417,63.9868573624282,62.322232769437,60.7573821380911,57.3062145931923,55.1399503297354,54.233275881935,56.6953501994876,55.7540212745659
Sub-Saharan Africa (IDA & IBRD countries),TSS,Renewable energy consumption (% of total final energy consumption),EG.FEC.RNEW.ZS,72.6431059468747,72.5205626381098,72.0035422141919,71.3143236451567,70.8052521152658,70.5237330831511,70.6146202545352,70.1100750427751,69.9762964238958,70.0369831155563,70.5522525849335,69.9549214765695,68.9684304535012,67.8510971013982,67.6303707658131,68.0255515815612,67.9625238161754,67.8175544668556,67.6660713231228,68.1693850218034
Sub-Saharan Africa (IDA & IBRD countries),TSS,Carbon dioxide (CO2) emissions excluding LULUCF per capita (t CO2e/capita),EN.GHG.CO2.PC.CE.AR5,0.84661674089152,0.854305813328918,0.83711038953283,0.864003916452106,0.888196758824271,0.884953180129645,0.863726563159888,0.862938577706943,0.88730018578445,0.823625505673105,0.838977545269412,0.820806262423885,0.823718700789852,0.844573776254911,0.855375586326418,0.821698661432007,0.814333926872876,0.797707355433522,0.796189183204302,0.792370673709498
Sudan,SDN,"PM2.5 air pollution, mean annual exposure (micrograms per cubic meter)",EN.ATM.PM25.MC.M3,55.7364688042335,56.2871646110288,56.688232075569,57.0038362320227,57.2981421145582,57.6353147573441,57.9611168000079,58.2384917480455,58.5573759344283,59.0077056921272,59.6794173541135,62.2941694151786,64.1497177387956,60.4369003558748,49.516943286103,61.1105056197826,59.3119232873813,59.8168448508968,58.6936576687446,51.9356218340372
Sudan,SDN,GDP per capita (current US$),NY.GDP.PCAP.CD,362.116882324219,451.293304443359,506.262634277344,580.320251464844,705.113342285156,905.543640136719,1132.474609375,1444.37219238281,1527.58239746094,1178.22180175781,1305.63598632813,1332.6572265625,1019.22210693359,1138.62780761719,1275.43835449219,1292.37963867188,1033.21594238281,966.505676269531,731.027465820313,709.975280761719
Sudan,SDN,Population density (people per sq. km of land area),EN.POP.DNST,..,..,..,..,..,..,..,..,..,..,..,..,19.7661552462527,20.2279705567452,20.7833608137045,21.4263549250535,22.0877366167024,22.8663308351178,23.6780492505353,24.3833913276231
Sudan,SDN,Urban population (% of total population),SP.URB.TOTL.IN.ZS,32.3435880462815,32.3760415318304,32.4038820246832,32.4271684741748,32.4459598296403,32.4603150404146,32.4702930558327,32.4759528252296,32.4816230749746,32.5774622972843,32.7174026591513,32.9059760141986,33.1425561614901,33.4264777958103,33.7624582408117,34.0914394628597,34.1881958841213,34.2872225663509,34.382054222005,34.4727685824236
Sudan,SDN,"Industry (including construction), value added (% of GDP)",NV.IND.TOTL.ZS,20.0797178625874,19.5381154442319,20.7757913955766,19.8413102544769,21.4151752034683,21.9763462611458,22.9778613068907,26.3285235935348,28.2073396404398,25.6508731569437,21.1420469221691,20.3300649001863,17.6175266828595,20.2367455588648,18.1004960644315,16.0712107361815,17.3546057080676,16.6174079698297,20.7757619010592,21.7363013265282
Sudan,SDN,Trade (% of GDP),NE.TRD.GNFS.ZS,29.4042344599492,20.2933456223411,25.6255617213052,26.4402280670553,30.4323376195052,35.8715914021946,36.2025936172703,34.4033361615632,36.7410978273835,32.7808783344833,32.728309950035,27.512339023518,21.8561745247301,26.8585245020134,20.8451090041313,18.3782728546541,15.2816698903461,17.8313898297102,21.8679187274323,26.1196204552625
Sudan,SDN,Renewable energy consumption (% of total final energy consumption),EG.FEC.RNEW.ZS,80.4,79.4,76.8,77,75.4,72.3,69.2,65.6,63.5,63.1,61.3,63.7,63.7,64.3,63.7,61.9,58.9,59.4,59.8,59.4
Sudan,SDN,Carbon dioxide (CO2) emissions excluding LULUCF per capita (t CO2e/capita),EN.GHG.CO2.PC.CE.AR5,0.215697415351796,0.229633299984535,0.273652013650817,0.274762188363775,0.302186395708402,0.347656760296796,0.415110634748496,0.439520225392796,0.457313500662325,0.460761026758193,0.47757128392889,0.449334195811792,0.474625992378013,0.466404764386795,0.4769298698272,0.538628519166206,0.580134819548243,0.553975991088325,0.53463218085508,0.515296167190014
Suriname,SUR,"PM2.5 air pollution, mean annual exposure (micrograms per cubic meter)",EN.ATM.PM25.MC.M3,32.1762435989463,31.5360033702711,30.008871262422,28.1427434567844,26.4855161347438,25.5850854776858,25.3403888798647,25.2240727430802,25.1445967600364,25.0104206234369,24.7300040259854,23.1342333121969,26.3564495295979,25.0473551418283,25.5794924051723,27.4211368815622,27.0335291242088,26.7797937382992,29.6641934243254,29.9904120028237
Suriname,SUR,GDP per capita (current US$),NY.GDP.PCAP.CD,1988.22172925433,1714.64846637242,2202.340682196,2516.10404020956,2887.7721728844,3453.42865937765,5002.65798695759,5530.17615638309,6576.08546307249,7129.5768626291,7943.60482816915,7949.88867218383,8851.24050668908,9043.19281529222,9108.18905406764,8813.61705392067,5644.2061057532,6049.52128553675,6665.74180472239,6629.66775248603
Suriname,SUR,Population density (people per sq. km of land area),EN.POP.DNST,2.96959751627976,3.03138274876811,3.09362901858672,3.15507781842867,3.20186064698116,3.23544160927946,3.27085426043039,3.30835404003586,3.34716216882178,3.3865559396218,3.42614907791599,3.46568614410245,3.50533535450438,3.54512786029273,3.58470853811854,3.62367242275927,3.66186375836012,3.69897103321145,3.73510639152873,3.77407650640365
Suriname,SUR,Urban population (% of total population),SP.URB.TOTL.IN.ZS,66.7015222141811,66.718959290312,66.7320549534773,66.7404073281911,66.743604713168,66.7321826490881,66.6967982269052,66.6433180134835,66.5776961831642,66.5058869102882,66.4338443691967,66.3675227342307,66.3132562693376,66.2683575134509,66.2249266178037,66.1828815074718,66.1426466980469,66.1046467051207,66.0693060442846,66.0370492311305
Suriname,SUR,"Industry (including construction), value added (% of GDP)",NV.IND.TOTL.ZS,24.8905012043069,24.7682310008803,28.6630219074672,26.7990256381011,31.0288898927889,33.8436415595019,36.9830696641688,37.0673613695571,40.0701175500103,34.2921601804851,35.1705161344117,35.1093274287296,35.2622611658756,32.2536953065191,30.2474846767665,27.2599156580204,26.7553600175618,38.273693894809,36.7622415479102,33.8807670142731
Suriname,SUR,Trade (% of GDP),NE.TRD.GNFS.ZS,..,..,..,..,..,..,98.1681931723564,101.377000372162,109.166838523407,87.9206617785298,90.9613941465855,..,..,..,..,..,..,..,..,..
Suriname,SUR,Renewable energy consumption (% of total final energy consumption),EG.FEC.RNEW.ZS,23.6,24.1,27.8,24.6,22.6,18.9,22.1,24.6,26.2,26.5,22.1,21.2,15.8,17.6,12.8,11.6,11.1,15.5,18.3,14.9
Suriname,SUR,Carbon dioxide (CO2) emissions excluding LULUCF per capita (t CO2e/capita),EN.GHG.CO2.PC.CE.AR5,3.10546887293005,3.12520552449852,2.25193383962574,2.43832121544823,2.71227401770304,3.25198868505121,2.91696904934695,2.66432649863658,2.7177544695623,2.6712389250287,3.18171816781622,3.51736300243228,4.34546142867553,4.02147551931391,4.55565346305788,4.68702450195744,5.03728581709788,4.12724666631857,3.58824579283518,4.39326606885805
Sweden,SWE,"PM2.5 air pollution, mean annual exposure (micrograms per cubic meter)",EN.ATM.PM25.MC.M3,9.69526031154178,9.49612942440913,9.22155824913309,8.91945432965492,8.6377252099159,8.4242784338573,8.25715564450449,8.09484166609447,7.955908814386,7.85892940513784,7.82247575410873,7.91243933234096,6.6090550437011,6.56222856877152,6.77228861428546,6.30260504424704,5.69783329212579,6.06180356722068,6.29086232136503,6.06869269595507
Sweden,SWE,GDP per capita (current US$),NY.GDP.PCAP.CD,29632.5890811623,27259.3174300217,29957.7776664916,37292.2419727801,42758.0048564929,43378.4077394363,46531.3762240485,53568.3057787832,55817.1759726485,46707.6425044751,52542.5759090299,60379.4814599322,57749.5615420853,60843.9888799369,59583.4584491714,51188.1652120493,51703.5088332851,53210.2233318965,54018.4554391861,51648.9892820514
Sweden,SWE,Population density (people per sq. km of land area),EN.POP.DNST,21.7806145583158,21.8391676529442,21.9103563929565,21.9920351490414,22.0786999155742,22.1671788927031,22.2922170365422,22.4581399750626,22.6337796193202,22.8274214371936,23.0228627359425,23.1973780115221,23.3696200002111,23.5684835040631,23.8034986523533,24.0582617728817,24.362449750883,24.6929419766692,24.9814588688378,25.2378879395011
Sweden,SWE,Urban population (% of total population),SP.URB.TOTL.IN.ZS,84.0400009155273,84.0827152824223,84.1342508376823,84.1954289653543,84.2670710494849,84.3499984741211,84.4553200620359,84.5906875454778,84.7517366727063,84.9341031919813,85.1334228515625,85.3600748880524,85.6250668883122,85.9249771259894,86.2563838747314,86.6158654081858,87,87.237373786911,87.4737430925296,87.7088420242759
Sweden,SWE,"Industry (including construction), value added (% of GDP)",NV.IND.TOTL.ZS,25.9990659152474,25.6798590217759,25.4557550490181,24.8945920833935,24.7464778664862,24.5818510778658,24.8427345125051,25.0247348009667,24.1454500212714,22.3348931376132,23.8590077358558,23.7337228802394,23.1051457982894,21.9846853173318,21.6084554046683,22.2743619851494,22.0060731182678,22.1839062370905,22.2729867092578,22.3760709701034
Sweden,SWE,Trade (% of GDP),NE.TRD.GNFS.ZS,81.4721590850121,80.5691828117714,77.0853186972402,75.3282174864238,78.7358819187356,84.167923018031,88.3302608918239,89.5469236610223,92.8083687095596,81.958313967393,85.0914849272733,86.3907448060188,85.2980605424359,81.6402521329964,83.8229810483527,84.1730765958171,83.4519478574149,86.0693088740521,90.4087142361701,92.7511390290561
Sweden,SWE,Renewable energy consumption (% of total final energy consumption),EG.FEC.RNEW.ZS,39.8,37.4,35.9,34.6,35.5,39.3,40.1,41.8,43.2,45.7,44.7,45.4,48.3,47.3,48.6,51.9,50.9,51.8,51.6,52.9
Sweden,SWE,Carbon dioxide (CO2) emissions excluding LULUCF per capita (t CO2e/capita),EN.GHG.CO2.PC.CE.AR5,6.53554865027019,6.52637826608933,6.65422739244263,6.65964221276326,6.45636291240893,6.03944461597958,6.06777926998554,5.77642857111625,5.60895184918886,5.04604229815191,5.63902638970728,5.12869166987769,4.80375075083719,4.579871273832,4.41199615103377,4.37800649972355,4.2819344992006,4.15961982553065,3.89655686848453,3.8423518032643
Switzerland,CHE,"PM2.5 air pollution, mean annual exposure (micrograms per cubic meter)",EN.ATM.PM25.MC.M3,16.3078475386111,15.9380919403534,15.5090403870949,15.0665117216973,14.6563247870221,14.3242984259311,14.0354502149848,13.7482163874631,13.4985437713066,13.3223791944562,13.2556694848526,13.864731836329,12.6827485821719,12.4432960759198,10.6156284957703,11.7226082380351,10.6566460014216,9.91481464472654,10.1481592849367,9.45001875443382
Switzerland,CHE,GDP per capita (current US$),NY.GDP.PCAP.CD,38865.021939688,39638.7911061864,42458.7384679187,49335.7456291067,54659.4571488233,56242.8933645639,59011.0324592016,64989.1553256031,74175.1927898555,71568.3123885672,76531.3729407691,90476.7589651577,85836.2076767359,87304.3305813557,88724.9909402638,83806.4476003837,82153.0745447889,82254.3769269767,85217.3691512274,84121.9310304414
Switzerland,CHE,Population density (people per sq. km of land area),EN.POP.DNST,181.771231711013,182.930725796739,184.325482117304,185.703856614881,186.990617655533,188.198156410317,189.388794405946,191.094854564163,193.541360670795,195.977767173332,198.032658685794,200.249864435738,202.390548012367,204.734336607627,207.250751433234,209.626620751132,211.931572125581,213.918480127503,215.500094533915,217.042781721823
Switzerland,CHE,Urban population (% of total population),SP.URB.TOTL.IN.ZS,73.302430524727,73.3762992611964,73.4195324136588,73.4518762174754,73.4761317507392,73.4951000915434,73.5115823179813,73.5283795081459,73.5482927401305,73.5741230920283,73.6086716419323,73.65058748615,73.7522629583622,74.1121384785551,74.7402679059582,75.6044960143169,76.6726675773771,77.9126273688843,79.2922201625844,80.7792907322229
Switzerland,CHE,"Industry (including construction), value added (% of GDP)",NV.IND.TOTL.ZS,25.4681959795745,26.2442578876909,26.4339765068788,26.006421378464,25.5515101091518,25.8270742413749,26.0027931872877,25.9309450770322,25.9463011401392,24.7427872310642,24.6945258729978,25.031526472453,24.603891133013,24.7022127251447,24.323915072693,24.2011258209806,24.0899792080479,24.2176943229599,24.4239571771375,24.7211591296094
Switzerland,CHE,Trade (% of GDP),NE.TRD.GNFS.ZS,97.9368562124093,96.0398378851633,91.7818508640225,90.3354961093127,95.5170944588529,102.261172141836,106.245154784945,113.331857768509,116.778000147488,109.775984598968,120.065123269341,125.556273159907,126.453860464505,133.693708414477,120.213423375239,117.138482218872,123.565924513577,123.621807602301,124.428504325808,124.127612180467
Switzerland,CHE,Renewable energy consumption (% of total final energy consumption),EG.FEC.RNEW.ZS,18.2,18.7,18.2,18,18.1,18.7,18.1,19.3,19.6,20,20.6,20.6,21.9,21.8,22.2,23.9,24.1,25,24.2,24.8
Switzerland,CHE,Carbon dioxide (CO2) emissions excluding LULUCF per capita (t CO2e/capita),EN.GHG.CO2.PC.CE.AR5,6.23089396944705,6.38860757077529,6.11934268739105,6.24858887469834,6.27946614341052,6.32417274709346,6.22760703127526,5.90856955335217,6.01237631044729,5.76174764144517,5.92014552501505,5.34446068056738,5.45216429296445,5.51425294455201,4.9941693678652,4.85628796304837,4.87123534246438,4.71119898152355,4.52389143055195,4.47745146514166
Syrian Arab Republic,SYR,"PM2.5 air pollution, mean annual exposure (micrograms per cubic meter)",EN.ATM.PM25.MC.M3,22.9716712446942,23.0397743914208,23.2266149127917,23.505989430593,23.8516945666111,24.2375269426323,25.0004851753207,26.245550864447,27.5984951064572,28.6850889977974,29.1311036349137,25.6858667253095,24.5499952322116,26.3151629967473,25.7324188924062,26.9795023656779,25.5706170226563,24.5814440559142,25.9590823017321,26.4725611273339
Syrian Arab Republic,SYR,GDP per capita (current US$),NY.GDP.PCAP.CD,1138.1884854278,1186.82913474027,1183.2473451033,1220.179077256,1368.1148230028,1533.90166536568,1718.78347217338,1937.61138578027,2429.12477087189,2462.20193643202,2730.61477118949,2952.14349372257,1897.66115018696,985.892669227054,1060.59105886854,847.731631942565,656.3490586313,851.502005254153,1098.0668642357,1109.53926036049
Syrian Arab Republic,SYR,Population density (people per sq. km of land area),EN.POP.DNST,90.5315485907063,92.7812493198389,95.0502339754054,97.4415599978212,99.8903687966443,102.490009260772,106.937983989544,113.723181224134,117.820540187323,119.674194075365,122.433267984534,124.58801938681,123.943598540543,117.99225072156,110.404939280074,105.781288460491,104.524500353973,104.692414093558,106.615721831945,110.839917224854
Syrian Arab Republic,SYR,Urban population (% of total population),SP.URB.TOTL.IN.ZS,51.876811612138,52.2854637030759,52.6957745699164,53.1024010548332,53.5,53.8227202374695,54.059770380523,54.2883969431774,54.5858464394493,55.0293653833552,55.6962002889119,58.4817704183521,65.0896662830335,73.0620491886137,76,75.7529067188542,75.15400963398,74.5395596323392,74.0612602381775,73.8248788261986
Syrian Arab Republic,SYR,"Industry (including construction), value added (% of GDP)",NV.IND.TOTL.ZS,33.3190732492983,30.1239825545581,29.1438723722823,28.2611670668232,30.0234984698763,31.1872111563835,34.9830051366887,34.0578017634269,34.2242837185363,27.2972838947834,30.4265241661983,33.7332140485501,25.0488124668991,23.1936090167555,19.4952280332547,15.4913360290372,16.2367796314778,17.2068649072566,18.4959516128679,15.9160468546957
Syrian Arab Republic,SYR,Trade (% of GDP),NE.TRD.GNFS.ZS,65.2849861212903,67.3681324999384,71.6443076814108,61.5469905405418,78.1149285929097,80.1330024866606,74.2052265865927,76.3793535157197,74.2279600990172,59.9438252393676,64.0101646947258,50.6960943456553,35.3686903315942,44.7052547833532,54.2644225210945,51.0862078228369,67.1119365330928,61.0508521719631,50.6590991144828,41.9994711236162
Syrian Arab Republic,SYR,Renewable energy consumption (% of total final energy consumption),EG.FEC.RNEW.ZS,2,2.1,1.6,1.9,2.6,2.1,1.8,1.5,1.2,0.9,1.4,1.6,2,3.1,2.7,0.6,1.3,1.1,0.9,1
Syrian Arab Republic,SYR,Carbon dioxide (CO2) emissions excluding LULUCF per capita (t CO2e/capita),EN.GHG.CO2.PC.CE.AR5,2.75886578873472,2.69850964188265,2.62348460059037,2.57035827457939,2.61941034118409,3.12583265383377,3.13534302706388,3.11350367803296,3.08179246945125,2.83975010384735,2.78848083131261,2.56219288858715,2.0319939183901,1.43975259608924,1.52845127759128,1.44845576885991,1.34820380336727,1.61670932366686,1.73689698738549,1.63691966220706
Tajikistan,TJK,"PM2.5 air pollution, mean annual exposure (micrograms per cubic meter)",EN.ATM.PM25.MC.M3,37.0330479373257,36.616910775924,35.660396847721,34.5291662601766,33.5888791207511,33.2051955369046,33.4371576833326,34.1448664488734,35.3955700122009,37.256516551989,39.7949542469115,53.195882702872,51.3794263594159,51.0460904062202,46.6700130134501,45.5749888542868,44.7655503683053,42.5053360629934,42.3335064710739,40.2890496610835
Tajikistan,TJK,GDP per capita (current US$),NY.GDP.PCAP.CD,136.925716400723,168.676285365186,186.951638285222,233.58124845289,305.745158587502,333.927150941684,401.018403316427,516.997210618914,703.327375898643,664.795655734657,737.338883219356,833.601978202852,952.452819695469,1028.19704279396,1081.54402932039,956.916310930656,788.710481734485,829.45714764957,834.288404578801,871.022372934846
Tajikistan,TJK,Population density (people per sq. km of land area),EN.POP.DNST,44.903793941126,45.780058588168,46.6681123178051,47.5748428122321,48.517769362675,49.4764218348099,50.425593026579,51.4038082309231,52.4321448985424,53.5169334095456,54.6737710774507,55.9072949414118,57.2598170905973,58.7076593312375,60.7089475883735,62.2799913538439,63.8780243533396,65.4654225808776,67.060544707832,68.6646444268319
Tajikistan,TJK,Urban population (% of total population),SP.URB.TOTL.IN.ZS,26.5355104669232,26.5345041786379,26.5336513960096,26.5331204386766,26.5327772632159,26.5324878262051,26.5321180842215,26.5315339938424,26.5306015116451,26.529186594207,26.5274312963978,26.4792213439941,26.4102249145508,26.4883155822754,26.5633735656738,26.478832244873,26.3718509674072,26.2731513977051,26.2338752746582,26.1300735473633
Tajikistan,TJK,"Industry (including construction), value added (% of GDP)",NV.IND.TOTL.ZS,35.2773269155426,36.1845697792339,35.140580096584,33.1163103288949,30.916284273507,27.3665806344184,27.3641700231382,26.4284152322639,24.5575196250071,24.5088106260756,24.9766261519968,22.4687490647166,22.0426346192666,23.1151646451446,22.6047415105536,30.220213504702,32.2133662345342,31.8468579622965,34.3983608033865,33.0621490637064
Tajikistan,TJK,Trade (% of GDP),NE.TRD.GNFS.ZS,175.351206134214,146.657305562056,138.6839688324,137.669592976856,128.338170674363,126.994699303416,141.153912074728,145.528099715723,114.480149093579,85.9781370434108,73.493044509473,79.7842446734572,83.1759445401528,71.7437428882341,54.6071596053705,49.9378160689555,55.7246446907573,53.7861046057767,55.8461114113303,56.0450159145896
Tajikistan,TJK,Renewable energy consumption (% of total final energy consumption),EG.FEC.RNEW.ZS,62.4,64.1,64.2,64.6,61.4,63.7,61.6,53.8,54.6,60.6,61.8,60,55.8,55.1,45.9,48.1,43.7,44.2,41.6,40.1
Tajikistan,TJK,Carbon dioxide (CO2) emissions excluding LULUCF per capita (t CO2e/capita),EN.GHG.CO2.PC.CE.AR5,0.443073574303451,0.427928620401141,0.421852362696273,0.422958365716388,0.493642117490682,0.460827296988181,0.494462255117416,0.562973514266569,0.516570158384597,0.407197108767021,0.401325589792452,0.393927756481488,0.436993173518022,0.437388428770396,0.565921378207624,0.589055327261958,0.644680564756192,0.763156637734805,0.881498491565736,0.948639271115973
Tanzania,TZA,"PM2.5 air pollution, mean annual exposure (micrograms per cubic meter)",EN.ATM.PM25.MC.M3,20.2177355377851,20.5220781065911,20.7504614747252,20.9420332235962,21.1359409346129,21.371332189184,21.6132578774357,21.8434497525189,22.1260766903794,22.5253075669631,23.1053112582158,25.1532727025899,25.5667487604226,24.5340682116755,24.2244900980476,25.1682619442571,25.3938175391915,21.0006603142176,21.2944892567993,20.7785687915826
Tanzania,TZA,GDP per capita (current US$),NY.GDP.PCAP.CD,401.698150634766,396.638732910156,402.649047851563,422.18359375,450.385284423828,483.334869384766,475.746734619141,543.198303222656,675.977233886719,693.823547363281,736.530151367188,775.392761230469,861.969909667969,963.05712890625,1022.74841308594,939.127319335938,953.0107421875,986.674011230469,1023.10626220703,1063.32250976563
Tanzania,TZA,Population density (people per sq. km of land area),EN.POP.DNST,38.6770591555656,39.7361695642357,40.7781711447279,41.8712519756153,43.022881011515,44.2335470760894,45.489841950779,46.7775028223075,48.0590742831339,49.2594061864981,50.5288868819147,51.9636114247008,53.4818920749605,55.1186814179273,56.8429803567397,58.7276608715286,60.7631666290359,62.8278279521337,64.842114472793,66.8038959132987
Tanzania,TZA,Urban population (% of total population),SP.URB.TOTL.IN.ZS,22.1944164040635,22.5963228653037,23.0306918214565,23.5202087261949,24.0832469119457,24.7061884538741,25.3741033202009,26.0720614791471,26.7851328989335,27.498387547781,28.1968953939105,28.865726405543,29.4878764597911,30.0725108782502,30.6443077170742,31.2061566592472,31.7577303242916,32.2987013317296,32.8287423010834,33.3475258518752
Tanzania,TZA,"Industry (including construction), value added (% of GDP)",NV.IND.TOTL.ZS,19.21152665607,19.3805148755861,21.4945294072568,23.2451517323038,23.1054997824457,22.9395155844488,22.84522243779,23.1971900747875,23.7375391938967,21.6769086388074,23.5561736572068,26.3820840879185,25.3994987211663,25.4467450324696,25.1415034758525,24.4873501095853,24.8583993681558,25.0421511861537,27.0077655110967,28.6718333565052
Tanzania,TZA,Trade (% of GDP),NE.TRD.GNFS.ZS,23.9891151549808,28.0301432282533,27.4992172734904,30.4488358249326,33.609786736665,36.9592732894013,42.7681664691467,48.0583947796554,49.0265445510865,43.5326006456317,47.6404394295683,56.1661241821809,54.3689490815138,48.6316275295495,45.3560223433065,40.7576808778314,35.4204704002636,33.1125919853124,32.6426099043737,33.0185892502311
Tanzania,TZA,Renewable energy consumption (% of total final energy consumption),EG.FEC.RNEW.ZS,93.6,93.1,92.4,92.4,91.3,90.3,89.9,90.6,90.3,91,89.4,87.6,85.2,84.5,84.7,82.8,81.7,82,81.3,80.4
Tanzania,TZA,Carbon dioxide (CO2) emissions excluding LULUCF per capita (t CO2e/capita),EN.GHG.CO2.PC.CE.AR5,0.090834424226942,0.093385194551589,0.103523394393514,0.106641883408954,0.142837770195217,0.157543974954262,0.163876810024256,0.150653381572792,0.147505111963319,0.139276768276615,0.163841548892358,0.193059357083924,0.223794524706032,0.23745636583617,0.223568261465515,0.253809224058563,0.262646711236488,0.255108045601944,0.259781366222155,0.287346536895184
Thailand,THA,"PM2.5 air pollution, mean annual exposure (micrograms per cubic meter)",EN.ATM.PM25.MC.M3,40.3912275638682,40.3506543167023,40.4326952705377,40.5281267680848,40.5277251520537,40.3222667651549,39.7521062500821,38.7509301612035,37.3495127087413,35.5786281029176,33.4690505539545,29.0591951880929,31.5886298984382,34.4883511418629,29.9705384622081,28.1544413826202,30.3985996204755,27.1006744719071,30.0080973964844,30.382756547172
Thailand,THA,GDP per capita (current US$),NY.GDP.PCAP.CD,2005.97694514234,1889.93432467144,2089.75183111554,2347.54001286066,2641.56268717857,2867.70383436062,3331.32043511773,3918.52817434581,4309.13509292986,4135.43986952819,4973.86288823778,5373.6232832898,5725.52802835463,6018.08244729255,5801.1978916205,5688.85335397884,5833.57715617098,6413.09182530343,7099.77650081458,7605.69657797759
Thailand,THA,Population density (people per sq. km of land area),EN.POP.DNST,123.329513202451,124.58873925894,125.793100275989,126.970905674411,128.1137759596,129.220419268336,130.297494568302,131.344113214195,132.356926148486,133.338057116013,134.235250249564,135.072536162383,135.912031944254,136.712626984282,137.439305917125,138.07433106931,138.698821664155,139.286709467791,139.709289670966,139.995441288731
Thailand,THA,Urban population (% of total population),SP.URB.TOTL.IN.ZS,31.4626212652205,32.7428054763889,34.0732781018222,35.4270354382579,36.785516284484,38.1301594392881,39.4424037014582,40.7036878697821,41.8954507430475,42.9991311200422,44.0018736622496,44.8048723557374,45.373565813715,45.8321343847773,46.3138799467897,46.9521043776171,47.8801095551247,49.2311973571777,54.5843734741211,55.9266166687012
Thailand,THA,"Industry (including construction), value added (% of GDP)",NV.IND.TOTL.ZS,36.6694083813627,36.3210034946673,36.8944314471526,37.9181748920386,37.9023024950671,38.5052107116361,39.146855883906,39.4313718771557,39.4796129651304,38.6085988884387,39.9217256985357,37.9813982711097,37.343694137461,36.8985884648101,36.7630403655124,36.1791773262667,35.586765405076,35.018759526322,34.7424896675041,33.5939105133265
Thailand,THA,Trade (% of GDP),NE.TRD.GNFS.ZS,121.297955351472,120.267966273533,114.969743021067,116.692819704865,127.411873720393,137.853866832247,134.086946191268,129.873226989717,140.437011540931,119.269418854589,127.250522638251,139.675407224576,137.67493851024,132.462274174269,130.905495444398,124.839662152526,120.57522728913,120.891427433638,120.841864730984,109.689514715166
Thailand,THA,Renewable energy consumption (% of total final energy consumption),EG.FEC.RNEW.ZS,21.8,19.9,19.9,20.2,19.9,20.1,20.5,21.6,22.6,22.8,22.8,23,23.6,23.2,24.4,22.6,22.4,22.2,23.7,23.9
Thailand,THA,Carbon dioxide (CO2) emissions excluding LULUCF per capita (t CO2e/capita),EN.GHG.CO2.PC.CE.AR5,2.77493831519154,2.88330259468562,3.03535576431598,3.12835266531198,3.37869799549585,3.47218658348054,3.49792985897197,3.54477665878806,3.53401361701146,3.40595891903064,3.59232409675161,3.57565835731247,3.81363739650232,3.95099362283237,3.88118627669814,3.99014074054595,3.91990436444812,3.94997556709625,3.87600024932723,4.00533143026177
Timor-Leste,TLS,"PM2.5 air pollution, mean annual exposure (micrograms per cubic meter)",EN.ATM.PM25.MC.M3,21.0626735881027,21.0035646837644,20.9489115474432,20.882655018788,20.7887359374482,20.6510951430728,20.3789917788963,19.9129884497109,19.2839811875033,18.5228660242599,17.660538991967,16.2584979451999,17.654383714214,17.5005688240194,16.8069047821014,15.7619976595415,16.2081039517126,14.9818030205102,16.8164967206441,17.627881197133
Timor-Leste,TLS,GDP per capita (current US$),NY.GDP.PCAP.CD,492.457637913906,587.700634429079,533.982465942154,534.901171348385,474.420726695663,487.464506929223,464.667016791076,540.154630518785,628.153191495026,686.579329690731,813.060220670369,939.045238884406,1022.61906675901,1204.56843320518,1224.74956308733,1319.59295003154,1335.54391073349,1266.17771143471,1219.46599728983,1562.36458068032
Timor-Leste,TLS,Population density (people per sq. km of land area),EN.POP.DNST,50.1067921990585,54.6233355749832,59.122999327505,61.6595830531271,62.4797579018157,63.7734364492266,65.6756556825824,67.5782784129119,69.4303295225286,71.2025554808339,72.9441156691325,74.660860793544,76.3204438466712,77.9216543375925,79.4823806321453,81.0444519166106,82.6033624747814,84.1763954270343,85.8075991930061,87.4878950907868
Timor-Leste,TLS,Urban population (% of total population),SP.URB.TOTL.IN.ZS,24.1139427164365,24.469641672156,24.8506108883184,25.2611540807581,25.7040830077802,26.3097308948751,27.121697883382,28.0011655196859,28.8076745459306,29.4007657042596,29.6398840020416,29.633352306451,29.6136082349605,29.5836906253246,29.5463092024041,29.5043315008419,29.4462907628171,29.3600996787092,29.248617510057,29.1148755245217
Timor-Leste,TLS,"Industry (including construction), value added (% of GDP)",NV.IND.TOTL.ZS,16.0859533086706,13.180799429851,11.9202405343952,10.1751433861072,5.49680073339855,5.29247593737281,5.03931378115436,5.31519604811852,7.70251167026116,10.0345846512573,9.13730561255393,12.9857431156539,12.7911410611587,20.1062137855102,16.979297360775,18.3707616020673,19.2291160430386,15.7805274141176,16.4990210288231,30.4131457216274
Timor-Leste,TLS,Trade (% of GDP),NE.TRD.GNFS.ZS,175.648459523834,166.743432303288,180.403747192172,122.311960519559,107.330836147183,74.6712693208544,98.8757187138751,128.760893188042,135.250768661926,157.686439820937,134.400510427226,140.766344089557,128.500488863095,79.634121567732,82.7357767711716,60.0769230184537,60.3106239445445,58.6347534789983,64.8191803659945,70.6142431890513
Timor-Leste,TLS,Renewable energy consumption (% of total final energy consumption),EG.FEC.RNEW.ZS,..,..,48.2,47.9,44,43.6,41.9,41.9,39.7,36.9,34.8,32.8,25.6,22.6,18.1,18,12.7,13.2,12.7,11.7
Timor-Leste,TLS,Carbon dioxide (CO2) emissions excluding LULUCF per capita (t CO2e/capita),EN.GHG.CO2.PC.CE.AR5,0.469206321937811,0.326993323475929,0.283452708781915,0.287824552448635,0.555176444502806,0.368655430549683,0.349069268080897,0.311775728463542,0.301134509007399,0.31847915812698,0.308293974530714,0.333991769102519,0.554064949312045,0.654615753067028,0.629577892602016,0.57686674726648,0.538055477761351,0.496763209802964,0.522430579665961,0.559823820376726
Togo,TGO,"PM2.5 air pollution, mean annual exposure (micrograms per cubic meter)",EN.ATM.PM25.MC.M3,63.6974345253496,61.8375994241789,57.4025754585,52.1090846350623,47.6738489606156,45.8135904419093,45.8783643857125,46.061091906575,46.3427937229179,46.7044905531623,47.1272031157292,48.2695276844169,53.6407922683827,43.0219165772312,43.0636342660236,67.316079169015,60.2898429310496,58.2450494555721,55.1042380453434,47.6290664711767
Togo,TGO,GDP per capita (current US$),NY.GDP.PCAP.CD,409.889802792768,396.692654520135,445.238691488925,538.16537776929,560.266308533382,551.259850017077,552.50227125256,607.587886721352,718.948386717473,720.693768151415,704.986772286079,783.988944671672,762.39162379069,826.542799987227,855.584809246574,751.051987587248,772.581357620609,792.765700965864,851.120561233595,826.255209019798
Togo,TGO,Population density (people per sq. km of land area),EN.POP.DNST,94.5033462033462,97.0285346571061,99.5270086412944,102.08065820923,104.734473248759,107.457823129252,110.510535024821,113.777238462953,117.095274866703,120.46083838941,123.783599926457,127.164441993013,130.55223386652,133.948189005332,137.386468100754,140.893454679169,144.480400808972,148.136422136422,151.843684500827,155.599705828277
Togo,TGO,Urban population (% of total population),SP.URB.TOTL.IN.ZS,33.0994844063309,33.5503635916513,34.0011370438307,34.4513989657696,34.9007435603688,35.3487650305291,35.795057579151,36.2392154091353,36.6808327233827,37.1195037247939,37.5545882975638,37.9872305648732,38.4194359598204,38.8516767884103,39.2839506458368,39.7162551272934,40.1485878279739,40.5809463430719,41.013328267781,41.445731197295
Togo,TGO,"Industry (including construction), value added (% of GDP)",NV.IND.TOTL.ZS,30.3028277716404,29.378615828701,30.2198722396307,31.0741865107219,28.0385993487176,24.4297143100711,25.0511547993418,26.2884068802458,23.8623598669256,20.6628801268805,20.3367703008535,21.7641490273027,20.0154635557205,22.1985252830239,23.8476899946971,22.8664405321196,20.8834101208291,20.4016230144725,21.0297583235942,19.3444197845633
Togo,TGO,Trade (% of GDP),NE.TRD.GNFS.ZS,48.8080041114183,51.3941520650307,51.609565282441,55.389978417259,57.8710938708872,61.4542800128481,61.6128604620733,61.7740721086659,62.3076674472105,62.210419994299,66.7974885937104,77.732312664143,75.7132085684163,82.1477877564195,70.9156517502517,69.1281378813376,66.4450409805081,58.2088602526732,57.5737388499452,56.3421740349757
Togo,TGO,Renewable energy consumption (% of total final energy consumption),EG.FEC.RNEW.ZS,77.1,82,78.7,74.8,76.1,77.2,79.7,79.9,76.5,63.4,65.8,69.1,72.7,76.2,81.4,81,80.7,78.4,76.7,78.6
Togo,TGO,Carbon dioxide (CO2) emissions excluding LULUCF per capita (t CO2e/capita),EN.GHG.CO2.PC.CE.AR5,0.243402917138534,0.213439163585278,0.22149257547281,0.258889907310065,0.241902583126364,0.22434264883446,0.203255278780994,0.196805478169927,0.249512781975665,0.413729525867825,0.375041403085588,0.335011741531885,0.316333405438535,0.265104025260238,0.232146083279246,0.201743528645689,0.270784136343166,0.205457519665787,0.234453571702739,0.24876321447494
Tonga,TON,"PM2.5 air pollution, mean annual exposure (micrograms per cubic meter)",EN.ATM.PM25.MC.M3,12.9276032773406,12.9054119767903,12.8214218478176,12.7078429737717,12.5968854380018,12.5207593238571,12.4804500046147,12.4498683029438,12.4206124762814,12.3842807820647,12.3324714777308,12.1304389189741,12.3765932473645,12.1802014822162,12.0913822122592,11.7395693014278,12.0170183126119,12.0803698566865,12.6468527417102,12.7574461149445
Tonga,TON,GDP per capita (current US$),NY.GDP.PCAP.CD,1995.07667546271,1753.51667576626,1759.4805324576,1936.04104012389,2195.44890047673,2477.72620144825,2750.34778600857,2797.06560109144,3218.45303993196,2914.23774004564,3416.08356601207,3849.99375750134,4384.17058724217,4219.24670113014,4136.59013792529,4123.90323993332,3987.98626206287,4365.92932788383,4675.04791274385,4788.83342304684
Tonga,TON,Population density (people per sq. km of land area),EN.POP.DNST,142.606944444444,143.455555555556,144.269444444444,145.088888888889,145.931944444444,146.765277777778,147.573611111111,148.230555555556,148.638888888889,148.893055555556,149.166666666667,149.402777777778,149.25,148.719444444444,148.068055555556,147.354166666667,146.561111111111,146.327777777778,146.620833333333,146.7625
Tonga,TON,Urban population (% of total population),SP.URB.TOTL.IN.ZS,23.0251513819988,23.0488634076195,23.071428585567,23.0943621775072,23.1191794451059,23.1473956500293,23.1801421282521,23.2239976577967,23.2889000757567,23.3612068183251,23.4243619099178,23.46075468367,23.4589062635692,23.4170795020344,23.3431040935971,23.2434422818439,23.1277038505921,22.9711300654966,22.7017138925547,22.3288155626206
Tonga,TON,"Industry (including construction), value added (% of GDP)",NV.IND.TOTL.ZS,18.1054832340091,18.4174602892502,17.687542530742,17.0678003356506,16.5603761993835,16.6647322768346,15.3239515886713,15.7013029178113,15.5113181085154,16.7737154226022,18.0424982701103,19.0875708794809,18.8662320133186,15.8952134096482,16.128191902045,15.5472098085233,15.9723714684611,16.4212234408385,15.2201451230749,15.3617863881286
Tonga,TON,Trade (% of GDP),NE.TRD.GNFS.ZS,61.508239295468,62.4065643935194,73.8374093817514,73.2160568173731,73.9737151214869,76.2080494394572,66.3549884749532,68.2299182500325,72.6563791156237,74.3406648891028,70.7976681214649,78.8578648859134,77.9722872799652,82.731581196292,74.7304245935745,81.3902410936397,87.7771675387955,88.0434937486257,86.1039624323194,88.0453900968952
Tonga,TON,Renewable energy consumption (% of total final energy consumption),EG.FEC.RNEW.ZS,2.5,2.7,2.5,2,2.1,2.1,1.9,2.2,2,1.8,1,1.1,1.1,1.6,1.7,1.9,2,2,1.8,1.8
Tonga,TON,Carbon dioxide (CO2) emissions excluding LULUCF per capita (t CO2e/capita),EN.GHG.CO2.PC.CE.AR5,0.971980092912726,0.916853845558051,1.00698923696016,1.20137080716802,1.06404240941839,1.1469561185188,1.25267051283258,1.07002979592602,1.15585871799664,1.22011510871897,1.17504655493482,1.11555266338198,1.0999441652708,1.11507499206186,1.23629337110375,1.26961685282059,1.35703726166559,1.47025323664528,1.39626966760446,1.56621147167097
Trinidad and Tobago,TTO,"PM2.5 air pollution, mean annual exposure (micrograms per cubic meter)",EN.ATM.PM25.MC.M3,24.1096411373475,23.8343891071875,23.2750590319697,22.6238239897069,22.0728570584119,21.8143313160974,21.8563557112264,22.0321577228409,22.2715882248224,22.5044980910521,22.6607381954116,22.6890525618618,22.6499751351859,23.383945368371,24.08935817098,26.2592962743436,25.2326491282107,25.3988915846271,24.3138532652664,25.0102271567294
Trinidad and Tobago,TTO,GDP per capita (current US$),NY.GDP.PCAP.CD,6178.58975559687,6657.41466937221,6762.93080808096,8445.04653518298,9871.03419820086,12346.4373094075,14152.6607422113,16606.675360681,21298.9945258063,14634.0565003912,16815.424737361,19151.0870229722,20332.1389531925,21304.9777496628,21908.3014555644,19887.2327716498,17449.1538801956,17566.0999700656,17571.498737278,17212.6128892163
Trinidad and Tobago,TTO,Population density (people per sq. km of land area),EN.POP.DNST,257.265886939571,258.395126705653,259.65126705653,260.956920077973,262.25730994152,252.338011695906,253.010526315789,254.032748538012,255.085185185185,255.381286549708,256.86432748538,258.873099415205,260.271734892788,261.317153996101,262.250097465887,263.09298245614,263.917153996101,264.450877192982,264.949902534113,265.884015594542
Trinidad and Tobago,TTO,Urban population (% of total population),SP.URB.TOTL.IN.ZS,55.9291468285602,55.9010190940268,55.8298121439974,55.7188050758235,55.5711241312409,55.3898955519853,55.1782455797922,54.9393004563973,54.6761864235364,54.3920297229449,54.0899565963587,53.9253615474727,53.9254053431618,53.9255789963372,53.9259699537793,53.926665238022,53.9277523084951,53.9293186833833,53.9314518934907,53.9342394732739
Trinidad and Tobago,TTO,"Industry (including construction), value added (% of GDP)",NV.IND.TOTL.ZS,47.5360468126773,45.2069910848034,42.9095754130396,51.4964380558951,54.3682801507327,59.6470153480265,60.8194415532707,59.6521421660795,63.9782596789726,53.1358528774451,53.8139564515672,57.0510122828478,46.824089797969,44.9801407863582,43.6313576106985,35.9770489547931,34.414585903593,36.1358259277044,37.7745988816805,35.1969693154596
Trinidad and Tobago,TTO,Trade (% of GDP),NE.TRD.GNFS.ZS,..,..,..,..,..,..,..,..,..,..,..,..,..,..,..,..,..,..,..,..
Trinidad and Tobago,TTO,Renewable energy consumption (% of total final energy consumption),EG.FEC.RNEW.ZS,0.8,0.7,0.7,0.6,0.6,0.5,0.6,0.4,0.5,0.5,0.4,0.4,0.4,0.4,0.3,0.4,0.4,0.4,0.5,0.4
Trinidad and Tobago,TTO,Carbon dioxide (CO2) emissions excluding LULUCF per capita (t CO2e/capita),EN.GHG.CO2.PC.CE.AR5,14.5243806894211,16.3937394337668,17.6399444148735,20.2752801392984,21.4812172025747,27.0529643242842,29.7041320734947,30.2514295711747,29.5374323602481,28.5737184624756,31.1317933937106,31.0660464948167,28.5171293459977,27.8473798577755,27.651535705021,27.2353106358828,24.9048855339594,23.9896125186399,24.00159506413,24.3573792966931
Tunisia,TUN,"PM2.5 air pollution, mean annual exposure (micrograms per cubic meter)",EN.ATM.PM25.MC.M3,27.4662896589768,27.1742936282429,26.477495003696,25.6457176022554,24.9487852408403,24.6565217363698,24.9161206082962,25.5351464343827,26.2739796190147,26.8930005665779,27.1525896814577,23.7968442569893,22.6944628193599,22.1415749104783,25.1638447684439,23.6344412527314,24.8089216632322,22.571757071458,25.5228520953696,23.7714034054098
Tunisia,TUN,GDP per capita (current US$),NY.GDP.PCAP.CD,2199.04465936314,2235.71981624751,2320.7723805785,2725.8643148859,3067.41936376975,3146.8260743927,3322.56933570096,3726.91672935667,4255.05008019523,4080.09032448781,4291.86120891575,4420.64772206537,4297.26782454273,4369.79345826358,4458.97895464547,4014.94773686432,3847.80354448809,3619.03247319953,3628.10366464236,3528.87213306798
Tunisia,TUN,Population density (people per sq. km of land area),EN.POP.DNST,62.8535980947477,63.5277870751802,64.1832839855819,64.8277033985582,65.4361676107106,66.0110195674562,66.5963568486097,67.209719361483,67.8593910916581,68.554846807415,69.2969876416066,70.069741246138,70.865390061792,71.713188722966,72.5687950566426,73.3925334706488,74.2061920700309,74.9903321318229,75.7306513903193,76.4358972708548
Tunisia,TUN,Urban population (% of total population),SP.URB.TOTL.IN.ZS,63.6166653822584,63.9541757453358,64.2822554892505,64.6055972687544,64.9272741461338,65.2340901739004,65.5209809651521,65.8000030517578,66.0676053984361,66.3362197875977,66.6280059814453,66.9191886197857,67.2098922729492,67.4999542236328,67.7524643379101,67.8807907104492,68.0623356528248,68.2877807617188,68.5485240272509,68.8206382576031
Tunisia,TUN,"Industry (including construction), value added (% of GDP)",NV.IND.TOTL.ZS,26.8066210495559,26.4366983342993,26.5762343014844,25.5614419956351,25.5797726482743,26.4335697738291,27.1847312495356,28.9083416057516,31.44941852471,28.0412153272481,29.5235517709565,30.54812597421,30.1215368230456,29.1379467288349,27.1288836396189,24.8970515198959,24.0076023041992,23.624101204276,23.6862252235906,23.2353115777678
Tunisia,TUN,Trade (% of GDP),NE.TRD.GNFS.ZS,82.639110670191,89.5522011944661,85.3421759692656,82.390340709916,86.9253446966283,90.2512478803945,93.9409304094309,104.059400976647,114.343660218696,93.0168787876722,100.151009836799,100.106379304237,101.550723929668,98.9549566862038,96.1071038558701,87.2485306596052,87.0926643641466,95.8091979825804,103.871824260635,102.332614725789
Tunisia,TUN,Renewable energy consumption (% of total final energy consumption),EG.FEC.RNEW.ZS,14.2,14.2,14.6,14.1,13.9,14.2,14.3,14.3,14.6,16.1,12.6,13.2,13,13.2,12.9,12.5,12.4,11.8,11.9,12.2
Tunisia,TUN,Carbon dioxide (CO2) emissions excluding LULUCF per capita (t CO2e/capita),EN.GHG.CO2.PC.CE.AR5,2.16396729727336,2.23029588506291,2.183950984379,2.14118228306991,2.24425872376825,2.28632090263617,2.34264831956205,2.39258887104803,2.41189228309621,2.38155663473538,2.57579895188362,2.41262314515799,2.56515036313153,2.53281443802063,2.67906940110098,2.69429825515354,2.59021982927091,2.60042961253673,2.56581225435625,2.54693841667269
Turkiye,TUR,"PM2.5 air pollution, mean annual exposure (micrograms per cubic meter)",EN.ATM.PM25.MC.M3,22.4972966388602,22.393302857514,22.1453932674278,21.8495187095391,21.6016300247851,21.4976780541033,21.8239657844295,22.6020633334284,23.5308222381306,24.3090940355664,24.6357302627663,23.7473685846179,23.2440162263121,23.5023978223691,23.4874858374985,24.5603763797256,23.83379270795,22.1031402126985,22.8252290987339,23.6946115800374
Turkiye,TUR,GDP per capita (current US$),NY.GDP.PCAP.CD,4199.3798635759,3052.2256706793,3591.08628982587,4649.63668068586,5979.6054216148,7331.85429430255,7990.08251407245,9766.91734545294,10913.4079047769,9076.92472236977,10698.9699409757,11373.6355760885,11776.7593362033,12635.5570016068,12209.3862327674,11064.6494504662,10984.3643169061,10756.3877677883,9684.11819884721,9395.23378001368
Turkiye,TUR,Population density (people per sq. km of land area),EN.POP.DNST,85.0096293023921,86.0739939971155,87.1182191442641,88.1355066720372,89.1241466678794,90.0816717123813,91.0117186180372,91.1582344763068,92.3192677000637,93.6023881605447,95.0354715902447,96.4406649948677,97.6778802801346,98.9405610488157,100.284401595572,101.631276067721,103.007889505347,104.352348531112,105.774468250978,107.297584553617
Turkiye,TUR,Urban population (% of total population),SP.URB.TOTL.IN.ZS,58.9706120006403,59.8722461417316,60.7385342729423,61.5845060653258,62.4388481173262,63.3302470273874,64.2873893939536,65.3389618154687,66.513650890377,67.8401432171223,69.3471253941487,71.0028723528334,73.7788680234324,78.5218368384696,83.6024850744433,87.2167107972537,88.1020958581776,88.0320472717286,88.1655749576173,88.6618152857124
Turkiye,TUR,"Industry (including construction), value added (% of GDP)",NV.IND.TOTL.ZS,26.8038683547198,25.5218513969355,24.6318670867085,24.8432929751477,25.1592284848331,25.2941440738888,26.0949736856779,26.4310925169888,26.2111946844741,24.0534082630626,24.5086143505767,26.8475365830986,26.6835564000517,27.7513691316392,28.1981753928692,27.9632974104138,28.3385128402288,29.0347245862534,29.1851848904908,27.0679926930773
Turkiye,TUR,Trade (% of GDP),NE.TRD.GNFS.ZS,42.3746746988077,49.9447830679013,48.1026101234402,46.3681553387846,48.9934575435266,46.3088308846211,48.9456766641314,48.027468179713,50.7612500066681,47.0391385732199,46.9433366709891,53.651583897618,53.3277612968607,53.0683530043043,54.30677404128,51.8749252596832,48.870183807987,56.1356585158689,62.8251323851165,62.5784589326239
Turkiye,TUR,Renewable energy consumption (% of total final energy consumption),EG.FEC.RNEW.ZS,17.3,18.1,17.5,16.3,16.8,15.3,14.2,12.5,12.5,13.1,14.2,12.7,13,13.8,11.5,13.3,13.2,11.4,11.8,14.1
Turkiye,TUR,Carbon dioxide (CO2) emissions excluding LULUCF per capita (t CO2e/capita),EN.GHG.CO2.PC.CE.AR5,3.47043278431936,3.1206808144442,3.24208511129842,3.38625448591684,3.43889343076092,3.5495611200862,3.91176721812036,4.28079364507414,4.21593984029483,4.1835136272879,4.26801919276368,4.48332295905392,4.57803809727294,4.38456228128668,4.60446003106117,4.70276339686943,4.93533246982308,5.39416444458135,5.27401972926131,5.01913672458907
Turkmenistan,TKM,"PM2.5 air pollution, mean annual exposure (micrograms per cubic meter)",EN.ATM.PM25.MC.M3,19.1607858195909,18.6664785951208,18.0118303249496,17.352860883441,16.8455901449587,16.6460379838666,16.8389623537349,17.4102821839348,18.3677588125312,19.719153577589,21.4722278171731,27.2198985157372,27.0209714658228,26.4262903965402,25.0725134160111,23.6762817457625,23.1774931174981,21.6902944984074,22.4512669564059,20.2530348899106
Turkmenistan,TKM,GDP per capita (current US$),NY.GDP.PCAP.CD,633.835487638011,756.034976276398,935.540801478466,1228.94870289404,1379.23009682692,1604.01618452312,1996.59310717308,2414.96071986964,3605.50395120549,3707.97850699617,4058.53937000739,5143.61929334647,6053.8748468749,6599.64529055481,7164.14536184006,5759.497903834,5686.98040962764,5828.4816623489,6125.05169712085,5998.0017434754
Turkmenistan,TKM,Population density (people per sq. km of land area),EN.POP.DNST,9.75182899580789,9.94916051326793,10.1493094716234,10.3501904538974,10.5507054242121,10.7510842040304,10.9529185197795,11.1592066903581,11.3740961419786,11.6008597025089,11.8408188453599,12.0941778562765,12.3604494286383,12.6387781158896,12.9280594982231,13.2270125337816,13.5340178324431,13.8468729385228,14.1627987147022,14.4786329878918
Turkmenistan,TKM,Urban population (% of total population),SP.URB.TOTL.IN.ZS,46.0736689106993,46.3715562022892,46.5924846062154,46.7000007629395,46.7375427392139,46.7728683922582,46.8060040482349,46.8369760333063,46.8658106736347,46.8925342953825,46.9171732247121,46.9397537877858,46.9603023107661,46.9788451198152,46.9954085410955,47.0100189007695,47.0227025249994,47.0334857399476,47.0423948717765,47.0494562466485
Turkmenistan,TKM,"Industry (including construction), value added (% of GDP)",NV.IND.TOTL.ZS,41.0606930882634,41.971987241714,40.2984084880637,38.8856156889151,37.8718504470333,37.0639941772577,35.7901703447346,37.7096296296296,60.5457853244391,60.9102428355696,59.1311643516361,65.8692912440737,66.5798559141072,63.4277120836429,60.6696011092838,54.2933303537937,51.4325436635517,47.0438896506004,44.9063982786535,42.4122793165524
Turkmenistan,TKM,Trade (% of GDP),NE.TRD.GNFS.ZS,103.580317825005,81.9858549438358,63.7046861184792,63.201750694386,59.3199674884855,53.9723419741336,52.4473010022922,56.2777777777778,94.7240751970891,104.95217927132,96.8630558404027,111.062833823441,109.333652637251,98.5928226795449,91.0934829576602,81.2999305660859,62.0460846966262,53.5753567069955,50.9002726399821,44.2857594037204
Turkmenistan,TKM,Renewable energy consumption (% of total final energy consumption),EG.FEC.RNEW.ZS,0.1,0.1,0.1,0.1,0.1,0.1,0.1,0.1,0.1,0.1,0.1,0.1,0,0.1,0.1,0.1,0.1,0.1,0.1,0.1
Turkmenistan,TKM,Carbon dioxide (CO2) emissions excluding LULUCF per capita (t CO2e/capita),EN.GHG.CO2.PC.CE.AR5,8.58454567057639,8.61697874988049,9.06185494599499,9.90000750432012,10.3515202316697,10.4702314233025,10.6776333492322,11.591660332499,11.5880007386302,10.0209076541311,11.0800243550197,11.6373653384927,11.7581405053864,10.99020918314,10.4055728761936,10.9255651351321,10.5800733045589,11.091151596704,11.1534118125034,10.7659028351791
Turks and Caicos Islands,TCA,"PM2.5 air pollution, mean annual exposure (micrograms per cubic meter)",EN.ATM.PM25.MC.M3,..,..,..,..,..,..,..,..,..,..,..,..,..,..,..,..,..,..,..,..
Turks and Caicos Islands,TCA,GDP per capita (current US$),NY.GDP.PCAP.CD,..,18325.7458111974,17803.9471767733,18859.1890274773,21246.00980049,24122.3028180757,28734.2873064523,29443.8523030072,31453.8228752689,24596.8938015951,23093.8498268267,27327.4006354146,25923.6156503875,25653.819867471,27292.5820256776,29457.0140691162,31373.5612684327,30014.2309523213,31625.616593277,31780.5217068989
Turks and Caicos Islands,TCA,Population density (people per sq. km of land area),EN.POP.DNST,19.7157894736842,20.6063157894737,21.6810526315789,22.8705263157895,24.0589473684211,25.2505263157895,26.4452631578947,27.6526315789474,28.8705263157895,30.0926315789474,31.3042105263158,32.4694736842105,33.8178947368421,35.4242105263158,36.8947368421053,38.5315789473684,40.3315789473684,42.0136842105263,43.7463157894737,45.4378947368421
Turks and Caicos Islands,TCA,Urban population (% of total population),SP.URB.TOTL.IN.ZS,84.6139434685266,85.3337963668196,86.0142597030394,86.671565520254,87.3041883072325,87.908436065312,88.4806167958296,89.0170385001222,89.5140091795268,89.9678368353804,90.3748294690201,90.7312950817828,91.0352667584286,91.3168927865286,91.5971200472541,91.8737937193851,92.1466904484552,92.4155868799755,92.6802596594323,92.9404854322845
Turks and Caicos Islands,TCA,"Industry (including construction), value added (% of GDP)",NV.IND.TOTL.ZS,15.0150590104723,14.007338921707,14.0949785919529,14.7753918452455,16.7164539945321,18.1991124795168,20.2239117651337,19.9741431692717,19.5429612697117,16.1996427636893,11.9362889275876,7.9283128949713,8.08058613336407,8.40723340375848,7.97110615144182,8.25866152758946,7.96687070223397,9.00290327373748,9.09559174301107,8.62929879475565
Turks and Caicos Islands,TCA,Trade (% of GDP),NE.TRD.GNFS.ZS,..,..,..,..,..,..,..,..,..,..,..,..,..,..,..,..,..,..,..,..
Turks and Caicos Islands,TCA,Renewable energy consumption (% of total final energy consumption),EG.FEC.RNEW.ZS,0.4,0.4,0.4,0.4,0.4,0.4,0.3,0.3,0.3,0.3,0.3,0.4,0.4,0.4,0.4,0.4,0.4,0.3,0.4,0.5
Turks and Caicos Islands,TCA,Carbon dioxide (CO2) emissions excluding LULUCF per capita (t CO2e/capita),EN.GHG.CO2.PC.CE.AR5,0.945008008542445,0.939926440539436,1.25746467932223,1.27491140056151,1.22506125306265,1.40070035017509,1.69963778211201,1.99847735059003,2.14387282604733,2.28417517839653,2.46477689229631,1.81222848991766,1.80533507641548,1.99387870323597,2.16833095577746,2.18549378500205,2.29936056374788,2.21231177811741,4.56459491325585,5.12208682759579
Tuvalu,TUV,"PM2.5 air pollution, mean annual exposure (micrograms per cubic meter)",EN.ATM.PM25.MC.M3,6.20401861395786,6.18582607254949,6.1490719149286,6.09997832526355,6.04476748772266,5.98966158647428,5.93022623240349,5.85606431108743,5.76445391873256,5.65267315154535,5.51800010573225,5.2805865444079,5.23945117034042,5.40574951715585,5.51778327103482,5.47628221924294,5.88435418632793,6.20094627520115,6.14959791479092,6.00962588602958
Tuvalu,TUV,GDP per capita (current US$),NY.GDP.PCAP.CD,1579.41906275542,1456.78409421177,1750.25175052348,2006.84249941442,2322.56265072892,2304.82694329052,2396.26844307702,2794.16310084119,3088.30877413836,2683.96749549583,3024.8170790571,3636.08139989792,3598.46163091053,3510.21640142483,3528.85858102782,3357.83417700071,3808.69755015909,4165.66338700106,4466.12034928245,5115.13075950206
Tuvalu,TUV,Population density (people per sq. km of land area),EN.POP.DNST,318.133333333333,319.533333333333,320.766666666667,323.166666666667,327.2,331.333333333333,335.2,339.4,344.033333333333,348.7,353.8,359.333333333333,364.466666666667,366.7,366.133333333333,365.433333333333,364.333333333333,362.3,358.366666666667,352.7
Tuvalu,TUV,Urban population (% of total population),SP.URB.TOTL.IN.ZS,45.5119494377121,46.0920220655498,46.7435481854875,47.4986511586165,48.4012126478499,49.4209790930126,50.5229861226256,51.6722693652096,52.8338644492855,53.9728070033742,55.0541326559964,56.0428770356731,56.8964903305448,57.6314336806359,58.2999596618832,58.9148502652344,59.4744768348285,59.9531274910912,60.5596409590777,61.2406529218636
Tuvalu,TUV,"Industry (including construction), value added (% of GDP)",NV.IND.TOTL.ZS,6.24423076923077,7.41518518518519,7.35032258064516,9.54133333333333,8.99612903225806,7.41766666666667,5.403125,7.44117647058824,12.2605263157895,11.0388888888889,5.52571428571429,8.89210526315789,7.635,7.49075,7.39348837209302,7.01551020408163,..,..,..,..
Tuvalu,TUV,Trade (% of GDP),NE.TRD.GNFS.ZS,..,..,..,..,..,..,..,..,..,..,..,..,..,..,..,..,..,..,..,..
Tuvalu,TUV,Renewable energy consumption (% of total final energy consumption),EG.FEC.RNEW.ZS,0,0,0,0,0,0,0,0,0.2,0.2,0.4,0.2,0.3,0.7,0.7,3,7.3,7,6.4,6.3
Tuvalu,TUV,Carbon dioxide (CO2) emissions excluding LULUCF per capita (t CO2e/capita),EN.GHG.CO2.PC.CE.AR5,0,0,0,0,0,0,0,0,0,0,0,0,0,0,0,0,0,0,0,0
Uganda,UGA,"PM2.5 air pollution, mean annual exposure (micrograms per cubic meter)",EN.ATM.PM25.MC.M3,33.2213088306491,32.9681223741883,32.364309878136,31.6434916524877,31.0392880072388,30.7853192523847,30.8486426919378,31.0457522951455,31.3844233698563,31.8724312239187,32.517551165181,35.0271400705232,35.8905665839316,34.8200496489628,34.111616669843,36.4158643204587,35.1867637433366,32.2396992843572,33.1279166723642,31.4850134786862
Uganda,UGA,GDP per capita (current US$),NY.GDP.PCAP.CD,258.050338731086,236.021188853993,241.984688408335,250.71543664681,292.38185796262,330.405402707025,346.518255310647,401.389130865581,472.842681495852,798.947089938247,823.488144282,835.620060555838,795.222867553127,818.285427416713,896.054795546394,862.934610355811,752.696571725656,765.218332297361,792.16570022814,822.171150036357
Uganda,UGA,Population density (people per sq. km of land area),EN.POP.DNST,120.11485911616,123.846033732045,127.785746459136,131.885911616035,135.901681597518,139.949396927081,144.106916570742,148.408137730844,152.842965817527,157.405290025524,161.534021543986,166.340230400958,171.241960901656,176.227019748654,181.505779972073,187.170586475165,193.49267903451,200.365988430082,207.290200478755,214.440639337722
Uganda,UGA,Urban population (% of total population),SP.URB.TOTL.IN.ZS,11.6414758125187,11.9013889740088,12.202793574555,12.5904136719317,13.1221118400615,13.7907239496723,14.5851520274647,15.494298100139,16.5070641943955,17.6123523369348,18.7990645544572,20.0561028736631,21.372369321253,22.7367659239271,24.1938503391826,24.9777856560427,25.6953567134098,26.4139260579546,27.1280475018884,27.8369781799403
Uganda,UGA,"Industry (including construction), value added (% of GDP)",NV.IND.TOTL.ZS,21.4381815994678,21.168654308304,22.9201021171547,22.6767077659616,20.8640088141741,23.5101064935397,22.7661611506903,25.0773314305706,25.768110035453,27.2861852856713,27.5918336188994,27.5582956754514,27.1786073378959,25.4646646803777,25.222682012996,27.1098848763257,26.1664603884593,26.0309948147929,26.2360116484378,26.6204366953482
Uganda,UGA,Trade (% of GDP),NE.TRD.GNFS.ZS,32.7490333383822,35.3299767819725,36.2777941561831,36.5857264641268,35.4600862456436,38.9942854839061,43.6332857896204,46.7774166522822,56.2582682050634,47.0638780748379,38.2692490371291,39.7552255606122,43.5021371397314,43.1091548734687,36.0144010819085,37.6892983324358,31.2093620232119,36.8370529334101,36.6384055999567,39.3610539647435
Uganda,UGA,Renewable energy consumption (% of total final energy consumption),EG.FEC.RNEW.ZS,95.3,95.5,95.6,95.6,95.3,94.5,94.2,94.1,94.1,94.3,93.6,93.3,93.4,93.1,92.4,91.7,91.4,91.3,90.5,90.5
Uganda,UGA,Carbon dioxide (CO2) emissions excluding LULUCF per capita (t CO2e/capita),EN.GHG.CO2.PC.CE.AR5,0.0589121317991763,0.0580990392018387,0.0641643497186176,0.0656873047500839,0.0667402824171229,0.0794505968164188,0.0895533698457974,0.104854649192353,0.11396368506114,0.121798404134717,0.117311081090243,0.127802680432468,0.126072306268161,0.124837840133874,0.133324031827087,0.149085649404502,0.154688947840922,0.155657206984187,0.164969635756831,0.1642944102063
Ukraine,UKR,"PM2.5 air pollution, mean annual exposure (micrograms per cubic meter)",EN.ATM.PM25.MC.M3,27.5510971970295,26.5659090480042,25.3241057950972,24.0171509271002,22.8365079328052,21.9736403010041,21.3769053568138,20.8611112156249,20.4173975516395,20.0369040390596,19.7107703520874,19.4406675178444,18.6766503847272,18.8833614430176,18.4263235330655,17.7919818389331,16.2426825956045,15.6585428515819,17.1041368062157,15.5795007311465
Ukraine,UKR,GDP per capita (current US$),NY.GDP.PCAP.CD,653.294311523438,800.49072265625,903.011901855469,1076.48156738281,1401.01806640625,1875.33508300781,2366.494140625,3160.32763671875,4017.806640625,2607.08764648438,3039.63232421875,3656.69799804688,3951.34228515625,4129.89697265625,3054.908203125,2094.47387695313,2158.46118164063,2604.28759765625,3059.0517578125,3619.86157226563
Ukraine,UKR,Population density (people per sq. km of land area),EN.POP.DNST,85.5383792180892,84.7619832570985,84.0219577450202,83.3968584941485,82.81752856699,82.131858193241,81.6050365921016,81.236597448777,80.8174670303114,80.480099081682,80.190573430919,79.9348425740523,79.7660291376096,79.6222640336947,79.3598715669181,79.0362271055948,78.7461064406429,78.432661833247,78.0271090783569,77.5931273731446
Ukraine,UKR,Urban population (% of total population),SP.URB.TOTL.IN.ZS,67.403857296906,67.2749805493459,67.2672733350904,67.419679868405,67.5970968423685,67.8136046317755,68.0293347798948,68.2102322372037,68.3752085755346,68.5251442249547,68.637397133357,68.7234299826222,68.8241983107739,68.9326288082226,69.0554339301313,69.1587317201337,69.2102241609089,69.2633108489282,69.3157992777909,69.3527648708735
Ukraine,UKR,"Industry (including construction), value added (% of GDP)",NV.IND.TOTL.ZS,31.6502770712209,29.9078962945424,30.2155139276837,30.4267094517856,29.3717696283534,30.1861914393484,30.5434517130428,30.6585222325477,28.083434007624,24.759831137373,25.6492814021248,24.8391242667758,24.2660524050508,22.4302649907366,22.8189915653958,21.7279577419459,23.1783620717483,23.2888002154817,23.2933329813033,22.5804196823995
Ukraine,UKR,Trade (% of GDP),NE.TRD.GNFS.ZS,115.735714934593,99.9261276192731,95.994669810112,102.590182257396,109.981708544962,94.6475701087848,89.181052639031,88.0465606718626,94.1718921417534,87.4761626200316,95.72973045329,104.805073904259,102.622788356626,94.0016694501782,100.691782483624,107.806616298156,105.521204913122,104.034982911399,99.1998150718675,90.5112342910763
Ukraine,UKR,Renewable energy consumption (% of total final energy consumption),EG.FEC.RNEW.ZS,1.2,1.2,1,1,1.2,1.3,1.8,2.4,2.7,3,2.9,2.7,2.9,3.5,3.5,4.2,5.5,6.5,6.9,7.4
Ukraine,UKR,Carbon dioxide (CO2) emissions excluding LULUCF per capita (t CO2e/capita),EN.GHG.CO2.PC.CE.AR5,7.28514189616492,7.33438335645808,7.40706121198512,8.13374301585325,7.68697352392554,7.50423510865356,7.53783934894648,7.81301613219001,7.52327011315342,6.26790678763997,6.8001696142477,7.19759562163247,7.03131803172885,6.83496373147307,5.85851548255714,4.93846267555134,4.98162827265164,4.52463056805499,4.82875863377984,4.62458753784522
United Arab Emirates,ARE,"PM2.5 air pollution, mean annual exposure (micrograms per cubic meter)",EN.ATM.PM25.MC.M3,44.1841482466495,44.1897103666173,44.1860960517829,44.1670264514498,44.1262227149214,44.0574059915013,43.8330832135241,43.4209615076897,42.9575623148493,42.5794070758541,42.4230172315555,46.4897172925459,49.8585704896572,43.6717315179427,38.4444708976302,48.347575903809,43.0819708202795,44.2485056396036,45.9879061419392,41.955626323257
United Arab Emirates,ARE,GDP per capita (current US$),NY.GDP.PCAP.CD,29865.502347066,27745.1708087672,27753.6089526346,29659.5428567811,33376.7152295209,38719.3138307623,44342.6048322482,45854.7325158162,50054.1700681803,37803.0663738777,44795.2949302268,51921.904511613,53141.6124340099,53247.2409495441,52725.2358407934,44910.334995523,42721.0999383185,43733.6192287435,47135.3591943971,45938.6073581994
United Arab Emirates,ARE,Population density (people per sq. km of land area),EN.POP.DNST,49.1914249507181,52.4301605181639,55.7142495071811,59.0320613911574,62.3622500704027,65.6827654181921,70.5308363841172,79.1979019994368,88.7449169248099,94.439003097719,96.7310335116868,100.035736412278,104.075584342439,108.322036046184,113.481272880879,119.75833568009,125.8109687412,129.867994931005,131.606603773585,133.001760067587
United Arab Emirates,ARE,Urban population (% of total population),SP.URB.TOTL.IN.ZS,79.287092479995,79.7469002624215,80.2705602850306,80.8489432668434,81.4729199268812,82.2122832763517,82.5588968646829,82.758608500318,82.9658963549658,83.1701992996163,83.3714299144178,83.5695007795347,83.7643244751488,83.9558135814626,84.1438806787019,84.3284383471193,84.5093991669984,84.686675718659,84.8601805824625,85.0298263388195
United Arab Emirates,ARE,"Industry (including construction), value added (% of GDP)",NV.IND.TOTL.ZS,48.5170116316395,49.6763412859899,47.5457475824448,49.1210129154604,51.6783480847693,55.6434763024807,57.903111718071,54.840228590251,58.0179784435584,52.044956000368,50.2592548678862,55.7510208781767,55.356407543947,52.9894122214127,50.7402069875437,42.1588028480264,39.8749229592768,41.4122717128473,45.7439845434706,43.4669683746299
United Arab Emirates,ARE,Trade (% of GDP),NE.TRD.GNFS.ZS,..,89.8645799289427,93.0716588147781,102.300169490783,116.622612523831,119.552871642254,119.470669577786,136.798152865771,148.513544025723,153.461944358373,135.485709128426,144.176786868982,156.637694501481,157.398083989641,159.515615057764,164.286182737903,165.39501917458,165.476542469815,154.747005019293,163.822152944853
United Arab Emirates,ARE,Renewable energy consumption (% of total final energy consumption),EG.FEC.RNEW.ZS,0.1,0.1,0.1,0.1,0.1,0.1,0.1,0.1,0.1,0.1,0.1,0.1,0.1,0.1,0.1,0.1,0.1,0.2,0.3,0.7
United Arab Emirates,ARE,Carbon dioxide (CO2) emissions excluding LULUCF per capita (t CO2e/capita),EN.GHG.CO2.PC.CE.AR5,25.3198800655489,27.1939982651151,26.1619793238318,25.956044391153,25.9698706267172,26.2522643034306,25.3932243317163,24.382755503246,26.0607102012736,24.6511808903397,25.0301244367043,24.9498559934509,25.0303188225095,25.3545579109196,24.5815838321273,24.3205333372838,23.7748451471417,22.1639068763908,20.0375833141554,20.945786930361
United Kingdom,GBR,"PM2.5 air pollution, mean annual exposure (micrograms per cubic meter)",EN.ATM.PM25.MC.M3,16.1050537226586,15.8242932230906,15.5139600251641,15.1808631587997,14.8318116539182,14.4736145404402,14.0333652646937,13.5048788789412,12.9950468220049,12.6107605327068,12.4589114498692,13.0110598336171,11.4844614132453,11.3936196663408,10.8076454562065,10.4602728529493,10.0359721133567,10.3814201449701,10.2397854923418,9.94569869317993
United Kingdom,GBR,GDP per capita (current US$),NY.GDP.PCAP.CD,28383.8761094996,28013.8729635508,30158.7017807858,34556.7726095905,40504.4118103928,42240.2462987547,44695.161023424,50629.0799172887,47652.4030691881,39009.3715547821,39778.3220528565,42295.9273835322,42688.3263728372,43606.9837896348,47746.2421759562,45255.3449216209,41257.9085545556,40916.8115070354,43702.9976303165,43158.7411267323
United Kingdom,GBR,Population density (people per sq. km of land area),EN.POP.DNST,243.427908899268,244.366854048692,245.40354234696,246.548906708552,247.955627660894,249.663977183483,251.50589013351,253.471925763651,255.474703426611,257.414417393461,259.440189310958,261.475674781962,263.344769148101,265.113875914521,267.102054313231,269.036498160625,271.18174678626,272.665647088001,274.000744016864,275.414376059191
United Kingdom,GBR,Urban population (% of total population),SP.URB.TOTL.IN.ZS,79.8241408315172,79.9838301298823,80.1146062677742,80.2331593332802,80.3423284929998,80.4455938127627,80.5464353583991,80.6483331957387,80.7547673906116,80.8692180088478,80.995165116277,81.1359685592627,81.2905667759508,81.4573768694887,81.6355750750722,81.8243772295647,82.0229991698295,82.23065673273,82.4465657551295,82.6699420738913
United Kingdom,GBR,"Industry (including construction), value added (% of GDP)",NV.IND.TOTL.ZS,22.6809648077092,21.7733033648489,21.2370024258232,20.8760857408543,20.2198255952825,20.2645432136421,20.1946444035506,19.7229026460162,20.0744967754056,18.7333630455206,18.5566755103695,18.3010218899425,18.2827169299324,18.592711752238,18.3478341562377,18.1397353548933,17.6677948178206,17.8215277161884,18.0023660420923,17.8736338534045
United Kingdom,GBR,Trade (% of GDP),NE.TRD.GNFS.ZS,52.3380212335903,52.6342367336438,51.2361820991323,50.0681187039704,50.2885521756133,52.5442740383211,56.7047791729812,52.7493524964733,56.4365501052604,54.6537301085991,59.0511802227821,63.3240615708901,61.9688704472535,61.7195395154583,58.8210228333296,57.125044605439,59.8395315138259,63.1899245764158,64.9097721959201,65.0035664177054
United Kingdom,GBR,Renewable energy consumption (% of total final energy consumption),EG.FEC.RNEW.ZS,1,0.8,1,0.9,1.1,1.4,1.6,1.8,2.4,3,3.2,4,4.2,5.2,6.6,7.7,7.7,8.8,10.2,11.4
United Kingdom,GBR,Carbon dioxide (CO2) emissions excluding LULUCF per capita (t CO2e/capita),EN.GHG.CO2.PC.CE.AR5,9.37230154582975,9.52500193970965,9.21604321231769,9.40083618149317,9.35478076788979,9.2634507993102,9.20229684969568,8.97579081257711,8.63835719565399,7.76330695463938,7.97797355319206,7.25917227971883,7.55583494216069,7.33126023168431,6.66445837202105,6.38957565142576,5.97285960339598,5.77133371736955,5.64018313747379,5.38807912233045
United States,USA,"PM2.5 air pollution, mean annual exposure (micrograms per cubic meter)",EN.ATM.PM25.MC.M3,12.756295073002,12.6049538802777,12.4353763769804,12.2408284111277,12.0145758307373,11.7498844838268,11.309448518998,10.6730029423263,10.0093748880401,9.48739149036763,9.27587988353719,9.36462744857706,9.01055428019472,8.74620817680451,8.5101265108009,8.19074183499752,7.40835009300858,7.79040584360488,7.8220065111125,7.17602147949022
United States,USA,GDP per capita (current US$),NY.GDP.PCAP.CD,36329.9560727102,37133.623113437,37997.7596573051,39490.2749557007,41724.6316287624,44123.4070679055,46302.0008800056,48050.2237771135,48570.0459804586,47194.9433547336,48642.6100179312,50024.868799398,51708.4011556577,53179.0127634561,54973.4207515712,56572.9188996063,57638.1018367192,59635.0984397965,62499.8744390068,64746.4506778863
United States,USA,Population density (people per sq. km of land area),EN.POP.DNST,30.7973013298523,31.1036283879362,31.3935499327652,31.6645346171981,31.9589450682826,32.2548765979183,32.5673998463204,32.8786113609374,33.2436868537795,33.5363992251367,33.8213646033526,34.0904277927547,34.3636893244215,34.6246572257533,34.9013776562134,35.1809713558577,35.4584505795077,35.7049975840182,35.9149986553586,36.1004771837305
United States,USA,Urban population (% of total population),SP.URB.TOTL.IN.ZS,79.0740897861327,79.3086223667912,79.5461039768657,79.7773350255284,79.9960936968363,80.1961581748464,80.3713066436159,80.5153172872016,80.6219682896606,80.6850378350499,80.6997744673366,80.6957554256024,80.6837493386238,80.660889281215,80.6242231779766,80.5707989535091,80.4976645324131,80.4018678392891,80.2804567987377,80.1304793353594
United States,USA,"Industry (including construction), value added (% of GDP)",NV.IND.TOTL.ZS,22.451586084268,21.4690044492824,20.65246551384,20.7394766935216,20.9500365551967,21.206269818199,21.5869617861711,21.423882162085,20.793507368224,19.2684772980173,19.3102572393851,19.407502343174,19.1626113169507,19.2416260217373,19.3315152083176,18.5871320435183,18.0422212818459,18.4354240836094,18.6308982431189,18.2804280414808
United States,USA,Trade (% of GDP),NE.TRD.GNFS.ZS,25.1029953595813,22.967181335596,22.2863741094897,22.6273130062789,24.4480622643257,25.6385530316517,26.9752780973197,28.0120176822667,29.8677957945319,24.7595311689876,28.2198952346731,30.8424862411943,30.6818353657295,30.0079539684645,30.0044781614855,27.8235649187872,26.6079620604584,27.3130208877206,27.6103792720958,26.4537594940475
United States,USA,Renewable energy consumption (% of total final energy consumption),EG.FEC.RNEW.ZS,5.4,4.7,4.8,5.3,5.5,5.8,6.4,6.3,6.8,7.3,7.4,8.4,8.5,8.9,9,8.9,9.3,9.7,9.9,10.2
United States,USA,Carbon dioxide (CO2) emissions excluding LULUCF per capita (t CO2e/capita),EN.GHG.CO2.PC.CE.AR5,21.0118753202743,20.6255077855762,19.9103793387111,19.9681657791826,20.0815597947275,19.9249914215479,19.4048177077015,19.4956606869752,18.7089026291301,17.1890632001903,17.847084306938,17.0203888981196,16.1854221004814,16.495975221911,16.4248953102317,15.9501022949136,15.5045482189269,15.1847127213968,15.5796456645972,15.0439662080505
Upper middle income,UMC,"PM2.5 air pollution, mean annual exposure (micrograms per cubic meter)",EN.ATM.PM25.MC.M3,39.5676971693748,39.5782932299009,39.5376400011283,39.4440805025977,39.2969043607554,39.0977268908528,38.6140552865003,37.7880401315462,36.8655884139286,36.1003561688368,35.7349576863068,37.5366077444569,35.7631659338344,41.1976291078106,38.6136213284916,36.7164565239054,34.5104069350176,33.3950580976345,30.8217364826887,29.133306073931
Upper middle income,UMC,GDP per capita (current US$),NY.GDP.PCAP.CD,1846.75293360867,1831.16075225617,1829.51821405556,2022.46978917982,2365.83446249947,2788.28442311953,3262.39559875801,3982.92205517928,4780.19249304455,4710.56351783068,5710.9010671794,6773.01375512825,7166.76033698733,7553.62352185493,7778.57802636616,7435.76486473308,7413.22237473365,8064.20583627107,8569.23675625056,8657.73234539015
Upper middle income,UMC,Population density (people per sq. km of land area),EN.POP.DNST,54.3100750437118,54.8333281717879,55.3291325811476,55.8027988964265,56.2904823499657,56.7785358695044,57.112241742896,57.5439152398892,58.0061759712362,58.4837702603424,58.9527241335299,59.4396222811177,59.9814680244093,60.5369880313736,61.0682907097663,61.5775169432308,62.0694204456148,62.5777070078512,63.045577325264,63.4671118119566
Upper middle income,UMC,Urban population (% of total population),SP.URB.TOTL.IN.ZS,48.1503102036039,49.1199289912263,50.1871345007718,51.2557272876232,52.2077507853913,53.1455150575468,54.1293690345531,55.204172145862,56.0466241259988,57.0171755841009,57.7400157290775,59.3267790525312,60.2454828576737,61.2852408295211,62.2699781259197,63.3807361013245,64.3735966748927,65.2912688979067,66.2431243372703,67.078944918763
Upper middle income,UMC,"Industry (including construction), value added (% of GDP)",NV.IND.TOTL.ZS,35.6594335889938,35.5966922706755,36.4469894695535,36.5327321445613,37.0870522629478,37.5978787756421,38.2550818980845,38.0129101608512,38.7472884893415,37.4125634076814,37.7327829888041,38.3082279044589,38.07111364933,37.2291907186773,36.5929431632129,35.1947323146697,34.4422248598504,34.7586262830422,35.3586074874979,34.453906263634
Upper middle income,UMC,Trade (% of GDP),NE.TRD.GNFS.ZS,47.1823474943021,46.5010655557084,48.8308594289528,54.0413079679727,59.3494212601276,60.8011770145163,61.5280610647733,59.7632633960464,58.2503689563174,48.1119418220704,51.7572368823425,53.1476528157562,51.7870217514451,50.3500252988917,49.0484726298494,45.5281569598987,43.6191177262139,44.7327115720683,46.5311022437582,44.6140731594082
Upper middle income,UMC,Renewable energy consumption (% of total final energy consumption),EG.FEC.RNEW.ZS,24.7576902058413,23.9539036010756,23.3936017651862,21.9360208050356,19.972600701939,18.430436768434,17.7588234927998,16.7774713255611,16.4144187151124,16.110203195669,15.363151286548,14.378550940055,14.2589863945024,14.1934413509233,14.3687879721054,14.5429189160572,14.9096847055022,15.1318149947337,15.3128112264645,15.8640951439244
Upper middle income,UMC,Carbon dioxide (CO2) emissions excluding LULUCF per capita (t CO2e/capita),EN.GHG.CO2.PC.CE.AR5,3.04485222943716,3.10727811744039,3.24183486754655,3.55486177808177,3.88531117506441,4.20279069145924,4.51174432672583,4.7902838812707,4.89179634912775,5.01358370595089,5.38001584265287,5.726240578719,5.8580829143318,6.02118956071597,6.02344710339996,5.89568417084084,5.86527310533092,5.94421227535642,6.12153305997666,6.22134433613929
Uruguay,URY,"PM2.5 air pollution, mean annual exposure (micrograms per cubic meter)",EN.ATM.PM25.MC.M3,12.9448464771497,12.7668375831259,12.4965101043769,12.1726329405196,11.8339749911707,11.5193051559469,11.1823625429671,10.7966309010516,10.4304960908687,10.1523439730869,10.0305604083746,10.0509517421341,9.71687395840984,10.8314475554018,10.4423977068601,10.4692129562066,10.2628739093634,10.0613622046924,10.1340724978496,10.298591147894
Uruguay,URY,GDP per capita (current US$),NY.GDP.PCAP.CD,6987.70098766257,6382.76104740859,4149.76140312687,3671.12329256883,4168.66065438387,5284.25677987129,6001.33294783172,7222.05403645877,9423.96562595893,9881.39573127081,12641.0576849008,15132.2675725587,16259.5940814256,18335.2594772322,18322.4276767157,17125.9016800298,17009.7584207276,19184.6502617082,19249.9404677501,18315.7316980028
Uruguay,URY,Population density (people per sq. km of land area),EN.POP.DNST,18.6619014969718,18.707867672266,18.734241800937,18.7474917152325,18.7587018626443,18.773688721289,18.7950291395269,18.8272940235402,18.8674265798194,18.9126442692264,18.9611472974517,19.0082561992915,19.0572563135642,19.1140269683465,19.1768597874529,19.2436121586104,19.3079819449206,19.3602902525426,19.3951205576506,19.4103873842989
Uruguay,URY,Urban population (% of total population),SP.URB.TOTL.IN.ZS,91.2769768173566,91.3759250620534,91.4886084712534,91.6260094228609,91.8009434091917,92.0812710048572,92.4845482788191,92.9603688038713,93.45975578621,93.9337324320314,94.3333219475319,94.6036824756941,94.7606597546186,94.8844735142936,94.9897821210514,95.0800002298303,95.1585424955685,95.2288235732042,95.2942581176758,95.3479309082031
Uruguay,URY,"Industry (including construction), value added (% of GDP)",NV.IND.TOTL.ZS,22.0452037217921,21.9351337396218,21.8623288483766,23.0937944115791,22.4348058065943,23.7753368710773,22.8965222038345,23.644048640083,22.7673513144942,24.0794070442123,24.5288557176886,22.7051202439987,22.8622289256151,23.6692403427945,24.7006411459084,25.4417580545225,18.8673144534742,18.0319037217202,18.3333886744675,17.5601694192064
Uruguay,URY,Trade (% of GDP),NE.TRD.GNFS.ZS,36.7137381507902,36.3095126435057,40.02906730756,51.7591995826472,61.4766880860242,58.8776963255774,61.9715745165876,59.2104478374095,65.2080950071821,53.3944192683736,51.6990372012256,53.2470340109018,55.0611541633768,49.7178464746233,49.0876240632174,45.3282408087534,48.4705583785623,46.3780042035515,47.7913104806475,49.7448341159636
Uruguay,URY,Renewable energy consumption (% of total final energy consumption),EG.FEC.RNEW.ZS,38.7,41.6,43.2,43.8,39.3,41.3,37.6,43.2,44.1,44.6,53.3,49.7,47.9,51.9,56.7,59.4,60.3,60.8,60.8,59.3
Uruguay,URY,Carbon dioxide (CO2) emissions excluding LULUCF per capita (t CO2e/capita),EN.GHG.CO2.PC.CE.AR5,1.70552622829056,1.53241153472962,1.40548549239722,1.40046922058061,1.7528908230759,1.69451857722282,1.97248462231107,1.85654505268799,2.39732758116842,2.36627935606604,1.94598292040572,2.34076033455321,2.66279826623545,2.28942554965314,2.00617697761903,2.04722838394224,2.0209020670953,1.89093027524777,2.0241364499516,2.10646631378845
Uzbekistan,UZB,"PM2.5 air pollution, mean annual exposure (micrograms per cubic meter)",EN.ATM.PM25.MC.M3,30.7136220978205,30.1330949818927,29.5059349848837,28.9396310320505,28.5416720486497,28.4195469599384,28.6354538088517,29.2177411456159,30.2231236564234,31.7083160274671,33.7300329449397,44.1982936152516,43.9047519110738,42.947720361075,39.4888403264479,37.8356286365777,37.5481850195136,35.2121570323591,34.8354317604587,34.1331992575325
Uzbekistan,UZB,GDP per capita (current US$),NY.GDP.PCAP.CD,555.149231099186,454.415812256778,381.409296889283,394.164028897235,462.171492867885,542.835808692209,649.118167003925,824.028192334768,1074.72928796701,1205.7993547038,1753.20730243278,2087.86386135694,2307.34649117185,2461.97947403595,2674.9628382103,2803.19018021751,2753.37951427589,2190.60411562888,1813.08530813664,2041.38480729431
Uzbekistan,UZB,Population density (people per sq. km of land area),EN.POP.DNST,56.8556053811659,57.5582699220712,58.2687291671924,58.9874184689718,59.7204791523748,60.4727210570633,61.2574119536538,62.1032147968733,63.0661816146635,64.0891121586439,65.1205023262643,66.1372206631804,67.1452569986232,68.207469669955,69.3523563008704,69.7897094870631,71.0059170523229,72.2198017195203,73.4780871882284,74.8253929702307
Uzbekistan,UZB,Urban population (% of total population),SP.URB.TOTL.IN.ZS,47.6731005044,48.4901886313987,49.2574592650723,49.9566881481443,50.5696510233382,51.0781236333777,51.4638817209862,51.7087010288873,51.7943572998047,51.6105041503906,51.3321647644043,51.3395500183105,51.3359680175781,51.1276969909668,50.8868713378906,50.6597328186035,50.6572189331055,50.6787376403809,50.5814971923828,50.5920104980469
Uzbekistan,UZB,"Industry (including construction), value added (% of GDP)",NV.IND.TOTL.ZS,20.2297579555228,19.9520841370069,19.3887412418459,20.445956928078,22.3056846912976,26.0120326061017,26.8384702412792,26.8627172756297,29.0650709010567,30.3526438159739,21.2295148101409,19.7779804592697,20.427938155189,21.2945196362137,22.0708925481202,22.520460823215,22.9212712989472,24.7253778434458,28.6428986359695,31.9991183695607
Uzbekistan,UZB,Trade (% of GDP),NE.TRD.GNFS.ZS,44.0540299791129,56.776277587152,58.954524710746,70.4592746850874,76.5956691950086,69.5252584247083,67.4712921717973,74.4141929762327,79.7479920348578,68.673142199791,49.2689977994484,49.6542884929351,44.2393191333204,42.3779149727359,36.3570546649043,30.7561914307089,29.1922970388042,42.5595081895217,64.1381394985773,64.9639227632407
Uzbekistan,UZB,Renewable energy consumption (% of total final energy consumption),EG.FEC.RNEW.ZS,0.7,0.8,1,1.4,1,1.6,0.8,0.9,0.8,1.2,1.3,0.9,1.3,1.2,1.4,1.7,1.6,1.7,1.5,1.6
Uzbekistan,UZB,Carbon dioxide (CO2) emissions excluding LULUCF per capita (t CO2e/capita),EN.GHG.CO2.PC.CE.AR5,5.30608034339216,5.28624567526799,5.38898455825556,5.01609431105649,5.07679600143684,4.76265580553155,5.03472727468172,4.85281286665302,4.99330891026782,4.45651377155528,4.78418105352781,4.81134014423661,4.20977063590157,4.0848046860347,3.74415254822206,3.49764512064744,3.64421845300852,3.71680877488413,3.48417486035642,3.49213238730726
Vanuatu,VUT,"PM2.5 air pollution, mean annual exposure (micrograms per cubic meter)",EN.ATM.PM25.MC.M3,15.0607600250161,14.9425065432613,14.665320193617,14.335593351469,14.0597183922026,13.9440876912036,13.9585415833197,13.996197949145,14.0483654826847,14.106352877944,14.161468828928,14.2665581071884,14.0726802867412,14.2629547192965,13.9111416387808,13.4680414200127,13.8697381004542,13.6713327898574,14.6439252034392,14.3364980888287
Vanuatu,VUT,GDP per capita (current US$),NY.GDP.PCAP.CD,1460.23817692229,1350.18338238522,1340.71537528287,1566.51396790858,1774.31867585894,1873.99142640619,2034.79289624351,2333.70506748914,2603.60883136724,2546.38324565986,2815.18828985779,3163.1861645138,3004.78416664293,2979.79608084399,2973.09026493408,2854.89412272653,2956.12644801489,3159.86055790126,3206.65748718811,3207.44650452083
Vanuatu,VUT,Population density (people per sq. km of land area),EN.POP.DNST,15.2814602132896,15.6711238720263,16.0675143560295,16.4680885972108,16.8753896636587,17.2895816242822,17.7131255127153,18.1522559474979,18.6132895816243,19.0919606234619,19.5445447087777,19.9732567678425,20.4169811320755,20.8762920426579,21.3486464315012,21.829450369155,22.3205086136177,22.8471698113208,23.4010664479081,23.9528301886792
Vanuatu,VUT,Urban population (% of total population),SP.URB.TOTL.IN.ZS,21.6572490599483,21.9341706883464,22.2011458912344,22.4641372404641,22.7291073078871,23.0020186653551,23.2888338847199,23.5955155378332,23.9280261965467,24.2861753285463,24.742504119873,24.7861634049013,24.8183551383933,24.8407362750263,24.8549637694775,24.8626945764242,24.8654875642873,24.7644441456437,24.2729727045038,23.5024668917075
Vanuatu,VUT,"Industry (including construction), value added (% of GDP)",NV.IND.TOTL.ZS,11.2229908389199,9.04749199573106,8.95138565917982,8.18998048145738,7.59748057740852,7.84740891814221,8.09487564543005,7.94926084161972,9.10913251925229,11.1955989060499,12.8730998830697,9.99492054277629,7.87407257715292,8.21151592925291,7.50006657257742,10.7490519094664,10.4769109101537,10.1699916743073,10.0951662680732,9.502093997208
Vanuatu,VUT,Trade (% of GDP),NE.TRD.GNFS.ZS,87.1557917790657,87.7721451440768,91.6997236888901,91.5679895901106,98.7059775016543,100.173820339297,89.5414618090556,90.1716511021211,105.774852580058,108.489179063187,103.823312203828,96.9987664175314,104.451629665983,106.410757127713,105.199318296807,108.758665668253,106.351935265734,105.526573713997,110.679659822766,99.3829688227082
Vanuatu,VUT,Renewable energy consumption (% of total final energy consumption),EG.FEC.RNEW.ZS,49.5,51.3,53.3,52.7,55.4,54.9,55.3,51.6,52.1,38.7,38.1,35.8,39,40.9,31.5,35.6,33.1,35.7,29.7,31.6
Vanuatu,VUT,Carbon dioxide (CO2) emissions excluding LULUCF per capita (t CO2e/capita),EN.GHG.CO2.PC.CE.AR5,0.450931657012793,0.511435316781046,0.490649076139955,0.558915246131928,0.42486789719558,0.423230214461947,0.371891831810414,0.592020824671451,0.567220224243706,0.620029132345927,0.650162855511904,0.738066487592104,0.593451541487366,0.59336220243475,0.673608976329542,0.598269078282306,0.609731446191843,0.597471517771546,0.802078111470628,0.750038529376509
"Venezuela, RB",VEN,"PM2.5 air pollution, mean annual exposure (micrograms per cubic meter)",EN.ATM.PM25.MC.M3,23.1690087764295,22.9677982597517,22.6563107894885,22.2855786174018,21.9066339952536,21.5705091748058,21.2333827979616,20.8599188179155,20.5138774533666,20.2590189230141,20.159103445557,21.6871225595847,19.3045309881121,19.9572583150196,19.2869938244399,19.2951554205004,18.8450274280702,19.0801947101269,16.3445343718253,14.8507131552081
"Venezuela, RB",VEN,GDP per capita (current US$),NY.GDP.PCAP.CD,4776.2816763938,4920.39313600453,3652.09896501865,3229.50557082079,4269.08970872392,5432.4854184654,6739.38065342218,8331.62096991844,11262.4514256759,11596.6021921731,13646.3046622664,10843.9229703167,12607.2361246243,8656.35669723668,7096.22047105512,4103.1384987005,3670.15737848208,3791.33160682077,3422.65467014854,2523.11275230667
"Venezuela, RB",VEN,Population density (people per sq. km of land area),EN.POP.DNST,27.8064826257015,28.3203015702058,28.8369945014455,29.3551419987529,29.8632027662831,30.3676707669633,30.8652411994785,31.346707102772,31.8051085539369,32.2411405249136,32.6660631483476,33.0879337906014,33.5058398049997,33.9121342327532,34.2997324414716,34.662402358143,34.8797913950456,34.6525967915651,33.7935400487501,32.8077750694405
"Venezuela, RB",VEN,Urban population (% of total population),SP.URB.TOTL.IN.ZS,88.219476430842,88.372774123042,88.4553810951083,88.522274342774,88.5835546444319,88.638673298371,88.6870816028803,88.7282308562487,88.7615723567652,88.7865574027187,88.8026372923982,88.8079278904659,88.8401868543141,88.8786817039721,88.9163913525251,88.9539804079292,88.9914428378712,89.0287726100378,89.0659636921159,89.1030100517924
"Venezuela, RB",VEN,"Industry (including construction), value added (% of GDP)",NV.IND.TOTL.ZS,46.4048482561673,42.9102931639246,46.6549699116747,48.8417070697997,51.1134764353283,53.0883974696502,51.9276623968995,49.2828626757633,50.6124593374834,40.8120935299234,48.4086022795909,48.6321324133785,..,..,..,..,..,..,..,..
"Venezuela, RB",VEN,Trade (% of GDP),NE.TRD.GNFS.ZS,47.8572215529808,42.141268017362,48.5757106494068,50.577007378194,55.3674556023219,60.1273297561422,58.6655915584603,56.1990954818909,51.8290123789932,38.5209296583297,46.1368935240203,49.6381215967995,50.6485838828706,62.4795214214587,64.2074401112959,60.288846101805,41.307217198655,42.5829358408751,54.6450667905599,58.1292903256504
"Venezuela, RB",VEN,Renewable energy consumption (% of total final energy consumption),EG.FEC.RNEW.ZS,15.3,14,12.8,13.4,14.6,14.2,15.6,16.6,16.4,16.2,13.8,14.8,13.8,15.4,12.1,15.4,14.6,14.3,14.6,15.8
"Venezuela, RB",VEN,Carbon dioxide (CO2) emissions excluding LULUCF per capita (t CO2e/capita),EN.GHG.CO2.PC.CE.AR5,5.61613486816086,5.73575850236842,5.8223547552569,5.52282625726638,5.68334234468926,5.82165836799224,5.83970371595838,5.64100518337439,5.84962138322166,5.81077320450049,6.13592407148401,5.92634036716951,6.55732695996789,6.45112739625486,6.34368674716556,5.75436845431794,5.29608278304555,4.97170927982669,4.62269142706999,4.15965140487118
Viet Nam,VNM,"PM2.5 air pollution, mean annual exposure (micrograms per cubic meter)",EN.ATM.PM25.MC.M3,27.2332642563715,27.2724542389611,27.3729160568005,27.4669078615838,27.4866878050048,27.3645140387577,27.0007597054278,26.3605983485498,25.4734887212418,24.3688895766214,23.0762596678067,20.4905765848944,21.5116439458873,23.2274925075316,20.4035064934273,19.377014054477,20.3304456216218,18.5797797556674,20.1630176303186,20.8317868906878
Viet Nam,VNM,GDP per capita (current US$),NY.GDP.PCAP.CD,404.029784055118,419.205677580901,445.132861817313,497.117089249256,565.452284586212,710.746759994861,807.756645117054,925.640338348717,1163.83195772873,1226.16976051536,1683.16182443979,1950.92504174913,2185.11767654291,2359.51736472828,2546.38464459903,2577.56885340113,2735.0604380416,2956.10992127753,3222.31003125366,3440.90025375434
Viet Nam,VNM,Population density (people per sq. km of land area),EN.POP.DNST,248.035784093101,250.632810440708,253.6539172436,256.599403360531,259.099464637017,259.203077001761,262.689291708627,267.577137683246,272.308076932914,276.440290060813,279.147229120251,282.390144405715,285.558644407367,289.364162813695,292.559228518274,296.1974772084,299.948999160782,303.688787280275,307.046632570694,310.034412897339
Viet Nam,VNM,Urban population (% of total population),SP.URB.TOTL.IN.ZS,24.3672526919772,24.9489362725143,25.5540925665659,26.1745407830283,26.8021001307977,27.4285898187702,28.0458290558422,28.6456370509099,29.2198330128693,29.7581347355675,30.2504027258526,30.6996041680996,31.1222779403029,31.5334201724543,31.9480269945454,32.3810945365679,32.8476189285136,33.3625963003742,33.9410227821412,34.6239134999511
Viet Nam,VNM,"Industry (including construction), value added (% of GDP)",NV.IND.TOTL.ZS,36.7307753268455,38.1294216644677,38.4866787864761,39.4700078083864,40.2087495299221,38.1311399002846,38.5847310338981,38.5116248479069,37.0776963788801,37.3881863793419,33.0228771360005,34.580408780539,35.8602323946766,35.575150437736,35.2985684880333,34.2665466382117,34.1152288612372,35.3903640729728,36.5424334086447,36.8031368977554
Viet Nam,VNM,Trade (% of GDP),NE.TRD.GNFS.ZS,111.417094419512,111.955937998525,116.696868652499,124.327954439125,133.016497868747,130.714846045026,138.313621869598,154.605383996554,154.317479627758,134.706317721758,113.977687539714,125.260577940829,123.224116745985,130.846354866743,135.410521454361,144.914228195237,145.409507973118,160.98008365887,164.663936775893,164.704215031408
Viet Nam,VNM,Renewable energy consumption (% of total final energy consumption),EG.FEC.RNEW.ZS,57.7,56.1,52.2,50.8,45.8,44.1,44.2,41.9,39.3,37,34.6,36.3,37.9,37.4,36.7,27.8,26.8,28.3,24.3,20.4
Viet Nam,VNM,Carbon dioxide (CO2) emissions excluding LULUCF per capita (t CO2e/capita),EN.GHG.CO2.PC.CE.AR5,0.732762940866418,0.796360252330399,0.927761034143203,0.975900126008347,1.14424418007545,1.23999989986226,1.25547815833719,1.36684666856981,1.47684691804671,1.62877944346484,1.79273486369334,1.77200618969635,1.74532095481779,1.80141667663283,1.95182181139621,2.16344818077591,2.38090235568537,2.40871172027244,2.93126723532271,3.46316479458409
Virgin Islands (U.S.),VIR,"PM2.5 air pollution, mean annual exposure (micrograms per cubic meter)",EN.ATM.PM25.MC.M3,8.80689800847775,8.63431082858644,8.33036140927241,7.99167466399123,7.71487550619846,7.59658884934965,7.59691744994609,7.60700426006155,7.62003448651036,7.62919333610687,7.62766601566543,6.78317862080694,7.6192928172212,7.33012403297425,7.39182380336555,8.01092064615819,8.29655041406352,8.54756993148376,7.92997730802401,7.9242336096145
Virgin Islands (U.S.),VIR,GDP per capita (current US$),NY.GDP.PCAP.CD,..,..,30062.0225050457,31731.2566241187,35006.3614404514,40828.7460927775,41377.1466009652,44158.5054044325,39152.3750657306,38753.1825393897,39905.1284180994,38997.1373164651,37795.3192590675,34597.9766940328,33045.3643795999,34007.3529411765,35324.9748874586,35365.0693039774,36663.2087550584,38633.5298915336
Virgin Islands (U.S.),VIR,Population density (people per sq. km of land area),EN.POP.DNST,310.405714285714,310.14,310.025714285714,310.014285714286,309.902857142857,309.865714285714,309.625714285714,309.534285714286,309.705714285714,309.725714285714,309.591428571429,309.4,309.108571428571,308.688571428571,308.234285714286,307.748571428571,307.188571428571,306.517142857143,305.717142857143,304.768571428571
Virgin Islands (U.S.),VIR,Urban population (% of total population),SP.URB.TOTL.IN.ZS,92.6234446497486,92.9312505278715,93.2191674762441,93.4773224233974,93.7071483863705,93.9100783822029,94.0875454279337,94.2409825406024,94.3718227372483,94.4814990349105,94.5724392667003,94.6553578863453,94.7353591077883,94.8105958193224,94.8797070702488,94.9413319098685,94.9941093874829,95.0366785523929,95.0676784538999,95.0857481413049
Virgin Islands (U.S.),VIR,"Industry (including construction), value added (% of GDP)",NV.IND.TOTL.ZS,..,..,..,..,..,..,..,..,..,..,..,..,..,..,..,..,..,..,..,..
Virgin Islands (U.S.),VIR,Trade (% of GDP),NE.TRD.GNFS.ZS,..,..,283.169834457388,362.968341562591,435.159336318146,503.206865401987,552.118644067797,560.367892976589,863.195098963242,508.402761247322,586.401480111008,679.232772910253,157.177794081683,142.241840556447,164.291725105189,84.7665847665848,113.296471827278,157.696362677913,159.240377262299,155.4234409124
Virgin Islands (U.S.),VIR,Renewable energy consumption (% of total final energy consumption),EG.FEC.RNEW.ZS,0.5,0.6,0.6,0.6,0.6,0.7,0.7,0.7,0.7,0.8,0.7,1.2,2,2.9,4.2,5.6,5.7,5.3,5.8,6.2
Virgin Islands (U.S.),VIR,Carbon dioxide (CO2) emissions excluding LULUCF per capita (t CO2e/capita),EN.GHG.CO2.PC.CE.AR5,0.00184090867252076,0.00184248588195193,0.00184316508308067,0.00184323303073591,0.00184389578301034,0.00184411680635851,0.00184554623554707,0.00184609136306156,0.0018450695129939,0.00184495037083502,0.00184575062063365,0.00184689260319512,0.00184863385957777,0.00185114910080432,0.00185387738454979,0.00185680332739156,0.00186018825105101,0.00186426301022548,0.00186914140989337,0.0018749589852722
West Bank and Gaza,PSE,"PM2.5 air pollution, mean annual exposure (micrograms per cubic meter)",EN.ATM.PM25.MC.M3,26.132738052948,26.2365303648086,26.5135715932111,26.9126428548588,27.3825252664549,27.8719999447027,28.6014840570339,29.6437050910709,30.7259096438031,31.5753443122198,31.9192556933104,28.606630623344,27.2379610304191,31.1625763830924,29.2886843311089,30.4615510423627,26.5563697979811,26.6750824440453,29.1340212387581,29.6822493738623
West Bank and Gaza,PSE,GDP per capita (current US$),NY.GDP.PCAP.CD,1476.17185000238,1335.55319529359,1156.21747345769,1257.69857009689,1422.19088643544,1543.70141392774,1570.10439962728,1664.24571669276,2035.20234121766,2191.78178736868,2557.07562356699,2880.79843707909,3067.43872735614,3315.29753909282,3352.11259506043,3272.15432360708,3527.61382413178,3620.36048715937,3562.33094270256,3656.85827137011
West Bank and Gaza,PSE,Population density (people per sq. km of land area),EN.POP.DNST,485.407475083056,497.970764119601,510.859302325581,524.08122923588,537.645514950166,551.560797342193,565.836212624585,580.481063122924,596.673920265781,612.807142857143,628.930398671096,645.014285714286,661.129235880399,677.194019933555,693.255481727575,709.317607973422,725.429900332226,740.000830564784,758.984551495017,778.290033222591
West Bank and Gaza,PSE,Urban population (% of total population),SP.URB.TOTL.IN.ZS,72.0694328572656,73.7258284491139,75.4978748965208,77.2865026687292,78.9926422349822,80.5172240645229,81.7611786265942,82.596126313073,83.0979098899913,83.5050344815957,83.8853491139676,84.2340950604341,84.5465135943222,84.8178459889593,85.0433335176723,85.2182174537886,85.3377390706351,85.3782255354,85.5351131070872,85.8136174183656
West Bank and Gaza,PSE,"Industry (including construction), value added (% of GDP)",NV.IND.TOTL.ZS,21.4924888724036,24.0227789294902,20.0686202823556,23.1905241935484,19.9887032651908,20.9844509042667,18.3553652562497,17.5679625840398,17.336944626833,17.5581582299615,18.6262459329649,18.9342129964867,20.2360669702828,18.5586918722948,17.9717935338142,16.4252383269875,17.2627779869396,19.2317708333333,19.2841256773528,18.4328946216476
West Bank and Gaza,PSE,Trade (% of GDP),NE.TRD.GNFS.ZS,87.6390949554896,82.7259784699153,76.2528826143203,76.398689516129,81.1235906237101,83.8363540589578,82.6374735897388,91.9992434272745,79.4799190194791,75.1511928466305,68.4976501575169,67.2495329024414,66.9293273483831,66.2713181162369,67.7398371659149,70.7809681944405,65.4225141833383,68.4486607142857,71.4012754506469,68.9934922812035
West Bank and Gaza,PSE,Renewable energy consumption (% of total final energy consumption),EG.FEC.RNEW.ZS,17.5,17.1,21.8,21.7,23.1,22.8,18.1,20.5,20.1,16.5,14.1,15.4,12.2,11.7,10.8,11,12.3,10.5,12.7,13.9
West Bank and Gaza,PSE,Carbon dioxide (CO2) emissions excluding LULUCF per capita (t CO2e/capita),EN.GHG.CO2.PC.CE.AR5,..,..,..,..,..,..,..,..,..,..,..,..,..,..,..,..,..,..,..,..
World,WLD,"PM2.5 air pollution, mean annual exposure (micrograms per cubic meter)",EN.ATM.PM25.MC.M3,39.836516383255,39.9095714271776,39.9047898830216,39.8291816117305,39.692978378396,39.5104179564352,38.9280450298312,37.830432345733,36.5857500717606,35.5680152793447,35.1333747870267,38.6072302848633,41.1095684324473,43.0857565811497,42.426040088424,42.1556505072571,40.9705092247096,38.3856772409041,37.6338719238109,34.4926075995231
World,WLD,GDP per capita (current US$),NY.GDP.PCAP.CD,5501.26421816454,5394.68512526724,5530.02104262965,6122.43446098027,6811.48195762269,7284.31331023762,7796.34931015336,8677.57102707632,9415.35786125181,8816.8105604156,9542.72886249208,10485.1771943036,10583.9966715989,10739.8911620948,10885.7966024868,10161.9445773233,10204.9287763386,10747.764306505,11309.3830773178,11376.0818134476
World,WLD,Population density (people per sq. km of land area),EN.POP.DNST,48.4403366874438,49.0950719465217,49.74405681699,50.3873940548433,50.9812849046914,51.6324527440478,52.2521307537334,52.9152833498651,53.5968813081381,54.2729530877478,54.9363760941037,55.6095936956326,55.2308498493572,55.9162381350838,56.5950830182581,57.2677024052238,57.9344044255455,58.5967120693699,59.2328051474011,59.8544799078542
World,WLD,Urban population (% of total population),SP.URB.TOTL.IN.ZS,46.8390607707809,47.3041676777483,47.8254042871885,48.3630051862397,48.8650001554705,49.3577952569523,49.8713307759176,50.4145418301197,50.8792438409157,51.3728789097588,51.7589871197018,52.4574472014951,52.9169643228086,53.4324285544528,53.9080111998113,54.4246815745034,54.8936424211134,55.3184226450948,55.7510358807325,56.1393998135593
World,WLD,"Industry (including construction), value added (% of GDP)",NV.IND.TOTL.ZS,27.8879778710513,26.9495814896535,26.4328616931899,26.4321878651386,26.820657591831,27.3130876693773,27.821745958516,27.8832879181393,28.209367214008,26.6793742828617,27.62129979624,28.1760947016753,28.1540557171329,27.857281471925,27.6512462544278,26.7581066816507,26.2097721966568,26.6974193670991,27.1690541542086,26.6012800207035
World,WLD,Trade (% of GDP),NE.TRD.GNFS.ZS,50.3042044081245,49.1765384120151,49.1934640328003,50.847305786992,54.4024779622624,56.4475477827097,58.5905535284741,58.966375474231,60.5698143010809,52.0809900200333,56.4159468717993,59.5371105603304,59.3502507190567,58.7078861767085,58.1300187518142,55.7349858105449,53.9114215972707,55.5882472883587,57.1241197323954,55.9091127292441
World,WLD,Renewable energy consumption (% of total final energy consumption),EG.FEC.RNEW.ZS,17.5262813966932,17.2141012541802,17.2206557859887,17.067470633117,16.7834791518651,16.6370993331808,16.7290772224366,16.5374660334277,16.6569817886533,17.0654993607187,16.7414815095897,16.6987205578704,16.8962150785112,17.1692464159295,17.3299951573821,17.4035082673572,17.6281084915531,17.8541835016377,18.1052270747944,18.5751641385934
World,WLD,Carbon dioxide (CO2) emissions excluding LULUCF per capita (t CO2e/capita),EN.GHG.CO2.PC.CE.AR5,4.00941219065332,4.00897208423349,4.01471766775148,4.15283206035147,4.28299230672157,4.38817337084941,4.47772210317331,4.58801760972481,4.56130977188499,4.44982588000567,4.67104781262243,4.76232754519287,4.77385868425967,4.80903716920815,4.77690089127195,4.6979632206542,4.64960332789754,4.67177747634658,4.73428080473987,4.70069318784206
"Yemen, Rep.",YEM,"PM2.5 air pollution, mean annual exposure (micrograms per cubic meter)",EN.ATM.PM25.MC.M3,44.9681620712379,44.2982580672529,42.704211331557,40.802103639537,39.2080167665797,38.5380324880719,38.5534753528139,38.6126208228261,38.7269770433258,38.9080521595302,39.1673543166565,43.2315095806882,53.6338333840879,48.4247878548182,38.0825068778276,44.0661314855842,40.7241168220245,42.1204805186376,43.9103483345439,41.6407934340959
"Yemen, Rep.",YEM,GDP per capita (current US$),NY.GDP.PCAP.CD,493.235182634814,487.141257946318,513.241486570603,548.905883049973,627.632023395762,734.159908450927,809.713127624703,890.305768114988,1071.63583282105,969.243509864478,1155.20305261418,1186.47500581215,1245.05068272078,1378.75002954928,1430.16420964026,1362.1738120601,975.359417003225,811.165970405745,633.887202451545,..
"Yemen, Rep.",YEM,Population density (people per sq. km of land area),EN.POP.DNST,37.1690455897115,38.3092732541622,39.4626323465348,40.6393904956721,41.8492849972536,43.1654923575203,44.5917059681421,46.0595905070364,47.5631967725439,49.1083281247041,50.6740667083357,52.2433035967953,53.8546640907627,55.5201090971078,57.2500501922458,59.0173286360967,60.8159743924844,62.6757599863629,64.5589370608179,66.5026573479554
"Yemen, Rep.",YEM,Urban population (% of total population),SP.URB.TOTL.IN.ZS,26.6054859383233,27.1033603053549,27.5777619268614,28.0277061455611,28.4506523754813,28.8523786558834,29.2379493450977,29.6091538946366,29.9646637170333,30.3031502248211,30.6232848305331,30.9237389467026,31.2031839858628,31.4427187944215,31.8626162180918,32.3883178702702,32.9512008005236,33.5586912522175,34.2106045810864,34.9067561732024
"Yemen, Rep.",YEM,"Industry (including construction), value added (% of GDP)",NV.IND.TOTL.ZS,48.7835790730058,44.9083545705105,45.1536229524171,45.9141110094936,47.8015521496085,51.5233832621526,51.9588106170624,52.3036364513925,52.5715277111729,52.7856660563457,52.9607477523107,53.1065650909838,39.7484554361741,38.9944141504647,39.8882580148089,33.866159352981,25.9022680665842,25.9240409654207,25.4429978433173,..
"Yemen, Rep.",YEM,Trade (% of GDP),NE.TRD.GNFS.ZS,75.4388386390908,70.8923979770182,74.7304558609206,74.3826165968098,71.8466740069203,76.773285677642,82.0761626564135,79.1234205876059,81.244718850294,68.0713910145084,64.3856367797178,63.0594579549043,61.3616371825683,52.5118781367089,48.2430405122774,30.3676590844637,31.0815442908559,42.9699046721967,56.0778227215077,..
"Yemen, Rep.",YEM,Renewable energy consumption (% of total final energy consumption),EG.FEC.RNEW.ZS,0.9,0.9,0.9,0.8,0.8,0.7,0.8,0.8,0.7,0.7,0.8,0.9,1.1,0.8,0.8,2,2.6,3,2.9,3
"Yemen, Rep.",YEM,Carbon dioxide (CO2) emissions excluding LULUCF per capita (t CO2e/capita),EN.GHG.CO2.PC.CE.AR5,0.802338303623073,0.829144572122412,0.807128897860081,0.910498458290656,0.925129916420184,0.966350059686043,0.974638708108025,1.00023924584184,1.0053703136687,1.0658436506035,0.984687109444892,0.833886302805684,0.773829681433409,0.982094877377072,0.938116526235472,0.457400001457025,0.331047266795208,0.296939453573988,0.35186257770312,0.351518230200281
Zambia,ZMB,"PM2.5 air pollution, mean annual exposure (micrograms per cubic meter)",EN.ATM.PM25.MC.M3,24.3880446265436,24.4325149072743,24.4508143185225,24.458855544603,24.4725512698311,24.5078141785218,24.5785406011321,24.6949009149885,24.8672188747105,25.1058182349176,25.4210227502292,26.565488543498,26.8710302496189,25.6500160427317,26.0707378042456,25.6767422937407,26.1659103128843,23.7582824070397,23.3367199131656,23.2037475947695
Zambia,ZMB,GDP per capita (current US$),NY.GDP.PCAP.CD,359.429500988221,396.548952993504,393.864625518616,446.290104839041,548.685974566277,710.982068171696,1051.71714895686,1118.73162626953,1375.50211006997,1136.24168316848,1451.10616017155,1624.86817763443,1710.05061343728,1820.71854827391,1707.48573136694,1295.87788680068,1239.08527877713,1483.46577328065,1463.89997855593,1258.98619844462
Zambia,ZMB,Population density (people per sq. km of land area),EN.POP.DNST,13.475606343911,13.8893245806373,14.3235031410162,14.7750104252142,15.2520184559921,15.7640256123973,16.3165404431052,16.9024132689436,17.5161409219925,18.1471219682804,18.7863624746096,19.4215633785765,20.0616486635548,20.7145603249976,21.3822018052435,22.0598730141648,22.7530946071376,23.4618706197285,24.1778460834824,24.9046113076582
Zambia,ZMB,Urban population (% of total population),SP.URB.TOTL.IN.ZS,35.8735460960387,35.8846482932758,36.0706035730014,36.3858560115875,36.8035881130253,37.2969823813059,37.8392213204204,38.4034874343601,38.9629632271162,39.4908312026796,39.9558857709992,40.3684491825881,40.7698556821596,41.1682266235825,41.5634741658525,41.9555104679652,42.3442476889162,42.7295979877011,43.1114735233156,43.4897864547552
Zambia,ZMB,"Industry (including construction), value added (% of GDP)",NV.IND.TOTL.ZS,23.2438941549244,23.3606116903584,23.8755524352252,24.1349730396824,25.6961251757115,26.8496240283076,30.3961173223662,31.9096804308122,30.9906155705809,30.2244688791227,32.2389147610701,34.4442819243584,32.0106503918136,32.5564491082462,32.9441480248783,33.65724911523,34.8771666095938,37.3040449214626,34.4853215849232,34.9419812171167
Zambia,ZMB,Trade (% of GDP),NE.TRD.GNFS.ZS,60.3874689884965,64.668282708979,64.9164969990648,62.3128446757629,70.8130749317722,62.200282191364,57.8568188739027,65.7714586909068,59.4548891205874,56.1213809555165,65.0147025206122,72.7954324384283,75.367709855907,80.4562410213373,76.1934997276313,79.8652687573958,73.958561254616,71.5856946542566,74.8883695274665,68.791204936096
Zambia,ZMB,Renewable energy consumption (% of total final energy consumption),EG.FEC.RNEW.ZS,90,89.8,89.6,89.3,89.4,88.9,89.7,90.7,89.8,89.2,89.2,87.9,85.4,85.3,84.6,84,84,83.5,83.8,86.1
Zambia,ZMB,Carbon dioxide (CO2) emissions excluding LULUCF per capita (t CO2e/capita),EN.GHG.CO2.PC.CE.AR5,0.194876413395542,0.19058254162032,0.194197023295284,0.203867677204048,0.203153975614114,0.211070757215382,0.198597590529511,0.174189032545343,0.200263813418666,0.213107272147601,0.230036760341164,0.239454830917406,0.289620990303567,0.307539510527861,0.346397664972352,0.356605174836236,0.374035815469437,0.46088254788055,0.506471474864007,0.487959304388463
Zimbabwe,ZWE,"PM2.5 air pollution, mean annual exposure (micrograms per cubic meter)",EN.ATM.PM25.MC.M3,20.2651781223935,20.306374682186,20.3291456921534,20.3466312302663,20.3719713744954,20.4183062028115,20.4938743609955,20.6142726487272,20.8036783748251,21.0862688481077,21.4862213773936,23.6162829422719,23.5395278505031,22.5984006943159,23.4292525344579,23.1038790684558,22.5706982027694,17.9977538099115,19.1120993372982,18.5286074615735
Zimbabwe,ZWE,GDP per capita (current US$),NY.GDP.PCAP.CD,562.833757496076,566.388746448872,524.936478570323,468.471932927213,469.719298949304,461.271387547912,431.034994414964,413.521244592925,340.917447588572,735.821693871697,902.010759067388,1037.77565157218,1239.22709745709,1362.99498323368,1372.91526173161,1387.12632595026,1408.13945253431,3445.44941020134,2270.89531874302,2184.32923855469
Zimbabwe,ZWE,Population density (people per sq. km of land area),EN.POP.DNST,30.74073930464,30.947139718237,31.2463564689156,31.6203257076386,31.9656094093318,32.2694377665762,32.6649735039421,33.0982499676877,33.4991572961096,33.9738658394727,34.5264262634096,35.1439162466072,35.7189789324027,36.2254310456249,36.7257567532635,37.2211787514541,37.7414863642239,38.2899883675843,38.8637766576192,39.4762000775494
Zimbabwe,ZWE,Urban population (% of total population),SP.URB.TOTL.IN.ZS,32.3991568853313,32.4999278382836,32.5631884166934,32.6003372313948,32.6278168233873,32.6482709722903,32.6640794641194,32.67762208489,32.6912786206175,32.7074288573175,32.7284525810054,32.7567295776968,32.7931752128328,32.9019343169941,33.1628075970801,33.5612641766874,34.0799460726314,34.7014953017273,35.4085538807905,36.1837638266364
Zimbabwe,ZWE,"Industry (including construction), value added (% of GDP)",NV.IND.TOTL.ZS,..,..,..,..,24.3823706636825,26.4793991229974,30.6513058245743,32.4614004438359,30.4832503395201,21.4538686244604,20.6947355315308,21.7201786093983,25.3306858994948,23.8001125610251,23.7189510650842,22.3586547006621,22.1153495385289,32.0157377663457,31.0377751295783,38.9749459493832
Zimbabwe,ZWE,Trade (% of GDP),NE.TRD.GNFS.ZS,74.0708923168864,67.8980938686723,66.8098183680706,70.4519675420993,76.0394249806318,76.043068640646,82.8200302932942,84.1682798999008,109.523540063377,61.7764909650234,83.1234047851259,89.4659437238642,74.1627003825153,58.6560737143829,54.6717592473918,56.7496526604333,51.2190376594477,55.028317831061,54.55031658746,46.1065442675515
Zimbabwe,ZWE,Renewable energy consumption (% of total final energy consumption),EG.FEC.RNEW.ZS,69.5,72.3,74.7,78,81.8,80.3,78.7,78,81.6,82.6,81.2,77.2,77,79.3,80.8,80.8,81.7,82,79.7,81
Zimbabwe,ZWE,Carbon dioxide (CO2) emissions excluding LULUCF per capita (t CO2e/capita),EN.GHG.CO2.PC.CE.AR5,1.23243627783423,1.21917145823374,1.1029519129975,0.893403485176119,0.838216656520482,0.922182297304139,0.848775110404865,0.825339903958573,0.641176361194705,0.604392218090679,0.753832502230367,1.16578931263931,0.922261124294909,0.907590570671441,0.886871374194176,0.881442359972868,0.771813225130946,0.714789054258429,0.816285156253118,0.731473434469001
,,,,,,,,,,,,,,,,,,,,,,,
,,,,,,,,,,,,,,,,,,,,,,,
,,,,,,,,,,,,,,,,,,,,,,,
Data from database: World Development Indicators,,,,,,,,,,,,,,,,,,,,,,,
Last Updated: 04/08/2026,,,,,,,,,,,,,,,,,,,,,,,
